{"ast":null,"code":"module.exports = {\n  C: {\n    \"2\": 0,\n    \"3\": 0,\n    \"4\": 0,\n    \"5\": 0,\n    \"6\": 0,\n    \"7\": 0,\n    \"8\": 0,\n    \"9\": 0,\n    \"10\": 0,\n    \"11\": 0,\n    \"12\": 0,\n    \"13\": 0,\n    \"14\": 0,\n    \"15\": 0,\n    \"16\": 0,\n    \"17\": 0.0054,\n    \"18\": 0,\n    \"19\": 0,\n    \"20\": 0,\n    \"21\": 0,\n    \"22\": 0,\n    \"23\": 0.08635,\n    \"24\": 0,\n    \"25\": 0,\n    \"26\": 0,\n    \"27\": 0,\n    \"28\": 0,\n    \"29\": 0,\n    \"30\": 0,\n    \"31\": 0,\n    \"32\": 0,\n    \"33\": 0,\n    \"34\": 0,\n    \"35\": 0,\n    \"36\": 0,\n    \"37\": 0,\n    \"38\": 0,\n    \"39\": 0,\n    \"40\": 0,\n    \"41\": 0,\n    \"42\": 0,\n    \"43\": 0.01079,\n    \"44\": 0,\n    \"45\": 0,\n    \"46\": 0,\n    \"47\": 0,\n    \"48\": 0,\n    \"49\": 0,\n    \"50\": 0.0054,\n    \"51\": 0.0054,\n    \"52\": 0.12413,\n    \"53\": 0,\n    \"54\": 0,\n    \"55\": 0,\n    \"56\": 0.01079,\n    \"57\": 0,\n    \"58\": 0,\n    \"59\": 0,\n    \"60\": 0,\n    \"61\": 0,\n    \"62\": 0.0054,\n    \"63\": 0.01619,\n    \"64\": 0,\n    \"65\": 0.01619,\n    \"66\": 0,\n    \"67\": 0,\n    \"68\": 0.01079,\n    \"69\": 0.0054,\n    \"70\": 0,\n    \"71\": 0,\n    \"72\": 0.0054,\n    \"73\": 0.0054,\n    \"74\": 0.0054,\n    \"75\": 0.0054,\n    \"76\": 0,\n    \"77\": 0.0054,\n    \"78\": 0.04857,\n    \"79\": 0.0054,\n    \"80\": 0.01619,\n    \"81\": 0.02159,\n    \"82\": 0.02699,\n    \"83\": 0.59367,\n    \"84\": 0.38319,\n    \"85\": 0.0054,\n    \"86\": 0,\n    \"3.5\": 0,\n    \"3.6\": 0\n  },\n  D: {\n    \"4\": 0,\n    \"5\": 0,\n    \"6\": 0,\n    \"7\": 0,\n    \"8\": 0,\n    \"9\": 0,\n    \"10\": 0,\n    \"11\": 0,\n    \"12\": 0,\n    \"13\": 0,\n    \"14\": 0,\n    \"15\": 0,\n    \"16\": 0,\n    \"17\": 0,\n    \"18\": 0,\n    \"19\": 0,\n    \"20\": 0,\n    \"21\": 0,\n    \"22\": 0.0054,\n    \"23\": 0.0054,\n    \"24\": 0.0054,\n    \"25\": 0,\n    \"26\": 0,\n    \"27\": 0,\n    \"28\": 0,\n    \"29\": 0,\n    \"30\": 0,\n    \"31\": 0,\n    \"32\": 0,\n    \"33\": 0,\n    \"34\": 0,\n    \"35\": 0,\n    \"36\": 0,\n    \"37\": 0,\n    \"38\": 0,\n    \"39\": 0,\n    \"40\": 0.0054,\n    \"41\": 0,\n    \"42\": 0,\n    \"43\": 0,\n    \"44\": 0,\n    \"45\": 0,\n    \"46\": 0.0054,\n    \"47\": 0,\n    \"48\": 0,\n    \"49\": 0.11873,\n    \"50\": 0,\n    \"51\": 0.01079,\n    \"52\": 0,\n    \"53\": 0.0054,\n    \"54\": 0,\n    \"55\": 0.0054,\n    \"56\": 0,\n    \"57\": 0.0054,\n    \"58\": 0.0054,\n    \"59\": 0.0054,\n    \"60\": 0,\n    \"61\": 0.0054,\n    \"62\": 0,\n    \"63\": 0.0054,\n    \"64\": 0.01079,\n    \"65\": 0.01079,\n    \"66\": 0.01079,\n    \"67\": 0.01079,\n    \"68\": 0.01619,\n    \"69\": 0.01079,\n    \"70\": 0.03238,\n    \"71\": 0.06476,\n    \"72\": 0.04318,\n    \"73\": 0.02699,\n    \"74\": 0.03238,\n    \"75\": 0.01619,\n    \"76\": 0.01619,\n    \"77\": 0.01619,\n    \"78\": 0.01619,\n    \"79\": 0.03778,\n    \"80\": 0.08635,\n    \"81\": 0.04318,\n    \"83\": 0.07016,\n    \"84\": 0.1835,\n    \"85\": 0.15651,\n    \"86\": 2.61215,\n    \"87\": 13.8541,\n    \"88\": 0.01079,\n    \"89\": 0.02699,\n    \"90\": 0\n  },\n  F: {\n    \"9\": 0,\n    \"11\": 0,\n    \"12\": 0,\n    \"15\": 0,\n    \"16\": 0,\n    \"17\": 0,\n    \"18\": 0,\n    \"19\": 0,\n    \"20\": 0,\n    \"21\": 0,\n    \"22\": 0,\n    \"23\": 0,\n    \"24\": 0,\n    \"25\": 0,\n    \"26\": 0,\n    \"27\": 0,\n    \"28\": 0,\n    \"29\": 0,\n    \"30\": 0,\n    \"31\": 0,\n    \"32\": 0,\n    \"33\": 0,\n    \"34\": 0,\n    \"35\": 0,\n    \"36\": 0.01079,\n    \"37\": 0,\n    \"38\": 0.0054,\n    \"39\": 0,\n    \"40\": 0,\n    \"41\": 0,\n    \"42\": 0,\n    \"43\": 0,\n    \"44\": 0,\n    \"45\": 0,\n    \"46\": 0.0054,\n    \"47\": 0,\n    \"48\": 0,\n    \"49\": 0,\n    \"50\": 0,\n    \"51\": 0,\n    \"52\": 0,\n    \"53\": 0,\n    \"54\": 0,\n    \"55\": 0,\n    \"56\": 0,\n    \"57\": 0,\n    \"58\": 0.0054,\n    \"60\": 0,\n    \"62\": 0,\n    \"63\": 0,\n    \"64\": 0,\n    \"65\": 0,\n    \"66\": 0,\n    \"67\": 0,\n    \"68\": 0.01079,\n    \"69\": 0,\n    \"70\": 0.0054,\n    \"71\": 0.44795,\n    \"72\": 1.47338,\n    \"9.5-9.6\": 0,\n    \"10.0-10.1\": 0,\n    \"10.5\": 0,\n    \"10.6\": 0,\n    \"11.1\": 0,\n    \"11.5\": 0,\n    \"11.6\": 0.25906,\n    \"12.1\": 0\n  },\n  E: {\n    \"4\": 0,\n    \"5\": 0,\n    \"6\": 0,\n    \"7\": 0,\n    \"8\": 0,\n    \"9\": 0,\n    \"10\": 0,\n    \"11\": 0,\n    \"12\": 0.0054,\n    \"13\": 0.05937,\n    \"14\": 0.49113,\n    _: \"0\",\n    \"3.1\": 0,\n    \"3.2\": 0,\n    \"5.1\": 0.85273,\n    \"6.1\": 0,\n    \"7.1\": 0,\n    \"9.1\": 0,\n    \"10.1\": 0.0054,\n    \"11.1\": 0.01619,\n    \"12.1\": 0.05397,\n    \"13.1\": 0.22667\n  },\n  G: {\n    \"8\": 0,\n    \"3.2\": 0.00379,\n    \"4.0-4.1\": 0,\n    \"4.2-4.3\": 0,\n    \"5.0-5.1\": 0,\n    \"6.0-6.1\": 0.00632,\n    \"7.0-7.1\": 0.0139,\n    \"8.1-8.4\": 0.01011,\n    \"9.0-9.2\": 0.00884,\n    \"9.3\": 0.14278,\n    \"10.0-10.2\": 0.03917,\n    \"10.3\": 0.11245,\n    \"11.0-11.2\": 0.12003,\n    \"11.3-11.4\": 0.1491,\n    \"12.0-12.1\": 0.13267,\n    \"12.2-12.4\": 1.6489,\n    \"13.0-13.1\": 0.16805,\n    \"13.2\": 0.08466,\n    \"13.3\": 0.57617,\n    \"13.4-13.7\": 1.82326,\n    \"14.0-14.3\": 7.55966\n  },\n  B: {\n    \"12\": 0,\n    \"13\": 0.0054,\n    \"14\": 0.0054,\n    \"15\": 0.0054,\n    \"16\": 0.0054,\n    \"17\": 0.0054,\n    \"18\": 0.11334,\n    \"79\": 0,\n    \"80\": 0.01079,\n    \"81\": 0,\n    \"83\": 0,\n    \"84\": 0.0054,\n    \"85\": 0.01079,\n    \"86\": 0.01619,\n    \"87\": 0.83114\n  },\n  I: {\n    \"3\": 0,\n    \"4\": 0,\n    \"81\": 0,\n    \"2.1\": 0,\n    \"2.2\": 0,\n    \"2.3\": 0,\n    \"4.1\": 0.00494,\n    \"4.2-4.3\": 0.03619,\n    \"4.4\": 0,\n    \"4.4.3-4.4.4\": 0.17109\n  },\n  P: {\n    \"4\": 0.17186,\n    \"5.0-5.4\": 0.01011,\n    \"6.2-6.4\": 0.02022,\n    \"7.2-7.4\": 0.09099,\n    \"8.2\": 0.01011,\n    \"9.2\": 0.14154,\n    \"10.1\": 0.07077,\n    \"11.1-11.2\": 0.29318,\n    \"12.0\": 0.59647,\n    \"13.0\": 1.89051\n  },\n  K: {\n    _: \"0 10 11 12 11.1 11.5 12.1\"\n  },\n  A: {\n    \"6\": 0,\n    \"7\": 0,\n    \"8\": 0.03255,\n    \"9\": 0.00814,\n    \"10\": 0.01628,\n    \"11\": 0.45575,\n    \"5.5\": 0\n  },\n  N: {\n    \"10\": 0,\n    \"11\": 0\n  },\n  J: {\n    \"7\": 0,\n    \"10\": 0\n  },\n  O: {\n    \"0\": 0.44649\n  },\n  H: {\n    \"0\": 0.30941\n  },\n  L: {\n    \"0\": 49.7887\n  },\n  S: {\n    \"2.5\": 0\n  },\n  R: {\n    _: \"0\"\n  },\n  M: {\n    \"0\": 0.23936\n  },\n  Q: {\n    \"10.4\": 0.07825\n  }\n};","map":{"version":3,"sources":["/Users/bruceseymour/ra-video/client/node_modules/caniuse-lite/data/regions/KZ.js"],"names":["module","exports","C","D","F","E","_","G","B","I","P","K","A","N","J","O","H","L","S","R","M","Q"],