{"ast":null,"code":"module.exports = {\n  C: {\n    \"2\": 0,\n    \"3\": 0,\n    \"4\": 0,\n    \"5\": 0,\n    \"6\": 0,\n    \"7\": 0,\n    \"8\": 0,\n    \"9\": 0,\n    \"10\": 0,\n    \"11\": 0,\n    \"12\": 0.02114,\n    \"13\": 0,\n    \"14\": 0,\n    \"15\": 0,\n    \"16\": 0,\n    \"17\": 0,\n    \"18\": 0,\n    \"19\": 0,\n    \"20\": 0,\n    \"21\": 0,\n    \"22\": 0,\n    \"23\": 0,\n    \"24\": 0,\n    \"25\": 0,\n    \"26\": 0,\n    \"27\": 0,\n    \"28\": 0,\n    \"29\": 0,\n    \"30\": 0.01585,\n    \"31\": 0,\n    \"32\": 0,\n    \"33\": 0,\n    \"34\": 0,\n    \"35\": 0,\n    \"36\": 0,\n    \"37\": 0,\n    \"38\": 0.03699,\n    \"39\": 0,\n    \"40\": 0,\n    \"41\": 0.00528,\n    \"42\": 0,\n    \"43\": 0,\n    \"44\": 0,\n    \"45\": 0,\n    \"46\": 0,\n    \"47\": 0,\n    \"48\": 0.03699,\n    \"49\": 0.00528,\n    \"50\": 0,\n    \"51\": 0,\n    \"52\": 0.20608,\n    \"53\": 0,\n    \"54\": 0,\n    \"55\": 0,\n    \"56\": 0,\n    \"57\": 0.02114,\n    \"58\": 0,\n    \"59\": 0.00528,\n    \"60\": 0.06869,\n    \"61\": 0,\n    \"62\": 0,\n    \"63\": 0,\n    \"64\": 0.01057,\n    \"65\": 0.00528,\n    \"66\": 0.01057,\n    \"67\": 0.00528,\n    \"68\": 0.40687,\n    \"69\": 0.00528,\n    \"70\": 0,\n    \"71\": 0,\n    \"72\": 0.00528,\n    \"73\": 0,\n    \"74\": 0,\n    \"75\": 0.00528,\n    \"76\": 0.00528,\n    \"77\": 0.01585,\n    \"78\": 0.34346,\n    \"79\": 0.01585,\n    \"80\": 0.06869,\n    \"81\": 0.02642,\n    \"82\": 0.12682,\n    \"83\": 2.72654,\n    \"84\": 2.13474,\n    \"85\": 0.01057,\n    \"86\": 0,\n    \"3.5\": 0,\n    \"3.6\": 0\n  },\n  D: {\n    \"4\": 0,\n    \"5\": 0,\n    \"6\": 0,\n    \"7\": 0,\n    \"8\": 0,\n    \"9\": 0,\n    \"10\": 0,\n    \"11\": 0,\n    \"12\": 0,\n    \"13\": 0,\n    \"14\": 0,\n    \"15\": 0,\n    \"16\": 0,\n    \"17\": 0,\n    \"18\": 0,\n    \"19\": 0,\n    \"20\": 0,\n    \"21\": 0,\n    \"22\": 0,\n    \"23\": 0,\n    \"24\": 0,\n    \"25\": 0,\n    \"26\": 0,\n    \"27\": 0,\n    \"28\": 0,\n    \"29\": 0,\n    \"30\": 0,\n    \"31\": 0,\n    \"32\": 0,\n    \"33\": 0,\n    \"34\": 0,\n    \"35\": 0,\n    \"36\": 0,\n    \"37\": 0,\n    \"38\": 0.00528,\n    \"39\": 0,\n    \"40\": 0,\n    \"41\": 0,\n    \"42\": 0,\n    \"43\": 0,\n    \"44\": 0,\n    \"45\": 0,\n    \"46\": 0,\n    \"47\": 0,\n    \"48\": 0,\n    \"49\": 0.0317,\n    \"50\": 0,\n    \"51\": 0,\n    \"52\": 0,\n    \"53\": 0,\n    \"54\": 0,\n    \"55\": 0,\n    \"56\": 0,\n    \"57\": 0,\n    \"58\": 0.01585,\n    \"59\": 0,\n    \"60\": 0,\n    \"61\": 0,\n    \"62\": 0,\n    \"63\": 0,\n    \"64\": 0.00528,\n    \"65\": 0.01057,\n    \"66\": 0,\n    \"67\": 0.01057,\n    \"68\": 0,\n    \"69\": 0,\n    \"70\": 0.00528,\n    \"71\": 0,\n    \"72\": 0,\n    \"73\": 0.02642,\n    \"74\": 0,\n    \"75\": 0.01585,\n    \"76\": 0.01057,\n    \"77\": 0,\n    \"78\": 0.00528,\n    \"79\": 0.01585,\n    \"80\": 0.09511,\n    \"81\": 0.03699,\n    \"83\": 0.06869,\n    \"84\": 0.05812,\n    \"85\": 0.04227,\n    \"86\": 1.82826,\n    \"87\": 9.24172,\n    \"88\": 0.00528,\n    \"89\": 0.00528,\n    \"90\": 0\n  },\n  F: {\n    \"9\": 0,\n    \"11\": 0,\n    \"12\": 0,\n    \"15\": 0,\n    \"16\": 0,\n    \"17\": 0,\n    \"18\": 0,\n    \"19\": 0,\n    \"20\": 0,\n    \"21\": 0,\n    \"22\": 0,\n    \"23\": 0,\n    \"24\": 0,\n    \"25\": 0,\n    \"26\": 0,\n    \"27\": 0,\n    \"28\": 0,\n    \"29\": 0,\n    \"30\": 0,\n    \"31\": 0,\n    \"32\": 0,\n    \"33\": 0,\n    \"34\": 0,\n    \"35\": 0,\n    \"36\": 0,\n    \"37\": 0,\n    \"38\": 0,\n    \"39\": 0,\n    \"40\": 0,\n    \"41\": 0,\n    \"42\": 0,\n    \"43\": 0,\n    \"44\": 0,\n    \"45\": 0,\n    \"46\": 0,\n    \"47\": 0,\n    \"48\": 0,\n    \"49\": 0,\n    \"50\": 0,\n    \"51\": 0,\n    \"52\": 0,\n    \"53\": 0,\n    \"54\": 0,\n    \"55\": 0,\n    \"56\": 0,\n    \"57\": 0,\n    \"58\": 0,\n    \"60\": 0,\n    \"62\": 0,\n    \"63\": 0,\n    \"64\": 0,\n    \"65\": 0.00528,\n    \"66\": 0,\n    \"67\": 0,\n    \"68\": 0,\n    \"69\": 0,\n    \"70\": 0,\n    \"71\": 0.02114,\n    \"72\": 0.34346,\n    \"9.5-9.6\": 0,\n    \"10.0-10.1\": 0,\n    \"10.5\": 0,\n    \"10.6\": 0,\n    \"11.1\": 0,\n    \"11.5\": 0,\n    \"11.6\": 0,\n    \"12.1\": 0\n  },\n  E: {\n    \"4\": 0,\n    \"5\": 0,\n    \"6\": 0,\n    \"7\": 0,\n    \"8\": 0.00528,\n    \"9\": 0,\n    \"10\": 0,\n    \"11\": 0.01057,\n    \"12\": 0.02642,\n    \"13\": 0.14795,\n    \"14\": 2.53632,\n    _: \"0\",\n    \"3.1\": 0,\n    \"3.2\": 0,\n    \"5.1\": 0,\n    \"6.1\": 0,\n    \"7.1\": 0,\n    \"9.1\": 0.00528,\n    \"10.1\": 0.14795,\n    \"11.1\": 0.11625,\n    \"12.1\": 0.14795,\n    \"13.1\": 1.00396\n  },\n  G: {\n    \"8\": 0,\n    \"3.2\": 0,\n    \"4.0-4.1\": 0,\n    \"4.2-4.3\": 0,\n    \"5.0-5.1\": 0.0043,\n    \"6.0-6.1\": 0.17215,\n    \"7.0-7.1\": 0.00215,\n    \"8.1-8.4\": 0.0043,\n    \"9.0-9.2\": 0.1119,\n    \"9.3\": 0.83708,\n    \"10.0-10.2\": 0.00861,\n    \"10.3\": 0.62835,\n    \"11.0-11.2\": 0.10114,\n    \"11.3-11.4\": 0.41747,\n    \"12.0-12.1\": 0.20658,\n    \"12.2-12.4\": 2.111,\n    \"13.0-13.1\": 0.12481,\n    \"13.2\": 0.01291,\n    \"13.3\": 1.2029,\n    \"13.4-13.7\": 3.41289,\n    \"14.0-14.3\": 12.13018\n  },\n  B: {\n    \"12\": 0,\n    \"13\": 0,\n    \"14\": 0,\n    \"15\": 0.00528,\n    \"16\": 0.00528,\n    \"17\": 0.07926,\n    \"18\": 0.2959,\n    \"79\": 0,\n    \"80\": 0,\n    \"81\": 0,\n    \"83\": 0.00528,\n    \"84\": 0.02114,\n    \"85\": 0.00528,\n    \"86\": 0.05284,\n    \"87\": 2.29854\n  },\n  I: {\n    \"3\": 0,\n    \"4\": 0,\n    \"81\": 0,\n    \"2.1\": 0,\n    \"2.2\": 0,\n    \"2.3\": 0,\n    \"4.1\": 0.00484,\n    \"4.2-4.3\": 0.00484,\n    \"4.4\": 0,\n    \"4.4.3-4.4.4\": 0.30997\n  },\n  P: {\n    \"4\": 0.08452,\n    \"5.0-5.4\": 0,\n    \"6.2-6.4\": 0,\n    \"7.2-7.4\": 0.12678,\n    \"8.2\": 0.02113,\n    \"9.2\": 0.1479,\n    \"10.1\": 0.15847,\n    \"11.1-11.2\": 0.27468,\n    \"12.0\": 0.46484,\n    \"13.0\": 3.82439\n  },\n  K: {\n    _: \"0 10 11 12 11.1 11.5 12.1\"\n  },\n  A: {\n    \"6\": 0,\n    \"7\": 0,\n    \"8\": 0,\n    \"9\": 0,\n    \"10\": 0,\n    \"11\": 0.22721,\n    \"5.5\": 0\n  },\n  N: {\n    \"10\": 0,\n    \"11\": 0\n  },\n  J: {\n    \"7\": 0,\n    \"10\": 0\n  },\n  O: {\n    \"0\": 0.37256\n  },\n  H: {\n    \"0\": 0.08483\n  },\n  L: {\n    \"0\": 43.12948\n  },\n  S: {\n    \"2.5\": 0\n  },\n  R: {\n    _: \"0\"\n  },\n  M: {\n    \"0\": 0.4716\n  },\n  Q: {\n    \"10.4\": 0.02358\n  }\n};","map":{"version":3,"sources":["/Users/bruceseymour/ra-video/client/node_modules/caniuse-lite/data/regions/PF.js"],"names":["module","exports","C","D","F","E","_","G","B","I","P","K","A","N","J","O","H","L","S","R","M","Q"],