{"ast":null,"code":"module.exports = {\n  C: {\n    \"2\": 0,\n    \"3\": 0,\n    \"4\": 0,\n    \"5\": 0,\n    \"6\": 0,\n    \"7\": 0,\n    \"8\": 0,\n    \"9\": 0,\n    \"10\": 0,\n    \"11\": 0,\n    \"12\": 0,\n    \"13\": 0,\n    \"14\": 0,\n    \"15\": 0,\n    \"16\": 0,\n    \"17\": 0,\n    \"18\": 0,\n    \"19\": 0,\n    \"20\": 0,\n    \"21\": 0,\n    \"22\": 0,\n    \"23\": 0,\n    \"24\": 0,\n    \"25\": 0,\n    \"26\": 0,\n    \"27\": 0.00227,\n    \"28\": 0,\n    \"29\": 0,\n    \"30\": 0,\n    \"31\": 0,\n    \"32\": 0,\n    \"33\": 0,\n    \"34\": 0,\n    \"35\": 0,\n    \"36\": 0,\n    \"37\": 0,\n    \"38\": 0.00227,\n    \"39\": 0,\n    \"40\": 0,\n    \"41\": 0,\n    \"42\": 0,\n    \"43\": 0,\n    \"44\": 0,\n    \"45\": 0,\n    \"46\": 0,\n    \"47\": 0,\n    \"48\": 0,\n    \"49\": 0,\n    \"50\": 0,\n    \"51\": 0,\n    \"52\": 0.00227,\n    \"53\": 0,\n    \"54\": 0,\n    \"55\": 0,\n    \"56\": 0,\n    \"57\": 0,\n    \"58\": 0,\n    \"59\": 0,\n    \"60\": 0.0453,\n    \"61\": 0,\n    \"62\": 0,\n    \"63\": 0,\n    \"64\": 0,\n    \"65\": 0,\n    \"66\": 0,\n    \"67\": 0,\n    \"68\": 0.0068,\n    \"69\": 0,\n    \"70\": 0,\n    \"71\": 0,\n    \"72\": 0.00453,\n    \"73\": 0,\n    \"74\": 0.00453,\n    \"75\": 0,\n    \"76\": 0,\n    \"77\": 0.00227,\n    \"78\": 0.00227,\n    \"79\": 0,\n    \"80\": 0.00227,\n    \"81\": 0.0068,\n    \"82\": 0.00906,\n    \"83\": 0.2265,\n    \"84\": 0.09966,\n    \"85\": 0,\n    \"86\": 0,\n    \"3.5\": 0,\n    \"3.6\": 0\n  },\n  D: {\n    \"4\": 0,\n    \"5\": 0,\n    \"6\": 0,\n    \"7\": 0,\n    \"8\": 0,\n    \"9\": 0,\n    \"10\": 0,\n    \"11\": 0.00227,\n    \"12\": 0,\n    \"13\": 0,\n    \"14\": 0,\n    \"15\": 0,\n    \"16\": 0,\n    \"17\": 0,\n    \"18\": 0,\n    \"19\": 0,\n    \"20\": 0,\n    \"21\": 0,\n    \"22\": 0,\n    \"23\": 0,\n    \"24\": 0,\n    \"25\": 0,\n    \"26\": 0,\n    \"27\": 0,\n    \"28\": 0,\n    \"29\": 0,\n    \"30\": 0,\n    \"31\": 0,\n    \"32\": 0,\n    \"33\": 0,\n    \"34\": 0,\n    \"35\": 0.00227,\n    \"36\": 0,\n    \"37\": 0,\n    \"38\": 0,\n    \"39\": 0,\n    \"40\": 0.00906,\n    \"41\": 0,\n    \"42\": 0,\n    \"43\": 0,\n    \"44\": 0,\n    \"45\": 0,\n    \"46\": 0.00906,\n    \"47\": 0,\n    \"48\": 0,\n    \"49\": 0.00227,\n    \"50\": 0.00227,\n    \"51\": 0,\n    \"52\": 0,\n    \"53\": 0.00227,\n    \"54\": 0,\n    \"55\": 0.00453,\n    \"56\": 0,\n    \"57\": 0,\n    \"58\": 0,\n    \"59\": 0.00227,\n    \"60\": 0,\n    \"61\": 0,\n    \"62\": 0,\n    \"63\": 0.00453,\n    \"64\": 0.00227,\n    \"65\": 0,\n    \"66\": 0.00453,\n    \"67\": 0,\n    \"68\": 0,\n    \"69\": 0.00227,\n    \"70\": 0.12005,\n    \"71\": 0.00227,\n    \"72\": 0.00227,\n    \"73\": 0,\n    \"74\": 0.00453,\n    \"75\": 0.00227,\n    \"76\": 0,\n    \"77\": 0.00227,\n    \"78\": 0.0068,\n    \"79\": 0.00227,\n    \"80\": 0.01133,\n    \"81\": 0.02265,\n    \"83\": 0.01133,\n    \"84\": 0.0068,\n    \"85\": 0.01359,\n    \"86\": 0.52095,\n    \"87\": 1.6829,\n    \"88\": 0,\n    \"89\": 0,\n    \"90\": 0\n  },\n  F: {\n    \"9\": 0,\n    \"11\": 0,\n    \"12\": 0.00227,\n    \"15\": 0.00227,\n    \"16\": 0,\n    \"17\": 0.00227,\n    \"18\": 0.00453,\n    \"19\": 0,\n    \"20\": 0,\n    \"21\": 0.00227,\n    \"22\": 0,\n    \"23\": 0,\n    \"24\": 0,\n    \"25\": 0.00227,\n    \"26\": 0.0068,\n    \"27\": 0,\n    \"28\": 0.01586,\n    \"29\": 0.00227,\n    \"30\": 0.00227,\n    \"31\": 0,\n    \"32\": 0.0068,\n    \"33\": 0,\n    \"34\": 0.00227,\n    \"35\": 0.03398,\n    \"36\": 0.00227,\n    \"37\": 0,\n    \"38\": 0.00227,\n    \"39\": 0,\n    \"40\": 0,\n    \"41\": 0,\n    \"42\": 0.00227,\n    \"43\": 0,\n    \"44\": 0,\n    \"45\": 0.00227,\n    \"46\": 0.0068,\n    \"47\": 0.00453,\n    \"48\": 0,\n    \"49\": 0,\n    \"50\": 0.02039,\n    \"51\": 0.03851,\n    \"52\": 0,\n    \"53\": 0.00227,\n    \"54\": 0.0068,\n    \"55\": 0,\n    \"56\": 0,\n    \"57\": 0,\n    \"58\": 0.00227,\n    \"60\": 0.00453,\n    \"62\": 0,\n    \"63\": 0,\n    \"64\": 0,\n    \"65\": 0,\n    \"66\": 0,\n    \"67\": 0,\n    \"68\": 0.00227,\n    \"69\": 0,\n    \"70\": 0.00227,\n    \"71\": 0.00906,\n    \"72\": 0.25821,\n    \"9.5-9.6\": 0,\n    \"10.0-10.1\": 0,\n    \"10.5\": 0,\n    \"10.6\": 0,\n    \"11.1\": 0,\n    \"11.5\": 0,\n    \"11.6\": 0,\n    \"12.1\": 0.16761\n  },\n  E: {\n    \"4\": 0,\n    \"5\": 0,\n    \"6\": 0,\n    \"7\": 0,\n    \"8\": 0.02492,\n    \"9\": 0,\n    \"10\": 0,\n    \"11\": 0,\n    \"12\": 0,\n    \"13\": 0.00453,\n    \"14\": 0.05663,\n    _: \"0\",\n    \"3.1\": 0,\n    \"3.2\": 0,\n    \"5.1\": 0.04983,\n    \"6.1\": 0.00227,\n    \"7.1\": 0,\n    \"9.1\": 0,\n    \"10.1\": 0.01133,\n    \"11.1\": 0.00227,\n    \"12.1\": 0.01359,\n    \"13.1\": 0.02492\n  },\n  G: {\n    \"8\": 0,\n    \"3.2\": 0,\n    \"4.0-4.1\": 0,\n    \"4.2-4.3\": 0,\n    \"5.0-5.1\": 0.00572,\n    \"6.0-6.1\": 0.00336,\n    \"7.0-7.1\": 0.00606,\n    \"8.1-8.4\": 0.00471,\n    \"9.0-9.2\": 0.00269,\n    \"9.3\": 0.05989,\n    \"10.0-10.2\": 0.00236,\n    \"10.3\": 0.2389,\n    \"11.0-11.2\": 0.07302,\n    \"11.3-11.4\": 0.04105,\n    \"12.0-12.1\": 0.01144,\n    \"12.2-12.4\": 0.49361,\n    \"13.0-13.1\": 0.06763,\n    \"13.2\": 0.00875,\n    \"13.3\": 0.08647,\n    \"13.4-13.7\": 0.38661,\n    \"14.0-14.3\": 1.86375\n  },\n  B: {\n    \"12\": 0.01133,\n    \"13\": 0.00453,\n    \"14\": 0.02945,\n    \"15\": 0.01133,\n    \"16\": 0.0068,\n    \"17\": 0.01133,\n    \"18\": 0.07022,\n    \"79\": 0,\n    \"80\": 0,\n    \"81\": 0.00227,\n    \"83\": 0,\n    \"84\": 0,\n    \"85\": 0.00227,\n    \"86\": 0.01359,\n    \"87\": 0.23556\n  },\n  I: {\n    \"3\": 0,\n    \"4\": 0.00116,\n    \"81\": 0,\n    \"2.1\": 0,\n    \"2.2\": 0,\n    \"2.3\": 0,\n    \"4.1\": 0.00582,\n    \"4.2-4.3\": 0.01047,\n    \"4.4\": 0,\n    \"4.4.3-4.4.4\": 0.2152\n  },\n  P: {\n    \"4\": 1.01167,\n    \"5.0-5.4\": 0,\n    \"6.2-6.4\": 0,\n    \"7.2-7.4\": 0.42919,\n    \"8.2\": 0.01022,\n    \"9.2\": 0.10219,\n    \"10.1\": 0.09197,\n    \"11.1-11.2\": 0.26569,\n    \"12.0\": 0.55182,\n    \"13.0\": 2.27881\n  },\n  K: {\n    _: \"0 10 11 12 11.1 11.5 12.1\"\n  },\n  A: {\n    \"6\": 0,\n    \"7\": 0,\n    \"8\": 0.01945,\n    \"9\": 0,\n    \"10\": 0,\n    \"11\": 0.08021,\n    \"5.5\": 0\n  },\n  N: {\n    \"10\": 0,\n    \"11\": 0\n  },\n  J: {\n    \"7\": 0,\n    \"10\": 0.03868\n  },\n  O: {\n    \"0\": 0.85085\n  },\n  H: {\n    \"0\": 28.39859\n  },\n  L: {\n    \"0\": 47.89587\n  },\n  S: {\n    \"2.5\": 0.37128\n  },\n  R: {\n    _: \"0\"\n  },\n  M: {\n    \"0\": 0.16244\n  },\n  Q: {\n    \"10.4\": 0\n  }\n};","map":{"version":3,"sources":["/Users/bruceseymour/ra-video/client/node_modules/caniuse-lite/data/regions/SZ.js"],"names":["module","exports","C","D","F","E","_","G","B","I","P","K","A","N","J","O","H","L","S","R","M","Q"],