{"ast":null,"code":"module.exports = {\n  C: {\n    \"2\": 0,\n    \"3\": 0,\n    \"4\": 0,\n    \"5\": 0,\n    \"6\": 0,\n    \"7\": 0,\n    \"8\": 0,\n    \"9\": 0,\n    \"10\": 0,\n    \"11\": 0,\n    \"12\": 0,\n    \"13\": 0,\n    \"14\": 0,\n    \"15\": 0,\n    \"16\": 0,\n    \"17\": 0,\n    \"18\": 0,\n    \"19\": 0,\n    \"20\": 0,\n    \"21\": 0,\n    \"22\": 0,\n    \"23\": 0,\n    \"24\": 0,\n    \"25\": 0,\n    \"26\": 0,\n    \"27\": 0,\n    \"28\": 0,\n    \"29\": 0,\n    \"30\": 0,\n    \"31\": 0,\n    \"32\": 0,\n    \"33\": 0,\n    \"34\": 0,\n    \"35\": 0,\n    \"36\": 0,\n    \"37\": 0,\n    \"38\": 0,\n    \"39\": 0,\n    \"40\": 0,\n    \"41\": 0,\n    \"42\": 0,\n    \"43\": 0,\n    \"44\": 0,\n    \"45\": 0,\n    \"46\": 0,\n    \"47\": 0,\n    \"48\": 0,\n    \"49\": 0,\n    \"50\": 0,\n    \"51\": 0,\n    \"52\": 0,\n    \"53\": 0,\n    \"54\": 0,\n    \"55\": 0,\n    \"56\": 0,\n    \"57\": 0,\n    \"58\": 0,\n    \"59\": 0,\n    \"60\": 0,\n    \"61\": 0,\n    \"62\": 0,\n    \"63\": 0,\n    \"64\": 0,\n    \"65\": 0,\n    \"66\": 0,\n    \"67\": 0,\n    \"68\": 0,\n    \"69\": 0.01161,\n    \"70\": 0,\n    \"71\": 0,\n    \"72\": 0.01161,\n    \"73\": 0,\n    \"74\": 0,\n    \"75\": 0,\n    \"76\": 0.00581,\n    \"77\": 0,\n    \"78\": 0.00581,\n    \"79\": 0,\n    \"80\": 0,\n    \"81\": 0.01161,\n    \"82\": 0.01161,\n    \"83\": 0.40635,\n    \"84\": 0.25542,\n    \"85\": 0,\n    \"86\": 0,\n    \"3.5\": 0,\n    \"3.6\": 0\n  },\n  D: {\n    \"4\": 0,\n    \"5\": 0,\n    \"6\": 0,\n    \"7\": 0,\n    \"8\": 0,\n    \"9\": 0,\n    \"10\": 0,\n    \"11\": 0,\n    \"12\": 0,\n    \"13\": 0,\n    \"14\": 0,\n    \"15\": 0,\n    \"16\": 0,\n    \"17\": 0,\n    \"18\": 0,\n    \"19\": 0,\n    \"20\": 0,\n    \"21\": 0,\n    \"22\": 0.00581,\n    \"23\": 0.00581,\n    \"24\": 0,\n    \"25\": 0,\n    \"26\": 0,\n    \"27\": 0,\n    \"28\": 0,\n    \"29\": 0.01161,\n    \"30\": 0,\n    \"31\": 0,\n    \"32\": 0,\n    \"33\": 0,\n    \"34\": 0.02322,\n    \"35\": 0,\n    \"36\": 0.00581,\n    \"37\": 0,\n    \"38\": 0.02903,\n    \"39\": 0,\n    \"40\": 0,\n    \"41\": 0,\n    \"42\": 0.00581,\n    \"43\": 0,\n    \"44\": 0,\n    \"45\": 0,\n    \"46\": 0,\n    \"47\": 0,\n    \"48\": 0,\n    \"49\": 0.02322,\n    \"50\": 0,\n    \"51\": 0,\n    \"52\": 0,\n    \"53\": 0.00581,\n    \"54\": 0,\n    \"55\": 0.01161,\n    \"56\": 0.00581,\n    \"57\": 0.01161,\n    \"58\": 0,\n    \"59\": 0,\n    \"60\": 0,\n    \"61\": 0,\n    \"62\": 0,\n    \"63\": 0.01742,\n    \"64\": 0,\n    \"65\": 0.07547,\n    \"66\": 0,\n    \"67\": 0,\n    \"68\": 0.01161,\n    \"69\": 0.01161,\n    \"70\": 0.00581,\n    \"71\": 0,\n    \"72\": 0,\n    \"73\": 0.02322,\n    \"74\": 0.01161,\n    \"75\": 0.07547,\n    \"76\": 0.50504,\n    \"77\": 0.03483,\n    \"78\": 0.00581,\n    \"79\": 0.03483,\n    \"80\": 0.06386,\n    \"81\": 0.19157,\n    \"83\": 0.02903,\n    \"84\": 0.15093,\n    \"85\": 0.06966,\n    \"86\": 3.77906,\n    \"87\": 15.093,\n    \"88\": 0.04064,\n    \"89\": 0,\n    \"90\": 0\n  },\n  F: {\n    \"9\": 0,\n    \"11\": 0,\n    \"12\": 0,\n    \"15\": 0,\n    \"16\": 0,\n    \"17\": 0,\n    \"18\": 0,\n    \"19\": 0,\n    \"20\": 0,\n    \"21\": 0,\n    \"22\": 0,\n    \"23\": 0,\n    \"24\": 0,\n    \"25\": 0,\n    \"26\": 0,\n    \"27\": 0,\n    \"28\": 0,\n    \"29\": 0,\n    \"30\": 0,\n    \"31\": 0,\n    \"32\": 0,\n    \"33\": 0,\n    \"34\": 0,\n    \"35\": 0,\n    \"36\": 0,\n    \"37\": 0,\n    \"38\": 0,\n    \"39\": 0,\n    \"40\": 0,\n    \"41\": 0,\n    \"42\": 0,\n    \"43\": 0,\n    \"44\": 0,\n    \"45\": 0,\n    \"46\": 0,\n    \"47\": 0,\n    \"48\": 0,\n    \"49\": 0,\n    \"50\": 0,\n    \"51\": 0,\n    \"52\": 0,\n    \"53\": 0,\n    \"54\": 0,\n    \"55\": 0,\n    \"56\": 0,\n    \"57\": 0,\n    \"58\": 0,\n    \"60\": 0,\n    \"62\": 0,\n    \"63\": 0,\n    \"64\": 0,\n    \"65\": 0,\n    \"66\": 0,\n    \"67\": 0,\n    \"68\": 0,\n    \"69\": 0,\n    \"70\": 0,\n    \"71\": 0.00581,\n    \"72\": 0.29606,\n    \"9.5-9.6\": 0,\n    \"10.0-10.1\": 0,\n    \"10.5\": 0,\n    \"10.6\": 0,\n    \"11.1\": 0,\n    \"11.5\": 0,\n    \"11.6\": 0,\n    \"12.1\": 0\n  },\n  E: {\n    \"4\": 0,\n    \"5\": 0,\n    \"6\": 0,\n    \"7\": 0,\n    \"8\": 0,\n    \"9\": 0,\n    \"10\": 0,\n    \"11\": 0,\n    \"12\": 0,\n    \"13\": 0.06386,\n    \"14\": 1.69506,\n    _: \"0\",\n    \"3.1\": 0,\n    \"3.2\": 0,\n    \"5.1\": 0.01161,\n    \"6.1\": 0,\n    \"7.1\": 0,\n    \"9.1\": 0.00581,\n    \"10.1\": 0.00581,\n    \"11.1\": 0,\n    \"12.1\": 0.04644,\n    \"13.1\": 0.37733\n  },\n  G: {\n    \"8\": 0,\n    \"3.2\": 0,\n    \"4.0-4.1\": 0,\n    \"4.2-4.3\": 0,\n    \"5.0-5.1\": 0.03816,\n    \"6.0-6.1\": 0,\n    \"7.0-7.1\": 0.01205,\n    \"8.1-8.4\": 0.00301,\n    \"9.0-9.2\": 0,\n    \"9.3\": 0.05825,\n    \"10.0-10.2\": 0.00301,\n    \"10.3\": 0.28222,\n    \"11.0-11.2\": 0.00703,\n    \"11.3-11.4\": 0.02109,\n    \"12.0-12.1\": 0.00803,\n    \"12.2-12.4\": 1.77364,\n    \"13.0-13.1\": 0.03013,\n    \"13.2\": 0.00502,\n    \"13.3\": 0.08838,\n    \"13.4-13.7\": 1.01437,\n    \"14.0-14.3\": 6.67475\n  },\n  B: {\n    \"12\": 0,\n    \"13\": 0.00581,\n    \"14\": 0.00581,\n    \"15\": 0.00581,\n    \"16\": 0.00581,\n    \"17\": 0.01742,\n    \"18\": 0.12771,\n    \"79\": 0,\n    \"80\": 0,\n    \"81\": 0.00581,\n    \"83\": 0.00581,\n    \"84\": 0.00581,\n    \"85\": 0.02322,\n    \"86\": 0.03483,\n    \"87\": 3.63393\n  },\n  I: {\n    \"3\": 0,\n    \"4\": 0.10065,\n    \"81\": 0,\n    \"2.1\": 0,\n    \"2.2\": 0,\n    \"2.3\": 0,\n    \"4.1\": 0.01917,\n    \"4.2-4.3\": 0.02396,\n    \"4.4\": 0,\n    \"4.4.3-4.4.4\": 1.62\n  },\n  P: {\n    \"4\": 0.04284,\n    \"5.0-5.4\": 0,\n    \"6.2-6.4\": 0.04284,\n    \"7.2-7.4\": 0.12853,\n    \"8.2\": 0,\n    \"9.2\": 0.05356,\n    \"10.1\": 0.03213,\n    \"11.1-11.2\": 0.02142,\n    \"12.0\": 0.33205,\n    \"13.0\": 3.06339\n  },\n  K: {\n    _: \"0 10 11 12 11.1 11.5 12.1\"\n  },\n  A: {\n    \"6\": 0,\n    \"7\": 0,\n    \"8\": 0.04789,\n    \"9\": 0,\n    \"10\": 0,\n    \"11\": 0.46295,\n    \"5.5\": 0\n  },\n  N: {\n    \"10\": 0,\n    \"11\": 0\n  },\n  J: {\n    \"7\": 0,\n    \"10\": 0\n  },\n  O: {\n    \"0\": 1.16621\n  },\n  H: {\n    \"0\": 0.03177\n  },\n  L: {\n    \"0\": 51.80245\n  },\n  S: {\n    \"2.5\": 0\n  },\n  R: {\n    _: \"0\"\n  },\n  M: {\n    \"0\": 0.04615\n  },\n  Q: {\n    \"10.4\": 0\n  }\n};","map":{"version":3,"sources":["/Users/bruceseymour/ra-video/client/node_modules/caniuse-lite/data/regions/DM.js"],"names":["module","exports","C","D","F","E","_","G","B","I","P","K","A","N","J","O","H","L","S","R","M","Q"],