{"ast":null,"code":"module.exports = {\n  C: {\n    \"2\": 0,\n    \"3\": 0,\n    \"4\": 0,\n    \"5\": 0,\n    \"6\": 0,\n    \"7\": 0,\n    \"8\": 0,\n    \"9\": 0,\n    \"10\": 0,\n    \"11\": 0,\n    \"12\": 0,\n    \"13\": 0,\n    \"14\": 0,\n    \"15\": 0.00491,\n    \"16\": 0,\n    \"17\": 0,\n    \"18\": 0,\n    \"19\": 0,\n    \"20\": 0,\n    \"21\": 0,\n    \"22\": 0,\n    \"23\": 0,\n    \"24\": 0,\n    \"25\": 0,\n    \"26\": 0,\n    \"27\": 0,\n    \"28\": 0,\n    \"29\": 0.01474,\n    \"30\": 0,\n    \"31\": 0,\n    \"32\": 0,\n    \"33\": 0,\n    \"34\": 0,\n    \"35\": 0,\n    \"36\": 0,\n    \"37\": 0,\n    \"38\": 0,\n    \"39\": 0.00491,\n    \"40\": 0,\n    \"41\": 0,\n    \"42\": 0,\n    \"43\": 0.00491,\n    \"44\": 0,\n    \"45\": 0,\n    \"46\": 0,\n    \"47\": 0,\n    \"48\": 0,\n    \"49\": 0.00491,\n    \"50\": 0.00491,\n    \"51\": 0,\n    \"52\": 0.21617,\n    \"53\": 0,\n    \"54\": 0,\n    \"55\": 0.00983,\n    \"56\": 0.0393,\n    \"57\": 0.07861,\n    \"58\": 0,\n    \"59\": 0,\n    \"60\": 0.12774,\n    \"61\": 0,\n    \"62\": 0.00983,\n    \"63\": 0.04422,\n    \"64\": 0.12774,\n    \"65\": 0,\n    \"66\": 0,\n    \"67\": 0.00491,\n    \"68\": 0.04422,\n    \"69\": 0.00983,\n    \"70\": 0,\n    \"71\": 0.00491,\n    \"72\": 0.01965,\n    \"73\": 0,\n    \"74\": 0.00983,\n    \"75\": 0,\n    \"76\": 0,\n    \"77\": 0,\n    \"78\": 0.07861,\n    \"79\": 0.02948,\n    \"80\": 0.01474,\n    \"81\": 0.06387,\n    \"82\": 0.08352,\n    \"83\": 1.21842,\n    \"84\": 0.52569,\n    \"85\": 0.00491,\n    \"86\": 0,\n    \"3.5\": 0,\n    \"3.6\": 0\n  },\n  D: {\n    \"4\": 0,\n    \"5\": 0,\n    \"6\": 0,\n    \"7\": 0,\n    \"8\": 0,\n    \"9\": 0,\n    \"10\": 0,\n    \"11\": 0,\n    \"12\": 0,\n    \"13\": 0,\n    \"14\": 0,\n    \"15\": 0,\n    \"16\": 0,\n    \"17\": 0,\n    \"18\": 0.00491,\n    \"19\": 0,\n    \"20\": 0,\n    \"21\": 0,\n    \"22\": 0,\n    \"23\": 0,\n    \"24\": 0,\n    \"25\": 0.00491,\n    \"26\": 0,\n    \"27\": 0,\n    \"28\": 0,\n    \"29\": 0,\n    \"30\": 0,\n    \"31\": 0.01965,\n    \"32\": 0,\n    \"33\": 0,\n    \"34\": 0.00491,\n    \"35\": 0,\n    \"36\": 0,\n    \"37\": 0.00491,\n    \"38\": 0.00983,\n    \"39\": 0,\n    \"40\": 0,\n    \"41\": 0,\n    \"42\": 0.00491,\n    \"43\": 0,\n    \"44\": 0,\n    \"45\": 0.04422,\n    \"46\": 0,\n    \"47\": 0,\n    \"48\": 0.00491,\n    \"49\": 0.06387,\n    \"50\": 0,\n    \"51\": 0.00491,\n    \"52\": 0.00491,\n    \"53\": 0.00983,\n    \"54\": 0,\n    \"55\": 0,\n    \"56\": 0,\n    \"57\": 0.66817,\n    \"58\": 0.01474,\n    \"59\": 0,\n    \"60\": 0.1523,\n    \"61\": 0,\n    \"62\": 0.01965,\n    \"63\": 0.08352,\n    \"64\": 0,\n    \"65\": 0.01965,\n    \"66\": 0,\n    \"67\": 0.00491,\n    \"68\": 0.00491,\n    \"69\": 0.01965,\n    \"70\": 0.00983,\n    \"71\": 0.00491,\n    \"72\": 0.00491,\n    \"73\": 1.32651,\n    \"74\": 0,\n    \"75\": 0.01474,\n    \"76\": 0.00491,\n    \"77\": 0.00491,\n    \"78\": 0.01474,\n    \"79\": 0.35865,\n    \"80\": 0.02457,\n    \"81\": 0.03439,\n    \"83\": 0.01965,\n    \"84\": 0.04913,\n    \"85\": 0.33408,\n    \"86\": 2.14698,\n    \"87\": 8.16049,\n    \"88\": 0.00491,\n    \"89\": 0,\n    \"90\": 0\n  },\n  F: {\n    \"9\": 0,\n    \"11\": 0,\n    \"12\": 0,\n    \"15\": 0,\n    \"16\": 0,\n    \"17\": 0,\n    \"18\": 0,\n    \"19\": 0,\n    \"20\": 0,\n    \"21\": 0,\n    \"22\": 0,\n    \"23\": 0,\n    \"24\": 0,\n    \"25\": 0,\n    \"26\": 0,\n    \"27\": 0,\n    \"28\": 0,\n    \"29\": 0,\n    \"30\": 0,\n    \"31\": 0,\n    \"32\": 0,\n    \"33\": 0,\n    \"34\": 0,\n    \"35\": 0,\n    \"36\": 0.00491,\n    \"37\": 0.00491,\n    \"38\": 0,\n    \"39\": 0,\n    \"40\": 0.00491,\n    \"41\": 0,\n    \"42\": 0.00491,\n    \"43\": 0,\n    \"44\": 0,\n    \"45\": 0.00491,\n    \"46\": 0,\n    \"47\": 0,\n    \"48\": 0,\n    \"49\": 0,\n    \"50\": 0,\n    \"51\": 0.02948,\n    \"52\": 0,\n    \"53\": 0.00983,\n    \"54\": 0,\n    \"55\": 0,\n    \"56\": 0,\n    \"57\": 0,\n    \"58\": 0,\n    \"60\": 0,\n    \"62\": 0,\n    \"63\": 0.00491,\n    \"64\": 0.00491,\n    \"65\": 0.00491,\n    \"66\": 0,\n    \"67\": 0,\n    \"68\": 0.01474,\n    \"69\": 0,\n    \"70\": 0.00983,\n    \"71\": 0.04913,\n    \"72\": 0.06387,\n    \"9.5-9.6\": 0,\n    \"10.0-10.1\": 0,\n    \"10.5\": 0,\n    \"10.6\": 0,\n    \"11.1\": 0,\n    \"11.5\": 0,\n    \"11.6\": 0,\n    \"12.1\": 0\n  },\n  E: {\n    \"4\": 0,\n    \"5\": 0,\n    \"6\": 0,\n    \"7\": 0,\n    \"8\": 0,\n    \"9\": 0,\n    \"10\": 0,\n    \"11\": 0,\n    \"12\": 0.02948,\n    \"13\": 0,\n    \"14\": 0.30461,\n    _: \"0\",\n    \"3.1\": 0,\n    \"3.2\": 0,\n    \"5.1\": 0.29969,\n    \"6.1\": 0,\n    \"7.1\": 0,\n    \"9.1\": 0.00491,\n    \"10.1\": 0.17196,\n    \"11.1\": 0.01474,\n    \"12.1\": 0.05404,\n    \"13.1\": 0.02457\n  },\n  G: {\n    \"8\": 0,\n    \"3.2\": 0,\n    \"4.0-4.1\": 0,\n    \"4.2-4.3\": 0,\n    \"5.0-5.1\": 0,\n    \"6.0-6.1\": 0,\n    \"7.0-7.1\": 0.0306,\n    \"8.1-8.4\": 0.03338,\n    \"9.0-9.2\": 0.0102,\n    \"9.3\": 0.11314,\n    \"10.0-10.2\": 0.00185,\n    \"10.3\": 0.09088,\n    \"11.0-11.2\": 0.16507,\n    \"11.3-11.4\": 0.1799,\n    \"12.0-12.1\": 0.16507,\n    \"12.2-12.4\": 1.81573,\n    \"13.0-13.1\": 0.14281,\n    \"13.2\": 1.11559,\n    \"13.3\": 0.53322,\n    \"13.4-13.7\": 1.41048,\n    \"14.0-14.3\": 3.42188\n  },\n  B: {\n    \"12\": 0.04422,\n    \"13\": 0.01474,\n    \"14\": 0.02457,\n    \"15\": 0,\n    \"16\": 0.02457,\n    \"17\": 0.04422,\n    \"18\": 0.339,\n    \"79\": 0,\n    \"80\": 0,\n    \"81\": 0,\n    \"83\": 0.00491,\n    \"84\": 0.04913,\n    \"85\": 0.00983,\n    \"86\": 0.01965,\n    \"87\": 2.9871\n  },\n  I: {\n    \"3\": 0,\n    \"4\": 0.01194,\n    \"81\": 0,\n    \"2.1\": 0,\n    \"2.2\": 0,\n    \"2.3\": 0,\n    \"4.1\": 0.01592,\n    \"4.2-4.3\": 0.86746,\n    \"4.4\": 0,\n    \"4.4.3-4.4.4\": 2.50687\n  },\n  P: {\n    \"4\": 0.94297,\n    \"5.0-5.4\": 0.0205,\n    \"6.2-6.4\": 0.041,\n    \"7.2-7.4\": 0.07175,\n    \"8.2\": 0,\n    \"9.2\": 0.0615,\n    \"10.1\": 0.123,\n    \"11.1-11.2\": 0.1025,\n    \"12.0\": 0.22549,\n    \"13.0\": 1.16846\n  },\n  K: {\n    _: \"0 10 11 12 11.1 11.5 12.1\"\n  },\n  A: {\n    \"6\": 0,\n    \"7\": 0,\n    \"8\": 0.00728,\n    \"9\": 0.00728,\n    \"10\": 0,\n    \"11\": 1.12035,\n    \"5.5\": 0\n  },\n  N: {\n    \"10\": 0,\n    \"11\": 0\n  },\n  J: {\n    \"7\": 0,\n    \"10\": 0\n  },\n  O: {\n    \"0\": 0.54431\n  },\n  H: {\n    \"0\": 0.97284\n  },\n  L: {\n    \"0\": 58.08611\n  },\n  S: {\n    \"2.5\": 0.00509\n  },\n  R: {\n    _: \"0\"\n  },\n  M: {\n    \"0\": 0.06104\n  },\n  Q: {\n    \"10.4\": 0.07122\n  }\n};","map":{"version":3,"sources":["/Users/bruceseymour/ra-video/client/node_modules/caniuse-lite/data/regions/GQ.js"],"names":["module","exports","C","D","F","E","_","G","B","I","P","K","A","N","J","O","H","L","S","R","M","Q"],