{"ast":null,"code":"module.exports = {\n  C: {\n    \"53\": 0.17007,\n    \"58\": 0.00415,\n    \"69\": 0.0083,\n    \"77\": 0.27792,\n    \"78\": 0.0083,\n    \"80\": 0.19081,\n    \"81\": 0.04148,\n    \"82\": 0.0083,\n    \"83\": 1.28173,\n    \"84\": 0.85449,\n    \"85\": 0.00415,\n    \"86\": 0.00415,\n    _: \"2 3 4 5 6 7 8 9 10 11 12 13 14 15 16 17 18 19 20 21 22 23 24 25 26 27 28 29 30 31 32 33 34 35 36 37 38 39 40 41 42 43 44 45 46 47 48 49 50 51 52 54 55 56 57 59 60 61 62 63 64 65 66 67 68 70 71 72 73 74 75 76 79 3.5 3.6\"\n  },\n  D: {\n    \"38\": 0.02904,\n    \"70\": 0.00415,\n    \"75\": 0.0083,\n    \"80\": 0.01244,\n    \"81\": 0.02489,\n    \"83\": 0.02489,\n    \"84\": 0.07052,\n    \"85\": 0.21984,\n    \"86\": 3.50091,\n    \"87\": 18.74896,\n    \"88\": 0.03733,\n    _: \"4 5 6 7 8 9 10 11 12 13 14 15 16 17 18 19 20 21 22 23 24 25 26 27 28 29 30 31 32 33 34 35 36 37 39 40 41 42 43 44 45 46 47 48 49 50 51 52 53 54 55 56 57 58 59 60 61 62 63 64 65 66 67 68 69 71 72 73 74 76 77 78 79 89 90\"\n  },\n  F: {\n    \"71\": 0.06637,\n    \"72\": 0.3028,\n    _: \"9 11 12 15 16 17 18 19 20 21 22 23 24 25 26 27 28 29 30 31 32 33 34 35 36 37 38 39 40 41 42 43 44 45 46 47 48 49 50 51 52 53 54 55 56 57 58 60 62 63 64 65 66 67 68 69 70 9.5-9.6 10.5 10.6 11.1 11.5 11.6 12.1\",\n    \"10.0-10.1\": 0\n  },\n  E: {\n    \"4\": 0,\n    \"11\": 0.0083,\n    \"12\": 0.02074,\n    \"13\": 0.06637,\n    \"14\": 4.31807,\n    _: \"0 5 6 7 8 9 10 3.1 3.2 6.1 7.1 9.1\",\n    \"5.1\": 0.17836,\n    \"10.1\": 0.07052,\n    \"11.1\": 0.06222,\n    \"12.1\": 0.07881,\n    \"13.1\": 0.97893\n  },\n  G: {\n    \"8\": 0,\n    \"3.2\": 0,\n    \"4.0-4.1\": 0,\n    \"4.2-4.3\": 0,\n    \"5.0-5.1\": 0,\n    \"6.0-6.1\": 0,\n    \"7.0-7.1\": 0,\n    \"8.1-8.4\": 0.00176,\n    \"9.0-9.2\": 0.00176,\n    \"9.3\": 0.14586,\n    \"10.0-10.2\": 0,\n    \"10.3\": 0.08963,\n    \"11.0-11.2\": 0.00351,\n    \"11.3-11.4\": 0.07908,\n    \"12.0-12.1\": 0.02109,\n    \"12.2-12.4\": 0.51315,\n    \"13.0-13.1\": 0.05272,\n    \"13.2\": 0,\n    \"13.3\": 0.69592,\n    \"13.4-13.7\": 1.62381,\n    \"14.0-14.3\": 14.28389\n  },\n  B: {\n    \"15\": 0.05392,\n    \"16\": 0.03318,\n    \"18\": 1.36884,\n    \"80\": 0.0083,\n    \"81\": 0.00415,\n    \"84\": 0.00415,\n    \"85\": 0.0083,\n    \"86\": 0.17836,\n    \"87\": 6.03534,\n    _: \"12 13 14 17 79 83\"\n  },\n  I: {\n    \"3\": 0,\n    \"4\": 0,\n    \"81\": 0,\n    \"2.1\": 0,\n    \"2.2\": 0,\n    \"2.3\": 0,\n    \"4.1\": 0,\n    \"4.2-4.3\": 0.00318,\n    \"4.4\": 0,\n    \"4.4.3-4.4.4\": 0.00268\n  },\n  P: {\n    \"4\": 0.11346,\n    \"5.0-5.4\": 0.01015,\n    \"6.2-6.4\": 0,\n    \"7.2-7.4\": 0.0722,\n    \"8.2\": 0.01015,\n    \"9.2\": 0.0722,\n    \"10.1\": 0.06188,\n    \"11.1-11.2\": 0.12377,\n    \"12.0\": 1.29958,\n    \"13.0\": 5.02298\n  },\n  K: {\n    _: \"0 10 11 12 11.1 11.5 12.1\"\n  },\n  A: {\n    \"11\": 1.07433,\n    _: \"6 7 8 9 10 5.5\"\n  },\n  N: {\n    \"10\": 0,\n    \"11\": 0\n  },\n  J: {\n    \"7\": 0,\n    \"10\": 0\n  },\n  O: {\n    \"0\": 0.15803\n  },\n  H: {\n    \"0\": 0.49317\n  },\n  L: {\n    \"0\": 33.93941\n  },\n  S: {\n    \"2.5\": 0\n  },\n  R: {\n    _: \"0\"\n  },\n  M: {\n    \"0\": 0.10535\n  },\n  Q: {\n    \"10.4\": 0\n  }\n};","map":{"version":3,"sources":["/Users/bruceseymour/ra-video/client/node_modules/caniuse-lite/data/regions/VG.js"],"names":["module","exports","C","_","D","F","E","G","B","I","P","K","A","N","J","O","H","L","S","R","M","Q"],"mappings":"AAAAA,MAAM,CAACC,OAAP,GAAe;AAACC,EAAAA,CAAC,EAAC;AAAC,UAAK,OAAN;AAAc,UAAK,OAAnB;AAA2B,UAAK,MAAhC;AAAuC,UAAK,OAA5C;AAAoD,UAAK,MAAzD;AAAgE,UAAK,OAArE;AAA6E,UAAK,OAAlF;AAA0F,UAAK,MAA/F;AAAsG,UAAK,OAA3G;AAAmH,UAAK,OAAxH;AAAgI,UAAK,OAArI;AAA6I,UAAK,OAAlJ;AAA0JC,IAAAA,CAAC,EAAC;AAA5J,GAAH;AAA6XC,EAAAA,CAAC,EAAC;AAAC,UAAK,OAAN;AAAc,UAAK,OAAnB;AAA2B,UAAK,MAAhC;AAAuC,UAAK,OAA5C;AAAoD,UAAK,OAAzD;AAAiE,UAAK,OAAtE;AAA8E,UAAK,OAAnF;AAA2F,UAAK,OAAhG;AAAwG,UAAK,OAA7G;AAAqH,UAAK,QAA1H;AAAmI,UAAK,OAAxI;AAAgJD,IAAAA,CAAC,EAAC;AAAlJ,GAA/X;AAA+uBE,EAAAA,CAAC,EAAC;AAAC,UAAK,OAAN;AAAc,UAAK,MAAnB;AAA0BF,IAAAA,CAAC,EAAC,iNAA5B;AAA8O,iBAAY;AAA1P,GAAjvB;AAA8+BG,EAAAA,CAAC,EAAC;AAAC,SAAI,CAAL;AAAO,UAAK,MAAZ;AAAmB,UAAK,OAAxB;AAAgC,UAAK,OAArC;AAA6C,UAAK,OAAlD;AAA0DH,IAAAA,CAAC,EAAC,oCAA5D;AAAiG,WAAM,OAAvG;AAA+G,YAAO,OAAtH;AAA8H,YAAO,OAArI;AAA6I,YAAO,OAApJ;AAA4J,YAAO;AAAnK,GAAh/B;AAA4pCI,EAAAA,CAAC,EAAC;AAAC,SAAI,CAAL;AAAO,WAAM,CAAb;AAAe,eAAU,CAAzB;AAA2B,eAAU,CAArC;AAAuC,eAAU,CAAjD;AAAmD,eAAU,CAA7D;AAA+D,eAAU,CAAzE;AAA2E,eAAU,OAArF;AAA6F,eAAU,OAAvG;AAA+G,WAAM,OAArH;AAA6H,iBAAY,CAAzI;AAA2I,YAAO,OAAlJ;AAA0J,iBAAY,OAAtK;AAA8K,iBAAY,OAA1L;AAAkM,iBAAY,OAA9M;AAAsN,iBAAY,OAAlO;AAA0O,iBAAY,OAAtP;AAA8P,YAAO,CAArQ;AAAuQ,YAAO,OAA9Q;AAAsR,iBAAY,OAAlS;AAA0S,iBAAY;AAAtT,GAA9pC;AAA89CC,EAAAA,CAAC,EAAC;AAAC,UAAK,OAAN;AAAc,UAAK,OAAnB;AAA2B,UAAK,OAAhC;AAAwC,UAAK,MAA7C;AAAoD,UAAK,OAAzD;AAAiE,UAAK,OAAtE;AAA8E,UAAK,MAAnF;AAA0F,UAAK,OAA/F;AAAuG,UAAK,OAA5G;AAAoHL,IAAAA,CAAC,EAAC;AAAtH,GAAh+C;AAA2mDM,EAAAA,CAAC,EAAC;AAAC,SAAI,CAAL;AAAO,SAAI,CAAX;AAAa,UAAK,CAAlB;AAAoB,WAAM,CAA1B;AAA4B,WAAM,CAAlC;AAAoC,WAAM,CAA1C;AAA4C,WAAM,CAAlD;AAAoD,eAAU,OAA9D;AAAsE,WAAM,CAA5E;AAA8E,mBAAc;AAA5F,GAA7mD;AAAktDC,EAAAA,CAAC,EAAC;AAAC,SAAI,OAAL;AAAa,eAAU,OAAvB;AAA+B,eAAU,CAAzC;AAA2C,eAAU,MAArD;AAA4D,WAAM,OAAlE;AAA0E,WAAM,MAAhF;AAAuF,YAAO,OAA9F;AAAsG,iBAAY,OAAlH;AAA0H,YAAO,OAAjI;AAAyI,YAAO;AAAhJ,GAAptD;AAA62DC,EAAAA,CAAC,EAAC;AAACR,IAAAA,CAAC,EAAC;AAAH,GAA/2D;AAA+4DS,EAAAA,CAAC,EAAC;AAAC,UAAK,OAAN;AAAcT,IAAAA,CAAC,EAAC;AAAhB,GAAj5D;AAAm7DU,EAAAA,CAAC,EAAC;AAAC,UAAK,CAAN;AAAQ,UAAK;AAAb,GAAr7D;AAAq8DC,EAAAA,CAAC,EAAC;AAAC,SAAI,CAAL;AAAO,UAAK;AAAZ,GAAv8D;AAAs9DC,EAAAA,CAAC,EAAC;AAAC,SAAI;AAAL,GAAx9D;AAAs+DC,EAAAA,CAAC,EAAC;AAAC,SAAI;AAAL,GAAx+D;AAAs/DC,EAAAA,CAAC,EAAC;AAAC,SAAI;AAAL,GAAx/D;AAAugEC,EAAAA,CAAC,EAAC;AAAC,WAAM;AAAP,GAAzgE;AAAmhEC,EAAAA,CAAC,EAAC;AAAChB,IAAAA,CAAC,EAAC;AAAH,GAArhE;AAA6hEiB,EAAAA,CAAC,EAAC;AAAC,SAAI;AAAL,GAA/hE;AAA6iEC,EAAAA,CAAC,EAAC;AAAC,YAAO;AAAR;AAA/iE,CAAf",