{"ast":null,"code":"module.exports = {\n  C: {\n    \"2\": 0,\n    \"3\": 0,\n    \"4\": 0,\n    \"5\": 0,\n    \"6\": 0,\n    \"7\": 0,\n    \"8\": 0,\n    \"9\": 0,\n    \"10\": 0,\n    \"11\": 0,\n    \"12\": 0,\n    \"13\": 0,\n    \"14\": 0,\n    \"15\": 0,\n    \"16\": 0,\n    \"17\": 0,\n    \"18\": 0,\n    \"19\": 0,\n    \"20\": 0,\n    \"21\": 0,\n    \"22\": 0,\n    \"23\": 0,\n    \"24\": 0,\n    \"25\": 0,\n    \"26\": 0,\n    \"27\": 0,\n    \"28\": 0,\n    \"29\": 0,\n    \"30\": 0.00431,\n    \"31\": 0,\n    \"32\": 0,\n    \"33\": 0,\n    \"34\": 0,\n    \"35\": 0,\n    \"36\": 0,\n    \"37\": 0,\n    \"38\": 0,\n    \"39\": 0,\n    \"40\": 0,\n    \"41\": 0,\n    \"42\": 0,\n    \"43\": 0,\n    \"44\": 0,\n    \"45\": 0,\n    \"46\": 0,\n    \"47\": 0,\n    \"48\": 0,\n    \"49\": 0,\n    \"50\": 0,\n    \"51\": 0,\n    \"52\": 0.00431,\n    \"53\": 0,\n    \"54\": 0,\n    \"55\": 0,\n    \"56\": 0,\n    \"57\": 0.00431,\n    \"58\": 0,\n    \"59\": 0,\n    \"60\": 0,\n    \"61\": 0,\n    \"62\": 0,\n    \"63\": 0,\n    \"64\": 0,\n    \"65\": 0.01724,\n    \"66\": 0.06464,\n    \"67\": 0,\n    \"68\": 0.00862,\n    \"69\": 0,\n    \"70\": 0,\n    \"71\": 0,\n    \"72\": 0,\n    \"73\": 0.02585,\n    \"74\": 0,\n    \"75\": 0.00431,\n    \"76\": 0.00431,\n    \"77\": 0.00431,\n    \"78\": 0.01724,\n    \"79\": 0.00431,\n    \"80\": 0.00862,\n    \"81\": 0.01293,\n    \"82\": 0.02155,\n    \"83\": 0.46968,\n    \"84\": 0.33179,\n    \"85\": 0,\n    \"86\": 0,\n    \"3.5\": 0,\n    \"3.6\": 0\n  },\n  D: {\n    \"4\": 0,\n    \"5\": 0,\n    \"6\": 0,\n    \"7\": 0,\n    \"8\": 0,\n    \"9\": 0,\n    \"10\": 0,\n    \"11\": 0.00431,\n    \"12\": 0,\n    \"13\": 0,\n    \"14\": 0,\n    \"15\": 0,\n    \"16\": 0,\n    \"17\": 0,\n    \"18\": 0,\n    \"19\": 0,\n    \"20\": 0,\n    \"21\": 0,\n    \"22\": 0,\n    \"23\": 0,\n    \"24\": 0,\n    \"25\": 0,\n    \"26\": 0,\n    \"27\": 0,\n    \"28\": 0,\n    \"29\": 0,\n    \"30\": 0,\n    \"31\": 0,\n    \"32\": 0,\n    \"33\": 0,\n    \"34\": 0,\n    \"35\": 0,\n    \"36\": 0,\n    \"37\": 0,\n    \"38\": 0.00862,\n    \"39\": 0,\n    \"40\": 0,\n    \"41\": 0,\n    \"42\": 0.00431,\n    \"43\": 0,\n    \"44\": 0,\n    \"45\": 0,\n    \"46\": 0,\n    \"47\": 0,\n    \"48\": 0,\n    \"49\": 0.11634,\n    \"50\": 0,\n    \"51\": 0,\n    \"52\": 0,\n    \"53\": 0.01293,\n    \"54\": 0,\n    \"55\": 0,\n    \"56\": 0.00431,\n    \"57\": 0,\n    \"58\": 0,\n    \"59\": 0,\n    \"60\": 0,\n    \"61\": 0,\n    \"62\": 0.00431,\n    \"63\": 0.00431,\n    \"64\": 0.00431,\n    \"65\": 0.02155,\n    \"66\": 0.00431,\n    \"67\": 0.00862,\n    \"68\": 0.02585,\n    \"69\": 0.00431,\n    \"70\": 0.01724,\n    \"71\": 0.00431,\n    \"72\": 0.00431,\n    \"73\": 0.03878,\n    \"74\": 0.01293,\n    \"75\": 0.04309,\n    \"76\": 0.02155,\n    \"77\": 0.01724,\n    \"78\": 0.03016,\n    \"79\": 0.03016,\n    \"80\": 0.03447,\n    \"81\": 0.02585,\n    \"83\": 0.05602,\n    \"84\": 0.08187,\n    \"85\": 0.12065,\n    \"86\": 2.01661,\n    \"87\": 9.27728,\n    \"88\": 0.00862,\n    \"89\": 0.01724,\n    \"90\": 0\n  },\n  F: {\n    \"9\": 0,\n    \"11\": 0,\n    \"12\": 0,\n    \"15\": 0,\n    \"16\": 0,\n    \"17\": 0,\n    \"18\": 0,\n    \"19\": 0,\n    \"20\": 0,\n    \"21\": 0,\n    \"22\": 0,\n    \"23\": 0,\n    \"24\": 0,\n    \"25\": 0,\n    \"26\": 0,\n    \"27\": 0,\n    \"28\": 0,\n    \"29\": 0,\n    \"30\": 0,\n    \"31\": 0,\n    \"32\": 0,\n    \"33\": 0,\n    \"34\": 0,\n    \"35\": 0,\n    \"36\": 0,\n    \"37\": 0,\n    \"38\": 0,\n    \"39\": 0,\n    \"40\": 0,\n    \"41\": 0,\n    \"42\": 0,\n    \"43\": 0,\n    \"44\": 0,\n    \"45\": 0,\n    \"46\": 0,\n    \"47\": 0,\n    \"48\": 0,\n    \"49\": 0,\n    \"50\": 0.00431,\n    \"51\": 0,\n    \"52\": 0,\n    \"53\": 0,\n    \"54\": 0,\n    \"55\": 0,\n    \"56\": 0,\n    \"57\": 0,\n    \"58\": 0,\n    \"60\": 0,\n    \"62\": 0,\n    \"63\": 0,\n    \"64\": 0,\n    \"65\": 0,\n    \"66\": 0,\n    \"67\": 0,\n    \"68\": 0,\n    \"69\": 0,\n    \"70\": 0,\n    \"71\": 0.4309,\n    \"72\": 0.25854,\n    \"9.5-9.6\": 0,\n    \"10.0-10.1\": 0,\n    \"10.5\": 0,\n    \"10.6\": 0,\n    \"11.1\": 0,\n    \"11.5\": 0,\n    \"11.6\": 0,\n    \"12.1\": 0\n  },\n  E: {\n    \"4\": 0,\n    \"5\": 0,\n    \"6\": 0,\n    \"7\": 0,\n    \"8\": 0,\n    \"9\": 0,\n    \"10\": 0,\n    \"11\": 0.00431,\n    \"12\": 0.00862,\n    \"13\": 0.05602,\n    \"14\": 0.8144,\n    _: \"0\",\n    \"3.1\": 0,\n    \"3.2\": 0,\n    \"5.1\": 1.21083,\n    \"6.1\": 0,\n    \"7.1\": 0,\n    \"9.1\": 0,\n    \"10.1\": 0.00431,\n    \"11.1\": 0.01293,\n    \"12.1\": 0.06894,\n    \"13.1\": 0.24992\n  },\n  G: {\n    \"8\": 0,\n    \"3.2\": 0.00481,\n    \"4.0-4.1\": 0,\n    \"4.2-4.3\": 0,\n    \"5.0-5.1\": 0.00361,\n    \"6.0-6.1\": 0.05771,\n    \"7.0-7.1\": 0.05891,\n    \"8.1-8.4\": 0.0024,\n    \"9.0-9.2\": 0.0024,\n    \"9.3\": 0.11663,\n    \"10.0-10.2\": 0.03487,\n    \"10.3\": 0.10821,\n    \"11.0-11.2\": 0.06252,\n    \"11.3-11.4\": 0.08657,\n    \"12.0-12.1\": 0.09378,\n    \"12.2-12.4\": 0.71538,\n    \"13.0-13.1\": 0.04328,\n    \"13.2\": 0.02284,\n    \"13.3\": 0.28014,\n    \"13.4-13.7\": 1.20593,\n    \"14.0-14.3\": 9.09679\n  },\n  B: {\n    \"12\": 0,\n    \"13\": 0.00431,\n    \"14\": 0.00431,\n    \"15\": 0.00431,\n    \"16\": 0.01293,\n    \"17\": 0.01293,\n    \"18\": 0.04309,\n    \"79\": 0,\n    \"80\": 0.00431,\n    \"81\": 0,\n    \"83\": 0,\n    \"84\": 0.00431,\n    \"85\": 0.00431,\n    \"86\": 0.02585,\n    \"87\": 1.15481\n  },\n  I: {\n    \"3\": 0,\n    \"4\": 0,\n    \"81\": 0,\n    \"2.1\": 0,\n    \"2.2\": 0,\n    \"2.3\": 0,\n    \"4.1\": 0.01681,\n    \"4.2-4.3\": 0.02241,\n    \"4.4\": 0,\n    \"4.4.3-4.4.4\": 0.34453\n  },\n  P: {\n    \"4\": 0.29999,\n    \"5.0-5.4\": 0.01034,\n    \"6.2-6.4\": 0.01034,\n    \"7.2-7.4\": 0.29999,\n    \"8.2\": 0.01034,\n    \"9.2\": 0.15517,\n    \"10.1\": 0.12413,\n    \"11.1-11.2\": 0.42412,\n    \"12.0\": 0.88961,\n    \"13.0\": 3.27916\n  },\n  K: {\n    _: \"0 10 11 12 11.1 11.5 12.1\"\n  },\n  A: {\n    \"6\": 0,\n    \"7\": 0,\n    \"8\": 0,\n    \"9\": 0.00556,\n    \"10\": 0,\n    \"11\": 0.1668,\n    \"5.5\": 0\n  },\n  N: {\n    \"10\": 0,\n    \"11\": 0\n  },\n  J: {\n    \"7\": 0,\n    \"10\": 0\n  },\n  O: {\n    \"0\": 0.17642\n  },\n  H: {\n    \"0\": 0.21551\n  },\n  L: {\n    \"0\": 60.67713\n  },\n  S: {\n    \"2.5\": 0.00569\n  },\n  R: {\n    _: \"0\"\n  },\n  M: {\n    \"0\": 0.28455\n  },\n  Q: {\n    \"10.4\": 0.00569\n  }\n};","map":{"version":3,"sources":["/Users/bruceseymour/ra-video/client/node_modules/caniuse-lite/data/regions/PA.js"],"names":["module","exports","C","D","F","E","_","G","B","I","P","K","A","N","J","O","H","L","S","R","M","Q"],