{"ast":null,"code":"module.exports = {\n  C: {\n    \"2\": 0,\n    \"3\": 0,\n    \"4\": 0,\n    \"5\": 0,\n    \"6\": 0,\n    \"7\": 0,\n    \"8\": 0,\n    \"9\": 0,\n    \"10\": 0,\n    \"11\": 0,\n    \"12\": 0,\n    \"13\": 0,\n    \"14\": 0,\n    \"15\": 0,\n    \"16\": 0,\n    \"17\": 0,\n    \"18\": 0,\n    \"19\": 0,\n    \"20\": 0,\n    \"21\": 0,\n    \"22\": 0,\n    \"23\": 0,\n    \"24\": 0,\n    \"25\": 0,\n    \"26\": 0,\n    \"27\": 0,\n    \"28\": 0,\n    \"29\": 0,\n    \"30\": 0.0048,\n    \"31\": 0,\n    \"32\": 0,\n    \"33\": 0,\n    \"34\": 0,\n    \"35\": 0.01439,\n    \"36\": 0,\n    \"37\": 0,\n    \"38\": 0,\n    \"39\": 0,\n    \"40\": 0,\n    \"41\": 0,\n    \"42\": 0,\n    \"43\": 0,\n    \"44\": 0,\n    \"45\": 0,\n    \"46\": 0,\n    \"47\": 0,\n    \"48\": 0,\n    \"49\": 0.0048,\n    \"50\": 0,\n    \"51\": 0,\n    \"52\": 0.00959,\n    \"53\": 0,\n    \"54\": 0,\n    \"55\": 0,\n    \"56\": 0,\n    \"57\": 0,\n    \"58\": 0,\n    \"59\": 0.0048,\n    \"60\": 0.01919,\n    \"61\": 0,\n    \"62\": 0,\n    \"63\": 0,\n    \"64\": 0.0048,\n    \"65\": 0,\n    \"66\": 0,\n    \"67\": 0,\n    \"68\": 0.01919,\n    \"69\": 0,\n    \"70\": 0,\n    \"71\": 0.03838,\n    \"72\": 0.0048,\n    \"73\": 0,\n    \"74\": 0.02878,\n    \"75\": 0,\n    \"76\": 0.0048,\n    \"77\": 0.00959,\n    \"78\": 0.04797,\n    \"79\": 0.0048,\n    \"80\": 0.02878,\n    \"81\": 0.05756,\n    \"82\": 0.11033,\n    \"83\": 1.58301,\n    \"84\": 0.9642,\n    \"85\": 0.00959,\n    \"86\": 0,\n    \"3.5\": 0,\n    \"3.6\": 0\n  },\n  D: {\n    \"4\": 0,\n    \"5\": 0,\n    \"6\": 0,\n    \"7\": 0,\n    \"8\": 0,\n    \"9\": 0,\n    \"10\": 0,\n    \"11\": 0,\n    \"12\": 0,\n    \"13\": 0,\n    \"14\": 0,\n    \"15\": 0,\n    \"16\": 0,\n    \"17\": 0,\n    \"18\": 0,\n    \"19\": 0,\n    \"20\": 0,\n    \"21\": 0,\n    \"22\": 0,\n    \"23\": 0,\n    \"24\": 0,\n    \"25\": 0,\n    \"26\": 0,\n    \"27\": 0,\n    \"28\": 0,\n    \"29\": 0,\n    \"30\": 0,\n    \"31\": 0,\n    \"32\": 0,\n    \"33\": 0,\n    \"34\": 0,\n    \"35\": 0,\n    \"36\": 0,\n    \"37\": 0,\n    \"38\": 0.0048,\n    \"39\": 0,\n    \"40\": 0,\n    \"41\": 0,\n    \"42\": 0,\n    \"43\": 0,\n    \"44\": 0,\n    \"45\": 0,\n    \"46\": 0,\n    \"47\": 0,\n    \"48\": 0,\n    \"49\": 0.23026,\n    \"50\": 0,\n    \"51\": 0,\n    \"52\": 0,\n    \"53\": 0,\n    \"54\": 0,\n    \"55\": 0.0048,\n    \"56\": 0,\n    \"57\": 0.06716,\n    \"58\": 0,\n    \"59\": 0,\n    \"60\": 0,\n    \"61\": 0,\n    \"62\": 0,\n    \"63\": 0.06716,\n    \"64\": 0,\n    \"65\": 0,\n    \"66\": 0.0048,\n    \"67\": 0.01919,\n    \"68\": 0.0048,\n    \"69\": 0,\n    \"70\": 0.02878,\n    \"71\": 0.00959,\n    \"72\": 0.0048,\n    \"73\": 0.02878,\n    \"74\": 0.01439,\n    \"75\": 0,\n    \"76\": 0.00959,\n    \"77\": 0,\n    \"78\": 0.01439,\n    \"79\": 0.02878,\n    \"80\": 0.02399,\n    \"81\": 0.03838,\n    \"83\": 1.42951,\n    \"84\": 0.09594,\n    \"85\": 0.10553,\n    \"86\": 2.10109,\n    \"87\": 8.01099,\n    \"88\": 0.0048,\n    \"89\": 0,\n    \"90\": 0\n  },\n  F: {\n    \"9\": 0,\n    \"11\": 0,\n    \"12\": 0,\n    \"15\": 0,\n    \"16\": 0,\n    \"17\": 0,\n    \"18\": 0,\n    \"19\": 0,\n    \"20\": 0,\n    \"21\": 0,\n    \"22\": 0,\n    \"23\": 0,\n    \"24\": 0,\n    \"25\": 0,\n    \"26\": 0,\n    \"27\": 0,\n    \"28\": 0,\n    \"29\": 0,\n    \"30\": 0,\n    \"31\": 0,\n    \"32\": 0,\n    \"33\": 0,\n    \"34\": 0,\n    \"35\": 0,\n    \"36\": 0,\n    \"37\": 0,\n    \"38\": 0,\n    \"39\": 0,\n    \"40\": 0,\n    \"41\": 0,\n    \"42\": 0,\n    \"43\": 0,\n    \"44\": 0,\n    \"45\": 0,\n    \"46\": 0.0048,\n    \"47\": 0,\n    \"48\": 0,\n    \"49\": 0,\n    \"50\": 0,\n    \"51\": 0,\n    \"52\": 0,\n    \"53\": 0,\n    \"54\": 0,\n    \"55\": 0,\n    \"56\": 0,\n    \"57\": 0,\n    \"58\": 0,\n    \"60\": 0,\n    \"62\": 0,\n    \"63\": 0,\n    \"64\": 0,\n    \"65\": 0,\n    \"66\": 0,\n    \"67\": 0,\n    \"68\": 0,\n    \"69\": 0,\n    \"70\": 0,\n    \"71\": 0.02878,\n    \"72\": 0.19188,\n    \"9.5-9.6\": 0,\n    \"10.0-10.1\": 0,\n    \"10.5\": 0,\n    \"10.6\": 0,\n    \"11.1\": 0,\n    \"11.5\": 0,\n    \"11.6\": 0,\n    \"12.1\": 0\n  },\n  E: {\n    \"4\": 0,\n    \"5\": 0,\n    \"6\": 0,\n    \"7\": 0,\n    \"8\": 0,\n    \"9\": 0,\n    \"10\": 0,\n    \"11\": 0.0048,\n    \"12\": 0.03358,\n    \"13\": 0.08155,\n    \"14\": 1.30478,\n    _: \"0\",\n    \"3.1\": 0,\n    \"3.2\": 0,\n    \"5.1\": 0.01439,\n    \"6.1\": 0,\n    \"7.1\": 0,\n    \"9.1\": 0,\n    \"10.1\": 0.03358,\n    \"11.1\": 0.04317,\n    \"12.1\": 0.18229,\n    \"13.1\": 0.26384\n  },\n  G: {\n    \"8\": 0,\n    \"3.2\": 0,\n    \"4.0-4.1\": 0,\n    \"4.2-4.3\": 0,\n    \"5.0-5.1\": 0,\n    \"6.0-6.1\": 0,\n    \"7.0-7.1\": 0.03967,\n    \"8.1-8.4\": 0.00661,\n    \"9.0-9.2\": 0.00331,\n    \"9.3\": 0.25951,\n    \"10.0-10.2\": 0.00165,\n    \"10.3\": 1.70419,\n    \"11.0-11.2\": 0.08926,\n    \"11.3-11.4\": 0.10909,\n    \"12.0-12.1\": 0.18348,\n    \"12.2-12.4\": 0.82813,\n    \"13.0-13.1\": 0.20497,\n    \"13.2\": 0.10579,\n    \"13.3\": 0.44795,\n    \"13.4-13.7\": 1.96701,\n    \"14.0-14.3\": 10.55906\n  },\n  B: {\n    \"12\": 0.0048,\n    \"13\": 0.09594,\n    \"14\": 0.03358,\n    \"15\": 0,\n    \"16\": 0.02399,\n    \"17\": 0.00959,\n    \"18\": 0.06716,\n    \"79\": 0,\n    \"80\": 0.0048,\n    \"81\": 0,\n    \"83\": 0,\n    \"84\": 0.00959,\n    \"85\": 0.01439,\n    \"86\": 0.06236,\n    \"87\": 3.60255\n  },\n  I: {\n    \"3\": 0,\n    \"4\": 0.00425,\n    \"81\": 0,\n    \"2.1\": 0,\n    \"2.2\": 0,\n    \"2.3\": 0,\n    \"4.1\": 0,\n    \"4.2-4.3\": 0.06797,\n    \"4.4\": 0,\n    \"4.4.3-4.4.4\": 0.14656\n  },\n  P: {\n    \"4\": 0.06267,\n    \"5.0-5.4\": 0,\n    \"6.2-6.4\": 0,\n    \"7.2-7.4\": 0.10445,\n    \"8.2\": 0,\n    \"9.2\": 0.08356,\n    \"10.1\": 0.03134,\n    \"11.1-11.2\": 0.08356,\n    \"12.0\": 0.22979,\n    \"13.0\": 3.57223\n  },\n  K: {\n    _: \"0 10 11 12 11.1 11.5 12.1\"\n  },\n  A: {\n    \"6\": 0,\n    \"7\": 0,\n    \"8\": 0,\n    \"9\": 0,\n    \"10\": 0,\n    \"11\": 0.52767,\n    \"5.5\": 0\n  },\n  N: {\n    \"10\": 0,\n    \"11\": 0\n  },\n  J: {\n    \"7\": 0,\n    \"10\": 0\n  },\n  O: {\n    \"0\": 0.14048\n  },\n  H: {\n    \"0\": 0.10837\n  },\n  L: {\n    \"0\": 53.624\n  },\n  S: {\n    \"2.5\": 0\n  },\n  R: {\n    _: \"0\"\n  },\n  M: {\n    \"0\": 0.74923\n  },\n  Q: {\n    \"10.4\": 0.07805\n  }\n};","map":{"version":3,"sources":["/Users/bruceseymour/ra-video/client/node_modules/caniuse-lite/data/regions/GF.js"],"names":["module","exports","C","D","F","E","_","G","B","I","P","K","A","N","J","O","H","L","S","R","M","Q"],