{"ast":null,"code":"module.exports = {\n  C: {\n    \"52\": 0.01452,\n    \"67\": 0.00484,\n    \"72\": 0.09198,\n    \"78\": 0.09198,\n    \"81\": 0.02905,\n    \"82\": 0.42601,\n    \"83\": 1.27802,\n    \"84\": 0.8859,\n    _: \"2 3 4 5 6 7 8 9 10 11 12 13 14 15 16 17 18 19 20 21 22 23 24 25 26 27 28 29 30 31 32 33 34 35 36 37 38 39 40 41 42 43 44 45 46 47 48 49 50 51 53 54 55 56 57 58 59 60 61 62 63 64 65 66 68 69 70 71 73 74 75 76 77 79 80 85 86 3.5 3.6\"\n  },\n  D: {\n    \"29\": 0.00484,\n    \"47\": 0.01452,\n    \"49\": 0.03389,\n    \"59\": 0.00484,\n    \"63\": 0.05325,\n    \"65\": 0.01452,\n    \"68\": 0.03873,\n    \"71\": 0.01452,\n    \"74\": 0.00968,\n    \"75\": 0.213,\n    \"76\": 0.01936,\n    \"77\": 0.03873,\n    \"78\": 0.00968,\n    \"79\": 0.01936,\n    \"80\": 0.02905,\n    \"81\": 0.01452,\n    \"83\": 0.11134,\n    \"84\": 0.06293,\n    \"85\": 0.1888,\n    \"86\": 5.28153,\n    \"87\": 15.893,\n    \"88\": 0.00484,\n    \"89\": 0.00484,\n    _: \"4 5 6 7 8 9 10 11 12 13 14 15 16 17 18 19 20 21 22 23 24 25 26 27 28 30 31 32 33 34 35 36 37 38 39 40 41 42 43 44 45 46 48 50 51 52 53 54 55 56 57 58 60 61 62 64 66 67 69 70 72 73 90\"\n  },\n  F: {\n    \"71\": 0.01936,\n    \"72\": 0.18396,\n    _: \"9 11 12 15 16 17 18 19 20 21 22 23 24 25 26 27 28 29 30 31 32 33 34 35 36 37 38 39 40 41 42 43 44 45 46 47 48 49 50 51 52 53 54 55 56 57 58 60 62 63 64 65 66 67 68 69 70 9.5-9.6 10.5 10.6 11.1 11.5 11.6 12.1\",\n    \"10.0-10.1\": 0\n  },\n  E: {\n    \"4\": 0,\n    \"10\": 0.00484,\n    \"11\": 0.01452,\n    \"12\": 0.17912,\n    \"13\": 0.14523,\n    \"14\": 6.69994,\n    _: \"0 5 6 7 8 9 3.1 3.2 6.1 7.1 9.1\",\n    \"5.1\": 0.00484,\n    \"10.1\": 0.01452,\n    \"11.1\": 0.17912,\n    \"12.1\": 0.25173,\n    \"13.1\": 2.30432\n  },\n  G: {\n    \"8\": 0,\n    \"3.2\": 0,\n    \"4.0-4.1\": 0,\n    \"4.2-4.3\": 0,\n    \"5.0-5.1\": 0,\n    \"6.0-6.1\": 0,\n    \"7.0-7.1\": 0,\n    \"8.1-8.4\": 0.00278,\n    \"9.0-9.2\": 0.01112,\n    \"9.3\": 0.06394,\n    \"10.0-10.2\": 0,\n    \"10.3\": 0.16124,\n    \"11.0-11.2\": 0.02502,\n    \"11.3-11.4\": 0.10842,\n    \"12.0-12.1\": 0.11398,\n    \"12.2-12.4\": 1.47337,\n    \"13.0-13.1\": 0.16402,\n    \"13.2\": 0.03336,\n    \"13.3\": 0.49205,\n    \"13.4-13.7\": 2.87447,\n    \"14.0-14.3\": 22.23682\n  },\n  B: {\n    \"13\": 0.00968,\n    \"14\": 0.01452,\n    \"15\": 0.01936,\n    \"16\": 0.01452,\n    \"17\": 0.04841,\n    \"18\": 0.39212,\n    \"80\": 0.06777,\n    \"85\": 0.02421,\n    \"86\": 0.1888,\n    \"87\": 10.35006,\n    _: \"12 79 81 83 84\"\n  },\n  I: {\n    \"3\": 0,\n    \"4\": 0.00141,\n    \"81\": 0,\n    \"2.1\": 0,\n    \"2.2\": 0,\n    \"2.3\": 0,\n    \"4.1\": 0,\n    \"4.2-4.3\": 0.00057,\n    \"4.4\": 0,\n    \"4.4.3-4.4.4\": 0.01866\n  },\n  P: {\n    \"4\": 0.24585,\n    \"5.0-5.4\": 0.02049,\n    \"6.2-6.4\": 0.01024,\n    \"7.2-7.4\": 0.04097,\n    \"8.2\": 0.03073,\n    \"9.2\": 0.12726,\n    \"10.1\": 0.04097,\n    \"11.1-11.2\": 0.1909,\n    \"12.0\": 0.27574,\n    \"13.0\": 7.40255\n  },\n  K: {\n    _: \"0 10 11 12 11.1 11.5 12.1\"\n  },\n  A: {\n    \"10\": 0.03389,\n    \"11\": 1.31191,\n    _: \"6 7 8 9 5.5\"\n  },\n  N: {\n    \"10\": 0.02782,\n    \"11\": 0.04173\n  },\n  J: {\n    \"7\": 0,\n    \"10\": 0\n  },\n  O: {\n    \"0\": 0\n  },\n  H: {\n    \"0\": 0.14164\n  },\n  L: {\n    \"0\": 15.57499\n  },\n  S: {\n    \"2.5\": 0\n  },\n  R: {\n    _: \"0\"\n  },\n  M: {\n    \"0\": 0.17541\n  },\n  Q: {\n    \"10.4\": 0\n  }\n};","map":{"version":3,"sources":["/Users/bruceseymour/ra-video/client/node_modules/caniuse-lite/data/regions/VI.js"],"names":["module","exports","C","_","D","F","E","G","B","I","P","K","A","N","J","O","H","L","S","R","M","Q"],"mappings":"AAAAA,MAAM,CAACC,OAAP,GAAe;AAACC,EAAAA,CAAC,EAAC;AAAC,UAAK,OAAN;AAAc,UAAK,OAAnB;AAA2B,UAAK,OAAhC;AAAwC,UAAK,OAA7C;AAAqD,UAAK,OAA1D;AAAkE,UAAK,OAAvE;AAA+E,UAAK,OAApF;AAA4F,UAAK,MAAjG;AAAwGC,IAAAA,CAAC,EAAC;AAA1G,GAAH;AAAuVC,EAAAA,CAAC,EAAC;AAAC,UAAK,OAAN;AAAc,UAAK,OAAnB;AAA2B,UAAK,OAAhC;AAAwC,UAAK,OAA7C;AAAqD,UAAK,OAA1D;AAAkE,UAAK,OAAvE;AAA+E,UAAK,OAApF;AAA4F,UAAK,OAAjG;AAAyG,UAAK,OAA9G;AAAsH,UAAK,KAA3H;AAAiI,UAAK,OAAtI;AAA8I,UAAK,OAAnJ;AAA2J,UAAK,OAAhK;AAAwK,UAAK,OAA7K;AAAqL,UAAK,OAA1L;AAAkM,UAAK,OAAvM;AAA+M,UAAK,OAApN;AAA4N,UAAK,OAAjO;AAAyO,UAAK,MAA9O;AAAqP,UAAK,OAA1P;AAAkQ,UAAK,MAAvQ;AAA8Q,UAAK,OAAnR;AAA2R,UAAK,OAAhS;AAAwSD,IAAAA,CAAC,EAAC;AAA1S,GAAzV;AAA6zBE,EAAAA,CAAC,EAAC;AAAC,UAAK,OAAN;AAAc,UAAK,OAAnB;AAA2BF,IAAAA,CAAC,EAAC,iNAA7B;AAA+O,iBAAY;AAA3P,GAA/zB;AAA6jCG,EAAAA,CAAC,EAAC;AAAC,SAAI,CAAL;AAAO,UAAK,OAAZ;AAAoB,UAAK,OAAzB;AAAiC,UAAK,OAAtC;AAA8C,UAAK,OAAnD;AAA2D,UAAK,OAAhE;AAAwEH,IAAAA,CAAC,EAAC,iCAA1E;AAA4G,WAAM,OAAlH;AAA0H,YAAO,OAAjI;AAAyI,YAAO,OAAhJ;AAAwJ,YAAO,OAA/J;AAAuK,YAAO;AAA9K,GAA/jC;AAAsvCI,EAAAA,CAAC,EAAC;AAAC,SAAI,CAAL;AAAO,WAAM,CAAb;AAAe,eAAU,CAAzB;AAA2B,eAAU,CAArC;AAAuC,eAAU,CAAjD;AAAmD,eAAU,CAA7D;AAA+D,eAAU,CAAzE;AAA2E,eAAU,OAArF;AAA6F,eAAU,OAAvG;AAA+G,WAAM,OAArH;AAA6H,iBAAY,CAAzI;AAA2I,YAAO,OAAlJ;AAA0J,iBAAY,OAAtK;AAA8K,iBAAY,OAA1L;AAAkM,iBAAY,OAA9M;AAAsN,iBAAY,OAAlO;AAA0O,iBAAY,OAAtP;AAA8P,YAAO,OAArQ;AAA6Q,YAAO,OAApR;AAA4R,iBAAY,OAAxS;AAAgT,iBAAY;AAA5T,GAAxvC;AAA8jDC,EAAAA,CAAC,EAAC;AAAC,UAAK,OAAN;AAAc,UAAK,OAAnB;AAA2B,UAAK,OAAhC;AAAwC,UAAK,OAA7C;AAAqD,UAAK,OAA1D;AAAkE,UAAK,OAAvE;AAA+E,UAAK,OAApF;AAA4F,UAAK,OAAjG;AAAyG,UAAK,MAA9G;AAAqH,UAAK,QAA1H;AAAmIL,IAAAA,CAAC,EAAC;AAArI,GAAhkD;AAAutDM,EAAAA,CAAC,EAAC;AAAC,SAAI,CAAL;AAAO,SAAI,OAAX;AAAmB,UAAK,CAAxB;AAA0B,WAAM,CAAhC;AAAkC,WAAM,CAAxC;AAA0C,WAAM,CAAhD;AAAkD,WAAM,CAAxD;AAA0D,eAAU,OAApE;AAA4E,WAAM,CAAlF;AAAoF,mBAAc;AAAlG,GAAztD;AAAo0DC,EAAAA,CAAC,EAAC;AAAC,SAAI,OAAL;AAAa,eAAU,OAAvB;AAA+B,eAAU,OAAzC;AAAiD,eAAU,OAA3D;AAAmE,WAAM,OAAzE;AAAiF,WAAM,OAAvF;AAA+F,YAAO,OAAtG;AAA8G,iBAAY,MAA1H;AAAiI,YAAO,OAAxI;AAAgJ,YAAO;AAAvJ,GAAt0D;AAAs+DC,EAAAA,CAAC,EAAC;AAACR,IAAAA,CAAC,EAAC;AAAH,GAAx+D;AAAwgES,EAAAA,CAAC,EAAC;AAAC,UAAK,OAAN;AAAc,UAAK,OAAnB;AAA2BT,IAAAA,CAAC,EAAC;AAA7B,GAA1gE;AAAsjEU,EAAAA,CAAC,EAAC;AAAC,UAAK,OAAN;AAAc,UAAK;AAAnB,GAAxjE;AAAolEC,EAAAA,CAAC,EAAC;AAAC,SAAI,CAAL;AAAO,UAAK;AAAZ,GAAtlE;AAAqmEC,EAAAA,CAAC,EAAC;AAAC,SAAI;AAAL,GAAvmE;AAA+mEC,EAAAA,CAAC,EAAC;AAAC,SAAI;AAAL,GAAjnE;AAA+nEC,EAAAA,CAAC,EAAC;AAAC,SAAI;AAAL,GAAjoE;AAAgpEC,EAAAA,CAAC,EAAC;AAAC,WAAM;AAAP,GAAlpE;AAA4pEC,EAAAA,CAAC,EAAC;AAAChB,IAAAA,CAAC,EAAC;AAAH,GAA9pE;AAAsqEiB,EAAAA,CAAC,EAAC;AAAC,SAAI;AAAL,GAAxqE;AAAsrEC,EAAAA,CAAC,EAAC;AAAC,YAAO;AAAR;AAAxrE,CAAf",