{"ast":null,"code":"module.exports = {\n  C: {\n    \"2\": 0,\n    \"3\": 0,\n    \"4\": 0,\n    \"5\": 0,\n    \"6\": 0,\n    \"7\": 0,\n    \"8\": 0,\n    \"9\": 0,\n    \"10\": 0,\n    \"11\": 0,\n    \"12\": 0,\n    \"13\": 0,\n    \"14\": 0,\n    \"15\": 0,\n    \"16\": 0,\n    \"17\": 0,\n    \"18\": 0,\n    \"19\": 0,\n    \"20\": 0,\n    \"21\": 0,\n    \"22\": 0,\n    \"23\": 0,\n    \"24\": 0,\n    \"25\": 0,\n    \"26\": 0,\n    \"27\": 0,\n    \"28\": 0,\n    \"29\": 0,\n    \"30\": 0.00961,\n    \"31\": 0,\n    \"32\": 0,\n    \"33\": 0,\n    \"34\": 0,\n    \"35\": 0,\n    \"36\": 0,\n    \"37\": 0,\n    \"38\": 0,\n    \"39\": 0,\n    \"40\": 0.00961,\n    \"41\": 0,\n    \"42\": 0,\n    \"43\": 0,\n    \"44\": 0,\n    \"45\": 0,\n    \"46\": 0,\n    \"47\": 0,\n    \"48\": 0.00481,\n    \"49\": 0,\n    \"50\": 0.00481,\n    \"51\": 0,\n    \"52\": 0.00961,\n    \"53\": 0,\n    \"54\": 0,\n    \"55\": 0,\n    \"56\": 0.00481,\n    \"57\": 0,\n    \"58\": 0.01442,\n    \"59\": 0,\n    \"60\": 0,\n    \"61\": 0,\n    \"62\": 0,\n    \"63\": 0,\n    \"64\": 0.00481,\n    \"65\": 0,\n    \"66\": 0,\n    \"67\": 0,\n    \"68\": 0.00961,\n    \"69\": 0,\n    \"70\": 0,\n    \"71\": 0,\n    \"72\": 0.00481,\n    \"73\": 0,\n    \"74\": 0,\n    \"75\": 0,\n    \"76\": 0,\n    \"77\": 0.00961,\n    \"78\": 0.01442,\n    \"79\": 0.00481,\n    \"80\": 0.00961,\n    \"81\": 0.01442,\n    \"82\": 0.01442,\n    \"83\": 0.72586,\n    \"84\": 0.49512,\n    \"85\": 0.01923,\n    \"86\": 0,\n    \"3.5\": 0,\n    \"3.6\": 0\n  },\n  D: {\n    \"4\": 0,\n    \"5\": 0,\n    \"6\": 0,\n    \"7\": 0,\n    \"8\": 0,\n    \"9\": 0,\n    \"10\": 0,\n    \"11\": 0,\n    \"12\": 0,\n    \"13\": 0,\n    \"14\": 0,\n    \"15\": 0,\n    \"16\": 0,\n    \"17\": 0,\n    \"18\": 0,\n    \"19\": 0,\n    \"20\": 0,\n    \"21\": 0,\n    \"22\": 0,\n    \"23\": 0,\n    \"24\": 0,\n    \"25\": 0,\n    \"26\": 0,\n    \"27\": 0,\n    \"28\": 0,\n    \"29\": 0,\n    \"30\": 0.00481,\n    \"31\": 0,\n    \"32\": 0,\n    \"33\": 0,\n    \"34\": 0,\n    \"35\": 0,\n    \"36\": 0,\n    \"37\": 0,\n    \"38\": 0.00481,\n    \"39\": 0,\n    \"40\": 0.00481,\n    \"41\": 0,\n    \"42\": 0,\n    \"43\": 0,\n    \"44\": 0,\n    \"45\": 0,\n    \"46\": 0,\n    \"47\": 0,\n    \"48\": 0.00481,\n    \"49\": 0.0673,\n    \"50\": 0,\n    \"51\": 0,\n    \"52\": 0,\n    \"53\": 0.00481,\n    \"54\": 0,\n    \"55\": 0,\n    \"56\": 0,\n    \"57\": 0.00481,\n    \"58\": 0.00481,\n    \"59\": 0.00481,\n    \"60\": 0.00481,\n    \"61\": 0,\n    \"62\": 0.00481,\n    \"63\": 0.02404,\n    \"64\": 0,\n    \"65\": 0.00961,\n    \"66\": 0.00481,\n    \"67\": 0.05768,\n    \"68\": 0.00481,\n    \"69\": 0.00481,\n    \"70\": 0.02884,\n    \"71\": 0.00961,\n    \"72\": 0.01442,\n    \"73\": 0.00961,\n    \"74\": 0.02404,\n    \"75\": 0.01442,\n    \"76\": 0.01923,\n    \"77\": 0.02404,\n    \"78\": 0.02404,\n    \"79\": 0.08653,\n    \"80\": 0.29803,\n    \"81\": 0.0673,\n    \"83\": 0.04807,\n    \"84\": 0.0673,\n    \"85\": 0.10575,\n    \"86\": 2.53329,\n    \"87\": 14.0797,\n    \"88\": 0.02404,\n    \"89\": 0.01923,\n    \"90\": 0\n  },\n  F: {\n    \"9\": 0,\n    \"11\": 0,\n    \"12\": 0,\n    \"15\": 0,\n    \"16\": 0,\n    \"17\": 0,\n    \"18\": 0,\n    \"19\": 0,\n    \"20\": 0,\n    \"21\": 0,\n    \"22\": 0,\n    \"23\": 0,\n    \"24\": 0,\n    \"25\": 0,\n    \"26\": 0,\n    \"27\": 0,\n    \"28\": 0,\n    \"29\": 0,\n    \"30\": 0,\n    \"31\": 0,\n    \"32\": 0,\n    \"33\": 0,\n    \"34\": 0,\n    \"35\": 0,\n    \"36\": 0.00481,\n    \"37\": 0,\n    \"38\": 0,\n    \"39\": 0,\n    \"40\": 0,\n    \"41\": 0,\n    \"42\": 0,\n    \"43\": 0,\n    \"44\": 0,\n    \"45\": 0,\n    \"46\": 0,\n    \"47\": 0,\n    \"48\": 0,\n    \"49\": 0,\n    \"50\": 0,\n    \"51\": 0,\n    \"52\": 0,\n    \"53\": 0,\n    \"54\": 0,\n    \"55\": 0,\n    \"56\": 0,\n    \"57\": 0,\n    \"58\": 0,\n    \"60\": 0,\n    \"62\": 0,\n    \"63\": 0,\n    \"64\": 0.00481,\n    \"65\": 0,\n    \"66\": 0,\n    \"67\": 0.00481,\n    \"68\": 0.00481,\n    \"69\": 0.00481,\n    \"70\": 0.00481,\n    \"71\": 0.06249,\n    \"72\": 0.48551,\n    \"9.5-9.6\": 0,\n    \"10.0-10.1\": 0,\n    \"10.5\": 0,\n    \"10.6\": 0,\n    \"11.1\": 0,\n    \"11.5\": 0,\n    \"11.6\": 0,\n    \"12.1\": 0\n  },\n  E: {\n    \"4\": 0,\n    \"5\": 0,\n    \"6\": 0,\n    \"7\": 0,\n    \"8\": 0,\n    \"9\": 0,\n    \"10\": 0,\n    \"11\": 0.00481,\n    \"12\": 0.00961,\n    \"13\": 0.04807,\n    \"14\": 0.43744,\n    _: \"0\",\n    \"3.1\": 0,\n    \"3.2\": 0,\n    \"5.1\": 0.01923,\n    \"6.1\": 0,\n    \"7.1\": 0,\n    \"9.1\": 0.00481,\n    \"10.1\": 0.00961,\n    \"11.1\": 0.03846,\n    \"12.1\": 0.05768,\n    \"13.1\": 0.19228\n  },\n  G: {\n    \"8\": 0,\n    \"3.2\": 0,\n    \"4.0-4.1\": 0,\n    \"4.2-4.3\": 0,\n    \"5.0-5.1\": 0,\n    \"6.0-6.1\": 0,\n    \"7.0-7.1\": 0.02299,\n    \"8.1-8.4\": 0.00209,\n    \"9.0-9.2\": 0.01045,\n    \"9.3\": 0.38673,\n    \"10.0-10.2\": 0.03972,\n    \"10.3\": 0.66894,\n    \"11.0-11.2\": 0.1526,\n    \"11.3-11.4\": 0.24249,\n    \"12.0-12.1\": 0.19232,\n    \"12.2-12.4\": 3.652,\n    \"13.0-13.1\": 0.22368,\n    \"13.2\": 0.06271,\n    \"13.3\": 0.74629,\n    \"13.4-13.7\": 3.26736,\n    \"14.0-14.3\": 11.12952\n  },\n  B: {\n    \"12\": 0,\n    \"13\": 0.00481,\n    \"14\": 0,\n    \"15\": 0,\n    \"16\": 0.00481,\n    \"17\": 0.00481,\n    \"18\": 0.03846,\n    \"79\": 0,\n    \"80\": 0,\n    \"81\": 0.00481,\n    \"83\": 0.00481,\n    \"84\": 0.01442,\n    \"85\": 0.00481,\n    \"86\": 0.02404,\n    \"87\": 1.22579\n  },\n  I: {\n    \"3\": 0,\n    \"4\": 0.00388,\n    \"81\": 0,\n    \"2.1\": 0,\n    \"2.2\": 0,\n    \"2.3\": 0,\n    \"4.1\": 0.01498,\n    \"4.2-4.3\": 0.01165,\n    \"4.4\": 0,\n    \"4.4.3-4.4.4\": 0.16198\n  },\n  P: {\n    \"4\": 0.48575,\n    \"5.0-5.4\": 0.14168,\n    \"6.2-6.4\": 0.04048,\n    \"7.2-7.4\": 0.18215,\n    \"8.2\": 0.03036,\n    \"9.2\": 0.21251,\n    \"10.1\": 0.08096,\n    \"11.1-11.2\": 0.32383,\n    \"12.0\": 0.99173,\n    \"13.0\": 3.82524\n  },\n  K: {\n    _: \"0 10 11 12 11.1 11.5 12.1\"\n  },\n  A: {\n    \"6\": 0,\n    \"7\": 0,\n    \"8\": 0.02003,\n    \"9\": 0,\n    \"10\": 0,\n    \"11\": 0.10015,\n    \"5.5\": 0\n  },\n  N: {\n    \"10\": 0,\n    \"11\": 0\n  },\n  J: {\n    \"7\": 0,\n    \"10\": 0\n  },\n  O: {\n    \"0\": 0.23888\n  },\n  H: {\n    \"0\": 0.23599\n  },\n  L: {\n    \"0\": 46.24746\n  },\n  S: {\n    \"2.5\": 0\n  },\n  R: {\n    _: \"0\"\n  },\n  M: {\n    \"0\": 0.12983\n  },\n  Q: {\n    \"10.4\": 0.05712\n  }\n};","map":{"version":3,"sources":["/Users/bruceseymour/ra-video/client/node_modules/caniuse-lite/data/regions/MN.js"],"names":["module","exports","C","D","F","E","_","G","B","I","P","K","A","N","J","O","H","L","S","R","M","Q"],