{"ast":null,"code":"module.exports = {\n  C: {\n    \"2\": 0,\n    \"3\": 0,\n    \"4\": 0,\n    \"5\": 0,\n    \"6\": 0,\n    \"7\": 0,\n    \"8\": 0,\n    \"9\": 0,\n    \"10\": 0,\n    \"11\": 0,\n    \"12\": 0,\n    \"13\": 0,\n    \"14\": 0,\n    \"15\": 0,\n    \"16\": 0,\n    \"17\": 0,\n    \"18\": 0,\n    \"19\": 0,\n    \"20\": 0,\n    \"21\": 0,\n    \"22\": 0,\n    \"23\": 0,\n    \"24\": 0,\n    \"25\": 0,\n    \"26\": 0,\n    \"27\": 0,\n    \"28\": 0,\n    \"29\": 0,\n    \"30\": 0.017,\n    \"31\": 0,\n    \"32\": 0,\n    \"33\": 0,\n    \"34\": 0,\n    \"35\": 0,\n    \"36\": 0,\n    \"37\": 0,\n    \"38\": 0,\n    \"39\": 0,\n    \"40\": 0,\n    \"41\": 0,\n    \"42\": 0,\n    \"43\": 0,\n    \"44\": 0,\n    \"45\": 0.00425,\n    \"46\": 0,\n    \"47\": 0,\n    \"48\": 0.02974,\n    \"49\": 0,\n    \"50\": 0,\n    \"51\": 0,\n    \"52\": 0.01275,\n    \"53\": 0.00425,\n    \"54\": 0,\n    \"55\": 0,\n    \"56\": 0,\n    \"57\": 0,\n    \"58\": 0,\n    \"59\": 0,\n    \"60\": 0,\n    \"61\": 0,\n    \"62\": 0,\n    \"63\": 0,\n    \"64\": 0,\n    \"65\": 0,\n    \"66\": 0.00425,\n    \"67\": 0,\n    \"68\": 0.00425,\n    \"69\": 0,\n    \"70\": 0,\n    \"71\": 0,\n    \"72\": 0,\n    \"73\": 0,\n    \"74\": 0,\n    \"75\": 0,\n    \"76\": 0,\n    \"77\": 0,\n    \"78\": 0.03399,\n    \"79\": 0.00425,\n    \"80\": 0,\n    \"81\": 0.01275,\n    \"82\": 0.017,\n    \"83\": 0.46739,\n    \"84\": 0.30168,\n    \"85\": 0.00425,\n    \"86\": 0,\n    \"3.5\": 0,\n    \"3.6\": 0\n  },\n  D: {\n    \"4\": 0,\n    \"5\": 0,\n    \"6\": 0,\n    \"7\": 0,\n    \"8\": 0,\n    \"9\": 0,\n    \"10\": 0,\n    \"11\": 0,\n    \"12\": 0,\n    \"13\": 0,\n    \"14\": 0,\n    \"15\": 0,\n    \"16\": 0,\n    \"17\": 0,\n    \"18\": 0,\n    \"19\": 0,\n    \"20\": 0,\n    \"21\": 0,\n    \"22\": 0,\n    \"23\": 0,\n    \"24\": 0,\n    \"25\": 0,\n    \"26\": 0,\n    \"27\": 0,\n    \"28\": 0,\n    \"29\": 0,\n    \"30\": 0,\n    \"31\": 0,\n    \"32\": 0,\n    \"33\": 0,\n    \"34\": 0,\n    \"35\": 0,\n    \"36\": 0,\n    \"37\": 0,\n    \"38\": 0,\n    \"39\": 0,\n    \"40\": 0,\n    \"41\": 0.00425,\n    \"42\": 0,\n    \"43\": 0.0085,\n    \"44\": 0,\n    \"45\": 0,\n    \"46\": 0,\n    \"47\": 0,\n    \"48\": 0,\n    \"49\": 0.04249,\n    \"50\": 0,\n    \"51\": 0,\n    \"52\": 0.00425,\n    \"53\": 0,\n    \"54\": 0,\n    \"55\": 0,\n    \"56\": 0,\n    \"57\": 0,\n    \"58\": 0.00425,\n    \"59\": 0,\n    \"60\": 0,\n    \"61\": 0,\n    \"62\": 0,\n    \"63\": 0.01275,\n    \"64\": 0,\n    \"65\": 0.02125,\n    \"66\": 0,\n    \"67\": 0.0085,\n    \"68\": 0.00425,\n    \"69\": 0.00425,\n    \"70\": 0.0085,\n    \"71\": 0.0085,\n    \"72\": 0.0085,\n    \"73\": 0,\n    \"74\": 0,\n    \"75\": 0.017,\n    \"76\": 0.15296,\n    \"77\": 0.0085,\n    \"78\": 0.03824,\n    \"79\": 0.01275,\n    \"80\": 0.01275,\n    \"81\": 0.017,\n    \"83\": 0.02974,\n    \"84\": 0.04249,\n    \"85\": 0.07648,\n    \"86\": 1.76758,\n    \"87\": 7.08733,\n    \"88\": 0.02974,\n    \"89\": 0.00425,\n    \"90\": 0\n  },\n  F: {\n    \"9\": 0,\n    \"11\": 0,\n    \"12\": 0,\n    \"15\": 0,\n    \"16\": 0,\n    \"17\": 0,\n    \"18\": 0,\n    \"19\": 0,\n    \"20\": 0,\n    \"21\": 0,\n    \"22\": 0,\n    \"23\": 0,\n    \"24\": 0,\n    \"25\": 0,\n    \"26\": 0,\n    \"27\": 0,\n    \"28\": 0,\n    \"29\": 0,\n    \"30\": 0,\n    \"31\": 0,\n    \"32\": 0,\n    \"33\": 0,\n    \"34\": 0,\n    \"35\": 0,\n    \"36\": 0,\n    \"37\": 0,\n    \"38\": 0,\n    \"39\": 0,\n    \"40\": 0,\n    \"41\": 0,\n    \"42\": 0,\n    \"43\": 0,\n    \"44\": 0,\n    \"45\": 0,\n    \"46\": 0,\n    \"47\": 0,\n    \"48\": 0,\n    \"49\": 0,\n    \"50\": 0,\n    \"51\": 0,\n    \"52\": 0,\n    \"53\": 0,\n    \"54\": 0,\n    \"55\": 0,\n    \"56\": 0,\n    \"57\": 0,\n    \"58\": 0,\n    \"60\": 0,\n    \"62\": 0,\n    \"63\": 0,\n    \"64\": 0,\n    \"65\": 0,\n    \"66\": 0,\n    \"67\": 0,\n    \"68\": 0,\n    \"69\": 0,\n    \"70\": 0,\n    \"71\": 0.01275,\n    \"72\": 0.08498,\n    \"9.5-9.6\": 0,\n    \"10.0-10.1\": 0,\n    \"10.5\": 0,\n    \"10.6\": 0,\n    \"11.1\": 0,\n    \"11.5\": 0,\n    \"11.6\": 0,\n    \"12.1\": 0\n  },\n  E: {\n    \"4\": 0,\n    \"5\": 0,\n    \"6\": 0,\n    \"7\": 0,\n    \"8\": 0,\n    \"9\": 0,\n    \"10\": 0,\n    \"11\": 0.00425,\n    \"12\": 0.017,\n    \"13\": 0.05524,\n    \"14\": 1.51264,\n    _: \"0\",\n    \"3.1\": 0,\n    \"3.2\": 0,\n    \"5.1\": 0.0085,\n    \"6.1\": 0,\n    \"7.1\": 0,\n    \"9.1\": 0,\n    \"10.1\": 0.02125,\n    \"11.1\": 0.04674,\n    \"12.1\": 0.16996,\n    \"13.1\": 0.53113\n  },\n  G: {\n    \"8\": 0.02129,\n    \"3.2\": 0,\n    \"4.0-4.1\": 0,\n    \"4.2-4.3\": 0,\n    \"5.0-5.1\": 0,\n    \"6.0-6.1\": 0.00532,\n    \"7.0-7.1\": 0.01064,\n    \"8.1-8.4\": 0.01331,\n    \"9.0-9.2\": 0.03193,\n    \"9.3\": 0.36723,\n    \"10.0-10.2\": 0.00532,\n    \"10.3\": 0.30336,\n    \"11.0-11.2\": 0.15168,\n    \"11.3-11.4\": 0.10112,\n    \"12.0-12.1\": 0.18361,\n    \"12.2-12.4\": 1.78292,\n    \"13.0-13.1\": 0.10644,\n    \"13.2\": 0.05322,\n    \"13.3\": 0.61471,\n    \"13.4-13.7\": 3.29973,\n    \"14.0-14.3\": 19.51628\n  },\n  B: {\n    \"12\": 0.00425,\n    \"13\": 0.02125,\n    \"14\": 0.0085,\n    \"15\": 0.02974,\n    \"16\": 0.02125,\n    \"17\": 0.04249,\n    \"18\": 0.25919,\n    \"79\": 0,\n    \"80\": 0.01275,\n    \"81\": 0,\n    \"83\": 0,\n    \"84\": 0.00425,\n    \"85\": 0.00425,\n    \"86\": 0.07648,\n    \"87\": 2.59189\n  },\n  I: {\n    \"3\": 0,\n    \"4\": 0.04895,\n    \"81\": 0,\n    \"2.1\": 0,\n    \"2.2\": 0,\n    \"2.3\": 0,\n    \"4.1\": 0.01958,\n    \"4.2-4.3\": 0.02937,\n    \"4.4\": 0,\n    \"4.4.3-4.4.4\": 0.53846\n  },\n  P: {\n    \"4\": 0.12556,\n    \"5.0-5.4\": 0,\n    \"6.2-6.4\": 0,\n    \"7.2-7.4\": 0.42899,\n    \"8.2\": 0.02093,\n    \"9.2\": 0.40807,\n    \"10.1\": 0.14649,\n    \"11.1-11.2\": 0.97308,\n    \"12.0\": 0.98355,\n    \"13.0\": 6.41399\n  },\n  K: {\n    _: \"0 10 11 12 11.1 11.5 12.1\"\n  },\n  A: {\n    \"6\": 0,\n    \"7\": 0,\n    \"8\": 0,\n    \"9\": 0,\n    \"10\": 0,\n    \"11\": 0.33992,\n    \"5.5\": 0\n  },\n  N: {\n    \"10\": 0,\n    \"11\": 0\n  },\n  J: {\n    \"7\": 0,\n    \"10\": 0\n  },\n  O: {\n    \"0\": 0.0115\n  },\n  H: {\n    \"0\": 0.02178\n  },\n  L: {\n    \"0\": 42.64586\n  },\n  S: {\n    \"2.5\": 0\n  },\n  R: {\n    _: \"0\"\n  },\n  M: {\n    \"0\": 0.16678\n  },\n  Q: {\n    \"10.4\": 0\n  }\n};","map":{"version":3,"sources":["/Users/bruceseymour/ra-video/client/node_modules/caniuse-lite/data/regions/BS.js"],"names":["module","exports","C","D","F","E","_","G","B","I","P","K","A","N","J","O","H","L","S","R","M","Q"],