{"ast":null,"code":"module.exports = {\n  C: {\n    \"2\": 0,\n    \"3\": 0,\n    \"4\": 0,\n    \"5\": 0,\n    \"6\": 0,\n    \"7\": 0,\n    \"8\": 0,\n    \"9\": 0,\n    \"10\": 0,\n    \"11\": 0,\n    \"12\": 0,\n    \"13\": 0,\n    \"14\": 0,\n    \"15\": 0,\n    \"16\": 0,\n    \"17\": 0,\n    \"18\": 0,\n    \"19\": 0,\n    \"20\": 0,\n    \"21\": 0,\n    \"22\": 0,\n    \"23\": 0,\n    \"24\": 0,\n    \"25\": 0,\n    \"26\": 0,\n    \"27\": 0,\n    \"28\": 0,\n    \"29\": 0,\n    \"30\": 0.00446,\n    \"31\": 0,\n    \"32\": 0,\n    \"33\": 0,\n    \"34\": 0,\n    \"35\": 0,\n    \"36\": 0,\n    \"37\": 0,\n    \"38\": 0.00892,\n    \"39\": 0,\n    \"40\": 0.00446,\n    \"41\": 0,\n    \"42\": 0.00446,\n    \"43\": 0,\n    \"44\": 0,\n    \"45\": 0,\n    \"46\": 0,\n    \"47\": 0,\n    \"48\": 0.0223,\n    \"49\": 0,\n    \"50\": 0.00446,\n    \"51\": 0,\n    \"52\": 0.00892,\n    \"53\": 0,\n    \"54\": 0,\n    \"55\": 0,\n    \"56\": 0,\n    \"57\": 0.00446,\n    \"58\": 0,\n    \"59\": 0,\n    \"60\": 0.03567,\n    \"61\": 0,\n    \"62\": 0,\n    \"63\": 0,\n    \"64\": 0,\n    \"65\": 0,\n    \"66\": 0,\n    \"67\": 0,\n    \"68\": 0.02675,\n    \"69\": 0.01338,\n    \"70\": 0,\n    \"71\": 0,\n    \"72\": 0.00892,\n    \"73\": 0,\n    \"74\": 0,\n    \"75\": 0.00446,\n    \"76\": 0.00446,\n    \"77\": 0.00892,\n    \"78\": 0.08026,\n    \"79\": 0.00892,\n    \"80\": 0.00446,\n    \"81\": 0.01784,\n    \"82\": 0.04013,\n    \"83\": 1.45363,\n    \"84\": 0.8918,\n    \"85\": 0,\n    \"86\": 0,\n    \"3.5\": 0,\n    \"3.6\": 0\n  },\n  D: {\n    \"4\": 0,\n    \"5\": 0,\n    \"6\": 0,\n    \"7\": 0,\n    \"8\": 0,\n    \"9\": 0,\n    \"10\": 0,\n    \"11\": 0,\n    \"12\": 0,\n    \"13\": 0,\n    \"14\": 0,\n    \"15\": 0,\n    \"16\": 0,\n    \"17\": 0,\n    \"18\": 0,\n    \"19\": 0,\n    \"20\": 0,\n    \"21\": 0,\n    \"22\": 0,\n    \"23\": 0,\n    \"24\": 0,\n    \"25\": 0,\n    \"26\": 0,\n    \"27\": 0,\n    \"28\": 0,\n    \"29\": 0,\n    \"30\": 0,\n    \"31\": 0,\n    \"32\": 0,\n    \"33\": 0,\n    \"34\": 0,\n    \"35\": 0,\n    \"36\": 0,\n    \"37\": 0,\n    \"38\": 0,\n    \"39\": 0,\n    \"40\": 0,\n    \"41\": 0,\n    \"42\": 0.00446,\n    \"43\": 0.00446,\n    \"44\": 0,\n    \"45\": 0,\n    \"46\": 0,\n    \"47\": 0,\n    \"48\": 0,\n    \"49\": 0.07134,\n    \"50\": 0,\n    \"51\": 0,\n    \"52\": 0,\n    \"53\": 0,\n    \"54\": 0,\n    \"55\": 0,\n    \"56\": 0,\n    \"57\": 0,\n    \"58\": 0.01338,\n    \"59\": 0,\n    \"60\": 0,\n    \"61\": 0,\n    \"62\": 0,\n    \"63\": 0.00446,\n    \"64\": 0,\n    \"65\": 0.04905,\n    \"66\": 0.00446,\n    \"67\": 0.00446,\n    \"68\": 0.00446,\n    \"69\": 0.00446,\n    \"70\": 0.00446,\n    \"71\": 0.00446,\n    \"72\": 0,\n    \"73\": 0,\n    \"74\": 0.00446,\n    \"75\": 0,\n    \"76\": 0.00892,\n    \"77\": 0.00446,\n    \"78\": 0.00892,\n    \"79\": 0.00446,\n    \"80\": 0.06243,\n    \"81\": 0.03121,\n    \"83\": 0.01338,\n    \"84\": 0.05351,\n    \"85\": 0.0981,\n    \"86\": 1.99317,\n    \"87\": 7.36627,\n    \"88\": 0.00892,\n    \"89\": 0,\n    \"90\": 0\n  },\n  F: {\n    \"9\": 0,\n    \"11\": 0,\n    \"12\": 0,\n    \"15\": 0,\n    \"16\": 0,\n    \"17\": 0,\n    \"18\": 0,\n    \"19\": 0,\n    \"20\": 0,\n    \"21\": 0,\n    \"22\": 0,\n    \"23\": 0,\n    \"24\": 0,\n    \"25\": 0,\n    \"26\": 0,\n    \"27\": 0,\n    \"28\": 0,\n    \"29\": 0,\n    \"30\": 0,\n    \"31\": 0,\n    \"32\": 0.00446,\n    \"33\": 0,\n    \"34\": 0,\n    \"35\": 0,\n    \"36\": 0,\n    \"37\": 0,\n    \"38\": 0,\n    \"39\": 0,\n    \"40\": 0,\n    \"41\": 0,\n    \"42\": 0,\n    \"43\": 0,\n    \"44\": 0,\n    \"45\": 0,\n    \"46\": 0,\n    \"47\": 0,\n    \"48\": 0,\n    \"49\": 0,\n    \"50\": 0,\n    \"51\": 0,\n    \"52\": 0,\n    \"53\": 0,\n    \"54\": 0.00446,\n    \"55\": 0,\n    \"56\": 0,\n    \"57\": 0,\n    \"58\": 0,\n    \"60\": 0,\n    \"62\": 0,\n    \"63\": 0,\n    \"64\": 0,\n    \"65\": 0,\n    \"66\": 0,\n    \"67\": 0,\n    \"68\": 0,\n    \"69\": 0,\n    \"70\": 0,\n    \"71\": 0.00892,\n    \"72\": 0.18728,\n    \"9.5-9.6\": 0,\n    \"10.0-10.1\": 0,\n    \"10.5\": 0,\n    \"10.6\": 0,\n    \"11.1\": 0,\n    \"11.5\": 0,\n    \"11.6\": 0,\n    \"12.1\": 0\n  },\n  E: {\n    \"4\": 0,\n    \"5\": 0,\n    \"6\": 0,\n    \"7\": 0,\n    \"8\": 0,\n    \"9\": 0,\n    \"10\": 0,\n    \"11\": 0.01338,\n    \"12\": 0.01784,\n    \"13\": 0.08472,\n    \"14\": 1.9575,\n    _: \"0\",\n    \"3.1\": 0,\n    \"3.2\": 0,\n    \"5.1\": 0.00446,\n    \"6.1\": 0,\n    \"7.1\": 0,\n    \"9.1\": 0.00892,\n    \"10.1\": 0.06243,\n    \"11.1\": 0.07134,\n    \"12.1\": 0.16498,\n    \"13.1\": 0.7937\n  },\n  G: {\n    \"8\": 0,\n    \"3.2\": 0,\n    \"4.0-4.1\": 0,\n    \"4.2-4.3\": 0,\n    \"5.0-5.1\": 0.00956,\n    \"6.0-6.1\": 0.00478,\n    \"7.0-7.1\": 0.00956,\n    \"8.1-8.4\": 0.02151,\n    \"9.0-9.2\": 0,\n    \"9.3\": 0.75768,\n    \"10.0-10.2\": 0.00717,\n    \"10.3\": 0.22229,\n    \"11.0-11.2\": 0.16492,\n    \"11.3-11.4\": 0.07888,\n    \"12.0-12.1\": 0.16492,\n    \"12.2-12.4\": 1.25245,\n    \"13.0-13.1\": 0.12668,\n    \"13.2\": 0.04302,\n    \"13.3\": 0.4852,\n    \"13.4-13.7\": 2.8443,\n    \"14.0-14.3\": 17.67527\n  },\n  B: {\n    \"12\": 0.00446,\n    \"13\": 0.00446,\n    \"14\": 0.00892,\n    \"15\": 0.00446,\n    \"16\": 0.01784,\n    \"17\": 0.0223,\n    \"18\": 0.0981,\n    \"79\": 0,\n    \"80\": 0,\n    \"81\": 0,\n    \"83\": 0,\n    \"84\": 0.14715,\n    \"85\": 0.00892,\n    \"86\": 0.04905,\n    \"87\": 1.97534\n  },\n  I: {\n    \"3\": 0,\n    \"4\": 0,\n    \"81\": 0,\n    \"2.1\": 0,\n    \"2.2\": 0,\n    \"2.3\": 0,\n    \"4.1\": 0.00889,\n    \"4.2-4.3\": 0.03161,\n    \"4.4\": 0,\n    \"4.4.3-4.4.4\": 0.15313\n  },\n  P: {\n    \"4\": 0.11472,\n    \"5.0-5.4\": 0,\n    \"6.2-6.4\": 0,\n    \"7.2-7.4\": 0.08343,\n    \"8.2\": 0.02086,\n    \"9.2\": 0.08343,\n    \"10.1\": 0.08343,\n    \"11.1-11.2\": 0.27115,\n    \"12.0\": 1.35576,\n    \"13.0\": 3.82743\n  },\n  K: {\n    _: \"0 10 11 12 11.1 11.5 12.1\"\n  },\n  A: {\n    \"6\": 0,\n    \"7\": 0,\n    \"8\": 0,\n    \"9\": 0,\n    \"10\": 0,\n    \"11\": 0.272,\n    \"5.5\": 0\n  },\n  N: {\n    \"10\": 0,\n    \"11\": 0.00554\n  },\n  J: {\n    \"7\": 0,\n    \"10\": 0\n  },\n  O: {\n    \"0\": 0.02216\n  },\n  H: {\n    \"0\": 0.09967\n  },\n  L: {\n    \"0\": 47.75621\n  },\n  S: {\n    \"2.5\": 0\n  },\n  R: {\n    _: \"0\"\n  },\n  M: {\n    \"0\": 0.40449\n  },\n  Q: {\n    \"10.4\": 0\n  }\n};","map":{"version":3,"sources":["/Users/bruceseymour/ra-video/client/node_modules/caniuse-lite/data/regions/GP.js"],"names":["module","exports","C","D","F","E","_","G","B","I","P","K","A","N","J","O","H","L","S","R","M","Q"],