{"ast":null,"code":"module.exports = {\n  C: {\n    \"2\": 0,\n    \"3\": 0,\n    \"4\": 0,\n    \"5\": 0,\n    \"6\": 0,\n    \"7\": 0,\n    \"8\": 0,\n    \"9\": 0,\n    \"10\": 0,\n    \"11\": 0,\n    \"12\": 0,\n    \"13\": 0,\n    \"14\": 0,\n    \"15\": 0,\n    \"16\": 0,\n    \"17\": 0,\n    \"18\": 0,\n    \"19\": 0,\n    \"20\": 0,\n    \"21\": 0,\n    \"22\": 0,\n    \"23\": 0,\n    \"24\": 0,\n    \"25\": 0,\n    \"26\": 0,\n    \"27\": 0,\n    \"28\": 0,\n    \"29\": 0,\n    \"30\": 0.00989,\n    \"31\": 0,\n    \"32\": 0,\n    \"33\": 0,\n    \"34\": 0.00989,\n    \"35\": 0,\n    \"36\": 0,\n    \"37\": 0,\n    \"38\": 0,\n    \"39\": 0,\n    \"40\": 0,\n    \"41\": 0,\n    \"42\": 0,\n    \"43\": 0,\n    \"44\": 0,\n    \"45\": 0,\n    \"46\": 0,\n    \"47\": 0,\n    \"48\": 0,\n    \"49\": 0,\n    \"50\": 0.00495,\n    \"51\": 0,\n    \"52\": 0.01978,\n    \"53\": 0,\n    \"54\": 0,\n    \"55\": 0,\n    \"56\": 0.00495,\n    \"57\": 0,\n    \"58\": 0,\n    \"59\": 0,\n    \"60\": 0,\n    \"61\": 0,\n    \"62\": 0,\n    \"63\": 0,\n    \"64\": 0,\n    \"65\": 0,\n    \"66\": 0,\n    \"67\": 0.00495,\n    \"68\": 0.02473,\n    \"69\": 0,\n    \"70\": 0,\n    \"71\": 0,\n    \"72\": 0.00989,\n    \"73\": 0,\n    \"74\": 0.00495,\n    \"75\": 0,\n    \"76\": 0.00989,\n    \"77\": 0.00495,\n    \"78\": 0.03956,\n    \"79\": 0.00495,\n    \"80\": 0.00989,\n    \"81\": 0.01978,\n    \"82\": 0.02967,\n    \"83\": 0.50934,\n    \"84\": 0.40055,\n    \"85\": 0,\n    \"86\": 0,\n    \"3.5\": 0,\n    \"3.6\": 0\n  },\n  D: {\n    \"4\": 0,\n    \"5\": 0,\n    \"6\": 0,\n    \"7\": 0,\n    \"8\": 0,\n    \"9\": 0,\n    \"10\": 0,\n    \"11\": 0,\n    \"12\": 0,\n    \"13\": 0,\n    \"14\": 0,\n    \"15\": 0,\n    \"16\": 0,\n    \"17\": 0,\n    \"18\": 0,\n    \"19\": 0,\n    \"20\": 0,\n    \"21\": 0,\n    \"22\": 0.01484,\n    \"23\": 0,\n    \"24\": 0,\n    \"25\": 0,\n    \"26\": 0.00989,\n    \"27\": 0,\n    \"28\": 0,\n    \"29\": 0,\n    \"30\": 0.00495,\n    \"31\": 0,\n    \"32\": 0,\n    \"33\": 0,\n    \"34\": 0.04451,\n    \"35\": 0,\n    \"36\": 0,\n    \"37\": 0,\n    \"38\": 0.0989,\n    \"39\": 0,\n    \"40\": 0.00495,\n    \"41\": 0.00495,\n    \"42\": 0.00495,\n    \"43\": 0,\n    \"44\": 0,\n    \"45\": 0,\n    \"46\": 0,\n    \"47\": 0,\n    \"48\": 0.00495,\n    \"49\": 0.07912,\n    \"50\": 0,\n    \"51\": 0,\n    \"52\": 0,\n    \"53\": 0.16319,\n    \"54\": 0.00495,\n    \"55\": 0.01484,\n    \"56\": 0.00495,\n    \"57\": 0.00989,\n    \"58\": 0.08901,\n    \"59\": 0,\n    \"60\": 0.00495,\n    \"61\": 0.00989,\n    \"62\": 0.01978,\n    \"63\": 0.00989,\n    \"64\": 0.00989,\n    \"65\": 0.01978,\n    \"66\": 0.00495,\n    \"67\": 0.01978,\n    \"68\": 0.05934,\n    \"69\": 0.02473,\n    \"70\": 0.01978,\n    \"71\": 0.04451,\n    \"72\": 0.02473,\n    \"73\": 0.02967,\n    \"74\": 0.01978,\n    \"75\": 0.03462,\n    \"76\": 0.02473,\n    \"77\": 0.01978,\n    \"78\": 0.02967,\n    \"79\": 0.0544,\n    \"80\": 0.06429,\n    \"81\": 0.0544,\n    \"83\": 0.0989,\n    \"84\": 0.16319,\n    \"85\": 0.23242,\n    \"86\": 2.51701,\n    \"87\": 11.00757,\n    \"88\": 0.01978,\n    \"89\": 0.01484,\n    \"90\": 0\n  },\n  F: {\n    \"9\": 0,\n    \"11\": 0,\n    \"12\": 0,\n    \"15\": 0,\n    \"16\": 0,\n    \"17\": 0,\n    \"18\": 0,\n    \"19\": 0,\n    \"20\": 0,\n    \"21\": 0,\n    \"22\": 0,\n    \"23\": 0,\n    \"24\": 0,\n    \"25\": 0,\n    \"26\": 0,\n    \"27\": 0,\n    \"28\": 0,\n    \"29\": 0,\n    \"30\": 0,\n    \"31\": 0,\n    \"32\": 0,\n    \"33\": 0,\n    \"34\": 0,\n    \"35\": 0,\n    \"36\": 0.01978,\n    \"37\": 0,\n    \"38\": 0,\n    \"39\": 0,\n    \"40\": 0.00495,\n    \"41\": 0,\n    \"42\": 0,\n    \"43\": 0,\n    \"44\": 0,\n    \"45\": 0,\n    \"46\": 0.01484,\n    \"47\": 0,\n    \"48\": 0,\n    \"49\": 0,\n    \"50\": 0,\n    \"51\": 0,\n    \"52\": 0,\n    \"53\": 0,\n    \"54\": 0,\n    \"55\": 0,\n    \"56\": 0,\n    \"57\": 0,\n    \"58\": 0,\n    \"60\": 0,\n    \"62\": 0,\n    \"63\": 0,\n    \"64\": 0,\n    \"65\": 0,\n    \"66\": 0,\n    \"67\": 0,\n    \"68\": 0,\n    \"69\": 0,\n    \"70\": 0,\n    \"71\": 0.00495,\n    \"72\": 0.06429,\n    \"9.5-9.6\": 0,\n    \"10.0-10.1\": 0,\n    \"10.5\": 0,\n    \"10.6\": 0,\n    \"11.1\": 0,\n    \"11.5\": 0,\n    \"11.6\": 0,\n    \"12.1\": 0\n  },\n  E: {\n    \"4\": 0,\n    \"5\": 0,\n    \"6\": 0,\n    \"7\": 0,\n    \"8\": 0.01484,\n    \"9\": 0,\n    \"10\": 0.00495,\n    \"11\": 0.00989,\n    \"12\": 0.01978,\n    \"13\": 0.18791,\n    \"14\": 2.51701,\n    _: \"0\",\n    \"3.1\": 0,\n    \"3.2\": 0,\n    \"5.1\": 0,\n    \"6.1\": 0,\n    \"7.1\": 0,\n    \"9.1\": 0.00495,\n    \"10.1\": 0.02967,\n    \"11.1\": 0.04945,\n    \"12.1\": 0.08901,\n    \"13.1\": 0.82087\n  },\n  G: {\n    \"8\": 0,\n    \"3.2\": 0,\n    \"4.0-4.1\": 0,\n    \"4.2-4.3\": 0.00976,\n    \"5.0-5.1\": 0.03578,\n    \"6.0-6.1\": 0.02602,\n    \"7.0-7.1\": 0.07155,\n    \"8.1-8.4\": 0.07155,\n    \"9.0-9.2\": 0.07481,\n    \"9.3\": 0.50414,\n    \"10.0-10.2\": 0.07806,\n    \"10.3\": 0.32525,\n    \"11.0-11.2\": 0.22767,\n    \"11.3-11.4\": 0.27321,\n    \"12.0-12.1\": 0.31224,\n    \"12.2-12.4\": 2.13364,\n    \"13.0-13.1\": 0.322,\n    \"13.2\": 0.11058,\n    \"13.3\": 0.86191,\n    \"13.4-13.7\": 4.56976,\n    \"14.0-14.3\": 22.47149\n  },\n  B: {\n    \"12\": 0.00495,\n    \"13\": 0,\n    \"14\": 0.00495,\n    \"15\": 0,\n    \"16\": 0.00495,\n    \"17\": 0.00989,\n    \"18\": 0.06429,\n    \"79\": 0,\n    \"80\": 0,\n    \"81\": 0,\n    \"83\": 0,\n    \"84\": 0.00495,\n    \"85\": 0.00495,\n    \"86\": 0.02473,\n    \"87\": 1.47361\n  },\n  I: {\n    \"3\": 0,\n    \"4\": 0,\n    \"81\": 0,\n    \"2.1\": 0,\n    \"2.2\": 0,\n    \"2.3\": 0,\n    \"4.1\": 0.01406,\n    \"4.2-4.3\": 0.03214,\n    \"4.4\": 0,\n    \"4.4.3-4.4.4\": 0.17875\n  },\n  P: {\n    \"4\": 0.7713,\n    \"5.0-5.4\": 0.01071,\n    \"6.2-6.4\": 0.02142,\n    \"7.2-7.4\": 0.05356,\n    \"8.2\": 0.02142,\n    \"9.2\": 0.12855,\n    \"10.1\": 0.06427,\n    \"11.1-11.2\": 0.14997,\n    \"12.0\": 0.5142,\n    \"13.0\": 5.63477\n  },\n  K: {\n    _: \"0 10 11 12 11.1 11.5 12.1\"\n  },\n  A: {\n    \"6\": 0,\n    \"7\": 0,\n    \"8\": 0.01738,\n    \"9\": 0.00869,\n    \"10\": 0,\n    \"11\": 0.58217,\n    \"5.5\": 0\n  },\n  N: {\n    \"10\": 0,\n    \"11\": 0\n  },\n  J: {\n    \"7\": 0,\n    \"10\": 0\n  },\n  O: {\n    \"0\": 0.49539\n  },\n  H: {\n    \"0\": 0.09571\n  },\n  L: {\n    \"0\": 32.16386\n  },\n  S: {\n    \"2.5\": 0\n  },\n  R: {\n    _: \"0\"\n  },\n  M: {\n    \"0\": 0.2022\n  },\n  Q: {\n    \"10.4\": 0.2477\n  }\n};","map":{"version":3,"sources":["/Users/bruceseymour/ra-video/client/node_modules/caniuse-lite/data/regions/HK.js"],"names":["module","exports","C","D","F","E","_","G","B","I","P","K","A","N","J","O","H","L","S","R","M","Q"],