{"ast":null,"code":"module.exports = {\n  C: {\n    \"2\": 0,\n    \"3\": 0.00193,\n    \"4\": 0,\n    \"5\": 0,\n    \"6\": 0,\n    \"7\": 0,\n    \"8\": 0,\n    \"9\": 0,\n    \"10\": 0,\n    \"11\": 0,\n    \"12\": 0,\n    \"13\": 0,\n    \"14\": 0,\n    \"15\": 0,\n    \"16\": 0,\n    \"17\": 0,\n    \"18\": 0,\n    \"19\": 0,\n    \"20\": 0,\n    \"21\": 0,\n    \"22\": 0,\n    \"23\": 0,\n    \"24\": 0,\n    \"25\": 0,\n    \"26\": 0,\n    \"27\": 0,\n    \"28\": 0,\n    \"29\": 0,\n    \"30\": 0.00193,\n    \"31\": 0,\n    \"32\": 0,\n    \"33\": 0,\n    \"34\": 0.00193,\n    \"35\": 0,\n    \"36\": 0,\n    \"37\": 0,\n    \"38\": 0,\n    \"39\": 0,\n    \"40\": 0,\n    \"41\": 0,\n    \"42\": 0,\n    \"43\": 0,\n    \"44\": 0,\n    \"45\": 0,\n    \"46\": 0,\n    \"47\": 0,\n    \"48\": 0,\n    \"49\": 0,\n    \"50\": 0,\n    \"51\": 0,\n    \"52\": 0.00387,\n    \"53\": 0,\n    \"54\": 0,\n    \"55\": 0,\n    \"56\": 0,\n    \"57\": 0.00193,\n    \"58\": 0,\n    \"59\": 0,\n    \"60\": 0,\n    \"61\": 0,\n    \"62\": 0,\n    \"63\": 0,\n    \"64\": 0,\n    \"65\": 0,\n    \"66\": 0,\n    \"67\": 0,\n    \"68\": 0.00387,\n    \"69\": 0,\n    \"70\": 0,\n    \"71\": 0,\n    \"72\": 0.00193,\n    \"73\": 0,\n    \"74\": 0,\n    \"75\": 0.00193,\n    \"76\": 0,\n    \"77\": 0,\n    \"78\": 0.01354,\n    \"79\": 0,\n    \"80\": 0.0058,\n    \"81\": 0.00193,\n    \"82\": 0.00967,\n    \"83\": 0.12378,\n    \"84\": 0.05222,\n    \"85\": 0,\n    \"86\": 0,\n    \"3.5\": 0,\n    \"3.6\": 0\n  },\n  D: {\n    \"4\": 0,\n    \"5\": 0,\n    \"6\": 0,\n    \"7\": 0,\n    \"8\": 0,\n    \"9\": 0,\n    \"10\": 0,\n    \"11\": 0,\n    \"12\": 0,\n    \"13\": 0,\n    \"14\": 0,\n    \"15\": 0,\n    \"16\": 0,\n    \"17\": 0,\n    \"18\": 0,\n    \"19\": 0,\n    \"20\": 0,\n    \"21\": 0,\n    \"22\": 0,\n    \"23\": 0,\n    \"24\": 0,\n    \"25\": 0,\n    \"26\": 0,\n    \"27\": 0,\n    \"28\": 0,\n    \"29\": 0,\n    \"30\": 0,\n    \"31\": 0,\n    \"32\": 0,\n    \"33\": 0,\n    \"34\": 0.00387,\n    \"35\": 0,\n    \"36\": 0,\n    \"37\": 0,\n    \"38\": 0.00193,\n    \"39\": 0,\n    \"40\": 0,\n    \"41\": 0,\n    \"42\": 0.00193,\n    \"43\": 0.00193,\n    \"44\": 0,\n    \"45\": 0,\n    \"46\": 0,\n    \"47\": 0,\n    \"48\": 0,\n    \"49\": 0.00387,\n    \"50\": 0.00193,\n    \"51\": 0,\n    \"52\": 0.00193,\n    \"53\": 0,\n    \"54\": 0,\n    \"55\": 0.00193,\n    \"56\": 0.00387,\n    \"57\": 0,\n    \"58\": 0.00193,\n    \"59\": 0,\n    \"60\": 0,\n    \"61\": 0,\n    \"62\": 0.00193,\n    \"63\": 0.0058,\n    \"64\": 0.00193,\n    \"65\": 0.00387,\n    \"66\": 0.00193,\n    \"67\": 0,\n    \"68\": 0.00193,\n    \"69\": 0.00387,\n    \"70\": 0.0058,\n    \"71\": 0.00193,\n    \"72\": 0.01934,\n    \"73\": 0.00193,\n    \"74\": 0.0058,\n    \"75\": 0.00774,\n    \"76\": 0.01741,\n    \"77\": 0.00193,\n    \"78\": 0.00387,\n    \"79\": 0.01354,\n    \"80\": 0.02901,\n    \"81\": 0.01547,\n    \"83\": 0.00774,\n    \"84\": 0.01354,\n    \"85\": 0.02321,\n    \"86\": 0.29784,\n    \"87\": 1.33833,\n    \"88\": 0.00387,\n    \"89\": 0,\n    \"90\": 0\n  },\n  F: {\n    \"9\": 0,\n    \"11\": 0,\n    \"12\": 0,\n    \"15\": 0,\n    \"16\": 0,\n    \"17\": 0.00193,\n    \"18\": 0,\n    \"19\": 0,\n    \"20\": 0.00193,\n    \"21\": 0,\n    \"22\": 0,\n    \"23\": 0,\n    \"24\": 0,\n    \"25\": 0,\n    \"26\": 0,\n    \"27\": 0,\n    \"28\": 0,\n    \"29\": 0,\n    \"30\": 0,\n    \"31\": 0,\n    \"32\": 0,\n    \"33\": 0,\n    \"34\": 0,\n    \"35\": 0,\n    \"36\": 0,\n    \"37\": 0,\n    \"38\": 0,\n    \"39\": 0,\n    \"40\": 0,\n    \"41\": 0,\n    \"42\": 0,\n    \"43\": 0,\n    \"44\": 0,\n    \"45\": 0,\n    \"46\": 0,\n    \"47\": 0,\n    \"48\": 0,\n    \"49\": 0,\n    \"50\": 0,\n    \"51\": 0.00193,\n    \"52\": 0,\n    \"53\": 0.00193,\n    \"54\": 0,\n    \"55\": 0,\n    \"56\": 0,\n    \"57\": 0,\n    \"58\": 0,\n    \"60\": 0.00193,\n    \"62\": 0,\n    \"63\": 0,\n    \"64\": 0,\n    \"65\": 0,\n    \"66\": 0,\n    \"67\": 0,\n    \"68\": 0,\n    \"69\": 0,\n    \"70\": 0,\n    \"71\": 0.00193,\n    \"72\": 0.14505,\n    \"9.5-9.6\": 0,\n    \"10.0-10.1\": 0,\n    \"10.5\": 0,\n    \"10.6\": 0,\n    \"11.1\": 0,\n    \"11.5\": 0,\n    \"11.6\": 0,\n    \"12.1\": 0.00387\n  },\n  E: {\n    \"4\": 0,\n    \"5\": 0,\n    \"6\": 0,\n    \"7\": 0,\n    \"8\": 0,\n    \"9\": 0,\n    \"10\": 0,\n    \"11\": 0.00193,\n    \"12\": 0.00193,\n    \"13\": 0.00967,\n    \"14\": 0.1083,\n    _: \"0\",\n    \"3.1\": 0,\n    \"3.2\": 0,\n    \"5.1\": 0.03868,\n    \"6.1\": 0,\n    \"7.1\": 0,\n    \"9.1\": 0,\n    \"10.1\": 0.11411,\n    \"11.1\": 0.00967,\n    \"12.1\": 0.01741,\n    \"13.1\": 0.02901\n  },\n  G: {\n    \"8\": 0,\n    \"3.2\": 0.00194,\n    \"4.0-4.1\": 0,\n    \"4.2-4.3\": 0,\n    \"5.0-5.1\": 0.00485,\n    \"6.0-6.1\": 0.00583,\n    \"7.0-7.1\": 0.0864,\n    \"8.1-8.4\": 0.00485,\n    \"9.0-9.2\": 0.35533,\n    \"9.3\": 0.17087,\n    \"10.0-10.2\": 0.04175,\n    \"10.3\": 0.38542,\n    \"11.0-11.2\": 0.12815,\n    \"11.3-11.4\": 0.24853,\n    \"12.0-12.1\": 0.22329,\n    \"12.2-12.4\": 1.54751,\n    \"13.0-13.1\": 0.28834,\n    \"13.2\": 0.0699,\n    \"13.3\": 0.55629,\n    \"13.4-13.7\": 1.64556,\n    \"14.0-14.3\": 3.91052\n  },\n  B: {\n    \"12\": 0.0116,\n    \"13\": 0.00967,\n    \"14\": 0.0116,\n    \"15\": 0.00387,\n    \"16\": 0.00774,\n    \"17\": 0.01354,\n    \"18\": 0.02514,\n    \"79\": 0,\n    \"80\": 0.00193,\n    \"81\": 0,\n    \"83\": 0.00387,\n    \"84\": 0.0058,\n    \"85\": 0.00387,\n    \"86\": 0.01741,\n    \"87\": 0.4777\n  },\n  I: {\n    \"3\": 0,\n    \"4\": 0.00292,\n    \"81\": 0,\n    \"2.1\": 0,\n    \"2.2\": 0,\n    \"2.3\": 0,\n    \"4.1\": 0.00511,\n    \"4.2-4.3\": 0.01533,\n    \"4.4\": 0,\n    \"4.4.3-4.4.4\": 0.22915\n  },\n  P: {\n    \"4\": 0.62123,\n    \"5.0-5.4\": 0.17313,\n    \"6.2-6.4\": 0.10184,\n    \"7.2-7.4\": 0.34626,\n    \"8.2\": 0.09166,\n    \"9.2\": 0.26479,\n    \"10.1\": 0.10184,\n    \"11.1-11.2\": 0.27497,\n    \"12.0\": 0.68234,\n    \"13.0\": 1.18136\n  },\n  K: {\n    _: \"0 10 11 12 11.1 11.5 12.1\"\n  },\n  A: {\n    \"6\": 0,\n    \"7\": 0,\n    \"8\": 0.00387,\n    \"9\": 0,\n    \"10\": 0,\n    \"11\": 0.05995,\n    \"5.5\": 0\n  },\n  N: {\n    \"10\": 0,\n    \"11\": 0\n  },\n  J: {\n    \"7\": 0,\n    \"10\": 0.06453\n  },\n  O: {\n    \"0\": 0.39523\n  },\n  H: {\n    \"0\": 1.55018\n  },\n  L: {\n    \"0\": 79.379\n  },\n  S: {\n    \"2.5\": 0\n  },\n  R: {\n    _: \"0\"\n  },\n  M: {\n    \"0\": 0.15325\n  },\n  Q: {\n    \"10.4\": 0\n  }\n};","map":{"version":3,"sources":["/Users/bruceseymour/ra-video/client/node_modules/caniuse-lite/data/regions/HT.js"],"names":["module","exports","C","D","F","E","_","G","B","I","P","K","A","N","J","O","H","L","S","R","M","Q"],