{"ast":null,"code":"module.exports = {\n  C: {\n    \"3\": 0.03934,\n    \"15\": 0.03147,\n    \"18\": 0.00393,\n    \"29\": 0.00393,\n    \"30\": 0.00393,\n    \"35\": 0.00787,\n    \"37\": 0.00787,\n    \"41\": 0.00787,\n    \"42\": 0.00393,\n    \"43\": 0.07081,\n    \"45\": 0.00787,\n    \"48\": 0.00787,\n    \"49\": 0.06294,\n    \"52\": 0.03934,\n    \"56\": 0.00787,\n    \"60\": 0.0118,\n    \"61\": 0.00393,\n    \"68\": 0.0118,\n    \"70\": 0.0118,\n    \"72\": 0.04327,\n    \"73\": 0.00393,\n    \"74\": 0.00787,\n    \"76\": 0.05901,\n    \"77\": 0.13769,\n    \"78\": 0.15736,\n    \"80\": 0.18883,\n    \"81\": 0.11409,\n    \"82\": 0.03934,\n    \"83\": 2.17944,\n    \"84\": 1.23528,\n    \"85\": 0.03147,\n    _: \"2 4 5 6 7 8 9 10 11 12 13 14 16 17 19 20 21 22 23 24 25 26 27 28 31 32 33 34 36 38 39 40 44 46 47 50 51 53 54 55 57 58 59 62 63 64 65 66 67 69 71 75 79 86 3.5 3.6\"\n  },\n  D: {\n    \"22\": 0.09835,\n    \"28\": 0.00787,\n    \"34\": 0.00787,\n    \"43\": 0.00787,\n    \"47\": 0.00393,\n    \"49\": 0.06688,\n    \"50\": 0.01574,\n    \"56\": 0.07475,\n    \"63\": 0.03541,\n    \"64\": 0.0118,\n    \"65\": 0.0118,\n    \"67\": 0.00787,\n    \"69\": 0.00787,\n    \"71\": 0.00787,\n    \"72\": 0.00787,\n    \"73\": 0.03147,\n    \"74\": 0.00787,\n    \"76\": 0.00787,\n    \"77\": 0.07868,\n    \"79\": 0.05901,\n    \"80\": 0.16523,\n    \"81\": 0.07081,\n    \"83\": 0.49962,\n    \"84\": 0.10228,\n    \"85\": 0.1731,\n    \"86\": 2.38794,\n    \"87\": 15.09869,\n    \"88\": 0.0118,\n    _: \"4 5 6 7 8 9 10 11 12 13 14 15 16 17 18 19 20 21 23 24 25 26 27 29 30 31 32 33 35 36 37 38 39 40 41 42 44 45 46 48 51 52 53 54 55 57 58 59 60 61 62 66 68 70 75 78 89 90\"\n  },\n  F: {\n    \"36\": 0.01574,\n    \"53\": 0.08655,\n    \"56\": 0.00787,\n    \"64\": 0.0118,\n    \"68\": 0.0118,\n    \"71\": 0.0118,\n    \"72\": 2.06142,\n    _: \"9 11 12 15 16 17 18 19 20 21 22 23 24 25 26 27 28 29 30 31 32 33 34 35 37 38 39 40 41 42 43 44 45 46 47 48 49 50 51 52 54 55 57 58 60 62 63 65 66 67 69 70 9.5-9.6 10.5 10.6 11.1 11.5 11.6 12.1\",\n    \"10.0-10.1\": 0\n  },\n  E: {\n    \"4\": 0,\n    \"13\": 0.00787,\n    \"14\": 0.33439,\n    _: \"0 5 6 7 8 9 10 11 12 3.1 3.2 5.1 6.1 9.1\",\n    \"7.1\": 0.07081,\n    \"10.1\": 0.02754,\n    \"11.1\": 0.00787,\n    \"12.1\": 0.01967,\n    \"13.1\": 0.62157\n  },\n  G: {\n    \"8\": 0.0011,\n    \"3.2\": 0,\n    \"4.0-4.1\": 0,\n    \"4.2-4.3\": 0,\n    \"5.0-5.1\": 0.00878,\n    \"6.0-6.1\": 0.00275,\n    \"7.0-7.1\": 0.06753,\n    \"8.1-8.4\": 0.00165,\n    \"9.0-9.2\": 0.00933,\n    \"9.3\": 0.05216,\n    \"10.0-10.2\": 0.03843,\n    \"10.3\": 0.43812,\n    \"11.0-11.2\": 0.21851,\n    \"11.3-11.4\": 0.06478,\n    \"12.0-12.1\": 0.03239,\n    \"12.2-12.4\": 0.98385,\n    \"13.0-13.1\": 0.07576,\n    \"13.2\": 0.05984,\n    \"13.3\": 0.28165,\n    \"13.4-13.7\": 0.392,\n    \"14.0-14.3\": 2.69954\n  },\n  B: {\n    \"12\": 0.04327,\n    \"13\": 0.00787,\n    \"14\": 0.05508,\n    \"15\": 0.0236,\n    \"16\": 0.0236,\n    \"17\": 0.03541,\n    \"18\": 0.27931,\n    \"84\": 0.0118,\n    \"85\": 0.05901,\n    \"86\": 0.09835,\n    \"87\": 4.16611,\n    _: \"79 80 81 83\"\n  },\n  I: {\n    \"3\": 0,\n    \"4\": 0.00751,\n    \"81\": 0,\n    \"2.1\": 0,\n    \"2.2\": 0,\n    \"2.3\": 0,\n    \"4.1\": 0.08541,\n    \"4.2-4.3\": 0.18677,\n    \"4.4\": 0,\n    \"4.4.3-4.4.4\": 0.67858\n  },\n  P: {\n    \"4\": 0.51442,\n    \"5.0-5.4\": 0.03026,\n    \"6.2-6.4\": 0.07038,\n    \"7.2-7.4\": 0.07061,\n    \"8.2\": 0.05043,\n    \"9.2\": 0.04035,\n    \"10.1\": 0.05043,\n    \"11.1-11.2\": 0.12104,\n    \"12.0\": 0.29251,\n    \"13.0\": 0.71616\n  },\n  K: {\n    _: \"0 10 11 12 11.1 11.5 12.1\"\n  },\n  A: {\n    \"8\": 0.08921,\n    \"10\": 0.00686,\n    \"11\": 1.11167,\n    _: \"6 7 9 5.5\"\n  },\n  N: {\n    \"10\": 0,\n    \"11\": 0\n  },\n  J: {\n    \"7\": 0,\n    \"10\": 0.15163\n  },\n  O: {\n    \"0\": 1.55871\n  },\n  H: {\n    \"0\": 2.86523\n  },\n  L: {\n    \"0\": 51.8801\n  },\n  S: {\n    \"2.5\": 0.53979\n  },\n  R: {\n    _: \"0\"\n  },\n  M: {\n    \"0\": 0.23654\n  },\n  Q: {\n    \"10.4\": 0.03639\n  }\n};","map":{"version":3,"sources":["/Users/bruceseymour/ra-video/client/node_modules/caniuse-lite/data/regions/CG.js"],"names":["module","exports","C","_","D","F","E","G","B","I","P","K","A","N","J","O","H","L","S","R","M","Q"],"mappings":"AAAAA,MAAM,CAACC,OAAP,GAAe;AAACC,EAAAA,CAAC,EAAC;AAAC,SAAI,OAAL;AAAa,UAAK,OAAlB;AAA0B,UAAK,OAA/B;AAAuC,UAAK,OAA5C;AAAoD,UAAK,OAAzD;AAAiE,UAAK,OAAtE;AAA8E,UAAK,OAAnF;AAA2F,UAAK,OAAhG;AAAwG,UAAK,OAA7G;AAAqH,UAAK,OAA1H;AAAkI,UAAK,OAAvI;AAA+I,UAAK,OAApJ;AAA4J,UAAK,OAAjK;AAAyK,UAAK,OAA9K;AAAsL,UAAK,OAA3L;AAAmM,UAAK,MAAxM;AAA+M,UAAK,OAApN;AAA4N,UAAK,MAAjO;AAAwO,UAAK,MAA7O;AAAoP,UAAK,OAAzP;AAAiQ,UAAK,OAAtQ;AAA8Q,UAAK,OAAnR;AAA2R,UAAK,OAAhS;AAAwS,UAAK,OAA7S;AAAqT,UAAK,OAA1T;AAAkU,UAAK,OAAvU;AAA+U,UAAK,OAApV;AAA4V,UAAK,OAAjW;AAAyW,UAAK,OAA9W;AAAsX,UAAK,OAA3X;AAAmY,UAAK,OAAxY;AAAgZC,IAAAA,CAAC,EAAC;AAAlZ,GAAH;AAA2jBC,EAAAA,CAAC,EAAC;AAAC,UAAK,OAAN;AAAc,UAAK,OAAnB;AAA2B,UAAK,OAAhC;AAAwC,UAAK,OAA7C;AAAqD,UAAK,OAA1D;AAAkE,UAAK,OAAvE;AAA+E,UAAK,OAApF;AAA4F,UAAK,OAAjG;AAAyG,UAAK,OAA9G;AAAsH,UAAK,MAA3H;AAAkI,UAAK,MAAvI;AAA8I,UAAK,OAAnJ;AAA2J,UAAK,OAAhK;AAAwK,UAAK,OAA7K;AAAqL,UAAK,OAA1L;AAAkM,UAAK,OAAvM;AAA+M,UAAK,OAApN;AAA4N,UAAK,OAAjO;AAAyO,UAAK,OAA9O;AAAsP,UAAK,OAA3P;AAAmQ,UAAK,OAAxQ;AAAgR,UAAK,OAArR;AAA6R,UAAK,OAAlS;AAA0S,UAAK,OAA/S;AAAuT,UAAK,MAA5T;AAAmU,UAAK,OAAxU;AAAgV,UAAK,QAArV;AAA8V,UAAK,MAAnW;AAA0WD,IAAAA,CAAC,EAAC;AAA5W,GAA7jB;AAAolCE,EAAAA,CAAC,EAAC;AAAC,UAAK,OAAN;AAAc,UAAK,OAAnB;AAA2B,UAAK,OAAhC;AAAwC,UAAK,MAA7C;AAAoD,UAAK,MAAzD;AAAgE,UAAK,MAArE;AAA4E,UAAK,OAAjF;AAAyFF,IAAAA,CAAC,EAAC,kMAA3F;AAA8R,iBAAY;AAA1S,GAAtlC;AAAm4CG,EAAAA,CAAC,EAAC;AAAC,SAAI,CAAL;AAAO,UAAK,OAAZ;AAAoB,UAAK,OAAzB;AAAiCH,IAAAA,CAAC,EAAC,0CAAnC;AAA8E,WAAM,OAApF;AAA4F,YAAO,OAAnG;AAA2G,YAAO,OAAlH;AAA0H,YAAO,OAAjI;AAAyI,YAAO;AAAhJ,GAAr4C;AAA8hDI,EAAAA,CAAC,EAAC;AAAC,SAAI,MAAL;AAAY,WAAM,CAAlB;AAAoB,eAAU,CAA9B;AAAgC,eAAU,CAA1C;AAA4C,eAAU,OAAtD;AAA8D,eAAU,OAAxE;AAAgF,eAAU,OAA1F;AAAkG,eAAU,OAA5G;AAAoH,eAAU,OAA9H;AAAsI,WAAM,OAA5I;AAAoJ,iBAAY,OAAhK;AAAwK,YAAO,OAA/K;AAAuL,iBAAY,OAAnM;AAA2M,iBAAY,OAAvN;AAA+N,iBAAY,OAA3O;AAAmP,iBAAY,OAA/P;AAAuQ,iBAAY,OAAnR;AAA2R,YAAO,OAAlS;AAA0S,YAAO,OAAjT;AAAyT,iBAAY,KAArU;AAA2U,iBAAY;AAAvV,GAAhiD;AAAg4DC,EAAAA,CAAC,EAAC;AAAC,UAAK,OAAN;AAAc,UAAK,OAAnB;AAA2B,UAAK,OAAhC;AAAwC,UAAK,MAA7C;AAAoD,UAAK,MAAzD;AAAgE,UAAK,OAArE;AAA6E,UAAK,OAAlF;AAA0F,UAAK,MAA/F;AAAsG,UAAK,OAA3G;AAAmH,UAAK,OAAxH;AAAgI,UAAK,OAArI;AAA6IL,IAAAA,CAAC,EAAC;AAA/I,GAAl4D;AAAgiEM,EAAAA,CAAC,EAAC;AAAC,SAAI,CAAL;AAAO,SAAI,OAAX;AAAmB,UAAK,CAAxB;AAA0B,WAAM,CAAhC;AAAkC,WAAM,CAAxC;AAA0C,WAAM,CAAhD;AAAkD,WAAM,OAAxD;AAAgE,eAAU,OAA1E;AAAkF,WAAM,CAAxF;AAA0F,mBAAc;AAAxG,GAAliE;AAAmpEC,EAAAA,CAAC,EAAC;AAAC,SAAI,OAAL;AAAa,eAAU,OAAvB;AAA+B,eAAU,OAAzC;AAAiD,eAAU,OAA3D;AAAmE,WAAM,OAAzE;AAAiF,WAAM,OAAvF;AAA+F,YAAO,OAAtG;AAA8G,iBAAY,OAA1H;AAAkI,YAAO,OAAzI;AAAiJ,YAAO;AAAxJ,GAArpE;AAAszEC,EAAAA,CAAC,EAAC;AAACR,IAAAA,CAAC,EAAC;AAAH,GAAxzE;AAAw1ES,EAAAA,CAAC,EAAC;AAAC,SAAI,OAAL;AAAa,UAAK,OAAlB;AAA0B,UAAK,OAA/B;AAAuCT,IAAAA,CAAC,EAAC;AAAzC,GAA11E;AAAg5EU,EAAAA,CAAC,EAAC;AAAC,UAAK,CAAN;AAAQ,UAAK;AAAb,GAAl5E;AAAk6EC,EAAAA,CAAC,EAAC;AAAC,SAAI,CAAL;AAAO,UAAK;AAAZ,GAAp6E;AAAy7EC,EAAAA,CAAC,EAAC;AAAC,SAAI;AAAL,GAA37E;AAAy8EC,EAAAA,CAAC,EAAC;AAAC,SAAI;AAAL,GAA38E;AAAy9EC,EAAAA,CAAC,EAAC;AAAC,SAAI;AAAL,GAA39E;AAAy+EC,EAAAA,CAAC,EAAC;AAAC,WAAM;AAAP,GAA3+E;AAA2/EC,EAAAA,CAAC,EAAC;AAAChB,IAAAA,CAAC,EAAC;AAAH,GAA7/E;AAAqgFiB,EAAAA,CAAC,EAAC;AAAC,SAAI;AAAL,GAAvgF;AAAqhFC,EAAAA,CAAC,EAAC;AAAC,YAAO;AAAR;AAAvhF,CAAf",