{"ast":null,"code":"module.exports = {\n  C: {\n    \"2\": 0,\n    \"3\": 0,\n    \"4\": 0,\n    \"5\": 0,\n    \"6\": 0,\n    \"7\": 0,\n    \"8\": 0,\n    \"9\": 0,\n    \"10\": 0,\n    \"11\": 0,\n    \"12\": 0,\n    \"13\": 0,\n    \"14\": 0,\n    \"15\": 0,\n    \"16\": 0,\n    \"17\": 0,\n    \"18\": 0,\n    \"19\": 0,\n    \"20\": 0,\n    \"21\": 0,\n    \"22\": 0,\n    \"23\": 0,\n    \"24\": 0,\n    \"25\": 0,\n    \"26\": 0,\n    \"27\": 0,\n    \"28\": 0,\n    \"29\": 0,\n    \"30\": 0.00475,\n    \"31\": 0,\n    \"32\": 0,\n    \"33\": 0,\n    \"34\": 0,\n    \"35\": 0,\n    \"36\": 0,\n    \"37\": 0,\n    \"38\": 0,\n    \"39\": 0,\n    \"40\": 0,\n    \"41\": 0,\n    \"42\": 0,\n    \"43\": 0,\n    \"44\": 0,\n    \"45\": 0.00475,\n    \"46\": 0,\n    \"47\": 0,\n    \"48\": 0.00475,\n    \"49\": 0,\n    \"50\": 0,\n    \"51\": 0,\n    \"52\": 0.05222,\n    \"53\": 0.00475,\n    \"54\": 0,\n    \"55\": 0,\n    \"56\": 0.00949,\n    \"57\": 0,\n    \"58\": 0.00475,\n    \"59\": 0,\n    \"60\": 0.00949,\n    \"61\": 0,\n    \"62\": 0,\n    \"63\": 0.00475,\n    \"64\": 0.00475,\n    \"65\": 0.00475,\n    \"66\": 0.00949,\n    \"67\": 0.00475,\n    \"68\": 0.02374,\n    \"69\": 0.00949,\n    \"70\": 0.00475,\n    \"71\": 0,\n    \"72\": 0.00475,\n    \"73\": 0,\n    \"74\": 0,\n    \"75\": 0.00475,\n    \"76\": 0.00475,\n    \"77\": 0.00475,\n    \"78\": 0.08545,\n    \"79\": 0.00949,\n    \"80\": 0.01424,\n    \"81\": 0.01899,\n    \"82\": 0.04747,\n    \"83\": 1.12504,\n    \"84\": 0.65983,\n    \"85\": 0.00475,\n    \"86\": 0,\n    \"3.5\": 0,\n    \"3.6\": 0\n  },\n  D: {\n    \"4\": 0,\n    \"5\": 0,\n    \"6\": 0,\n    \"7\": 0,\n    \"8\": 0,\n    \"9\": 0,\n    \"10\": 0,\n    \"11\": 0,\n    \"12\": 0,\n    \"13\": 0,\n    \"14\": 0,\n    \"15\": 0,\n    \"16\": 0,\n    \"17\": 0,\n    \"18\": 0,\n    \"19\": 0,\n    \"20\": 0,\n    \"21\": 0,\n    \"22\": 0,\n    \"23\": 0,\n    \"24\": 0,\n    \"25\": 0,\n    \"26\": 0,\n    \"27\": 0,\n    \"28\": 0,\n    \"29\": 0,\n    \"30\": 0,\n    \"31\": 0,\n    \"32\": 0,\n    \"33\": 0,\n    \"34\": 0.00475,\n    \"35\": 0,\n    \"36\": 0,\n    \"37\": 0,\n    \"38\": 0.01424,\n    \"39\": 0,\n    \"40\": 0,\n    \"41\": 0,\n    \"42\": 0,\n    \"43\": 0,\n    \"44\": 0,\n    \"45\": 0,\n    \"46\": 0,\n    \"47\": 0,\n    \"48\": 0,\n    \"49\": 0.1519,\n    \"50\": 0,\n    \"51\": 0.00475,\n    \"52\": 0,\n    \"53\": 0.02374,\n    \"54\": 0.00949,\n    \"55\": 0,\n    \"56\": 0.00475,\n    \"57\": 0.00475,\n    \"58\": 0.00475,\n    \"59\": 0,\n    \"60\": 0.00475,\n    \"61\": 0.01899,\n    \"62\": 0.00475,\n    \"63\": 0.00475,\n    \"64\": 0.00475,\n    \"65\": 0.01424,\n    \"66\": 0.00475,\n    \"67\": 0.00949,\n    \"68\": 0.00949,\n    \"69\": 0.00949,\n    \"70\": 0.01899,\n    \"71\": 0.02848,\n    \"72\": 0.01424,\n    \"73\": 0.01424,\n    \"74\": 0.00949,\n    \"75\": 0.02374,\n    \"76\": 0.01424,\n    \"77\": 0.00949,\n    \"78\": 0.01899,\n    \"79\": 0.02374,\n    \"80\": 0.03798,\n    \"81\": 0.04272,\n    \"83\": 0.05222,\n    \"84\": 0.05696,\n    \"85\": 0.12342,\n    \"86\": 2.49692,\n    \"87\": 11.87699,\n    \"88\": 0.00949,\n    \"89\": 0.00475,\n    \"90\": 0\n  },\n  F: {\n    \"9\": 0,\n    \"11\": 0,\n    \"12\": 0,\n    \"15\": 0,\n    \"16\": 0,\n    \"17\": 0,\n    \"18\": 0,\n    \"19\": 0,\n    \"20\": 0,\n    \"21\": 0,\n    \"22\": 0,\n    \"23\": 0,\n    \"24\": 0,\n    \"25\": 0,\n    \"26\": 0,\n    \"27\": 0,\n    \"28\": 0,\n    \"29\": 0,\n    \"30\": 0,\n    \"31\": 0,\n    \"32\": 0,\n    \"33\": 0,\n    \"34\": 0,\n    \"35\": 0,\n    \"36\": 0.00475,\n    \"37\": 0,\n    \"38\": 0,\n    \"39\": 0,\n    \"40\": 0,\n    \"41\": 0,\n    \"42\": 0,\n    \"43\": 0,\n    \"44\": 0,\n    \"45\": 0,\n    \"46\": 0,\n    \"47\": 0,\n    \"48\": 0,\n    \"49\": 0,\n    \"50\": 0,\n    \"51\": 0,\n    \"52\": 0,\n    \"53\": 0,\n    \"54\": 0,\n    \"55\": 0,\n    \"56\": 0,\n    \"57\": 0,\n    \"58\": 0,\n    \"60\": 0,\n    \"62\": 0,\n    \"63\": 0,\n    \"64\": 0,\n    \"65\": 0,\n    \"66\": 0,\n    \"67\": 0,\n    \"68\": 0,\n    \"69\": 0,\n    \"70\": 0,\n    \"71\": 0.09019,\n    \"72\": 0.29906,\n    \"9.5-9.6\": 0,\n    \"10.0-10.1\": 0,\n    \"10.5\": 0,\n    \"10.6\": 0,\n    \"11.1\": 0,\n    \"11.5\": 0,\n    \"11.6\": 0,\n    \"12.1\": 0\n  },\n  E: {\n    \"4\": 0,\n    \"5\": 0,\n    \"6\": 0,\n    \"7\": 0,\n    \"8\": 0,\n    \"9\": 0,\n    \"10\": 0,\n    \"11\": 0.00475,\n    \"12\": 0.00949,\n    \"13\": 0.07121,\n    \"14\": 1.182,\n    _: \"0\",\n    \"3.1\": 0,\n    \"3.2\": 0,\n    \"5.1\": 0.03323,\n    \"6.1\": 0,\n    \"7.1\": 0,\n    \"9.1\": 0.00475,\n    \"10.1\": 0.01424,\n    \"11.1\": 0.03798,\n    \"12.1\": 0.06171,\n    \"13.1\": 0.38925\n  },\n  G: {\n    \"8\": 0.00304,\n    \"3.2\": 0,\n    \"4.0-4.1\": 0,\n    \"4.2-4.3\": 0,\n    \"5.0-5.1\": 0.00607,\n    \"6.0-6.1\": 0.00607,\n    \"7.0-7.1\": 0.01366,\n    \"8.1-8.4\": 0.01974,\n    \"9.0-9.2\": 0.00911,\n    \"9.3\": 0.23987,\n    \"10.0-10.2\": 0.04706,\n    \"10.3\": 0.2596,\n    \"11.0-11.2\": 0.06983,\n    \"11.3-11.4\": 0.09261,\n    \"12.0-12.1\": 0.09109,\n    \"12.2-12.4\": 1.1204,\n    \"13.0-13.1\": 0.11386,\n    \"13.2\": 0.04858,\n    \"13.3\": 0.34158,\n    \"13.4-13.7\": 1.63353,\n    \"14.0-14.3\": 11.03392\n  },\n  B: {\n    \"12\": 0,\n    \"13\": 0,\n    \"14\": 0.00475,\n    \"15\": 0.00475,\n    \"16\": 0.00475,\n    \"17\": 0.00949,\n    \"18\": 0.04747,\n    \"79\": 0,\n    \"80\": 0,\n    \"81\": 0,\n    \"83\": 0,\n    \"84\": 0.00475,\n    \"85\": 0.00475,\n    \"86\": 0.03323,\n    \"87\": 1.37188\n  },\n  I: {\n    \"3\": 0,\n    \"4\": 0,\n    \"81\": 0,\n    \"2.1\": 0,\n    \"2.2\": 0,\n    \"2.3\": 0,\n    \"4.1\": 0.01952,\n    \"4.2-4.3\": 0.02343,\n    \"4.4\": 0,\n    \"4.4.3-4.4.4\": 0.16401\n  },\n  P: {\n    \"4\": 0.16486,\n    \"5.0-5.4\": 0.0103,\n    \"6.2-6.4\": 0,\n    \"7.2-7.4\": 0.02061,\n    \"8.2\": 0.0103,\n    \"9.2\": 0.04122,\n    \"10.1\": 0.03091,\n    \"11.1-11.2\": 0.11334,\n    \"12.0\": 0.29881,\n    \"13.0\": 2.52447\n  },\n  K: {\n    _: \"0 10 11 12 11.1 11.5 12.1\"\n  },\n  A: {\n    \"6\": 0,\n    \"7\": 0,\n    \"8\": 0.00504,\n    \"9\": 0.01008,\n    \"10\": 0,\n    \"11\": 0.39312,\n    \"5.5\": 0\n  },\n  N: {\n    \"10\": 0,\n    \"11\": 0\n  },\n  J: {\n    \"7\": 0,\n    \"10\": 0\n  },\n  O: {\n    \"0\": 0.05778\n  },\n  H: {\n    \"0\": 0.29839\n  },\n  L: {\n    \"0\": 57.11418\n  },\n  S: {\n    \"2.5\": 0\n  },\n  R: {\n    _: \"0\"\n  },\n  M: {\n    \"0\": 0.31518\n  },\n  Q: {\n    \"10.4\": 0.01051\n  }\n};","map":{"version":3,"sources":["/Users/bruceseymour/ra-video/client/node_modules/caniuse-lite/data/regions/ES.js"],"names":["module","exports","C","D","F","E","_","G","B","I","P","K","A","N","J","O","H","L","S","R","M","Q"],