{"ast":null,"code":"module.exports = {\n  C: {\n    \"2\": 0,\n    \"3\": 0,\n    \"4\": 0,\n    \"5\": 0,\n    \"6\": 0,\n    \"7\": 0,\n    \"8\": 0.01286,\n    \"9\": 0,\n    \"10\": 0,\n    \"11\": 0,\n    \"12\": 0,\n    \"13\": 0,\n    \"14\": 0,\n    \"15\": 0,\n    \"16\": 0,\n    \"17\": 0,\n    \"18\": 0,\n    \"19\": 0,\n    \"20\": 0,\n    \"21\": 0,\n    \"22\": 0,\n    \"23\": 0,\n    \"24\": 0,\n    \"25\": 0,\n    \"26\": 0,\n    \"27\": 0.04501,\n    \"28\": 0.00643,\n    \"29\": 0.01286,\n    \"30\": 0.00643,\n    \"31\": 0.00643,\n    \"32\": 0,\n    \"33\": 0,\n    \"34\": 0,\n    \"35\": 0,\n    \"36\": 0,\n    \"37\": 0,\n    \"38\": 0.00643,\n    \"39\": 0.00643,\n    \"40\": 0.00643,\n    \"41\": 0,\n    \"42\": 0,\n    \"43\": 0.01286,\n    \"44\": 0,\n    \"45\": 0.01929,\n    \"46\": 0,\n    \"47\": 0.01286,\n    \"48\": 0.00643,\n    \"49\": 0.00643,\n    \"50\": 0.00643,\n    \"51\": 0.00643,\n    \"52\": 0.63014,\n    \"53\": 0.00643,\n    \"54\": 0,\n    \"55\": 0.00643,\n    \"56\": 0.01929,\n    \"57\": 0.00643,\n    \"58\": 0.00643,\n    \"59\": 0.00643,\n    \"60\": 0.03215,\n    \"61\": 0.00643,\n    \"62\": 0.01286,\n    \"63\": 0.01286,\n    \"64\": 0.01929,\n    \"65\": 0.04501,\n    \"66\": 0.03858,\n    \"67\": 0.01286,\n    \"68\": 0.08359,\n    \"69\": 0.01286,\n    \"70\": 0.01929,\n    \"71\": 0.01286,\n    \"72\": 0.05144,\n    \"73\": 0.00643,\n    \"74\": 0.00643,\n    \"75\": 0.00643,\n    \"76\": 0.00643,\n    \"77\": 0.01286,\n    \"78\": 0.12217,\n    \"79\": 0.01929,\n    \"80\": 0.03858,\n    \"81\": 0.05144,\n    \"82\": 0.10931,\n    \"83\": 1.65251,\n    \"84\": 1.0288,\n    \"85\": 0.01286,\n    \"86\": 0,\n    \"3.5\": 0,\n    \"3.6\": 0.00643\n  },\n  D: {\n    \"4\": 0,\n    \"5\": 0,\n    \"6\": 0,\n    \"7\": 0,\n    \"8\": 0,\n    \"9\": 0,\n    \"10\": 0,\n    \"11\": 0,\n    \"12\": 0,\n    \"13\": 0,\n    \"14\": 0,\n    \"15\": 0,\n    \"16\": 0,\n    \"17\": 0,\n    \"18\": 0,\n    \"19\": 0,\n    \"20\": 0,\n    \"21\": 0,\n    \"22\": 0.00643,\n    \"23\": 0,\n    \"24\": 0,\n    \"25\": 0.00643,\n    \"26\": 0.00643,\n    \"27\": 0,\n    \"28\": 0,\n    \"29\": 0,\n    \"30\": 0.00643,\n    \"31\": 0,\n    \"32\": 0,\n    \"33\": 0,\n    \"34\": 0,\n    \"35\": 0,\n    \"36\": 0,\n    \"37\": 0.01929,\n    \"38\": 0,\n    \"39\": 0,\n    \"40\": 0,\n    \"41\": 0,\n    \"42\": 0.01929,\n    \"43\": 0.00643,\n    \"44\": 0.00643,\n    \"45\": 0.00643,\n    \"46\": 0.00643,\n    \"47\": 0.01286,\n    \"48\": 0.00643,\n    \"49\": 0.643,\n    \"50\": 0.00643,\n    \"51\": 0.00643,\n    \"52\": 0.00643,\n    \"53\": 0.01929,\n    \"54\": 0,\n    \"55\": 0.00643,\n    \"56\": 0.01286,\n    \"57\": 0.00643,\n    \"58\": 0.02572,\n    \"59\": 0.00643,\n    \"60\": 0.00643,\n    \"61\": 0.00643,\n    \"62\": 0.00643,\n    \"63\": 0.04501,\n    \"64\": 0.01286,\n    \"65\": 0.01286,\n    \"66\": 0.01286,\n    \"67\": 0.04501,\n    \"68\": 0.02572,\n    \"69\": 0.03858,\n    \"70\": 0.0643,\n    \"71\": 0.08359,\n    \"72\": 0.0643,\n    \"73\": 0.03858,\n    \"74\": 0.03858,\n    \"75\": 0.05144,\n    \"76\": 0.05787,\n    \"77\": 0.04501,\n    \"78\": 0.03858,\n    \"79\": 0.08359,\n    \"80\": 0.3858,\n    \"81\": 0.11574,\n    \"83\": 0.16075,\n    \"84\": 0.29578,\n    \"85\": 0.41152,\n    \"86\": 4.4367,\n    \"87\": 21.09683,\n    \"88\": 0.02572,\n    \"89\": 0.01929,\n    \"90\": 0\n  },\n  F: {\n    \"9\": 0,\n    \"11\": 0,\n    \"12\": 0,\n    \"15\": 0,\n    \"16\": 0,\n    \"17\": 0,\n    \"18\": 0,\n    \"19\": 0,\n    \"20\": 0,\n    \"21\": 0,\n    \"22\": 0,\n    \"23\": 0,\n    \"24\": 0,\n    \"25\": 0,\n    \"26\": 0,\n    \"27\": 0,\n    \"28\": 0,\n    \"29\": 0,\n    \"30\": 0,\n    \"31\": 0,\n    \"32\": 0,\n    \"33\": 0,\n    \"34\": 0,\n    \"35\": 0,\n    \"36\": 0.00643,\n    \"37\": 0,\n    \"38\": 0,\n    \"39\": 0,\n    \"40\": 0,\n    \"41\": 0,\n    \"42\": 0,\n    \"43\": 0,\n    \"44\": 0,\n    \"45\": 0,\n    \"46\": 0,\n    \"47\": 0,\n    \"48\": 0,\n    \"49\": 0,\n    \"50\": 0,\n    \"51\": 0,\n    \"52\": 0,\n    \"53\": 0,\n    \"54\": 0,\n    \"55\": 0,\n    \"56\": 0,\n    \"57\": 0.00643,\n    \"58\": 0,\n    \"60\": 0,\n    \"62\": 0,\n    \"63\": 0,\n    \"64\": 0,\n    \"65\": 0,\n    \"66\": 0,\n    \"67\": 0,\n    \"68\": 0.00643,\n    \"69\": 0,\n    \"70\": 0.00643,\n    \"71\": 0.28292,\n    \"72\": 0.91949,\n    \"9.5-9.6\": 0,\n    \"10.0-10.1\": 0,\n    \"10.5\": 0,\n    \"10.6\": 0,\n    \"11.1\": 0,\n    \"11.5\": 0,\n    \"11.6\": 0,\n    \"12.1\": 0.00643\n  },\n  E: {\n    \"4\": 0,\n    \"5\": 0,\n    \"6\": 0,\n    \"7\": 0,\n    \"8\": 0,\n    \"9\": 0,\n    \"10\": 0,\n    \"11\": 0,\n    \"12\": 0.00643,\n    \"13\": 0.03215,\n    \"14\": 0.13503,\n    _: \"0\",\n    \"3.1\": 0,\n    \"3.2\": 0,\n    \"5.1\": 0.55941,\n    \"6.1\": 0,\n    \"7.1\": 0,\n    \"9.1\": 0,\n    \"10.1\": 0,\n    \"11.1\": 0.01286,\n    \"12.1\": 0.01286,\n    \"13.1\": 0.07073\n  },\n  G: {\n    \"8\": 0,\n    \"3.2\": 0.00044,\n    \"4.0-4.1\": 0,\n    \"4.2-4.3\": 0,\n    \"5.0-5.1\": 0.01099,\n    \"6.0-6.1\": 0.01099,\n    \"7.0-7.1\": 0.05669,\n    \"8.1-8.4\": 0.00483,\n    \"9.0-9.2\": 0.00396,\n    \"9.3\": 0.29314,\n    \"10.0-10.2\": 0.01231,\n    \"10.3\": 0.17843,\n    \"11.0-11.2\": 0.02681,\n    \"11.3-11.4\": 0.05318,\n    \"12.0-12.1\": 0.07208,\n    \"12.2-12.4\": 0.69615,\n    \"13.0-13.1\": 0.03296,\n    \"13.2\": 0.01099,\n    \"13.3\": 0.14855,\n    \"13.4-13.7\": 0.54233,\n    \"14.0-14.3\": 2.22031\n  },\n  B: {\n    \"12\": 0.00643,\n    \"13\": 0.00643,\n    \"14\": 0.00643,\n    \"15\": 0.01286,\n    \"16\": 0,\n    \"17\": 0.00643,\n    \"18\": 0.03215,\n    \"79\": 0,\n    \"80\": 0,\n    \"81\": 0,\n    \"83\": 0.00643,\n    \"84\": 0.00643,\n    \"85\": 0.00643,\n    \"86\": 0.02572,\n    \"87\": 1.08024\n  },\n  I: {\n    \"3\": 0,\n    \"4\": 0.00807,\n    \"81\": 0,\n    \"2.1\": 0,\n    \"2.2\": 0,\n    \"2.3\": 0,\n    \"4.1\": 0.08956,\n    \"4.2-4.3\": 0.12479,\n    \"4.4\": 0,\n    \"4.4.3-4.4.4\": 0.73847\n  },\n  P: {\n    \"4\": 0.15569,\n    \"5.0-5.4\": 0.01038,\n    \"6.2-6.4\": 0,\n    \"7.2-7.4\": 0.06227,\n    \"8.2\": 0.02076,\n    \"9.2\": 0.04152,\n    \"10.1\": 0.03114,\n    \"11.1-11.2\": 0.08303,\n    \"12.0\": 0.23872,\n    \"13.0\": 0.92373\n  },\n  K: {\n    _: \"0 10 11 12 11.1 11.5 12.1\"\n  },\n  A: {\n    \"6\": 0,\n    \"7\": 0,\n    \"8\": 0.09933,\n    \"9\": 0.01324,\n    \"10\": 0.00662,\n    \"11\": 0.32448,\n    \"5.5\": 0\n  },\n  N: {\n    \"10\": 0,\n    \"11\": 0\n  },\n  J: {\n    \"7\": 0,\n    \"10\": 0.05355\n  },\n  O: {\n    \"0\": 0.05355\n  },\n  H: {\n    \"0\": 0.71653\n  },\n  L: {\n    \"0\": 53.00572\n  },\n  S: {\n    \"2.5\": 0.00357\n  },\n  R: {\n    _: \"0\"\n  },\n  M: {\n    \"0\": 0.20349\n  },\n  Q: {\n    \"10.4\": 0.00357\n  }\n};","map":{"version":3,"sources":["/Users/bruceseymour/ra-video/client/node_modules/caniuse-lite/data/regions/VE.js"],"names":["module","exports","C","D","F","E","_","G","B","I","P","K","A","N","J","O","H","L","S","R","M","Q"],