{"ast":null,"code":"module.exports = {\n  C: {\n    \"2\": 0,\n    \"3\": 0,\n    \"4\": 0,\n    \"5\": 0,\n    \"6\": 0,\n    \"7\": 0,\n    \"8\": 0,\n    \"9\": 0,\n    \"10\": 0,\n    \"11\": 0,\n    \"12\": 0,\n    \"13\": 0,\n    \"14\": 0,\n    \"15\": 0,\n    \"16\": 0,\n    \"17\": 0,\n    \"18\": 0,\n    \"19\": 0,\n    \"20\": 0,\n    \"21\": 0,\n    \"22\": 0,\n    \"23\": 0,\n    \"24\": 0,\n    \"25\": 0,\n    \"26\": 0,\n    \"27\": 0,\n    \"28\": 0,\n    \"29\": 0,\n    \"30\": 0.00655,\n    \"31\": 0.00655,\n    \"32\": 0,\n    \"33\": 0,\n    \"34\": 0,\n    \"35\": 0,\n    \"36\": 0,\n    \"37\": 0,\n    \"38\": 0,\n    \"39\": 0,\n    \"40\": 0,\n    \"41\": 0,\n    \"42\": 0,\n    \"43\": 0.00655,\n    \"44\": 0,\n    \"45\": 0,\n    \"46\": 0,\n    \"47\": 0,\n    \"48\": 0.01309,\n    \"49\": 0,\n    \"50\": 0.00655,\n    \"51\": 0,\n    \"52\": 0.11127,\n    \"53\": 0,\n    \"54\": 0,\n    \"55\": 0,\n    \"56\": 0.03927,\n    \"57\": 0.00655,\n    \"58\": 0.01964,\n    \"59\": 0,\n    \"60\": 0.01309,\n    \"61\": 0.00655,\n    \"62\": 0,\n    \"63\": 0,\n    \"64\": 0.01309,\n    \"65\": 0.00655,\n    \"66\": 0.01309,\n    \"67\": 0.00655,\n    \"68\": 0.03927,\n    \"69\": 0.00655,\n    \"70\": 0.00655,\n    \"71\": 0.00655,\n    \"72\": 0.01309,\n    \"73\": 0.00655,\n    \"74\": 0.00655,\n    \"75\": 0.00655,\n    \"76\": 0.01309,\n    \"77\": 0.01309,\n    \"78\": 0.17017,\n    \"79\": 0.01309,\n    \"80\": 0.02618,\n    \"81\": 0.10472,\n    \"82\": 0.1309,\n    \"83\": 3.03034,\n    \"84\": 2.17294,\n    \"85\": 0.00655,\n    \"86\": 0,\n    \"3.5\": 0,\n    \"3.6\": 0\n  },\n  D: {\n    \"4\": 0,\n    \"5\": 0,\n    \"6\": 0,\n    \"7\": 0,\n    \"8\": 0,\n    \"9\": 0,\n    \"10\": 0,\n    \"11\": 0,\n    \"12\": 0,\n    \"13\": 0,\n    \"14\": 0,\n    \"15\": 0,\n    \"16\": 0,\n    \"17\": 0,\n    \"18\": 0,\n    \"19\": 0,\n    \"20\": 0,\n    \"21\": 0,\n    \"22\": 0.00655,\n    \"23\": 0,\n    \"24\": 0,\n    \"25\": 0,\n    \"26\": 0,\n    \"27\": 0,\n    \"28\": 0,\n    \"29\": 0,\n    \"30\": 0,\n    \"31\": 0,\n    \"32\": 0,\n    \"33\": 0.00655,\n    \"34\": 0,\n    \"35\": 0,\n    \"36\": 0,\n    \"37\": 0,\n    \"38\": 0.01309,\n    \"39\": 0,\n    \"40\": 0,\n    \"41\": 0,\n    \"42\": 0.00655,\n    \"43\": 0,\n    \"44\": 0,\n    \"45\": 0,\n    \"46\": 0,\n    \"47\": 0,\n    \"48\": 0,\n    \"49\": 0.23562,\n    \"50\": 0,\n    \"51\": 0,\n    \"52\": 0,\n    \"53\": 0.03273,\n    \"54\": 0,\n    \"55\": 0,\n    \"56\": 0.00655,\n    \"57\": 0.00655,\n    \"58\": 0.00655,\n    \"59\": 0,\n    \"60\": 0.00655,\n    \"61\": 0.15054,\n    \"62\": 0.00655,\n    \"63\": 0.00655,\n    \"64\": 0.00655,\n    \"65\": 0.00655,\n    \"66\": 0.00655,\n    \"67\": 0.01309,\n    \"68\": 0.01309,\n    \"69\": 0.01309,\n    \"70\": 0.05236,\n    \"71\": 0.04582,\n    \"72\": 0.04582,\n    \"73\": 0.01964,\n    \"74\": 0.01309,\n    \"75\": 0.01309,\n    \"76\": 0.01964,\n    \"77\": 0.01964,\n    \"78\": 0.03273,\n    \"79\": 0.03927,\n    \"80\": 0.10472,\n    \"81\": 0.10472,\n    \"83\": 0.10472,\n    \"84\": 0.2618,\n    \"85\": 0.17017,\n    \"86\": 3.88119,\n    \"87\": 20.96364,\n    \"88\": 0.01309,\n    \"89\": 0.01309,\n    \"90\": 0\n  },\n  F: {\n    \"9\": 0,\n    \"11\": 0,\n    \"12\": 0,\n    \"15\": 0,\n    \"16\": 0,\n    \"17\": 0,\n    \"18\": 0,\n    \"19\": 0.00655,\n    \"20\": 0,\n    \"21\": 0,\n    \"22\": 0,\n    \"23\": 0,\n    \"24\": 0,\n    \"25\": 0,\n    \"26\": 0,\n    \"27\": 0,\n    \"28\": 0,\n    \"29\": 0,\n    \"30\": 0,\n    \"31\": 0,\n    \"32\": 0,\n    \"33\": 0,\n    \"34\": 0,\n    \"35\": 0,\n    \"36\": 0.00655,\n    \"37\": 0,\n    \"38\": 0,\n    \"39\": 0,\n    \"40\": 0,\n    \"41\": 0,\n    \"42\": 0,\n    \"43\": 0,\n    \"44\": 0,\n    \"45\": 0,\n    \"46\": 0,\n    \"47\": 0,\n    \"48\": 0,\n    \"49\": 0,\n    \"50\": 0,\n    \"51\": 0.00655,\n    \"52\": 0.00655,\n    \"53\": 0,\n    \"54\": 0,\n    \"55\": 0,\n    \"56\": 0,\n    \"57\": 0,\n    \"58\": 0,\n    \"60\": 0.01309,\n    \"62\": 0,\n    \"63\": 0,\n    \"64\": 0,\n    \"65\": 0,\n    \"66\": 0,\n    \"67\": 0,\n    \"68\": 0.01309,\n    \"69\": 0,\n    \"70\": 0.01309,\n    \"71\": 0.2029,\n    \"72\": 1.47917,\n    \"9.5-9.6\": 0,\n    \"10.0-10.1\": 0,\n    \"10.5\": 0,\n    \"10.6\": 0,\n    \"11.1\": 0,\n    \"11.5\": 0,\n    \"11.6\": 0,\n    \"12.1\": 0.06545\n  },\n  E: {\n    \"4\": 0,\n    \"5\": 0,\n    \"6\": 0,\n    \"7\": 0,\n    \"8\": 0,\n    \"9\": 0,\n    \"10\": 0,\n    \"11\": 0.00655,\n    \"12\": 0.01309,\n    \"13\": 0.06545,\n    \"14\": 1.39409,\n    _: \"0\",\n    \"3.1\": 0,\n    \"3.2\": 0,\n    \"5.1\": 0.01964,\n    \"6.1\": 0,\n    \"7.1\": 0,\n    \"9.1\": 0.00655,\n    \"10.1\": 0.01309,\n    \"11.1\": 0.03273,\n    \"12.1\": 0.08509,\n    \"13.1\": 0.36652\n  },\n  G: {\n    \"8\": 0,\n    \"3.2\": 0,\n    \"4.0-4.1\": 0,\n    \"4.2-4.3\": 0,\n    \"5.0-5.1\": 0.00639,\n    \"6.0-6.1\": 0.00128,\n    \"7.0-7.1\": 0.0115,\n    \"8.1-8.4\": 0.00511,\n    \"9.0-9.2\": 0.00511,\n    \"9.3\": 0.18275,\n    \"10.0-10.2\": 0.0115,\n    \"10.3\": 0.11246,\n    \"11.0-11.2\": 0.04984,\n    \"11.3-11.4\": 0.04856,\n    \"12.0-12.1\": 0.07029,\n    \"12.2-12.4\": 0.7476,\n    \"13.0-13.1\": 0.06262,\n    \"13.2\": 0.01917,\n    \"13.3\": 0.19808,\n    \"13.4-13.7\": 1.24855,\n    \"14.0-14.3\": 9.96539\n  },\n  B: {\n    \"12\": 0.00655,\n    \"13\": 0.00655,\n    \"14\": 0.01309,\n    \"15\": 0.01309,\n    \"16\": 0.01964,\n    \"17\": 0.03927,\n    \"18\": 0.17017,\n    \"79\": 0,\n    \"80\": 0.00655,\n    \"81\": 0,\n    \"83\": 0.00655,\n    \"84\": 0.01309,\n    \"85\": 0.01964,\n    \"86\": 0.06545,\n    \"87\": 3.70447\n  },\n  I: {\n    \"3\": 0,\n    \"4\": 0.00557,\n    \"81\": 0,\n    \"2.1\": 0,\n    \"2.2\": 0,\n    \"2.3\": 0,\n    \"4.1\": 0.01393,\n    \"4.2-4.3\": 0.03204,\n    \"4.4\": 0,\n    \"4.4.3-4.4.4\": 0.20337\n  },\n  P: {\n    \"4\": 0.08388,\n    \"5.0-5.4\": 0,\n    \"6.2-6.4\": 0,\n    \"7.2-7.4\": 0,\n    \"8.2\": 0,\n    \"9.2\": 0.01048,\n    \"10.1\": 0.02097,\n    \"11.1-11.2\": 0.04194,\n    \"12.0\": 0.23066,\n    \"13.0\": 1.72998\n  },\n  K: {\n    _: \"0 10 11 12 11.1 11.5 12.1\"\n  },\n  A: {\n    \"6\": 0,\n    \"7\": 0,\n    \"8\": 0.00683,\n    \"9\": 0.00683,\n    \"10\": 0.00683,\n    \"11\": 0.92199,\n    \"5.5\": 0\n  },\n  N: {\n    \"10\": 0,\n    \"11\": 0\n  },\n  J: {\n    \"7\": 0,\n    \"10\": 0.00691\n  },\n  O: {\n    \"0\": 0.27295\n  },\n  H: {\n    \"0\": 0.47429\n  },\n  L: {\n    \"0\": 39.00806\n  },\n  S: {\n    \"2.5\": 0\n  },\n  R: {\n    _: \"0\"\n  },\n  M: {\n    \"0\": 0.34205\n  },\n  Q: {\n    \"10.4\": 0.00691\n  }\n};","map":{"version":3,"sources":["/Users/bruceseymour/ra-video/client/node_modules/caniuse-lite/data/regions/CZ.js"],"names":["module","exports","C","D","F","E","_","G","B","I","P","K","A","N","J","O","H","L","S","R","M","Q"],