{"ast":null,"code":"module.exports = {\n  C: {\n    \"2\": 0,\n    \"3\": 0,\n    \"4\": 0,\n    \"5\": 0,\n    \"6\": 0,\n    \"7\": 0,\n    \"8\": 0,\n    \"9\": 0,\n    \"10\": 0,\n    \"11\": 0,\n    \"12\": 0,\n    \"13\": 0,\n    \"14\": 0,\n    \"15\": 0.02683,\n    \"16\": 0,\n    \"17\": 0,\n    \"18\": 0,\n    \"19\": 0,\n    \"20\": 0,\n    \"21\": 0,\n    \"22\": 0,\n    \"23\": 0,\n    \"24\": 0,\n    \"25\": 0,\n    \"26\": 0,\n    \"27\": 0,\n    \"28\": 0,\n    \"29\": 0,\n    \"30\": 0.00383,\n    \"31\": 0,\n    \"32\": 0,\n    \"33\": 0,\n    \"34\": 0,\n    \"35\": 0,\n    \"36\": 0,\n    \"37\": 0,\n    \"38\": 0,\n    \"39\": 0,\n    \"40\": 0,\n    \"41\": 0,\n    \"42\": 0,\n    \"43\": 0,\n    \"44\": 0,\n    \"45\": 0,\n    \"46\": 0,\n    \"47\": 0,\n    \"48\": 0,\n    \"49\": 0,\n    \"50\": 0,\n    \"51\": 0,\n    \"52\": 0.01917,\n    \"53\": 0,\n    \"54\": 0.00383,\n    \"55\": 0.01533,\n    \"56\": 0.04983,\n    \"57\": 0,\n    \"58\": 0.00383,\n    \"59\": 0,\n    \"60\": 0,\n    \"61\": 0,\n    \"62\": 0.00383,\n    \"63\": 0,\n    \"64\": 0,\n    \"65\": 0.00383,\n    \"66\": 0,\n    \"67\": 0,\n    \"68\": 0.00767,\n    \"69\": 0,\n    \"70\": 0,\n    \"71\": 0.00383,\n    \"72\": 0.00767,\n    \"73\": 0.00383,\n    \"74\": 0.00383,\n    \"75\": 0,\n    \"76\": 0.00383,\n    \"77\": 0.00383,\n    \"78\": 0.0115,\n    \"79\": 0.00383,\n    \"80\": 0.00767,\n    \"81\": 0.0115,\n    \"82\": 0.01533,\n    \"83\": 0.4063,\n    \"84\": 0.34497,\n    \"85\": 0.00383,\n    \"86\": 0,\n    \"3.5\": 0,\n    \"3.6\": 0\n  },\n  D: {\n    \"4\": 0,\n    \"5\": 0,\n    \"6\": 0,\n    \"7\": 0,\n    \"8\": 0,\n    \"9\": 0,\n    \"10\": 0,\n    \"11\": 0,\n    \"12\": 0,\n    \"13\": 0,\n    \"14\": 0,\n    \"15\": 0,\n    \"16\": 0,\n    \"17\": 0,\n    \"18\": 0,\n    \"19\": 0,\n    \"20\": 0,\n    \"21\": 0,\n    \"22\": 0,\n    \"23\": 0,\n    \"24\": 0,\n    \"25\": 0,\n    \"26\": 0,\n    \"27\": 0,\n    \"28\": 0,\n    \"29\": 0,\n    \"30\": 0,\n    \"31\": 0,\n    \"32\": 0,\n    \"33\": 0,\n    \"34\": 0,\n    \"35\": 0,\n    \"36\": 0,\n    \"37\": 0,\n    \"38\": 0.00383,\n    \"39\": 0,\n    \"40\": 0,\n    \"41\": 0,\n    \"42\": 0,\n    \"43\": 0.0115,\n    \"44\": 0,\n    \"45\": 0,\n    \"46\": 0,\n    \"47\": 0,\n    \"48\": 0,\n    \"49\": 0.14565,\n    \"50\": 0,\n    \"51\": 0,\n    \"52\": 0,\n    \"53\": 0.0115,\n    \"54\": 0,\n    \"55\": 0.00383,\n    \"56\": 0.00383,\n    \"57\": 0.00383,\n    \"58\": 0.00767,\n    \"59\": 0.00383,\n    \"60\": 0,\n    \"61\": 0.00767,\n    \"62\": 0,\n    \"63\": 0.00767,\n    \"64\": 0,\n    \"65\": 0.00383,\n    \"66\": 0.00767,\n    \"67\": 0.00383,\n    \"68\": 0.00767,\n    \"69\": 0.00767,\n    \"70\": 0.0115,\n    \"71\": 0.01533,\n    \"72\": 0.0115,\n    \"73\": 0.0115,\n    \"74\": 0.0115,\n    \"75\": 0.01917,\n    \"76\": 0.0115,\n    \"77\": 0.0115,\n    \"78\": 0.0115,\n    \"79\": 0.01917,\n    \"80\": 0.03066,\n    \"81\": 0.023,\n    \"83\": 0.03833,\n    \"84\": 0.05366,\n    \"85\": 0.06899,\n    \"86\": 1.50637,\n    \"87\": 8.37127,\n    \"88\": 0.01917,\n    \"89\": 0.0115,\n    \"90\": 0\n  },\n  F: {\n    \"9\": 0,\n    \"11\": 0,\n    \"12\": 0,\n    \"15\": 0,\n    \"16\": 0,\n    \"17\": 0,\n    \"18\": 0,\n    \"19\": 0,\n    \"20\": 0,\n    \"21\": 0,\n    \"22\": 0,\n    \"23\": 0,\n    \"24\": 0,\n    \"25\": 0,\n    \"26\": 0,\n    \"27\": 0,\n    \"28\": 0,\n    \"29\": 0,\n    \"30\": 0,\n    \"31\": 0,\n    \"32\": 0,\n    \"33\": 0,\n    \"34\": 0,\n    \"35\": 0,\n    \"36\": 0,\n    \"37\": 0.01917,\n    \"38\": 0,\n    \"39\": 0,\n    \"40\": 0,\n    \"41\": 0,\n    \"42\": 0,\n    \"43\": 0,\n    \"44\": 0,\n    \"45\": 0,\n    \"46\": 0,\n    \"47\": 0,\n    \"48\": 0,\n    \"49\": 0,\n    \"50\": 0,\n    \"51\": 0,\n    \"52\": 0,\n    \"53\": 0,\n    \"54\": 0,\n    \"55\": 0,\n    \"56\": 0,\n    \"57\": 0,\n    \"58\": 0,\n    \"60\": 0.00383,\n    \"62\": 0,\n    \"63\": 0,\n    \"64\": 0,\n    \"65\": 0,\n    \"66\": 0.00383,\n    \"67\": 0,\n    \"68\": 0,\n    \"69\": 0,\n    \"70\": 0,\n    \"71\": 0.01533,\n    \"72\": 0.13032,\n    \"9.5-9.6\": 0,\n    \"10.0-10.1\": 0,\n    \"10.5\": 0,\n    \"10.6\": 0,\n    \"11.1\": 0,\n    \"11.5\": 0,\n    \"11.6\": 0,\n    \"12.1\": 0\n  },\n  E: {\n    \"4\": 0,\n    \"5\": 0,\n    \"6\": 0,\n    \"7\": 0,\n    \"8\": 0,\n    \"9\": 0,\n    \"10\": 0,\n    \"11\": 0,\n    \"12\": 0.00383,\n    \"13\": 0.03066,\n    \"14\": 0.7321,\n    _: \"0\",\n    \"3.1\": 0,\n    \"3.2\": 0,\n    \"5.1\": 0,\n    \"6.1\": 0,\n    \"7.1\": 0,\n    \"9.1\": 0,\n    \"10.1\": 0.00383,\n    \"11.1\": 0.00767,\n    \"12.1\": 0.01917,\n    \"13.1\": 0.16099\n  },\n  G: {\n    \"8\": 0,\n    \"3.2\": 0,\n    \"4.0-4.1\": 0,\n    \"4.2-4.3\": 0,\n    \"5.0-5.1\": 0.00598,\n    \"6.0-6.1\": 0.00997,\n    \"7.0-7.1\": 0.01995,\n    \"8.1-8.4\": 0.00997,\n    \"9.0-9.2\": 0.01795,\n    \"9.3\": 0.15959,\n    \"10.0-10.2\": 0.04189,\n    \"10.3\": 0.1955,\n    \"11.0-11.2\": 0.08378,\n    \"11.3-11.4\": 0.15959,\n    \"12.0-12.1\": 0.13964,\n    \"12.2-12.4\": 1.88715,\n    \"13.0-13.1\": 0.14164,\n    \"13.2\": 0.05586,\n    \"13.3\": 0.39897,\n    \"13.4-13.7\": 2.07666,\n    \"14.0-14.3\": 14.50074\n  },\n  B: {\n    \"12\": 0,\n    \"13\": 0,\n    \"14\": 0.00383,\n    \"15\": 0.00383,\n    \"16\": 0.00383,\n    \"17\": 0.00767,\n    \"18\": 0.02683,\n    \"79\": 0,\n    \"80\": 0.00383,\n    \"81\": 0.00383,\n    \"83\": 0,\n    \"84\": 0.00383,\n    \"85\": 0.00383,\n    \"86\": 0.01533,\n    \"87\": 0.77043\n  },\n  I: {\n    \"3\": 0,\n    \"4\": 0,\n    \"81\": 0,\n    \"2.1\": 0,\n    \"2.2\": 0,\n    \"2.3\": 0,\n    \"4.1\": 0.00507,\n    \"4.2-4.3\": 0.00913,\n    \"4.4\": 0,\n    \"4.4.3-4.4.4\": 0.06496\n  },\n  P: {\n    \"4\": 0.18444,\n    \"5.0-5.4\": 0.01025,\n    \"6.2-6.4\": 0.01025,\n    \"7.2-7.4\": 0.05123,\n    \"8.2\": 0.03074,\n    \"9.2\": 0.1332,\n    \"10.1\": 0.08197,\n    \"11.1-11.2\": 0.17419,\n    \"12.0\": 0.4201,\n    \"13.0\": 2.20298\n  },\n  K: {\n    _: \"0 10 11 12 11.1 11.5 12.1\"\n  },\n  A: {\n    \"6\": 0,\n    \"7\": 0,\n    \"8\": 0.00806,\n    \"9\": 0.00806,\n    \"10\": 0.00403,\n    \"11\": 0.21751,\n    \"5.5\": 0\n  },\n  N: {\n    \"10\": 0,\n    \"11\": 0\n  },\n  J: {\n    \"7\": 0,\n    \"10\": 0\n  },\n  O: {\n    \"0\": 0.30835\n  },\n  H: {\n    \"0\": 0.29776\n  },\n  L: {\n    \"0\": 60.34411\n  },\n  S: {\n    \"2.5\": 0\n  },\n  R: {\n    _: \"0\"\n  },\n  M: {\n    \"0\": 0.13567\n  },\n  Q: {\n    \"10.4\": 0.01233\n  }\n};","map":{"version":3,"sources":["/Users/bruceseymour/ra-video/client/node_modules/caniuse-lite/data/regions/TH.js"],"names":["module","exports","C","D","F","E","_","G","B","I","P","K","A","N","J","O","H","L","S","R","M","Q"],