{"ast":null,"code":"module.exports = {\n  C: {\n    \"2\": 0,\n    \"3\": 0,\n    \"4\": 0,\n    \"5\": 0,\n    \"6\": 0,\n    \"7\": 0,\n    \"8\": 0,\n    \"9\": 0,\n    \"10\": 0,\n    \"11\": 0.02385,\n    \"12\": 0,\n    \"13\": 0,\n    \"14\": 0,\n    \"15\": 0,\n    \"16\": 0,\n    \"17\": 0.00477,\n    \"18\": 0,\n    \"19\": 0,\n    \"20\": 0,\n    \"21\": 0,\n    \"22\": 0,\n    \"23\": 0,\n    \"24\": 0,\n    \"25\": 0,\n    \"26\": 0,\n    \"27\": 0,\n    \"28\": 0,\n    \"29\": 0,\n    \"30\": 0.00954,\n    \"31\": 0,\n    \"32\": 0,\n    \"33\": 0,\n    \"34\": 0.01908,\n    \"35\": 0,\n    \"36\": 0,\n    \"37\": 0,\n    \"38\": 0,\n    \"39\": 0,\n    \"40\": 0,\n    \"41\": 0,\n    \"42\": 0,\n    \"43\": 0.01908,\n    \"44\": 0,\n    \"45\": 0,\n    \"46\": 0,\n    \"47\": 0,\n    \"48\": 0,\n    \"49\": 0,\n    \"50\": 0,\n    \"51\": 0,\n    \"52\": 0.00954,\n    \"53\": 0,\n    \"54\": 0,\n    \"55\": 0,\n    \"56\": 0.05247,\n    \"57\": 0.00477,\n    \"58\": 0,\n    \"59\": 0,\n    \"60\": 0,\n    \"61\": 0,\n    \"62\": 0,\n    \"63\": 0,\n    \"64\": 0,\n    \"65\": 0,\n    \"66\": 0.00477,\n    \"67\": 0,\n    \"68\": 0.01431,\n    \"69\": 0,\n    \"70\": 0,\n    \"71\": 0,\n    \"72\": 0,\n    \"73\": 0,\n    \"74\": 0.00954,\n    \"75\": 0,\n    \"76\": 0,\n    \"77\": 0.00954,\n    \"78\": 0.00477,\n    \"79\": 0.00477,\n    \"80\": 0.00477,\n    \"81\": 0.00477,\n    \"82\": 0.01908,\n    \"83\": 0.36252,\n    \"84\": 0.29097,\n    \"85\": 0,\n    \"86\": 0,\n    \"3.5\": 0,\n    \"3.6\": 0\n  },\n  D: {\n    \"4\": 0,\n    \"5\": 0,\n    \"6\": 0,\n    \"7\": 0,\n    \"8\": 0,\n    \"9\": 0,\n    \"10\": 0,\n    \"11\": 0,\n    \"12\": 0,\n    \"13\": 0,\n    \"14\": 0,\n    \"15\": 0,\n    \"16\": 0,\n    \"17\": 0,\n    \"18\": 0,\n    \"19\": 0,\n    \"20\": 0,\n    \"21\": 0,\n    \"22\": 0.00954,\n    \"23\": 0,\n    \"24\": 0,\n    \"25\": 0,\n    \"26\": 0.02385,\n    \"27\": 0,\n    \"28\": 0,\n    \"29\": 0,\n    \"30\": 0.02862,\n    \"31\": 0,\n    \"32\": 0,\n    \"33\": 0,\n    \"34\": 0.04293,\n    \"35\": 0,\n    \"36\": 0,\n    \"37\": 0,\n    \"38\": 0.10017,\n    \"39\": 0,\n    \"40\": 0.03816,\n    \"41\": 0,\n    \"42\": 0,\n    \"43\": 0,\n    \"44\": 0,\n    \"45\": 0,\n    \"46\": 0,\n    \"47\": 0,\n    \"48\": 0,\n    \"49\": 0.06678,\n    \"50\": 0,\n    \"51\": 0.00477,\n    \"52\": 0,\n    \"53\": 0.12402,\n    \"54\": 0,\n    \"55\": 0.01431,\n    \"56\": 0,\n    \"57\": 0.00477,\n    \"58\": 0.01908,\n    \"59\": 0.00477,\n    \"60\": 0.00477,\n    \"61\": 0.02385,\n    \"62\": 0.00954,\n    \"63\": 0.02385,\n    \"64\": 0.00954,\n    \"65\": 0.01908,\n    \"66\": 0.01908,\n    \"67\": 0.01431,\n    \"68\": 0.04293,\n    \"69\": 0.06678,\n    \"70\": 0.02385,\n    \"71\": 0.03816,\n    \"72\": 0.03816,\n    \"73\": 0.03816,\n    \"74\": 0.02862,\n    \"75\": 0.02862,\n    \"76\": 0.03339,\n    \"77\": 0.02385,\n    \"78\": 0.02862,\n    \"79\": 0.04293,\n    \"80\": 0.07155,\n    \"81\": 0.07632,\n    \"83\": 0.08586,\n    \"84\": 0.13356,\n    \"85\": 0.21942,\n    \"86\": 2.49471,\n    \"87\": 9.22995,\n    \"88\": 0.03816,\n    \"89\": 0.00954,\n    \"90\": 0\n  },\n  F: {\n    \"9\": 0,\n    \"11\": 0,\n    \"12\": 0,\n    \"15\": 0,\n    \"16\": 0,\n    \"17\": 0,\n    \"18\": 0,\n    \"19\": 0,\n    \"20\": 0,\n    \"21\": 0,\n    \"22\": 0,\n    \"23\": 0,\n    \"24\": 0,\n    \"25\": 0,\n    \"26\": 0,\n    \"27\": 0,\n    \"28\": 0,\n    \"29\": 0,\n    \"30\": 0,\n    \"31\": 0,\n    \"32\": 0,\n    \"33\": 0,\n    \"34\": 0,\n    \"35\": 0,\n    \"36\": 0.02385,\n    \"37\": 0,\n    \"38\": 0,\n    \"39\": 0,\n    \"40\": 0.00477,\n    \"41\": 0,\n    \"42\": 0,\n    \"43\": 0,\n    \"44\": 0,\n    \"45\": 0,\n    \"46\": 0.00477,\n    \"47\": 0,\n    \"48\": 0,\n    \"49\": 0,\n    \"50\": 0,\n    \"51\": 0,\n    \"52\": 0,\n    \"53\": 0,\n    \"54\": 0,\n    \"55\": 0,\n    \"56\": 0,\n    \"57\": 0,\n    \"58\": 0,\n    \"60\": 0,\n    \"62\": 0,\n    \"63\": 0,\n    \"64\": 0,\n    \"65\": 0,\n    \"66\": 0,\n    \"67\": 0,\n    \"68\": 0,\n    \"69\": 0,\n    \"70\": 0,\n    \"71\": 0.01908,\n    \"72\": 0.05247,\n    \"9.5-9.6\": 0,\n    \"10.0-10.1\": 0,\n    \"10.5\": 0,\n    \"10.6\": 0,\n    \"11.1\": 0,\n    \"11.5\": 0,\n    \"11.6\": 0,\n    \"12.1\": 0\n  },\n  E: {\n    \"4\": 0,\n    \"5\": 0,\n    \"6\": 0,\n    \"7\": 0,\n    \"8\": 0.00477,\n    \"9\": 0.00477,\n    \"10\": 0.01908,\n    \"11\": 0.01431,\n    \"12\": 0.02385,\n    \"13\": 0.21465,\n    \"14\": 2.77137,\n    _: \"0\",\n    \"3.1\": 0,\n    \"3.2\": 0,\n    \"5.1\": 0.01908,\n    \"6.1\": 0,\n    \"7.1\": 0,\n    \"9.1\": 0.00477,\n    \"10.1\": 0.02862,\n    \"11.1\": 0.05247,\n    \"12.1\": 0.12402,\n    \"13.1\": 1.04463\n  },\n  G: {\n    \"8\": 0.01365,\n    \"3.2\": 0,\n    \"4.0-4.1\": 0,\n    \"4.2-4.3\": 0,\n    \"5.0-5.1\": 0,\n    \"6.0-6.1\": 0.12282,\n    \"7.0-7.1\": 0.09553,\n    \"8.1-8.4\": 0.24564,\n    \"9.0-9.2\": 0.05459,\n    \"9.3\": 0.48218,\n    \"10.0-10.2\": 0.16376,\n    \"10.3\": 0.64139,\n    \"11.0-11.2\": 0.63684,\n    \"11.3-11.4\": 0.79605,\n    \"12.0-12.1\": 0.76876,\n    \"12.2-12.4\": 3.36161,\n    \"13.0-13.1\": 0.47763,\n    \"13.2\": 0.19105,\n    \"13.3\": 1.30552,\n    \"13.4-13.7\": 7.05074,\n    \"14.0-14.3\": 29.0263\n  },\n  B: {\n    \"12\": 0.00477,\n    \"13\": 0,\n    \"14\": 0.00477,\n    \"15\": 0.00477,\n    \"16\": 0.00954,\n    \"17\": 0.00477,\n    \"18\": 0.0954,\n    \"79\": 0,\n    \"80\": 0,\n    \"81\": 0,\n    \"83\": 0,\n    \"84\": 0.00477,\n    \"85\": 0.00477,\n    \"86\": 0.01908,\n    \"87\": 0.93969\n  },\n  I: {\n    \"3\": 0,\n    \"4\": 0,\n    \"81\": 0,\n    \"2.1\": 0,\n    \"2.2\": 0,\n    \"2.3\": 0,\n    \"4.1\": 0.00655,\n    \"4.2-4.3\": 0.01964,\n    \"4.4\": 0,\n    \"4.4.3-4.4.4\": 0.36658\n  },\n  P: {\n    \"4\": 0.72968,\n    \"5.0-5.4\": 0,\n    \"6.2-6.4\": 0,\n    \"7.2-7.4\": 0,\n    \"8.2\": 0.01073,\n    \"9.2\": 0.04292,\n    \"10.1\": 0.02146,\n    \"11.1-11.2\": 0.02146,\n    \"12.0\": 0.23607,\n    \"13.0\": 2.04953\n  },\n  K: {\n    _: \"0 10 11 12 11.1 11.5 12.1\"\n  },\n  A: {\n    \"6\": 0,\n    \"7\": 0,\n    \"8\": 0.02329,\n    \"9\": 0,\n    \"10\": 0.01164,\n    \"11\": 0.75689,\n    \"5.5\": 0\n  },\n  N: {\n    \"10\": 0,\n    \"11\": 0\n  },\n  J: {\n    \"7\": 0,\n    \"10\": 0\n  },\n  O: {\n    \"0\": 0.98847\n  },\n  H: {\n    \"0\": 0.08417\n  },\n  L: {\n    \"0\": 26.3845\n  },\n  S: {\n    \"2.5\": 0\n  },\n  R: {\n    _: \"0\"\n  },\n  M: {\n    \"0\": 0.17259\n  },\n  Q: {\n    \"10.4\": 0.38179\n  }\n};","map":{"version":3,"sources":["/Users/bruceseymour/ra-video/client/node_modules/caniuse-lite/data/regions/MO.js"],"names":["module","exports","C","D","F","E","_","G","B","I","P","K","A","N","J","O","H","L","S","R","M","Q"],