{"ast":null,"code":"module.exports = {\n  C: {\n    \"2\": 0,\n    \"3\": 0,\n    \"4\": 0,\n    \"5\": 0,\n    \"6\": 0,\n    \"7\": 0,\n    \"8\": 0,\n    \"9\": 0,\n    \"10\": 0,\n    \"11\": 0,\n    \"12\": 0,\n    \"13\": 0,\n    \"14\": 0,\n    \"15\": 0,\n    \"16\": 0,\n    \"17\": 0,\n    \"18\": 0,\n    \"19\": 0,\n    \"20\": 0,\n    \"21\": 0,\n    \"22\": 0,\n    \"23\": 0,\n    \"24\": 0,\n    \"25\": 0,\n    \"26\": 0,\n    \"27\": 0,\n    \"28\": 0,\n    \"29\": 0,\n    \"30\": 0,\n    \"31\": 0,\n    \"32\": 0,\n    \"33\": 0,\n    \"34\": 0,\n    \"35\": 0,\n    \"36\": 0,\n    \"37\": 0,\n    \"38\": 0,\n    \"39\": 0,\n    \"40\": 0,\n    \"41\": 0,\n    \"42\": 0,\n    \"43\": 0,\n    \"44\": 0,\n    \"45\": 0,\n    \"46\": 0,\n    \"47\": 0,\n    \"48\": 0,\n    \"49\": 0,\n    \"50\": 0,\n    \"51\": 0,\n    \"52\": 0.00531,\n    \"53\": 0,\n    \"54\": 0,\n    \"55\": 0,\n    \"56\": 0.00265,\n    \"57\": 0,\n    \"58\": 0,\n    \"59\": 0,\n    \"60\": 0.00265,\n    \"61\": 0,\n    \"62\": 0,\n    \"63\": 0,\n    \"64\": 0,\n    \"65\": 0,\n    \"66\": 0,\n    \"67\": 0,\n    \"68\": 0.08755,\n    \"69\": 0,\n    \"70\": 0,\n    \"71\": 0,\n    \"72\": 0.00265,\n    \"73\": 0,\n    \"74\": 0,\n    \"75\": 0,\n    \"76\": 0,\n    \"77\": 0,\n    \"78\": 0.00265,\n    \"79\": 0.00265,\n    \"80\": 0,\n    \"81\": 0.01592,\n    \"82\": 0.00531,\n    \"83\": 0.22551,\n    \"84\": 0.18571,\n    \"85\": 0,\n    \"86\": 0,\n    \"3.5\": 0,\n    \"3.6\": 0\n  },\n  D: {\n    \"4\": 0,\n    \"5\": 0,\n    \"6\": 0,\n    \"7\": 0,\n    \"8\": 0,\n    \"9\": 0,\n    \"10\": 0,\n    \"11\": 0,\n    \"12\": 0,\n    \"13\": 0,\n    \"14\": 0,\n    \"15\": 0,\n    \"16\": 0,\n    \"17\": 0,\n    \"18\": 0,\n    \"19\": 0,\n    \"20\": 0.00265,\n    \"21\": 0,\n    \"22\": 0,\n    \"23\": 0,\n    \"24\": 0,\n    \"25\": 0,\n    \"26\": 0,\n    \"27\": 0,\n    \"28\": 0,\n    \"29\": 0,\n    \"30\": 0,\n    \"31\": 0,\n    \"32\": 0,\n    \"33\": 0.00265,\n    \"34\": 0.00796,\n    \"35\": 0,\n    \"36\": 0.00265,\n    \"37\": 0,\n    \"38\": 0,\n    \"39\": 0,\n    \"40\": 0.03714,\n    \"41\": 0.00265,\n    \"42\": 0,\n    \"43\": 0.01327,\n    \"44\": 0,\n    \"45\": 0,\n    \"46\": 0.02653,\n    \"47\": 0,\n    \"48\": 0,\n    \"49\": 0.00265,\n    \"50\": 0,\n    \"51\": 0,\n    \"52\": 0.01061,\n    \"53\": 0.00531,\n    \"54\": 0,\n    \"55\": 0.05306,\n    \"56\": 0.00265,\n    \"57\": 0,\n    \"58\": 0.00531,\n    \"59\": 0,\n    \"60\": 0,\n    \"61\": 0,\n    \"62\": 0,\n    \"63\": 0.00796,\n    \"64\": 0.00265,\n    \"65\": 0.00531,\n    \"66\": 0.02122,\n    \"67\": 0,\n    \"68\": 0.00531,\n    \"69\": 0.01592,\n    \"70\": 0.01061,\n    \"71\": 0.01061,\n    \"72\": 0.00265,\n    \"73\": 0,\n    \"74\": 0.03449,\n    \"75\": 0.00265,\n    \"76\": 0.00531,\n    \"77\": 0.00531,\n    \"78\": 0.01327,\n    \"79\": 0.02122,\n    \"80\": 0.04245,\n    \"81\": 0.04245,\n    \"83\": 0.00531,\n    \"84\": 0.01857,\n    \"85\": 0.05041,\n    \"86\": 0.41652,\n    \"87\": 1.90485,\n    \"88\": 0.00531,\n    \"89\": 0.02388,\n    \"90\": 0\n  },\n  F: {\n    \"9\": 0,\n    \"11\": 0,\n    \"12\": 0,\n    \"15\": 0,\n    \"16\": 0,\n    \"17\": 0.00265,\n    \"18\": 0,\n    \"19\": 0,\n    \"20\": 0,\n    \"21\": 0.00265,\n    \"22\": 0,\n    \"23\": 0,\n    \"24\": 0,\n    \"25\": 0,\n    \"26\": 0.00531,\n    \"27\": 0,\n    \"28\": 0.00265,\n    \"29\": 0,\n    \"30\": 0.00796,\n    \"31\": 0,\n    \"32\": 0.00265,\n    \"33\": 0.00265,\n    \"34\": 0,\n    \"35\": 0.02653,\n    \"36\": 0,\n    \"37\": 0,\n    \"38\": 0.00531,\n    \"39\": 0,\n    \"40\": 0,\n    \"41\": 0,\n    \"42\": 0.00531,\n    \"43\": 0,\n    \"44\": 0,\n    \"45\": 0,\n    \"46\": 0.00265,\n    \"47\": 0,\n    \"48\": 0,\n    \"49\": 0,\n    \"50\": 0.02122,\n    \"51\": 0.01857,\n    \"52\": 0,\n    \"53\": 0.00531,\n    \"54\": 0,\n    \"55\": 0,\n    \"56\": 0,\n    \"57\": 0,\n    \"58\": 0,\n    \"60\": 0,\n    \"62\": 0,\n    \"63\": 0,\n    \"64\": 0,\n    \"65\": 0,\n    \"66\": 0,\n    \"67\": 0,\n    \"68\": 0.00265,\n    \"69\": 0,\n    \"70\": 0,\n    \"71\": 0.00531,\n    \"72\": 0.07428,\n    \"9.5-9.6\": 0,\n    \"10.0-10.1\": 0,\n    \"10.5\": 0,\n    \"10.6\": 0,\n    \"11.1\": 0,\n    \"11.5\": 0,\n    \"11.6\": 0,\n    \"12.1\": 0.09551\n  },\n  E: {\n    \"4\": 0,\n    \"5\": 0,\n    \"6\": 0,\n    \"7\": 0,\n    \"8\": 0,\n    \"9\": 0,\n    \"10\": 0,\n    \"11\": 0,\n    \"12\": 0,\n    \"13\": 0.00265,\n    \"14\": 0.07694,\n    _: \"0\",\n    \"3.1\": 0,\n    \"3.2\": 0,\n    \"5.1\": 0.03714,\n    \"6.1\": 0,\n    \"7.1\": 0,\n    \"9.1\": 0,\n    \"10.1\": 0,\n    \"11.1\": 0,\n    \"12.1\": 0.00265,\n    \"13.1\": 0.05571\n  },\n  G: {\n    \"8\": 0,\n    \"3.2\": 0,\n    \"4.0-4.1\": 0,\n    \"4.2-4.3\": 0,\n    \"5.0-5.1\": 0.00157,\n    \"6.0-6.1\": 0.00157,\n    \"7.0-7.1\": 0.00472,\n    \"8.1-8.4\": 0.00314,\n    \"9.0-9.2\": 0.01572,\n    \"9.3\": 0.12195,\n    \"10.0-10.2\": 0.00674,\n    \"10.3\": 0.14823,\n    \"11.0-11.2\": 0.05952,\n    \"11.3-11.4\": 0.04492,\n    \"12.0-12.1\": 0.13768,\n    \"12.2-12.4\": 0.50646,\n    \"13.0-13.1\": 0.04739,\n    \"13.2\": 0.01482,\n    \"13.3\": 0.10758,\n    \"13.4-13.7\": 0.28389,\n    \"14.0-14.3\": 0.72634\n  },\n  B: {\n    \"12\": 0.00531,\n    \"13\": 0.00531,\n    \"14\": 0.00531,\n    \"15\": 0.01061,\n    \"16\": 0.01327,\n    \"17\": 0.01327,\n    \"18\": 0.09816,\n    \"79\": 0,\n    \"80\": 0,\n    \"81\": 0,\n    \"83\": 0,\n    \"84\": 0.00265,\n    \"85\": 0.00796,\n    \"86\": 0.01857,\n    \"87\": 0.49611\n  },\n  I: {\n    \"3\": 0,\n    \"4\": 0,\n    \"81\": 0,\n    \"2.1\": 0,\n    \"2.2\": 0,\n    \"2.3\": 0,\n    \"4.1\": 0.00488,\n    \"4.2-4.3\": 0.02636,\n    \"4.4\": 0,\n    \"4.4.3-4.4.4\": 0.28998\n  },\n  P: {\n    \"4\": 1.08529,\n    \"5.0-5.4\": 0.01014,\n    \"6.2-6.4\": 0.05071,\n    \"7.2-7.4\": 0.994,\n    \"8.2\": 0.02029,\n    \"9.2\": 0.34486,\n    \"10.1\": 0.25357,\n    \"11.1-11.2\": 0.25357,\n    \"12.0\": 0.74043,\n    \"13.0\": 1.04472\n  },\n  K: {\n    _: \"0 10 11 12 11.1 11.5 12.1\"\n  },\n  A: {\n    \"6\": 0,\n    \"7\": 0,\n    \"8\": 0,\n    \"9\": 0,\n    \"10\": 0,\n    \"11\": 0.0849,\n    \"5.5\": 0\n  },\n  N: {\n    \"10\": 0,\n    \"11\": 0\n  },\n  J: {\n    \"7\": 0,\n    \"10\": 0.03674\n  },\n  O: {\n    \"0\": 2.03512\n  },\n  H: {\n    \"0\": 10.57957\n  },\n  L: {\n    \"0\": 69.327\n  },\n  S: {\n    \"2.5\": 0.00735\n  },\n  R: {\n    _: \"0\"\n  },\n  M: {\n    \"0\": 0.61715\n  },\n  Q: {\n    \"10.4\": 0.05143\n  }\n};","map":{"version":3,"sources":["/Users/bruceseymour/ra-video/client/node_modules/caniuse-lite/data/regions/LS.js"],"names":["module","exports","C","D","F","E","_","G","B","I","P","K","A","N","J","O","H","L","S","R","M","Q"],