{"ast":null,"code":"module.exports = {\n  C: {\n    \"2\": 0,\n    \"3\": 0,\n    \"4\": 0,\n    \"5\": 0,\n    \"6\": 0,\n    \"7\": 0,\n    \"8\": 0,\n    \"9\": 0,\n    \"10\": 0,\n    \"11\": 0,\n    \"12\": 0,\n    \"13\": 0,\n    \"14\": 0,\n    \"15\": 0,\n    \"16\": 0,\n    \"17\": 0,\n    \"18\": 0,\n    \"19\": 0,\n    \"20\": 0,\n    \"21\": 0,\n    \"22\": 0,\n    \"23\": 0,\n    \"24\": 0,\n    \"25\": 0,\n    \"26\": 0,\n    \"27\": 0,\n    \"28\": 0,\n    \"29\": 0,\n    \"30\": 0.00591,\n    \"31\": 0,\n    \"32\": 0,\n    \"33\": 0,\n    \"34\": 0,\n    \"35\": 0,\n    \"36\": 0,\n    \"37\": 0,\n    \"38\": 0.00591,\n    \"39\": 0,\n    \"40\": 0.00591,\n    \"41\": 0,\n    \"42\": 0,\n    \"43\": 0.00591,\n    \"44\": 0.00591,\n    \"45\": 0,\n    \"46\": 0,\n    \"47\": 0.00591,\n    \"48\": 0,\n    \"49\": 0,\n    \"50\": 0.00591,\n    \"51\": 0.00591,\n    \"52\": 0.17727,\n    \"53\": 0.00591,\n    \"54\": 0.00591,\n    \"55\": 0.01182,\n    \"56\": 0.02364,\n    \"57\": 0.00591,\n    \"58\": 0.00591,\n    \"59\": 0,\n    \"60\": 0.00591,\n    \"61\": 0,\n    \"62\": 0.01182,\n    \"63\": 0.02955,\n    \"64\": 0.02955,\n    \"65\": 0.02364,\n    \"66\": 0.01182,\n    \"67\": 0,\n    \"68\": 0.01182,\n    \"69\": 0,\n    \"70\": 0,\n    \"71\": 0.00591,\n    \"72\": 0.01773,\n    \"73\": 0.00591,\n    \"74\": 0.01182,\n    \"75\": 0.00591,\n    \"76\": 0.00591,\n    \"77\": 0.00591,\n    \"78\": 0.04727,\n    \"79\": 0.02364,\n    \"80\": 0.04727,\n    \"81\": 0.03545,\n    \"82\": 0.04136,\n    \"83\": 0.51999,\n    \"84\": 0.37818,\n    \"85\": 0.01182,\n    \"86\": 0,\n    \"3.5\": 0,\n    \"3.6\": 0\n  },\n  D: {\n    \"4\": 0,\n    \"5\": 0,\n    \"6\": 0,\n    \"7\": 0,\n    \"8\": 0,\n    \"9\": 0,\n    \"10\": 0,\n    \"11\": 0,\n    \"12\": 0,\n    \"13\": 0,\n    \"14\": 0,\n    \"15\": 0,\n    \"16\": 0,\n    \"17\": 0,\n    \"18\": 0,\n    \"19\": 0,\n    \"20\": 0,\n    \"21\": 0,\n    \"22\": 0.00591,\n    \"23\": 0,\n    \"24\": 0,\n    \"25\": 0,\n    \"26\": 0.00591,\n    \"27\": 0,\n    \"28\": 0,\n    \"29\": 0,\n    \"30\": 0,\n    \"31\": 0,\n    \"32\": 0,\n    \"33\": 0,\n    \"34\": 0.00591,\n    \"35\": 0,\n    \"36\": 0.00591,\n    \"37\": 0,\n    \"38\": 0.01773,\n    \"39\": 0.00591,\n    \"40\": 0.00591,\n    \"41\": 0.00591,\n    \"42\": 0.00591,\n    \"43\": 0.00591,\n    \"44\": 0.00591,\n    \"45\": 0.00591,\n    \"46\": 0.00591,\n    \"47\": 0.00591,\n    \"48\": 0.01182,\n    \"49\": 0.24818,\n    \"50\": 0.00591,\n    \"51\": 0.00591,\n    \"52\": 0.00591,\n    \"53\": 0.02364,\n    \"54\": 0.01773,\n    \"55\": 0.00591,\n    \"56\": 0.01773,\n    \"57\": 0.21863,\n    \"58\": 0.01182,\n    \"59\": 0.00591,\n    \"60\": 0.00591,\n    \"61\": 0.20682,\n    \"62\": 0.01182,\n    \"63\": 0.02364,\n    \"64\": 0.00591,\n    \"65\": 0.01182,\n    \"66\": 0.00591,\n    \"67\": 0.01773,\n    \"68\": 0.01773,\n    \"69\": 0.02364,\n    \"70\": 0.16545,\n    \"71\": 0.25409,\n    \"72\": 0.15363,\n    \"73\": 0.065,\n    \"74\": 0.02955,\n    \"75\": 0.02955,\n    \"76\": 0.02955,\n    \"77\": 0.02955,\n    \"78\": 0.04727,\n    \"79\": 0.065,\n    \"80\": 0.17727,\n    \"81\": 0.07682,\n    \"83\": 0.18909,\n    \"84\": 0.37818,\n    \"85\": 0.47863,\n    \"86\": 3.13768,\n    \"87\": 16.05475,\n    \"88\": 0.02955,\n    \"89\": 0.01773,\n    \"90\": 0\n  },\n  F: {\n    \"9\": 0,\n    \"11\": 0,\n    \"12\": 0,\n    \"15\": 0,\n    \"16\": 0,\n    \"17\": 0,\n    \"18\": 0,\n    \"19\": 0,\n    \"20\": 0,\n    \"21\": 0,\n    \"22\": 0,\n    \"23\": 0,\n    \"24\": 0,\n    \"25\": 0,\n    \"26\": 0,\n    \"27\": 0,\n    \"28\": 0,\n    \"29\": 0,\n    \"30\": 0,\n    \"31\": 0,\n    \"32\": 0,\n    \"33\": 0,\n    \"34\": 0,\n    \"35\": 0,\n    \"36\": 0.00591,\n    \"37\": 0.02364,\n    \"38\": 0,\n    \"39\": 0,\n    \"40\": 0,\n    \"41\": 0,\n    \"42\": 0,\n    \"43\": 0.10045,\n    \"44\": 0,\n    \"45\": 0,\n    \"46\": 0.00591,\n    \"47\": 0,\n    \"48\": 0,\n    \"49\": 0,\n    \"50\": 0,\n    \"51\": 0,\n    \"52\": 0.00591,\n    \"53\": 0,\n    \"54\": 0,\n    \"55\": 0,\n    \"56\": 0.00591,\n    \"57\": 0.03545,\n    \"58\": 0.01182,\n    \"60\": 0.00591,\n    \"62\": 0,\n    \"63\": 0,\n    \"64\": 0,\n    \"65\": 0,\n    \"66\": 0,\n    \"67\": 0.00591,\n    \"68\": 0.00591,\n    \"69\": 0.00591,\n    \"70\": 0.01182,\n    \"71\": 0.07682,\n    \"72\": 0.23636,\n    \"9.5-9.6\": 0,\n    \"10.0-10.1\": 0,\n    \"10.5\": 0,\n    \"10.6\": 0,\n    \"11.1\": 0,\n    \"11.5\": 0,\n    \"11.6\": 0,\n    \"12.1\": 0.00591\n  },\n  E: {\n    \"4\": 0,\n    \"5\": 0,\n    \"6\": 0,\n    \"7\": 0,\n    \"8\": 0,\n    \"9\": 0,\n    \"10\": 0.00591,\n    \"11\": 0.00591,\n    \"12\": 0.01182,\n    \"13\": 0.07682,\n    \"14\": 0.64999,\n    _: \"0\",\n    \"3.1\": 0,\n    \"3.2\": 0,\n    \"5.1\": 0,\n    \"6.1\": 0,\n    \"7.1\": 0,\n    \"9.1\": 0.00591,\n    \"10.1\": 0.00591,\n    \"11.1\": 0.03545,\n    \"12.1\": 0.05318,\n    \"13.1\": 0.24227\n  },\n  G: {\n    \"8\": 0.00207,\n    \"3.2\": 0,\n    \"4.0-4.1\": 0,\n    \"4.2-4.3\": 0,\n    \"5.0-5.1\": 0.01037,\n    \"6.0-6.1\": 0.02488,\n    \"7.0-7.1\": 0.10782,\n    \"8.1-8.4\": 0.0705,\n    \"9.0-9.2\": 0.38774,\n    \"9.3\": 0.27992,\n    \"10.0-10.2\": 0.15344,\n    \"10.3\": 0.46861,\n    \"11.0-11.2\": 0.32554,\n    \"11.3-11.4\": 0.46032,\n    \"12.0-12.1\": 0.40848,\n    \"12.2-12.4\": 3.22637,\n    \"13.0-13.1\": 0.23016,\n    \"13.2\": 0.2426,\n    \"13.3\": 0.75061,\n    \"13.4-13.7\": 3.33004,\n    \"14.0-14.3\": 10.1643\n  },\n  B: {\n    \"12\": 0.00591,\n    \"13\": 0.00591,\n    \"14\": 0.05909,\n    \"15\": 0.01182,\n    \"16\": 0.01773,\n    \"17\": 0.01773,\n    \"18\": 0.08273,\n    \"79\": 0,\n    \"80\": 0.00591,\n    \"81\": 0,\n    \"83\": 0.00591,\n    \"84\": 0.02364,\n    \"85\": 0.01773,\n    \"86\": 0.04727,\n    \"87\": 1.34134\n  },\n  I: {\n    \"3\": 0,\n    \"4\": 0.00932,\n    \"81\": 0,\n    \"2.1\": 0,\n    \"2.2\": 0,\n    \"2.3\": 0,\n    \"4.1\": 0.01065,\n    \"4.2-4.3\": 0.05193,\n    \"4.4\": 0,\n    \"4.4.3-4.4.4\": 0.22901\n  },\n  P: {\n    \"4\": 0.24585,\n    \"5.0-5.4\": 0.02049,\n    \"6.2-6.4\": 0.01024,\n    \"7.2-7.4\": 0.04097,\n    \"8.2\": 0.03073,\n    \"9.2\": 0.09219,\n    \"10.1\": 0.04097,\n    \"11.1-11.2\": 0.18438,\n    \"12.0\": 0.30731,\n    \"13.0\": 1.62873\n  },\n  K: {\n    _: \"0 10 11 12 11.1 11.5 12.1\"\n  },\n  A: {\n    \"6\": 0,\n    \"7\": 0,\n    \"8\": 0.06251,\n    \"9\": 0.0375,\n    \"10\": 0.01875,\n    \"11\": 0.96259,\n    \"5.5\": 0\n  },\n  N: {\n    \"10\": 0.02782,\n    \"11\": 0.04173\n  },\n  J: {\n    \"7\": 0,\n    \"10\": 0.02046\n  },\n  O: {\n    \"0\": 0.83047\n  },\n  H: {\n    \"0\": 0.31759\n  },\n  L: {\n    \"0\": 37.42349\n  },\n  S: {\n    \"2.5\": 0.00409\n  },\n  R: {\n    _: \"0\"\n  },\n  M: {\n    \"0\": 0.10637\n  },\n  Q: {\n    \"10.4\": 0.03682\n  }\n};","map":{"version":3,"sources":["/Users/bruceseymour/ra-video/client/node_modules/caniuse-lite/data/regions/VN.js"],"names":["module","exports","C","D","F","E","_","G","B","I","P","K","A","N","J","O","H","L","S","R","M","Q"],