{"ast":null,"code":"module.exports = {\n  C: {\n    \"2\": 0,\n    \"3\": 0,\n    \"4\": 0,\n    \"5\": 0,\n    \"6\": 0,\n    \"7\": 0,\n    \"8\": 0,\n    \"9\": 0,\n    \"10\": 0,\n    \"11\": 0,\n    \"12\": 0,\n    \"13\": 0,\n    \"14\": 0,\n    \"15\": 0,\n    \"16\": 0,\n    \"17\": 0,\n    \"18\": 0,\n    \"19\": 0,\n    \"20\": 0,\n    \"21\": 0,\n    \"22\": 0,\n    \"23\": 0,\n    \"24\": 0,\n    \"25\": 0,\n    \"26\": 0,\n    \"27\": 0,\n    \"28\": 0,\n    \"29\": 0.0057,\n    \"30\": 0.01709,\n    \"31\": 0,\n    \"32\": 0,\n    \"33\": 0,\n    \"34\": 0,\n    \"35\": 0,\n    \"36\": 0,\n    \"37\": 0,\n    \"38\": 0,\n    \"39\": 0,\n    \"40\": 0,\n    \"41\": 0,\n    \"42\": 0,\n    \"43\": 0,\n    \"44\": 0,\n    \"45\": 0,\n    \"46\": 0,\n    \"47\": 0,\n    \"48\": 0.02278,\n    \"49\": 0,\n    \"50\": 0,\n    \"51\": 0,\n    \"52\": 0.03418,\n    \"53\": 0,\n    \"54\": 0.0057,\n    \"55\": 0,\n    \"56\": 0.0057,\n    \"57\": 0.01139,\n    \"58\": 0,\n    \"59\": 0,\n    \"60\": 0.01139,\n    \"61\": 0,\n    \"62\": 0.0057,\n    \"63\": 0.0057,\n    \"64\": 0,\n    \"65\": 0,\n    \"66\": 0.0057,\n    \"67\": 0.0057,\n    \"68\": 0.06835,\n    \"69\": 0.01139,\n    \"70\": 0.0057,\n    \"71\": 0.0057,\n    \"72\": 0.02278,\n    \"73\": 0.01139,\n    \"74\": 0.01139,\n    \"75\": 0.0057,\n    \"76\": 0.0057,\n    \"77\": 0.01709,\n    \"78\": 0.25632,\n    \"79\": 0.02278,\n    \"80\": 0.03987,\n    \"81\": 0.06835,\n    \"82\": 0.12531,\n    \"83\": 2.49485,\n    \"84\": 1.48096,\n    \"85\": 0.01139,\n    \"86\": 0,\n    \"3.5\": 0,\n    \"3.6\": 0\n  },\n  D: {\n    \"4\": 0,\n    \"5\": 0,\n    \"6\": 0,\n    \"7\": 0,\n    \"8\": 0,\n    \"9\": 0,\n    \"10\": 0,\n    \"11\": 0,\n    \"12\": 0,\n    \"13\": 0,\n    \"14\": 0,\n    \"15\": 0,\n    \"16\": 0,\n    \"17\": 0,\n    \"18\": 0,\n    \"19\": 0,\n    \"20\": 0,\n    \"21\": 0,\n    \"22\": 0,\n    \"23\": 0,\n    \"24\": 0,\n    \"25\": 0,\n    \"26\": 0,\n    \"27\": 0,\n    \"28\": 0,\n    \"29\": 0,\n    \"30\": 0,\n    \"31\": 0,\n    \"32\": 0,\n    \"33\": 0,\n    \"34\": 0,\n    \"35\": 0,\n    \"36\": 0,\n    \"37\": 0,\n    \"38\": 0.01139,\n    \"39\": 0,\n    \"40\": 0,\n    \"41\": 0.0057,\n    \"42\": 0,\n    \"43\": 0,\n    \"44\": 0,\n    \"45\": 0,\n    \"46\": 0,\n    \"47\": 0,\n    \"48\": 0,\n    \"49\": 0.11962,\n    \"50\": 0,\n    \"51\": 0,\n    \"52\": 0.05696,\n    \"53\": 0.01709,\n    \"54\": 0,\n    \"55\": 0,\n    \"56\": 0,\n    \"57\": 0.0057,\n    \"58\": 0,\n    \"59\": 0,\n    \"60\": 0.01709,\n    \"61\": 0.01709,\n    \"62\": 0.0057,\n    \"63\": 0.02278,\n    \"64\": 0.0057,\n    \"65\": 0.01139,\n    \"66\": 0.02278,\n    \"67\": 0.01709,\n    \"68\": 0.0057,\n    \"69\": 0.01139,\n    \"70\": 0.01709,\n    \"71\": 0.01139,\n    \"72\": 0.01709,\n    \"73\": 0.01139,\n    \"74\": 0.01139,\n    \"75\": 0.01709,\n    \"76\": 0.01709,\n    \"77\": 0.02848,\n    \"78\": 0.02278,\n    \"79\": 0.05126,\n    \"80\": 0.07405,\n    \"81\": 0.03418,\n    \"83\": 0.08544,\n    \"84\": 0.11392,\n    \"85\": 0.19936,\n    \"86\": 2.35245,\n    \"87\": 10.69709,\n    \"88\": 0.01139,\n    \"89\": 0.0057,\n    \"90\": 0\n  },\n  F: {\n    \"9\": 0,\n    \"11\": 0,\n    \"12\": 0,\n    \"15\": 0,\n    \"16\": 0,\n    \"17\": 0,\n    \"18\": 0,\n    \"19\": 0,\n    \"20\": 0,\n    \"21\": 0,\n    \"22\": 0,\n    \"23\": 0,\n    \"24\": 0,\n    \"25\": 0,\n    \"26\": 0,\n    \"27\": 0,\n    \"28\": 0,\n    \"29\": 0,\n    \"30\": 0,\n    \"31\": 0,\n    \"32\": 0,\n    \"33\": 0,\n    \"34\": 0,\n    \"35\": 0,\n    \"36\": 0.0057,\n    \"37\": 0,\n    \"38\": 0,\n    \"39\": 0,\n    \"40\": 0,\n    \"41\": 0,\n    \"42\": 0,\n    \"43\": 0,\n    \"44\": 0,\n    \"45\": 0,\n    \"46\": 0,\n    \"47\": 0,\n    \"48\": 0,\n    \"49\": 0,\n    \"50\": 0,\n    \"51\": 0,\n    \"52\": 0,\n    \"53\": 0,\n    \"54\": 0,\n    \"55\": 0,\n    \"56\": 0,\n    \"57\": 0,\n    \"58\": 0,\n    \"60\": 0,\n    \"62\": 0,\n    \"63\": 0,\n    \"64\": 0,\n    \"65\": 0,\n    \"66\": 0,\n    \"67\": 0,\n    \"68\": 0,\n    \"69\": 0,\n    \"70\": 0,\n    \"71\": 0.08544,\n    \"72\": 0.39302,\n    \"9.5-9.6\": 0,\n    \"10.0-10.1\": 0,\n    \"10.5\": 0,\n    \"10.6\": 0,\n    \"11.1\": 0,\n    \"11.5\": 0,\n    \"11.6\": 0,\n    \"12.1\": 0.0057\n  },\n  E: {\n    \"4\": 0,\n    \"5\": 0,\n    \"6\": 0,\n    \"7\": 0,\n    \"8\": 0.0057,\n    \"9\": 0,\n    \"10\": 0.02848,\n    \"11\": 0.02278,\n    \"12\": 0.03987,\n    \"13\": 0.22214,\n    \"14\": 4.05555,\n    _: \"0\",\n    \"3.1\": 0,\n    \"3.2\": 0,\n    \"5.1\": 0,\n    \"6.1\": 0,\n    \"7.1\": 0,\n    \"9.1\": 0.02278,\n    \"10.1\": 0.05696,\n    \"11.1\": 0.15379,\n    \"12.1\": 0.2905,\n    \"13.1\": 1.33856\n  },\n  G: {\n    \"8\": 0,\n    \"3.2\": 0,\n    \"4.0-4.1\": 0,\n    \"4.2-4.3\": 0,\n    \"5.0-5.1\": 0.01106,\n    \"6.0-6.1\": 0.01106,\n    \"7.0-7.1\": 0.05161,\n    \"8.1-8.4\": 0.05898,\n    \"9.0-9.2\": 0.17325,\n    \"9.3\": 0.78515,\n    \"10.0-10.2\": 0.07372,\n    \"10.3\": 0.52712,\n    \"11.0-11.2\": 0.13639,\n    \"11.3-11.4\": 0.28015,\n    \"12.0-12.1\": 0.19168,\n    \"12.2-12.4\": 1.97945,\n    \"13.0-13.1\": 0.2138,\n    \"13.2\": 0.12164,\n    \"13.3\": 0.71142,\n    \"13.4-13.7\": 3.99208,\n    \"14.0-14.3\": 27.49114\n  },\n  B: {\n    \"12\": 0,\n    \"13\": 0,\n    \"14\": 0.0057,\n    \"15\": 0.0057,\n    \"16\": 0.01709,\n    \"17\": 0.04557,\n    \"18\": 0.21645,\n    \"79\": 0,\n    \"80\": 0.01139,\n    \"81\": 0.0057,\n    \"83\": 0.0057,\n    \"84\": 0.01709,\n    \"85\": 0.02278,\n    \"86\": 0.17088,\n    \"87\": 3.82202\n  },\n  I: {\n    \"3\": 0,\n    \"4\": 0.00332,\n    \"81\": 0,\n    \"2.1\": 0,\n    \"2.2\": 0,\n    \"2.3\": 0,\n    \"4.1\": 0.00332,\n    \"4.2-4.3\": 0.01492,\n    \"4.4\": 0,\n    \"4.4.3-4.4.4\": 0.13262\n  },\n  P: {\n    \"4\": 0.11483,\n    \"5.0-5.4\": 0,\n    \"6.2-6.4\": 0,\n    \"7.2-7.4\": 0.01044,\n    \"8.2\": 0.01044,\n    \"9.2\": 0.06264,\n    \"10.1\": 0.06264,\n    \"11.1-11.2\": 0.09396,\n    \"12.0\": 0.45934,\n    \"13.0\": 3.60162\n  },\n  K: {\n    _: \"0 10 11 12 11.1 11.5 12.1\"\n  },\n  A: {\n    \"6\": 0,\n    \"7\": 0,\n    \"8\": 0.00589,\n    \"9\": 0.00589,\n    \"10\": 0,\n    \"11\": 0.85401,\n    \"5.5\": 0\n  },\n  N: {\n    \"10\": 0,\n    \"11\": 0\n  },\n  J: {\n    \"7\": 0,\n    \"10\": 0.0043\n  },\n  O: {\n    \"0\": 0.07747\n  },\n  H: {\n    \"0\": 0.18744\n  },\n  L: {\n    \"0\": 23.40509\n  },\n  S: {\n    \"2.5\": 0\n  },\n  R: {\n    _: \"0\"\n  },\n  M: {\n    \"0\": 0.58965\n  },\n  Q: {\n    \"10.4\": 0.02152\n  }\n};","map":{"version":3,"sources":["/Users/bruceseymour/ra-video/client/node_modules/caniuse-lite/data/regions/CH.js"],"names":["module","exports","C","D","F","E","_","G","B","I","P","K","A","N","J","O","H","L","S","R","M","Q"],