{"ast":null,"code":"module.exports = {\n  C: {\n    \"2\": 0.25638,\n    \"3\": 0,\n    \"4\": 0,\n    \"5\": 0,\n    \"6\": 0,\n    \"7\": 0,\n    \"8\": 0,\n    \"9\": 0,\n    \"10\": 0,\n    \"11\": 0,\n    \"12\": 0,\n    \"13\": 0,\n    \"14\": 0,\n    \"15\": 0.25211,\n    \"16\": 0,\n    \"17\": 0,\n    \"18\": 0.26065,\n    \"19\": 0,\n    \"20\": 0,\n    \"21\": 0.22647,\n    \"22\": 0,\n    \"23\": 0.27347,\n    \"24\": 0,\n    \"25\": 0.50421,\n    \"26\": 0,\n    \"27\": 0,\n    \"28\": 0,\n    \"29\": 0,\n    \"30\": 0.23502,\n    \"31\": 0,\n    \"32\": 0,\n    \"33\": 0,\n    \"34\": 0,\n    \"35\": 0,\n    \"36\": 0.00855,\n    \"37\": 0,\n    \"38\": 0,\n    \"39\": 0,\n    \"40\": 0,\n    \"41\": 0,\n    \"42\": 0,\n    \"43\": 0,\n    \"44\": 0,\n    \"45\": 0,\n    \"46\": 0,\n    \"47\": 0.00427,\n    \"48\": 0,\n    \"49\": 0,\n    \"50\": 0.00427,\n    \"51\": 0.25638,\n    \"52\": 0.02991,\n    \"53\": 0,\n    \"54\": 0,\n    \"55\": 0,\n    \"56\": 0.00427,\n    \"57\": 0,\n    \"58\": 0,\n    \"59\": 0,\n    \"60\": 0,\n    \"61\": 0,\n    \"62\": 0,\n    \"63\": 0,\n    \"64\": 0,\n    \"65\": 0.00427,\n    \"66\": 0,\n    \"67\": 0,\n    \"68\": 0.00855,\n    \"69\": 0,\n    \"70\": 0,\n    \"71\": 0,\n    \"72\": 0.00427,\n    \"73\": 0,\n    \"74\": 0,\n    \"75\": 0,\n    \"76\": 0,\n    \"77\": 0,\n    \"78\": 0.02137,\n    \"79\": 0.00427,\n    \"80\": 0.03846,\n    \"81\": 0.00855,\n    \"82\": 0.01709,\n    \"83\": 0.29911,\n    \"84\": 0.2222,\n    \"85\": 0.00427,\n    \"86\": 0,\n    \"3.5\": 0,\n    \"3.6\": 0\n  },\n  D: {\n    \"4\": 0,\n    \"5\": 0,\n    \"6\": 0,\n    \"7\": 0,\n    \"8\": 0,\n    \"9\": 0,\n    \"10\": 0,\n    \"11\": 0,\n    \"12\": 0,\n    \"13\": 0,\n    \"14\": 0,\n    \"15\": 0,\n    \"16\": 0,\n    \"17\": 0,\n    \"18\": 0,\n    \"19\": 0.2222,\n    \"20\": 0,\n    \"21\": 0,\n    \"22\": 0,\n    \"23\": 0,\n    \"24\": 0.73068,\n    \"25\": 0,\n    \"26\": 0,\n    \"27\": 0,\n    \"28\": 0,\n    \"29\": 0,\n    \"30\": 0.24783,\n    \"31\": 0,\n    \"32\": 0,\n    \"33\": 0.23502,\n    \"34\": 0,\n    \"35\": 0.49994,\n    \"36\": 0,\n    \"37\": 0.00427,\n    \"38\": 0.00427,\n    \"39\": 0,\n    \"40\": 0,\n    \"41\": 0,\n    \"42\": 0,\n    \"43\": 0.00855,\n    \"44\": 0,\n    \"45\": 0,\n    \"46\": 0,\n    \"47\": 0,\n    \"48\": 0,\n    \"49\": 0.07264,\n    \"50\": 0,\n    \"51\": 0,\n    \"52\": 0,\n    \"53\": 0.00855,\n    \"54\": 0.25211,\n    \"55\": 0.25211,\n    \"56\": 1.31608,\n    \"57\": 0,\n    \"58\": 0.00427,\n    \"59\": 0,\n    \"60\": 0,\n    \"61\": 0.00855,\n    \"62\": 0,\n    \"63\": 0.00855,\n    \"64\": 0,\n    \"65\": 0.00427,\n    \"66\": 0,\n    \"67\": 0.00855,\n    \"68\": 0.00855,\n    \"69\": 0.00427,\n    \"70\": 0.01282,\n    \"71\": 0.01282,\n    \"72\": 0.00855,\n    \"73\": 0.00427,\n    \"74\": 0.00855,\n    \"75\": 0.00855,\n    \"76\": 0.01709,\n    \"77\": 0.00427,\n    \"78\": 0.00855,\n    \"79\": 0.01709,\n    \"80\": 0.02991,\n    \"81\": 0.03418,\n    \"83\": 0.02991,\n    \"84\": 0.03846,\n    \"85\": 0.17519,\n    \"86\": 0.74778,\n    \"87\": 4.4311,\n    \"88\": 0.00855,\n    \"89\": 0.00855,\n    \"90\": 0\n  },\n  F: {\n    \"9\": 0,\n    \"11\": 0,\n    \"12\": 0,\n    \"15\": 0,\n    \"16\": 0,\n    \"17\": 0,\n    \"18\": 0,\n    \"19\": 0,\n    \"20\": 0,\n    \"21\": 0,\n    \"22\": 0,\n    \"23\": 0,\n    \"24\": 0,\n    \"25\": 0,\n    \"26\": 0,\n    \"27\": 0,\n    \"28\": 0,\n    \"29\": 0,\n    \"30\": 0,\n    \"31\": 0,\n    \"32\": 0,\n    \"33\": 0,\n    \"34\": 0,\n    \"35\": 0,\n    \"36\": 0,\n    \"37\": 0.00427,\n    \"38\": 0,\n    \"39\": 0,\n    \"40\": 0.00427,\n    \"41\": 0,\n    \"42\": 0,\n    \"43\": 0.27347,\n    \"44\": 0,\n    \"45\": 0,\n    \"46\": 0,\n    \"47\": 0,\n    \"48\": 0,\n    \"49\": 0,\n    \"50\": 0,\n    \"51\": 0,\n    \"52\": 0,\n    \"53\": 0,\n    \"54\": 0,\n    \"55\": 0,\n    \"56\": 0,\n    \"57\": 0,\n    \"58\": 0,\n    \"60\": 0,\n    \"62\": 0,\n    \"63\": 0,\n    \"64\": 0,\n    \"65\": 0,\n    \"66\": 0,\n    \"67\": 0,\n    \"68\": 0,\n    \"69\": 0,\n    \"70\": 0,\n    \"71\": 0.04273,\n    \"72\": 0.25638,\n    \"9.5-9.6\": 0,\n    \"10.0-10.1\": 0.27347,\n    \"10.5\": 0,\n    \"10.6\": 0,\n    \"11.1\": 0,\n    \"11.5\": 0,\n    \"11.6\": 0,\n    \"12.1\": 0\n  },\n  E: {\n    \"4\": 0,\n    \"5\": 0.25211,\n    \"6\": 0,\n    \"7\": 0,\n    \"8\": 0,\n    \"9\": 0,\n    \"10\": 0,\n    \"11\": 0,\n    \"12\": 0.00427,\n    \"13\": 0.02991,\n    \"14\": 0.13674,\n    _: \"0\",\n    \"3.1\": 0,\n    \"3.2\": 0,\n    \"5.1\": 0.07264,\n    \"6.1\": 0,\n    \"7.1\": 0,\n    \"9.1\": 0,\n    \"10.1\": 0.00427,\n    \"11.1\": 0.00427,\n    \"12.1\": 0.01282,\n    \"13.1\": 0.03418\n  },\n  G: {\n    \"8\": 0,\n    \"3.2\": 0,\n    \"4.0-4.1\": 0,\n    \"4.2-4.3\": 0,\n    \"5.0-5.1\": 0.01798,\n    \"6.0-6.1\": 16.67579,\n    \"7.0-7.1\": 0.04496,\n    \"8.1-8.4\": 0.0045,\n    \"9.0-9.2\": 0,\n    \"9.3\": 0.09217,\n    \"10.0-10.2\": 2.32445,\n    \"10.3\": 0.07868,\n    \"11.0-11.2\": 0.05845,\n    \"11.3-11.4\": 0.0607,\n    \"12.0-12.1\": 0.06744,\n    \"12.2-12.4\": 0.57999,\n    \"13.0-13.1\": 0.03147,\n    \"13.2\": 0.02248,\n    \"13.3\": 0.12589,\n    \"13.4-13.7\": 0.59348,\n    \"14.0-14.3\": 1.67028\n  },\n  B: {\n    \"12\": 0,\n    \"13\": 0,\n    \"14\": 0.00427,\n    \"15\": 0.00427,\n    \"16\": 0,\n    \"17\": 0.00427,\n    \"18\": 0.01709,\n    \"79\": 0,\n    \"80\": 0,\n    \"81\": 0,\n    \"83\": 0,\n    \"84\": 0.00427,\n    \"85\": 0.00427,\n    \"86\": 0.00855,\n    \"87\": 0.32475\n  },\n  I: {\n    \"3\": 0,\n    \"4\": 0.00141,\n    \"81\": 0,\n    \"2.1\": 0,\n    \"2.2\": 0,\n    \"2.3\": 0,\n    \"4.1\": 0.02119,\n    \"4.2-4.3\": 0.8602,\n    \"4.4\": 0,\n    \"4.4.3-4.4.4\": 1.51984\n  },\n  P: {\n    \"4\": 0.48559,\n    \"5.0-5.4\": 0.01079,\n    \"6.2-6.4\": 0.03237,\n    \"7.2-7.4\": 0.17265,\n    \"8.2\": 0.02158,\n    \"9.2\": 0.1187,\n    \"10.1\": 0.07554,\n    \"11.1-11.2\": 0.18344,\n    \"12.0\": 0.45322,\n    \"13.0\": 1.52151\n  },\n  K: {\n    _: \"0 10 11 12 11.1 11.5 12.1\"\n  },\n  A: {\n    \"6\": 0,\n    \"7\": 0,\n    \"8\": 0.28718,\n    \"9\": 0.51864,\n    \"10\": 0.54436,\n    \"11\": 0.03,\n    \"5.5\": 0\n  },\n  N: {\n    \"10\": 0,\n    \"11\": 0\n  },\n  J: {\n    \"7\": 0,\n    \"10\": 0\n  },\n  O: {\n    \"0\": 0.08591\n  },\n  H: {\n    \"0\": 0.22772\n  },\n  L: {\n    \"0\": 53.35658\n  },\n  S: {\n    \"2.5\": 0\n  },\n  R: {\n    _: \"0\"\n  },\n  M: {\n    \"0\": 0.07445\n  },\n  Q: {\n    \"10.4\": 0\n  }\n};","map":{"version":3,"sources":["/Users/bruceseymour/ra-video/client/node_modules/caniuse-lite/data/regions/MA.js"],"names":["module","exports","C","D","F","E","_","G","B","I","P","K","A","N","J","O","H","L","S","R","M","Q"],