{"ast":null,"code":"module.exports = {\n  C: {\n    \"2\": 0,\n    \"3\": 0,\n    \"4\": 0.00311,\n    \"5\": 0.00311,\n    \"6\": 0,\n    \"7\": 0,\n    \"8\": 0,\n    \"9\": 0,\n    \"10\": 0.00311,\n    \"11\": 0,\n    \"12\": 0,\n    \"13\": 0,\n    \"14\": 0,\n    \"15\": 0.00934,\n    \"16\": 0,\n    \"17\": 0.00623,\n    \"18\": 0,\n    \"19\": 0,\n    \"20\": 0,\n    \"21\": 0,\n    \"22\": 0,\n    \"23\": 0,\n    \"24\": 0,\n    \"25\": 0,\n    \"26\": 0,\n    \"27\": 0.00623,\n    \"28\": 0,\n    \"29\": 0.00623,\n    \"30\": 0,\n    \"31\": 0,\n    \"32\": 0,\n    \"33\": 0.00311,\n    \"34\": 0,\n    \"35\": 0,\n    \"36\": 0,\n    \"37\": 0,\n    \"38\": 0,\n    \"39\": 0,\n    \"40\": 0,\n    \"41\": 0.00311,\n    \"42\": 0,\n    \"43\": 0.00311,\n    \"44\": 0,\n    \"45\": 0.00311,\n    \"46\": 0.00311,\n    \"47\": 0.00623,\n    \"48\": 0.00311,\n    \"49\": 0.00311,\n    \"50\": 0.00311,\n    \"51\": 0,\n    \"52\": 0.01868,\n    \"53\": 0,\n    \"54\": 0,\n    \"55\": 0,\n    \"56\": 0.00311,\n    \"57\": 0.00311,\n    \"58\": 0.01246,\n    \"59\": 0.00934,\n    \"60\": 0.00311,\n    \"61\": 0.06851,\n    \"62\": 0.00311,\n    \"63\": 0.00311,\n    \"64\": 0.00311,\n    \"65\": 0.00311,\n    \"66\": 0.00311,\n    \"67\": 0.00623,\n    \"68\": 0.06851,\n    \"69\": 0.00934,\n    \"70\": 0,\n    \"71\": 0.00311,\n    \"72\": 0.01557,\n    \"73\": 0,\n    \"74\": 0,\n    \"75\": 0.00311,\n    \"76\": 0,\n    \"77\": 0.00311,\n    \"78\": 0.04671,\n    \"79\": 0.00311,\n    \"80\": 0.00934,\n    \"81\": 0.03737,\n    \"82\": 0.03425,\n    \"83\": 0.61346,\n    \"84\": 0.31451,\n    \"85\": 0.03425,\n    \"86\": 0,\n    \"3.5\": 0,\n    \"3.6\": 0\n  },\n  D: {\n    \"4\": 0,\n    \"5\": 0,\n    \"6\": 0,\n    \"7\": 0,\n    \"8\": 0,\n    \"9\": 0,\n    \"10\": 0,\n    \"11\": 0.00311,\n    \"12\": 0,\n    \"13\": 0,\n    \"14\": 0,\n    \"15\": 0,\n    \"16\": 0,\n    \"17\": 0,\n    \"18\": 0,\n    \"19\": 0,\n    \"20\": 0,\n    \"21\": 0,\n    \"22\": 0,\n    \"23\": 0.00311,\n    \"24\": 0.01557,\n    \"25\": 0.00311,\n    \"26\": 0,\n    \"27\": 0,\n    \"28\": 0,\n    \"29\": 0,\n    \"30\": 0,\n    \"31\": 0,\n    \"32\": 0.00311,\n    \"33\": 0,\n    \"34\": 0,\n    \"35\": 0,\n    \"36\": 0.00311,\n    \"37\": 0,\n    \"38\": 0,\n    \"39\": 0.00311,\n    \"40\": 0.01557,\n    \"41\": 0,\n    \"42\": 0,\n    \"43\": 0.00623,\n    \"44\": 0,\n    \"45\": 0,\n    \"46\": 0.00934,\n    \"47\": 0,\n    \"48\": 0.00311,\n    \"49\": 0.00623,\n    \"50\": 0.00311,\n    \"51\": 0,\n    \"52\": 0,\n    \"53\": 0,\n    \"54\": 0,\n    \"55\": 0.01868,\n    \"56\": 0,\n    \"57\": 0,\n    \"58\": 0.00311,\n    \"59\": 0.00623,\n    \"60\": 0.00623,\n    \"61\": 0.01557,\n    \"62\": 0,\n    \"63\": 0.0218,\n    \"64\": 0.01868,\n    \"65\": 0.00311,\n    \"66\": 0,\n    \"67\": 0.00311,\n    \"68\": 0.00623,\n    \"69\": 0.00934,\n    \"70\": 0.01246,\n    \"71\": 0.00934,\n    \"72\": 0.00311,\n    \"73\": 0.00311,\n    \"74\": 0.00311,\n    \"75\": 0.00623,\n    \"76\": 0.00623,\n    \"77\": 0.00623,\n    \"78\": 0.00623,\n    \"79\": 0.02803,\n    \"80\": 0.07162,\n    \"81\": 0.01868,\n    \"83\": 0.01557,\n    \"84\": 0.03425,\n    \"85\": 0.07474,\n    \"86\": 0.83455,\n    \"87\": 3.68698,\n    \"88\": 0.00311,\n    \"89\": 0.00623,\n    \"90\": 0\n  },\n  F: {\n    \"9\": 0,\n    \"11\": 0,\n    \"12\": 0,\n    \"15\": 0,\n    \"16\": 0.00623,\n    \"17\": 0,\n    \"18\": 0.00934,\n    \"19\": 0,\n    \"20\": 0.00311,\n    \"21\": 0.00311,\n    \"22\": 0,\n    \"23\": 0.00311,\n    \"24\": 0.00934,\n    \"25\": 0.00311,\n    \"26\": 0.06851,\n    \"27\": 0.01557,\n    \"28\": 0.13079,\n    \"29\": 0.00311,\n    \"30\": 0.07785,\n    \"31\": 0.00311,\n    \"32\": 0.05917,\n    \"33\": 0.06539,\n    \"34\": 0.00311,\n    \"35\": 0.04671,\n    \"36\": 0.00311,\n    \"37\": 0.00934,\n    \"38\": 0.03114,\n    \"39\": 0,\n    \"40\": 0,\n    \"41\": 0,\n    \"42\": 0.04671,\n    \"43\": 0,\n    \"44\": 0.00623,\n    \"45\": 0.00934,\n    \"46\": 0.03425,\n    \"47\": 0.03114,\n    \"48\": 0,\n    \"49\": 0,\n    \"50\": 0.09653,\n    \"51\": 0.34877,\n    \"52\": 0,\n    \"53\": 0.00623,\n    \"54\": 0.00311,\n    \"55\": 0,\n    \"56\": 0,\n    \"57\": 0,\n    \"58\": 0,\n    \"60\": 0.00934,\n    \"62\": 0,\n    \"63\": 0,\n    \"64\": 0.00311,\n    \"65\": 0,\n    \"66\": 0,\n    \"67\": 0,\n    \"68\": 0.00311,\n    \"69\": 0.00311,\n    \"70\": 0.01868,\n    \"71\": 0.01557,\n    \"72\": 0.25846,\n    \"9.5-9.6\": 0,\n    \"10.0-10.1\": 0,\n    \"10.5\": 0,\n    \"10.6\": 0,\n    \"11.1\": 0,\n    \"11.5\": 0,\n    \"11.6\": 0,\n    \"12.1\": 0.11522\n  },\n  E: {\n    \"4\": 0,\n    \"5\": 0,\n    \"6\": 0,\n    \"7\": 0,\n    \"8\": 0,\n    \"9\": 0,\n    \"10\": 0,\n    \"11\": 0,\n    \"12\": 0.00311,\n    \"13\": 0.00623,\n    \"14\": 0.08408,\n    _: \"0\",\n    \"3.1\": 0,\n    \"3.2\": 0,\n    \"5.1\": 0.13079,\n    \"6.1\": 0,\n    \"7.1\": 0,\n    \"9.1\": 0.00311,\n    \"10.1\": 0,\n    \"11.1\": 0.00934,\n    \"12.1\": 0.00934,\n    \"13.1\": 0.02803\n  },\n  G: {\n    \"8\": 0,\n    \"3.2\": 0.00112,\n    \"4.0-4.1\": 0,\n    \"4.2-4.3\": 0.00224,\n    \"5.0-5.1\": 0.00261,\n    \"6.0-6.1\": 0.01006,\n    \"7.0-7.1\": 0.03912,\n    \"8.1-8.4\": 0.00522,\n    \"9.0-9.2\": 0.00447,\n    \"9.3\": 0.038,\n    \"10.0-10.2\": 0.01229,\n    \"10.3\": 0.05886,\n    \"11.0-11.2\": 0.01229,\n    \"11.3-11.4\": 0.03017,\n    \"12.0-12.1\": 0.04098,\n    \"12.2-12.4\": 0.54053,\n    \"13.0-13.1\": 0.06221,\n    \"13.2\": 0.05923,\n    \"13.3\": 0.10393,\n    \"13.4-13.7\": 0.64,\n    \"14.0-14.3\": 2.04703\n  },\n  B: {\n    \"12\": 0.02803,\n    \"13\": 0.02491,\n    \"14\": 0.01246,\n    \"15\": 0.0218,\n    \"16\": 0.0218,\n    \"17\": 0.05917,\n    \"18\": 0.1557,\n    \"79\": 0,\n    \"80\": 0,\n    \"81\": 0.00311,\n    \"83\": 0.00311,\n    \"84\": 0.01246,\n    \"85\": 0.04048,\n    \"86\": 0.04048,\n    \"87\": 0.63214\n  },\n  I: {\n    \"3\": 0,\n    \"4\": 0.00381,\n    \"81\": 0,\n    \"2.1\": 0,\n    \"2.2\": 0,\n    \"2.3\": 0,\n    \"4.1\": 0.0099,\n    \"4.2-4.3\": 0.01827,\n    \"4.4\": 0,\n    \"4.4.3-4.4.4\": 0.3136\n  },\n  P: {\n    \"4\": 0.74331,\n    \"5.0-5.4\": 0.31565,\n    \"6.2-6.4\": 0.04073,\n    \"7.2-7.4\": 0.15273,\n    \"8.2\": 0.02036,\n    \"9.2\": 0.12219,\n    \"10.1\": 0.13237,\n    \"11.1-11.2\": 0.14255,\n    \"12.0\": 0.83495,\n    \"13.0\": 1.55789\n  },\n  K: {\n    _: \"0 10 11 12 11.1 11.5 12.1\"\n  },\n  A: {\n    \"6\": 0,\n    \"7\": 0,\n    \"8\": 0.01287,\n    \"9\": 0.04183,\n    \"10\": 0.00644,\n    \"11\": 0.13193,\n    \"5.5\": 0\n  },\n  N: {\n    \"10\": 0,\n    \"11\": 0.0482\n  },\n  J: {\n    \"7\": 0,\n    \"10\": 0.17215\n  },\n  O: {\n    \"0\": 6.96175\n  },\n  H: {\n    \"0\": 12.38\n  },\n  L: {\n    \"0\": 54.41922\n  },\n  S: {\n    \"2.5\": 0.10329\n  },\n  R: {\n    _: \"0\"\n  },\n  M: {\n    \"0\": 0.33053\n  },\n  Q: {\n    \"10.4\": 0.30298\n  }\n};","map":{"version":3,"sources":["/Users/bruceseymour/ra-video/client/node_modules/caniuse-lite/data/regions/MW.js"],"names":["module","exports","C","D","F","E","_","G","B","I","P","K","A","N","J","O","H","L","S","R","M","Q"],