{"ast":null,"code":"module.exports = {\n  C: {\n    \"2\": 0,\n    \"3\": 0.00422,\n    \"4\": 0,\n    \"5\": 0,\n    \"6\": 0,\n    \"7\": 0,\n    \"8\": 0,\n    \"9\": 0,\n    \"10\": 0,\n    \"11\": 0,\n    \"12\": 0,\n    \"13\": 0,\n    \"14\": 0,\n    \"15\": 0,\n    \"16\": 0,\n    \"17\": 0,\n    \"18\": 0,\n    \"19\": 0,\n    \"20\": 0,\n    \"21\": 0,\n    \"22\": 0,\n    \"23\": 0,\n    \"24\": 0.00422,\n    \"25\": 0.00422,\n    \"26\": 0.01265,\n    \"27\": 0.00422,\n    \"28\": 0,\n    \"29\": 0,\n    \"30\": 0.00422,\n    \"31\": 0,\n    \"32\": 0,\n    \"33\": 0,\n    \"34\": 0,\n    \"35\": 0,\n    \"36\": 0.00422,\n    \"37\": 0,\n    \"38\": 0,\n    \"39\": 0,\n    \"40\": 0,\n    \"41\": 0,\n    \"42\": 0,\n    \"43\": 0,\n    \"44\": 0,\n    \"45\": 0.00422,\n    \"46\": 0,\n    \"47\": 0,\n    \"48\": 0,\n    \"49\": 0,\n    \"50\": 0,\n    \"51\": 0,\n    \"52\": 0.01686,\n    \"53\": 0,\n    \"54\": 0,\n    \"55\": 0.00422,\n    \"56\": 0.01686,\n    \"57\": 0,\n    \"58\": 0,\n    \"59\": 0,\n    \"60\": 0,\n    \"61\": 0,\n    \"62\": 0,\n    \"63\": 0,\n    \"64\": 0,\n    \"65\": 0,\n    \"66\": 0,\n    \"67\": 0,\n    \"68\": 0.00843,\n    \"69\": 0,\n    \"70\": 0,\n    \"71\": 0,\n    \"72\": 0,\n    \"73\": 0,\n    \"74\": 0,\n    \"75\": 0,\n    \"76\": 0,\n    \"77\": 0,\n    \"78\": 0.01686,\n    \"79\": 0.08009,\n    \"80\": 0.01686,\n    \"81\": 0.00843,\n    \"82\": 0.02529,\n    \"83\": 0.37935,\n    \"84\": 0.29084,\n    \"85\": 0.00422,\n    \"86\": 0,\n    \"3.5\": 0,\n    \"3.6\": 0\n  },\n  D: {\n    \"4\": 0,\n    \"5\": 0,\n    \"6\": 0,\n    \"7\": 0,\n    \"8\": 0,\n    \"9\": 0,\n    \"10\": 0,\n    \"11\": 0,\n    \"12\": 0,\n    \"13\": 0,\n    \"14\": 0,\n    \"15\": 0,\n    \"16\": 0,\n    \"17\": 0,\n    \"18\": 0,\n    \"19\": 0,\n    \"20\": 0,\n    \"21\": 0,\n    \"22\": 0.00422,\n    \"23\": 0,\n    \"24\": 0,\n    \"25\": 0,\n    \"26\": 0,\n    \"27\": 0,\n    \"28\": 0,\n    \"29\": 0,\n    \"30\": 0,\n    \"31\": 0.02108,\n    \"32\": 0.00422,\n    \"33\": 0,\n    \"34\": 0,\n    \"35\": 0,\n    \"36\": 0,\n    \"37\": 0,\n    \"38\": 0.01265,\n    \"39\": 0,\n    \"40\": 0.00422,\n    \"41\": 0.00422,\n    \"42\": 0,\n    \"43\": 0,\n    \"44\": 0,\n    \"45\": 0,\n    \"46\": 0,\n    \"47\": 0,\n    \"48\": 0,\n    \"49\": 0.06323,\n    \"50\": 0,\n    \"51\": 0,\n    \"52\": 0,\n    \"53\": 0.01686,\n    \"54\": 0,\n    \"55\": 0,\n    \"56\": 0.00422,\n    \"57\": 0.00422,\n    \"58\": 0,\n    \"59\": 0,\n    \"60\": 0.00843,\n    \"61\": 0.01265,\n    \"62\": 0.00422,\n    \"63\": 0.00422,\n    \"64\": 0,\n    \"65\": 0.00422,\n    \"66\": 0.00422,\n    \"67\": 0.00843,\n    \"68\": 0.00843,\n    \"69\": 0.00422,\n    \"70\": 0.01265,\n    \"71\": 0.03372,\n    \"72\": 0.00843,\n    \"73\": 0.01686,\n    \"74\": 0.01265,\n    \"75\": 0.01686,\n    \"76\": 0.00843,\n    \"77\": 0.00843,\n    \"78\": 0.01686,\n    \"79\": 0.02529,\n    \"80\": 0.07587,\n    \"81\": 0.03372,\n    \"83\": 0.02951,\n    \"84\": 0.05901,\n    \"85\": 0.09273,\n    \"86\": 1.99791,\n    \"87\": 11.31306,\n    \"88\": 0.01265,\n    \"89\": 0.00422,\n    \"90\": 0\n  },\n  F: {\n    \"9\": 0,\n    \"11\": 0,\n    \"12\": 0,\n    \"15\": 0,\n    \"16\": 0,\n    \"17\": 0,\n    \"18\": 0,\n    \"19\": 0,\n    \"20\": 0,\n    \"21\": 0,\n    \"22\": 0,\n    \"23\": 0,\n    \"24\": 0,\n    \"25\": 0,\n    \"26\": 0,\n    \"27\": 0,\n    \"28\": 0,\n    \"29\": 0,\n    \"30\": 0,\n    \"31\": 0,\n    \"32\": 0,\n    \"33\": 0,\n    \"34\": 0,\n    \"35\": 0,\n    \"36\": 0,\n    \"37\": 0,\n    \"38\": 0,\n    \"39\": 0,\n    \"40\": 0,\n    \"41\": 0,\n    \"42\": 0,\n    \"43\": 0,\n    \"44\": 0,\n    \"45\": 0,\n    \"46\": 0,\n    \"47\": 0,\n    \"48\": 0,\n    \"49\": 0,\n    \"50\": 0,\n    \"51\": 0,\n    \"52\": 0,\n    \"53\": 0,\n    \"54\": 0,\n    \"55\": 0,\n    \"56\": 0,\n    \"57\": 0,\n    \"58\": 0,\n    \"60\": 0,\n    \"62\": 0,\n    \"63\": 0,\n    \"64\": 0,\n    \"65\": 0,\n    \"66\": 0,\n    \"67\": 0,\n    \"68\": 0,\n    \"69\": 0,\n    \"70\": 0,\n    \"71\": 0.03794,\n    \"72\": 0.14753,\n    \"9.5-9.6\": 0,\n    \"10.0-10.1\": 0,\n    \"10.5\": 0,\n    \"10.6\": 0,\n    \"11.1\": 0,\n    \"11.5\": 0,\n    \"11.6\": 0,\n    \"12.1\": 0.01686\n  },\n  E: {\n    \"4\": 0,\n    \"5\": 0,\n    \"6\": 0,\n    \"7\": 0.00422,\n    \"8\": 0.0548,\n    \"9\": 0,\n    \"10\": 0,\n    \"11\": 0,\n    \"12\": 0.00422,\n    \"13\": 0.02529,\n    \"14\": 0.4215,\n    _: \"0\",\n    \"3.1\": 0,\n    \"3.2\": 0,\n    \"5.1\": 0.01265,\n    \"6.1\": 0.00422,\n    \"7.1\": 0,\n    \"9.1\": 0,\n    \"10.1\": 0.00422,\n    \"11.1\": 0.01265,\n    \"12.1\": 0.01265,\n    \"13.1\": 0.10116\n  },\n  G: {\n    \"8\": 0.00713,\n    \"3.2\": 0.00535,\n    \"4.0-4.1\": 0,\n    \"4.2-4.3\": 0,\n    \"5.0-5.1\": 0.00891,\n    \"6.0-6.1\": 0.01247,\n    \"7.0-7.1\": 0.06237,\n    \"8.1-8.4\": 0.03029,\n    \"9.0-9.2\": 0.01604,\n    \"9.3\": 0.20137,\n    \"10.0-10.2\": 0.04099,\n    \"10.3\": 0.18889,\n    \"11.0-11.2\": 0.09979,\n    \"11.3-11.4\": 0.14256,\n    \"12.0-12.1\": 0.14256,\n    \"12.2-12.4\": 1.05673,\n    \"13.0-13.1\": 0.12296,\n    \"13.2\": 0.05702,\n    \"13.3\": 0.40808,\n    \"13.4-13.7\": 2.08674,\n    \"14.0-14.3\": 13.11206\n  },\n  B: {\n    \"12\": 0,\n    \"13\": 0,\n    \"14\": 0.00422,\n    \"15\": 0.00422,\n    \"16\": 0.00422,\n    \"17\": 0.00843,\n    \"18\": 0.04637,\n    \"79\": 0,\n    \"80\": 0,\n    \"81\": 0,\n    \"83\": 0,\n    \"84\": 0.00422,\n    \"85\": 0.00422,\n    \"86\": 0.03794,\n    \"87\": 0.83036\n  },\n  I: {\n    \"3\": 0,\n    \"4\": 0,\n    \"81\": 0,\n    \"2.1\": 0,\n    \"2.2\": 0,\n    \"2.3\": 0,\n    \"4.1\": 0.00624,\n    \"4.2-4.3\": 0.01716,\n    \"4.4\": 0,\n    \"4.4.3-4.4.4\": 0.10296\n  },\n  P: {\n    \"4\": 0.08176,\n    \"5.0-5.4\": 0.01022,\n    \"6.2-6.4\": 0.01022,\n    \"7.2-7.4\": 0.06132,\n    \"8.2\": 0.03066,\n    \"9.2\": 0.27594,\n    \"10.1\": 0.13286,\n    \"11.1-11.2\": 0.3577,\n    \"12.0\": 0.88913,\n    \"13.0\": 5.06906\n  },\n  K: {\n    _: \"0 10 11 12 11.1 11.5 12.1\"\n  },\n  A: {\n    \"6\": 0,\n    \"7\": 0,\n    \"8\": 0,\n    \"9\": 0.00426,\n    \"10\": 0.00426,\n    \"11\": 0.38347,\n    \"5.5\": 0\n  },\n  N: {\n    \"10\": 0,\n    \"11\": 0\n  },\n  J: {\n    \"7\": 0,\n    \"10\": 0\n  },\n  O: {\n    \"0\": 0.07521\n  },\n  H: {\n    \"0\": 0.20264\n  },\n  L: {\n    \"0\": 54.0322\n  },\n  S: {\n    \"2.5\": 0\n  },\n  R: {\n    _: \"0\"\n  },\n  M: {\n    \"0\": 0.16777\n  },\n  Q: {\n    \"10.4\": 0.00579\n  }\n};","map":{"version":3,"sources":["/Users/bruceseymour/ra-video/client/node_modules/caniuse-lite/data/regions/IL.js"],"names":["module","exports","C","D","F","E","_","G","B","I","P","K","A","N","J","O","H","L","S","R","M","Q"],