{"ast":null,"code":"module.exports = {\n  C: {\n    \"2\": 0,\n    \"3\": 0,\n    \"4\": 0,\n    \"5\": 0,\n    \"6\": 0,\n    \"7\": 0,\n    \"8\": 0,\n    \"9\": 0,\n    \"10\": 0,\n    \"11\": 0,\n    \"12\": 0,\n    \"13\": 0,\n    \"14\": 0,\n    \"15\": 0,\n    \"16\": 0,\n    \"17\": 0,\n    \"18\": 0,\n    \"19\": 0,\n    \"20\": 0,\n    \"21\": 0,\n    \"22\": 0,\n    \"23\": 0,\n    \"24\": 0,\n    \"25\": 0,\n    \"26\": 0,\n    \"27\": 0,\n    \"28\": 0,\n    \"29\": 0,\n    \"30\": 0,\n    \"31\": 0,\n    \"32\": 0,\n    \"33\": 0,\n    \"34\": 0,\n    \"35\": 0,\n    \"36\": 0,\n    \"37\": 0,\n    \"38\": 0,\n    \"39\": 0,\n    \"40\": 0,\n    \"41\": 0,\n    \"42\": 0,\n    \"43\": 0,\n    \"44\": 0,\n    \"45\": 0,\n    \"46\": 0,\n    \"47\": 0,\n    \"48\": 0,\n    \"49\": 0,\n    \"50\": 0.00933,\n    \"51\": 0,\n    \"52\": 0.00933,\n    \"53\": 0,\n    \"54\": 0,\n    \"55\": 0,\n    \"56\": 0.00467,\n    \"57\": 0,\n    \"58\": 0.00933,\n    \"59\": 0,\n    \"60\": 0,\n    \"61\": 0,\n    \"62\": 0,\n    \"63\": 0,\n    \"64\": 0,\n    \"65\": 0.00467,\n    \"66\": 0.028,\n    \"67\": 0,\n    \"68\": 0.00933,\n    \"69\": 0,\n    \"70\": 0,\n    \"71\": 0,\n    \"72\": 0.00467,\n    \"73\": 0.00467,\n    \"74\": 0,\n    \"75\": 0.00467,\n    \"76\": 0,\n    \"77\": 0.00467,\n    \"78\": 0.028,\n    \"79\": 0.00467,\n    \"80\": 0.00467,\n    \"81\": 0.00933,\n    \"82\": 0.02333,\n    \"83\": 0.49926,\n    \"84\": 0.26596,\n    \"85\": 0.00467,\n    \"86\": 0,\n    \"3.5\": 0,\n    \"3.6\": 0\n  },\n  D: {\n    \"4\": 0,\n    \"5\": 0,\n    \"6\": 0,\n    \"7\": 0,\n    \"8\": 0,\n    \"9\": 0,\n    \"10\": 0,\n    \"11\": 0,\n    \"12\": 0,\n    \"13\": 0,\n    \"14\": 0,\n    \"15\": 0,\n    \"16\": 0,\n    \"17\": 0,\n    \"18\": 0,\n    \"19\": 0,\n    \"20\": 0,\n    \"21\": 0,\n    \"22\": 0.00467,\n    \"23\": 0,\n    \"24\": 0,\n    \"25\": 0,\n    \"26\": 0.00467,\n    \"27\": 0,\n    \"28\": 0,\n    \"29\": 0,\n    \"30\": 0,\n    \"31\": 0,\n    \"32\": 0,\n    \"33\": 0,\n    \"34\": 0,\n    \"35\": 0,\n    \"36\": 0,\n    \"37\": 0,\n    \"38\": 0.014,\n    \"39\": 0,\n    \"40\": 0,\n    \"41\": 0,\n    \"42\": 0.00467,\n    \"43\": 0,\n    \"44\": 0,\n    \"45\": 0,\n    \"46\": 0,\n    \"47\": 0.00467,\n    \"48\": 0.00467,\n    \"49\": 0.05133,\n    \"50\": 0,\n    \"51\": 0,\n    \"52\": 0,\n    \"53\": 0.01866,\n    \"54\": 0,\n    \"55\": 0,\n    \"56\": 0,\n    \"57\": 0,\n    \"58\": 0.00467,\n    \"59\": 0.00467,\n    \"60\": 0,\n    \"61\": 0,\n    \"62\": 0.00467,\n    \"63\": 0.00933,\n    \"64\": 0,\n    \"65\": 0.014,\n    \"66\": 0.00467,\n    \"67\": 0.00933,\n    \"68\": 0.00933,\n    \"69\": 0.00933,\n    \"70\": 0.02333,\n    \"71\": 0.03266,\n    \"72\": 0.02333,\n    \"73\": 0.01866,\n    \"74\": 0.014,\n    \"75\": 0.01866,\n    \"76\": 0.014,\n    \"77\": 0.014,\n    \"78\": 0.01866,\n    \"79\": 0.03266,\n    \"80\": 0.06999,\n    \"81\": 0.04199,\n    \"83\": 0.05599,\n    \"84\": 0.12132,\n    \"85\": 0.14465,\n    \"86\": 2.98624,\n    \"87\": 13.90001,\n    \"88\": 0.00933,\n    \"89\": 0.00933,\n    \"90\": 0\n  },\n  F: {\n    \"9\": 0,\n    \"11\": 0,\n    \"12\": 0,\n    \"15\": 0,\n    \"16\": 0,\n    \"17\": 0,\n    \"18\": 0,\n    \"19\": 0,\n    \"20\": 0,\n    \"21\": 0,\n    \"22\": 0,\n    \"23\": 0,\n    \"24\": 0,\n    \"25\": 0,\n    \"26\": 0,\n    \"27\": 0,\n    \"28\": 0,\n    \"29\": 0,\n    \"30\": 0,\n    \"31\": 0,\n    \"32\": 0,\n    \"33\": 0,\n    \"34\": 0,\n    \"35\": 0,\n    \"36\": 0,\n    \"37\": 0,\n    \"38\": 0,\n    \"39\": 0,\n    \"40\": 0,\n    \"41\": 0,\n    \"42\": 0,\n    \"43\": 0,\n    \"44\": 0,\n    \"45\": 0,\n    \"46\": 0,\n    \"47\": 0,\n    \"48\": 0,\n    \"49\": 0,\n    \"50\": 0,\n    \"51\": 0,\n    \"52\": 0,\n    \"53\": 0,\n    \"54\": 0,\n    \"55\": 0,\n    \"56\": 0,\n    \"57\": 0,\n    \"58\": 0.00467,\n    \"60\": 0,\n    \"62\": 0,\n    \"63\": 0,\n    \"64\": 0,\n    \"65\": 0,\n    \"66\": 0,\n    \"67\": 0,\n    \"68\": 0,\n    \"69\": 0,\n    \"70\": 0,\n    \"71\": 0.2333,\n    \"72\": 0.38728,\n    \"9.5-9.6\": 0,\n    \"10.0-10.1\": 0,\n    \"10.5\": 0,\n    \"10.6\": 0,\n    \"11.1\": 0,\n    \"11.5\": 0,\n    \"11.6\": 0.00467,\n    \"12.1\": 0.00467\n  },\n  E: {\n    \"4\": 0,\n    \"5\": 0,\n    \"6\": 0,\n    \"7\": 0,\n    \"8\": 0,\n    \"9\": 0,\n    \"10\": 0,\n    \"11\": 0,\n    \"12\": 0.00467,\n    \"13\": 0.03266,\n    \"14\": 0.40594,\n    _: \"0\",\n    \"3.1\": 0,\n    \"3.2\": 0,\n    \"5.1\": 0,\n    \"6.1\": 0,\n    \"7.1\": 0,\n    \"9.1\": 0,\n    \"10.1\": 0.00467,\n    \"11.1\": 0.00933,\n    \"12.1\": 0.028,\n    \"13.1\": 0.14931\n  },\n  G: {\n    \"8\": 0,\n    \"3.2\": 0.00221,\n    \"4.0-4.1\": 0,\n    \"4.2-4.3\": 0,\n    \"5.0-5.1\": 0.00589,\n    \"6.0-6.1\": 0.00589,\n    \"7.0-7.1\": 0.02134,\n    \"8.1-8.4\": 0.00736,\n    \"9.0-9.2\": 0.00662,\n    \"9.3\": 0.15891,\n    \"10.0-10.2\": 0.01104,\n    \"10.3\": 0.10005,\n    \"11.0-11.2\": 0.0206,\n    \"11.3-11.4\": 0.04267,\n    \"12.0-12.1\": 0.03163,\n    \"12.2-12.4\": 0.74599,\n    \"13.0-13.1\": 0.02649,\n    \"13.2\": 0.0103,\n    \"13.3\": 0.14125,\n    \"13.4-13.7\": 0.80264,\n    \"14.0-14.3\": 5.194\n  },\n  B: {\n    \"12\": 0,\n    \"13\": 0,\n    \"14\": 0,\n    \"15\": 0.00467,\n    \"16\": 0.00467,\n    \"17\": 0.00467,\n    \"18\": 0.03266,\n    \"79\": 0,\n    \"80\": 0,\n    \"81\": 0,\n    \"83\": 0,\n    \"84\": 0.00467,\n    \"85\": 0.00467,\n    \"86\": 0.014,\n    \"87\": 0.88654\n  },\n  I: {\n    \"3\": 0,\n    \"4\": 0.00223,\n    \"81\": 0,\n    \"2.1\": 0,\n    \"2.2\": 0.0078,\n    \"2.3\": 0,\n    \"4.1\": 0.01003,\n    \"4.2-4.3\": 0.03232,\n    \"4.4\": 0,\n    \"4.4.3-4.4.4\": 0.17162\n  },\n  P: {\n    \"4\": 0.20596,\n    \"5.0-5.4\": 0,\n    \"6.2-6.4\": 0.0103,\n    \"7.2-7.4\": 0.07209,\n    \"8.2\": 0,\n    \"9.2\": 0.04119,\n    \"10.1\": 0.0206,\n    \"11.1-11.2\": 0.11328,\n    \"12.0\": 0.20596,\n    \"13.0\": 1.11219\n  },\n  K: {\n    _: \"0 10 11 12 11.1 11.5 12.1\"\n  },\n  A: {\n    \"6\": 0,\n    \"7\": 0,\n    \"8\": 0.00467,\n    \"9\": 0,\n    \"10\": 0.00467,\n    \"11\": 0.11198,\n    \"5.5\": 0\n  },\n  N: {\n    \"10\": 0,\n    \"11\": 0\n  },\n  J: {\n    \"7\": 0,\n    \"10\": 0.00533\n  },\n  O: {\n    \"0\": 0.07468\n  },\n  H: {\n    \"0\": 0.14645\n  },\n  L: {\n    \"0\": 67.88336\n  },\n  S: {\n    \"2.5\": 0\n  },\n  R: {\n    _: \"0\"\n  },\n  M: {\n    \"0\": 0.13868\n  },\n  Q: {\n    \"10.4\": 0\n  }\n};","map":{"version":3,"sources":["/Users/bruceseymour/ra-video/client/node_modules/caniuse-lite/data/regions/CO.js"],"names":["module","exports","C","D","F","E","_","G","B","I","P","K","A","N","J","O","H","L","S","R","M","Q"],