{"ast":null,"code":"module.exports = {\n  C: {\n    \"2\": 0,\n    \"3\": 0,\n    \"4\": 0,\n    \"5\": 0,\n    \"6\": 0,\n    \"7\": 0,\n    \"8\": 0,\n    \"9\": 0,\n    \"10\": 0,\n    \"11\": 0,\n    \"12\": 0,\n    \"13\": 0,\n    \"14\": 0,\n    \"15\": 0,\n    \"16\": 0,\n    \"17\": 0,\n    \"18\": 0,\n    \"19\": 0,\n    \"20\": 0,\n    \"21\": 0,\n    \"22\": 0,\n    \"23\": 0,\n    \"24\": 0,\n    \"25\": 0,\n    \"26\": 0,\n    \"27\": 0,\n    \"28\": 0,\n    \"29\": 0,\n    \"30\": 0.00232,\n    \"31\": 0,\n    \"32\": 0.00232,\n    \"33\": 0,\n    \"34\": 0.00232,\n    \"35\": 0.00696,\n    \"36\": 0,\n    \"37\": 0,\n    \"38\": 0,\n    \"39\": 0,\n    \"40\": 0,\n    \"41\": 0,\n    \"42\": 0,\n    \"43\": 0.00232,\n    \"44\": 0,\n    \"45\": 0.00232,\n    \"46\": 0,\n    \"47\": 0.00232,\n    \"48\": 0.00232,\n    \"49\": 0,\n    \"50\": 0,\n    \"51\": 0.00232,\n    \"52\": 0.00464,\n    \"53\": 0.00232,\n    \"54\": 0,\n    \"55\": 0,\n    \"56\": 0.00232,\n    \"57\": 0,\n    \"58\": 0,\n    \"59\": 0,\n    \"60\": 0.00232,\n    \"61\": 0,\n    \"62\": 0,\n    \"63\": 0.00232,\n    \"64\": 0.00232,\n    \"65\": 0,\n    \"66\": 0.00232,\n    \"67\": 0.00232,\n    \"68\": 0.00928,\n    \"69\": 0,\n    \"70\": 0.00464,\n    \"71\": 0,\n    \"72\": 0.00464,\n    \"73\": 0,\n    \"74\": 0,\n    \"75\": 0.00232,\n    \"76\": 0.00232,\n    \"77\": 0,\n    \"78\": 0.03482,\n    \"79\": 0.00232,\n    \"80\": 0.00464,\n    \"81\": 0.00928,\n    \"82\": 0.01625,\n    \"83\": 0.33655,\n    \"84\": 0.21121,\n    \"85\": 0.00232,\n    \"86\": 0,\n    \"3.5\": 0,\n    \"3.6\": 0\n  },\n  D: {\n    \"4\": 0,\n    \"5\": 0,\n    \"6\": 0,\n    \"7\": 0,\n    \"8\": 0,\n    \"9\": 0,\n    \"10\": 0,\n    \"11\": 0,\n    \"12\": 0,\n    \"13\": 0,\n    \"14\": 0,\n    \"15\": 0,\n    \"16\": 0,\n    \"17\": 0,\n    \"18\": 0,\n    \"19\": 0,\n    \"20\": 0,\n    \"21\": 0,\n    \"22\": 0,\n    \"23\": 0,\n    \"24\": 0,\n    \"25\": 0.00232,\n    \"26\": 0,\n    \"27\": 0,\n    \"28\": 0,\n    \"29\": 0,\n    \"30\": 0,\n    \"31\": 0,\n    \"32\": 0.00464,\n    \"33\": 0.00232,\n    \"34\": 0,\n    \"35\": 0,\n    \"36\": 0,\n    \"37\": 0,\n    \"38\": 0,\n    \"39\": 0,\n    \"40\": 0.00696,\n    \"41\": 0,\n    \"42\": 0,\n    \"43\": 0,\n    \"44\": 0,\n    \"45\": 0,\n    \"46\": 0,\n    \"47\": 0,\n    \"48\": 0,\n    \"49\": 0.02553,\n    \"50\": 0,\n    \"51\": 0,\n    \"52\": 0,\n    \"53\": 0,\n    \"54\": 0,\n    \"55\": 0.00232,\n    \"56\": 0.00464,\n    \"57\": 0,\n    \"58\": 0,\n    \"59\": 0,\n    \"60\": 0.00232,\n    \"61\": 0.00696,\n    \"62\": 0,\n    \"63\": 0.00464,\n    \"64\": 0.00464,\n    \"65\": 0.00464,\n    \"66\": 0,\n    \"67\": 0.01161,\n    \"68\": 0.00232,\n    \"69\": 0.01393,\n    \"70\": 0.00464,\n    \"71\": 0.00232,\n    \"72\": 0.00464,\n    \"73\": 0.00464,\n    \"74\": 0.01393,\n    \"75\": 0.00464,\n    \"76\": 0.01161,\n    \"77\": 0.00232,\n    \"78\": 0.00464,\n    \"79\": 0.01161,\n    \"80\": 0.03017,\n    \"81\": 0.02321,\n    \"83\": 0.01393,\n    \"84\": 0.01625,\n    \"85\": 0.02553,\n    \"86\": 0.42706,\n    \"87\": 2.33957,\n    \"88\": 0.00232,\n    \"89\": 0.00232,\n    \"90\": 0\n  },\n  F: {\n    \"9\": 0,\n    \"11\": 0,\n    \"12\": 0,\n    \"15\": 0,\n    \"16\": 0,\n    \"17\": 0,\n    \"18\": 0,\n    \"19\": 0,\n    \"20\": 0,\n    \"21\": 0,\n    \"22\": 0,\n    \"23\": 0,\n    \"24\": 0,\n    \"25\": 0,\n    \"26\": 0,\n    \"27\": 0,\n    \"28\": 0,\n    \"29\": 0,\n    \"30\": 0.00232,\n    \"31\": 0,\n    \"32\": 0,\n    \"33\": 0,\n    \"34\": 0,\n    \"35\": 0,\n    \"36\": 0,\n    \"37\": 0,\n    \"38\": 0,\n    \"39\": 0,\n    \"40\": 0,\n    \"41\": 0,\n    \"42\": 0,\n    \"43\": 0,\n    \"44\": 0,\n    \"45\": 0,\n    \"46\": 0,\n    \"47\": 0,\n    \"48\": 0,\n    \"49\": 0,\n    \"50\": 0.00232,\n    \"51\": 0.00696,\n    \"52\": 0,\n    \"53\": 0,\n    \"54\": 0,\n    \"55\": 0,\n    \"56\": 0,\n    \"57\": 0,\n    \"58\": 0,\n    \"60\": 0,\n    \"62\": 0,\n    \"63\": 0,\n    \"64\": 0,\n    \"65\": 0,\n    \"66\": 0,\n    \"67\": 0,\n    \"68\": 0,\n    \"69\": 0,\n    \"70\": 0,\n    \"71\": 0.00464,\n    \"72\": 0.09516,\n    \"9.5-9.6\": 0,\n    \"10.0-10.1\": 0,\n    \"10.5\": 0,\n    \"10.6\": 0,\n    \"11.1\": 0,\n    \"11.5\": 0,\n    \"11.6\": 0,\n    \"12.1\": 0\n  },\n  E: {\n    \"4\": 0,\n    \"5\": 0,\n    \"6\": 0,\n    \"7\": 0,\n    \"8\": 0,\n    \"9\": 0,\n    \"10\": 0.00232,\n    \"11\": 0,\n    \"12\": 0.00232,\n    \"13\": 0.00464,\n    \"14\": 0.0998,\n    _: \"0\",\n    \"3.1\": 0,\n    \"3.2\": 0,\n    \"5.1\": 0.00928,\n    \"6.1\": 0,\n    \"7.1\": 0,\n    \"9.1\": 0.00232,\n    \"10.1\": 0.00464,\n    \"11.1\": 0.00928,\n    \"12.1\": 0.00696,\n    \"13.1\": 0.03482\n  },\n  G: {\n    \"8\": 0.00372,\n    \"3.2\": 0,\n    \"4.0-4.1\": 0,\n    \"4.2-4.3\": 0,\n    \"5.0-5.1\": 0.00124,\n    \"6.0-6.1\": 0.01116,\n    \"7.0-7.1\": 0.04714,\n    \"8.1-8.4\": 0.01365,\n    \"9.0-9.2\": 0.01116,\n    \"9.3\": 0.19849,\n    \"10.0-10.2\": 0.01613,\n    \"10.3\": 0.19353,\n    \"11.0-11.2\": 0.15755,\n    \"11.3-11.4\": 0.15383,\n    \"12.0-12.1\": 0.19973,\n    \"12.2-12.4\": 1.32987,\n    \"13.0-13.1\": 0.15879,\n    \"13.2\": 0.0794,\n    \"13.3\": 0.53344,\n    \"13.4-13.7\": 1.82486,\n    \"14.0-14.3\": 7.43836\n  },\n  B: {\n    \"12\": 0.01393,\n    \"13\": 0.00464,\n    \"14\": 0.00464,\n    \"15\": 0.00928,\n    \"16\": 0.00464,\n    \"17\": 0.01161,\n    \"18\": 0.04178,\n    \"79\": 0,\n    \"80\": 0,\n    \"81\": 0,\n    \"83\": 0,\n    \"84\": 0.00232,\n    \"85\": 0.00464,\n    \"86\": 0.01161,\n    \"87\": 0.34583\n  },\n  I: {\n    \"3\": 0,\n    \"4\": 0,\n    \"81\": 0,\n    \"2.1\": 0,\n    \"2.2\": 0,\n    \"2.3\": 0,\n    \"4.1\": 0.00559,\n    \"4.2-4.3\": 0.01117,\n    \"4.4\": 0,\n    \"4.4.3-4.4.4\": 0.14037\n  },\n  P: {\n    \"4\": 0.41758,\n    \"5.0-5.4\": 0.02037,\n    \"6.2-6.4\": 0.05092,\n    \"7.2-7.4\": 0.35647,\n    \"8.2\": 0.03055,\n    \"9.2\": 0.28518,\n    \"10.1\": 0.10185,\n    \"11.1-11.2\": 0.6111,\n    \"12.0\": 0.69258,\n    \"13.0\": 1.80274\n  },\n  K: {\n    _: \"0 10 11 12 11.1 11.5 12.1\"\n  },\n  A: {\n    \"6\": 0,\n    \"7\": 0,\n    \"8\": 0.00243,\n    \"9\": 0,\n    \"10\": 0,\n    \"11\": 0.09969,\n    \"5.5\": 0\n  },\n  N: {\n    \"10\": 0,\n    \"11\": 0\n  },\n  J: {\n    \"7\": 0,\n    \"10\": 0.01536\n  },\n  O: {\n    \"0\": 0.09983\n  },\n  H: {\n    \"0\": 0.5816\n  },\n  L: {\n    \"0\": 76.18642\n  },\n  S: {\n    \"2.5\": 0\n  },\n  R: {\n    _: \"0\"\n  },\n  M: {\n    \"0\": 0.15358\n  },\n  Q: {\n    \"10.4\": 0.00768\n  }\n};","map":{"version":3,"sources":["/Users/bruceseymour/ra-video/client/node_modules/caniuse-lite/data/regions/SN.js"],"names":["module","exports","C","D","F","E","_","G","B","I","P","K","A","N","J","O","H","L","S","R","M","Q"],