{"ast":null,"code":"module.exports = {\n  C: {\n    \"2\": 0,\n    \"3\": 0,\n    \"4\": 0,\n    \"5\": 0,\n    \"6\": 0,\n    \"7\": 0,\n    \"8\": 0,\n    \"9\": 0,\n    \"10\": 0,\n    \"11\": 0,\n    \"12\": 0,\n    \"13\": 0,\n    \"14\": 0,\n    \"15\": 0,\n    \"16\": 0,\n    \"17\": 0,\n    \"18\": 0,\n    \"19\": 0,\n    \"20\": 0,\n    \"21\": 0,\n    \"22\": 0,\n    \"23\": 0,\n    \"24\": 0,\n    \"25\": 0,\n    \"26\": 0,\n    \"27\": 0,\n    \"28\": 0,\n    \"29\": 0,\n    \"30\": 0.00461,\n    \"31\": 0,\n    \"32\": 0,\n    \"33\": 0,\n    \"34\": 0,\n    \"35\": 0,\n    \"36\": 0.00461,\n    \"37\": 0,\n    \"38\": 0.00461,\n    \"39\": 0,\n    \"40\": 0.00461,\n    \"41\": 0.00461,\n    \"42\": 0,\n    \"43\": 0.00922,\n    \"44\": 0,\n    \"45\": 0,\n    \"46\": 0,\n    \"47\": 0.01383,\n    \"48\": 0.01844,\n    \"49\": 0.00461,\n    \"50\": 0,\n    \"51\": 0,\n    \"52\": 0.12911,\n    \"53\": 0.00461,\n    \"54\": 0,\n    \"55\": 0.00461,\n    \"56\": 0.00461,\n    \"57\": 0.00461,\n    \"58\": 0,\n    \"59\": 0,\n    \"60\": 0.00922,\n    \"61\": 0,\n    \"62\": 0,\n    \"63\": 0.00461,\n    \"64\": 0.00461,\n    \"65\": 0.00461,\n    \"66\": 0.00461,\n    \"67\": 0.00461,\n    \"68\": 0.02306,\n    \"69\": 0,\n    \"70\": 0.00461,\n    \"71\": 0.00461,\n    \"72\": 0.01383,\n    \"73\": 0,\n    \"74\": 0,\n    \"75\": 0.00461,\n    \"76\": 0.00461,\n    \"77\": 0.00461,\n    \"78\": 0.05533,\n    \"79\": 0.00922,\n    \"80\": 0.02767,\n    \"81\": 0.02767,\n    \"82\": 0.0415,\n    \"83\": 0.96831,\n    \"84\": 0.76082,\n    \"85\": 0.01383,\n    \"86\": 0,\n    \"3.5\": 0,\n    \"3.6\": 0\n  },\n  D: {\n    \"4\": 0,\n    \"5\": 0,\n    \"6\": 0,\n    \"7\": 0,\n    \"8\": 0,\n    \"9\": 0,\n    \"10\": 0,\n    \"11\": 0.00461,\n    \"12\": 0,\n    \"13\": 0.00922,\n    \"14\": 0,\n    \"15\": 0,\n    \"16\": 0,\n    \"17\": 0,\n    \"18\": 0.00461,\n    \"19\": 0,\n    \"20\": 0,\n    \"21\": 0,\n    \"22\": 0.00922,\n    \"23\": 0,\n    \"24\": 0,\n    \"25\": 0,\n    \"26\": 0.00922,\n    \"27\": 0,\n    \"28\": 0,\n    \"29\": 0.00461,\n    \"30\": 0.00922,\n    \"31\": 0.00922,\n    \"32\": 0.00461,\n    \"33\": 0.01383,\n    \"34\": 0.00461,\n    \"35\": 0,\n    \"36\": 0,\n    \"37\": 0,\n    \"38\": 0.01383,\n    \"39\": 0.00461,\n    \"40\": 0.02767,\n    \"41\": 0,\n    \"42\": 0.00461,\n    \"43\": 0.18444,\n    \"44\": 0,\n    \"45\": 0,\n    \"46\": 0.00461,\n    \"47\": 0.00461,\n    \"48\": 0,\n    \"49\": 0.18905,\n    \"50\": 0.01844,\n    \"51\": 0.00922,\n    \"52\": 0.00922,\n    \"53\": 0.00922,\n    \"54\": 0.00461,\n    \"55\": 0.00461,\n    \"56\": 0.01844,\n    \"57\": 0.00461,\n    \"58\": 0.01383,\n    \"59\": 0,\n    \"60\": 0.00922,\n    \"61\": 0.05072,\n    \"62\": 0.00922,\n    \"63\": 0.0415,\n    \"64\": 0.00461,\n    \"65\": 0.00922,\n    \"66\": 0.00461,\n    \"67\": 0.00922,\n    \"68\": 0.00922,\n    \"69\": 0.02306,\n    \"70\": 0.01844,\n    \"71\": 0.02767,\n    \"72\": 0.00922,\n    \"73\": 0.01383,\n    \"74\": 0.01844,\n    \"75\": 0.01383,\n    \"76\": 0.01844,\n    \"77\": 0.02306,\n    \"78\": 0.01844,\n    \"79\": 0.06917,\n    \"80\": 0.17983,\n    \"81\": 0.12911,\n    \"83\": 0.06455,\n    \"84\": 0.16139,\n    \"85\": 0.24438,\n    \"86\": 1.61385,\n    \"87\": 10.70674,\n    \"88\": 0.01844,\n    \"89\": 0.01383,\n    \"90\": 0\n  },\n  F: {\n    \"9\": 0,\n    \"11\": 0,\n    \"12\": 0,\n    \"15\": 0,\n    \"16\": 0,\n    \"17\": 0,\n    \"18\": 0,\n    \"19\": 0,\n    \"20\": 0,\n    \"21\": 0,\n    \"22\": 0,\n    \"23\": 0,\n    \"24\": 0,\n    \"25\": 0.00461,\n    \"26\": 0,\n    \"27\": 0,\n    \"28\": 0,\n    \"29\": 0,\n    \"30\": 0,\n    \"31\": 0,\n    \"32\": 0,\n    \"33\": 0,\n    \"34\": 0,\n    \"35\": 0,\n    \"36\": 0.00461,\n    \"37\": 0.01383,\n    \"38\": 0,\n    \"39\": 0,\n    \"40\": 0,\n    \"41\": 0,\n    \"42\": 0,\n    \"43\": 0,\n    \"44\": 0,\n    \"45\": 0,\n    \"46\": 0,\n    \"47\": 0,\n    \"48\": 0,\n    \"49\": 0,\n    \"50\": 0.00461,\n    \"51\": 0.00461,\n    \"52\": 0,\n    \"53\": 0,\n    \"54\": 0,\n    \"55\": 0,\n    \"56\": 0,\n    \"57\": 0,\n    \"58\": 0.00461,\n    \"60\": 0,\n    \"62\": 0,\n    \"63\": 0,\n    \"64\": 0.00461,\n    \"65\": 0,\n    \"66\": 0,\n    \"67\": 0,\n    \"68\": 0.00461,\n    \"69\": 0,\n    \"70\": 0.00461,\n    \"71\": 0.07378,\n    \"72\": 0.67782,\n    \"9.5-9.6\": 0,\n    \"10.0-10.1\": 0,\n    \"10.5\": 0,\n    \"10.6\": 0,\n    \"11.1\": 0,\n    \"11.5\": 0,\n    \"11.6\": 0,\n    \"12.1\": 0\n  },\n  E: {\n    \"4\": 0,\n    \"5\": 0,\n    \"6\": 0,\n    \"7\": 0,\n    \"8\": 0,\n    \"9\": 0,\n    \"10\": 0,\n    \"11\": 0,\n    \"12\": 0.00461,\n    \"13\": 0.03689,\n    \"14\": 0.06917,\n    _: \"0\",\n    \"3.1\": 0,\n    \"3.2\": 0,\n    \"5.1\": 0.04611,\n    \"6.1\": 0,\n    \"7.1\": 0,\n    \"9.1\": 0,\n    \"10.1\": 0,\n    \"11.1\": 0.00922,\n    \"12.1\": 0.00922,\n    \"13.1\": 0.02306\n  },\n  G: {\n    \"8\": 0.00133,\n    \"3.2\": 0.00319,\n    \"4.0-4.1\": 0,\n    \"4.2-4.3\": 0.0008,\n    \"5.0-5.1\": 0.02766,\n    \"6.0-6.1\": 0.00745,\n    \"7.0-7.1\": 0.11437,\n    \"8.1-8.4\": 0.00718,\n    \"9.0-9.2\": 0.00399,\n    \"9.3\": 0.13539,\n    \"10.0-10.2\": 0.00692,\n    \"10.3\": 0.09655,\n    \"11.0-11.2\": 0.02474,\n    \"11.3-11.4\": 0.0399,\n    \"12.0-12.1\": 0.0524,\n    \"12.2-12.4\": 0.391,\n    \"13.0-13.1\": 0.03059,\n    \"13.2\": 0.01516,\n    \"13.3\": 0.08219,\n    \"13.4-13.7\": 0.34525,\n    \"14.0-14.3\": 1.25891\n  },\n  B: {\n    \"12\": 0.00461,\n    \"13\": 0.00461,\n    \"14\": 0.00461,\n    \"15\": 0.00922,\n    \"16\": 0.01383,\n    \"17\": 0.00922,\n    \"18\": 0.03228,\n    \"79\": 0,\n    \"80\": 0,\n    \"81\": 0,\n    \"83\": 0.00461,\n    \"84\": 0.00922,\n    \"85\": 0.00922,\n    \"86\": 0.02306,\n    \"87\": 0.54871\n  },\n  I: {\n    \"3\": 0,\n    \"4\": 0.0042,\n    \"81\": 0,\n    \"2.1\": 0,\n    \"2.2\": 0,\n    \"2.3\": 0.00105,\n    \"4.1\": 0.01471,\n    \"4.2-4.3\": 0.04204,\n    \"4.4\": 0,\n    \"4.4.3-4.4.4\": 0.31321\n  },\n  P: {\n    \"4\": 0.23276,\n    \"5.0-5.4\": 0.02024,\n    \"6.2-6.4\": 0.03036,\n    \"7.2-7.4\": 0.16192,\n    \"8.2\": 0.02024,\n    \"9.2\": 0.13156,\n    \"10.1\": 0.1012,\n    \"11.1-11.2\": 0.19228,\n    \"12.0\": 0.44527,\n    \"13.0\": 1.31557\n  },\n  K: {\n    _: \"0 10 11 12 11.1 11.5 12.1\"\n  },\n  A: {\n    \"6\": 0,\n    \"7\": 0,\n    \"8\": 0.0365,\n    \"9\": 0.0146,\n    \"10\": 0.0073,\n    \"11\": 0.20442,\n    \"5.5\": 0\n  },\n  N: {\n    \"10\": 0,\n    \"11\": 0\n  },\n  J: {\n    \"7\": 0,\n    \"10\": 0.00539\n  },\n  O: {\n    \"0\": 0.54429\n  },\n  H: {\n    \"0\": 0.55611\n  },\n  L: {\n    \"0\": 72.27458\n  },\n  S: {\n    \"2.5\": 0\n  },\n  R: {\n    _: \"0\"\n  },\n  M: {\n    \"0\": 0.14011\n  },\n  Q: {\n    \"10.4\": 0.01617\n  }\n};","map":{"version":3,"sources":["/Users/bruceseymour/ra-video/client/node_modules/caniuse-lite/data/regions/DZ.js"],"names":["module","exports","C","D","F","E","_","G","B","I","P","K","A","N","J","O","H","L","S","R","M","Q"],