{"ast":null,"code":"module.exports = {\n  C: {\n    \"2\": 0,\n    \"3\": 0.00701,\n    \"4\": 0.00701,\n    \"5\": 0,\n    \"6\": 0,\n    \"7\": 0,\n    \"8\": 0,\n    \"9\": 0,\n    \"10\": 0,\n    \"11\": 0,\n    \"12\": 0,\n    \"13\": 0,\n    \"14\": 0.00701,\n    \"15\": 0.00701,\n    \"16\": 0,\n    \"17\": 0,\n    \"18\": 0,\n    \"19\": 0.00701,\n    \"20\": 0.02104,\n    \"21\": 0.02104,\n    \"22\": 0.02104,\n    \"23\": 0.02805,\n    \"24\": 0.02104,\n    \"25\": 0.02104,\n    \"26\": 0.02104,\n    \"27\": 0.02104,\n    \"28\": 0.02104,\n    \"29\": 0.02104,\n    \"30\": 0.02805,\n    \"31\": 0.02104,\n    \"32\": 0.07012,\n    \"33\": 0,\n    \"34\": 0,\n    \"35\": 0,\n    \"36\": 0,\n    \"37\": 0,\n    \"38\": 0,\n    \"39\": 0,\n    \"40\": 0,\n    \"41\": 0,\n    \"42\": 0,\n    \"43\": 0.00701,\n    \"44\": 0,\n    \"45\": 0.00701,\n    \"46\": 0.00701,\n    \"47\": 0,\n    \"48\": 0.00701,\n    \"49\": 0,\n    \"50\": 0.00701,\n    \"51\": 0.00701,\n    \"52\": 0.04207,\n    \"53\": 0.00701,\n    \"54\": 0.00701,\n    \"55\": 0.01402,\n    \"56\": 0.0561,\n    \"57\": 0.01402,\n    \"58\": 0.02104,\n    \"59\": 0.01402,\n    \"60\": 0.01402,\n    \"61\": 0.01402,\n    \"62\": 0.02104,\n    \"63\": 0.02104,\n    \"64\": 0.02104,\n    \"65\": 0.02104,\n    \"66\": 0.02805,\n    \"67\": 0.02805,\n    \"68\": 0.1192,\n    \"69\": 0.00701,\n    \"70\": 0.00701,\n    \"71\": 0.00701,\n    \"72\": 0.00701,\n    \"73\": 0,\n    \"74\": 0,\n    \"75\": 0,\n    \"76\": 0.00701,\n    \"77\": 0.00701,\n    \"78\": 0.09817,\n    \"79\": 0.02104,\n    \"80\": 0.02805,\n    \"81\": 0.04207,\n    \"82\": 0.14725,\n    \"83\": 1.3463,\n    \"84\": 1.04479,\n    \"85\": 0.01402,\n    \"86\": 0,\n    \"3.5\": 0.00701,\n    \"3.6\": 0.02104\n  },\n  D: {\n    \"4\": 0,\n    \"5\": 0,\n    \"6\": 0,\n    \"7\": 0,\n    \"8\": 0,\n    \"9\": 0,\n    \"10\": 0,\n    \"11\": 0,\n    \"12\": 0,\n    \"13\": 0,\n    \"14\": 0,\n    \"15\": 0,\n    \"16\": 0,\n    \"17\": 0,\n    \"18\": 0,\n    \"19\": 0,\n    \"20\": 0,\n    \"21\": 0,\n    \"22\": 0,\n    \"23\": 0,\n    \"24\": 0,\n    \"25\": 0,\n    \"26\": 0,\n    \"27\": 0,\n    \"28\": 0,\n    \"29\": 0,\n    \"30\": 0,\n    \"31\": 0,\n    \"32\": 0.00701,\n    \"33\": 0,\n    \"34\": 0.00701,\n    \"35\": 0.00701,\n    \"36\": 0,\n    \"37\": 0,\n    \"38\": 0.00701,\n    \"39\": 0.00701,\n    \"40\": 0.00701,\n    \"41\": 0.00701,\n    \"42\": 0,\n    \"43\": 0,\n    \"44\": 0,\n    \"45\": 0,\n    \"46\": 0,\n    \"47\": 0,\n    \"48\": 0,\n    \"49\": 0.1192,\n    \"50\": 0.00701,\n    \"51\": 0.01402,\n    \"52\": 0.02104,\n    \"53\": 0.01402,\n    \"54\": 0.01402,\n    \"55\": 0.00701,\n    \"56\": 0.00701,\n    \"57\": 0,\n    \"58\": 0.00701,\n    \"59\": 0.00701,\n    \"60\": 0.02104,\n    \"61\": 0.01402,\n    \"62\": 0.00701,\n    \"63\": 0.01402,\n    \"64\": 0.00701,\n    \"65\": 0.00701,\n    \"66\": 0,\n    \"67\": 0.01402,\n    \"68\": 0.01402,\n    \"69\": 0.72224,\n    \"70\": 0.0561,\n    \"71\": 0.04908,\n    \"72\": 0.02104,\n    \"73\": 0.01402,\n    \"74\": 0.01402,\n    \"75\": 0.04207,\n    \"76\": 0.02805,\n    \"77\": 0.02104,\n    \"78\": 0.09116,\n    \"79\": 0.12622,\n    \"80\": 1.6969,\n    \"81\": 0.12622,\n    \"83\": 0.13323,\n    \"84\": 2.88894,\n    \"85\": 0.18231,\n    \"86\": 6.17757,\n    \"87\": 20.5662,\n    \"88\": 0.02104,\n    \"89\": 0.00701,\n    \"90\": 0\n  },\n  F: {\n    \"9\": 0,\n    \"11\": 0,\n    \"12\": 0,\n    \"15\": 0,\n    \"16\": 0,\n    \"17\": 0,\n    \"18\": 0,\n    \"19\": 0,\n    \"20\": 0,\n    \"21\": 0,\n    \"22\": 0,\n    \"23\": 0,\n    \"24\": 0,\n    \"25\": 0,\n    \"26\": 0,\n    \"27\": 0,\n    \"28\": 0,\n    \"29\": 0,\n    \"30\": 0,\n    \"31\": 0,\n    \"32\": 0,\n    \"33\": 0,\n    \"34\": 0,\n    \"35\": 0,\n    \"36\": 0.00701,\n    \"37\": 0,\n    \"38\": 0,\n    \"39\": 0,\n    \"40\": 0,\n    \"41\": 0,\n    \"42\": 0,\n    \"43\": 0,\n    \"44\": 0.00701,\n    \"45\": 0.00701,\n    \"46\": 0.01402,\n    \"47\": 0.00701,\n    \"48\": 0,\n    \"49\": 0,\n    \"50\": 0.06311,\n    \"51\": 0.02104,\n    \"52\": 0,\n    \"53\": 0.02104,\n    \"54\": 0.02104,\n    \"55\": 0.02104,\n    \"56\": 0,\n    \"57\": 0,\n    \"58\": 0.00701,\n    \"60\": 0.02805,\n    \"62\": 0,\n    \"63\": 0.00701,\n    \"64\": 0,\n    \"65\": 0,\n    \"66\": 0.00701,\n    \"67\": 0.00701,\n    \"68\": 0.02805,\n    \"69\": 0.04908,\n    \"70\": 0.0561,\n    \"71\": 0.26646,\n    \"72\": 1.15698,\n    \"9.5-9.6\": 0,\n    \"10.0-10.1\": 0,\n    \"10.5\": 0,\n    \"10.6\": 0,\n    \"11.1\": 0,\n    \"11.5\": 0,\n    \"11.6\": 0,\n    \"12.1\": 0\n  },\n  E: {\n    \"4\": 0.00701,\n    \"5\": 0.00701,\n    \"6\": 0,\n    \"7\": 0.00701,\n    \"8\": 0.00701,\n    \"9\": 0.00701,\n    \"10\": 0.00701,\n    \"11\": 0.01402,\n    \"12\": 0.02805,\n    \"13\": 0.09116,\n    \"14\": 1.48654,\n    _: \"0\",\n    \"3.1\": 0,\n    \"3.2\": 0,\n    \"5.1\": 0.00701,\n    \"6.1\": 0,\n    \"7.1\": 0.00701,\n    \"9.1\": 0.02104,\n    \"10.1\": 0.01402,\n    \"11.1\": 0.0561,\n    \"12.1\": 0.12622,\n    \"13.1\": 0.47682\n  },\n  G: {\n    \"8\": 0,\n    \"3.2\": 0,\n    \"4.0-4.1\": 0,\n    \"4.2-4.3\": 0,\n    \"5.0-5.1\": 0.15121,\n    \"6.0-6.1\": 0.0252,\n    \"7.0-7.1\": 0.06367,\n    \"8.1-8.4\": 0.05704,\n    \"9.0-9.2\": 0.01326,\n    \"9.3\": 0.0703,\n    \"10.0-10.2\": 0.08754,\n    \"10.3\": 0.10744,\n    \"11.0-11.2\": 0.12468,\n    \"11.3-11.4\": 0.11407,\n    \"12.0-12.1\": 0.22682,\n    \"12.2-12.4\": 0.94442,\n    \"13.0-13.1\": 0.14591,\n    \"13.2\": 0.11407,\n    \"13.3\": 0.33957,\n    \"13.4-13.7\": 1.97638,\n    \"14.0-14.3\": 8.68016\n  },\n  B: {\n    \"12\": 0.00701,\n    \"13\": 0.00701,\n    \"14\": 0.00701,\n    \"15\": 0.03506,\n    \"16\": 0.04207,\n    \"17\": 0.03506,\n    \"18\": 0.13323,\n    \"79\": 0.00701,\n    \"80\": 0.02805,\n    \"81\": 0.06311,\n    \"83\": 0.01402,\n    \"84\": 0.03506,\n    \"85\": 0.02104,\n    \"86\": 0.04908,\n    \"87\": 3.58313\n  },\n  I: {\n    \"3\": 0,\n    \"4\": 0.00566,\n    \"81\": 0,\n    \"2.1\": 0,\n    \"2.2\": 0,\n    \"2.3\": 0,\n    \"4.1\": 0.00708,\n    \"4.2-4.3\": 0.00991,\n    \"4.4\": 0,\n    \"4.4.3-4.4.4\": 0.0793\n  },\n  P: {\n    \"4\": 0.02155,\n    \"5.0-5.4\": 0,\n    \"6.2-6.4\": 0,\n    \"7.2-7.4\": 0,\n    \"8.2\": 0.01078,\n    \"9.2\": 0.04311,\n    \"10.1\": 0.03233,\n    \"11.1-11.2\": 0.06466,\n    \"12.0\": 0.19398,\n    \"13.0\": 1.90746\n  },\n  K: {\n    _: \"0 10 11 12 11.1 11.5 12.1\"\n  },\n  A: {\n    \"6\": 0,\n    \"7\": 0,\n    \"8\": 0.0078,\n    \"9\": 0,\n    \"10\": 0.0078,\n    \"11\": 0.60847,\n    \"5.5\": 0\n  },\n  N: {\n    \"10\": 0,\n    \"11\": 0\n  },\n  J: {\n    \"7\": 0,\n    \"10\": 0\n  },\n  O: {\n    \"0\": 0.04183\n  },\n  H: {\n    \"0\": 0.51768\n  },\n  L: {\n    \"0\": 32.75774\n  },\n  S: {\n    \"2.5\": 0\n  },\n  R: {\n    _: \"0\"\n  },\n  M: {\n    \"0\": 0.81572\n  },\n  Q: {\n    \"10.4\": 0.00598\n  }\n};","map":{"version":3,"sources":["/Users/bruceseymour/ra-video/client/node_modules/caniuse-lite/data/regions/EE.js"],"names":["module","exports","C","D","F","E","_","G","B","I","P","K","A","N","J","O","H","L","S","R","M","Q"],