{"ast":null,"code":"module.exports = {\n  C: {\n    \"2\": 0,\n    \"3\": 0,\n    \"4\": 0,\n    \"5\": 0,\n    \"6\": 0,\n    \"7\": 0,\n    \"8\": 0,\n    \"9\": 0,\n    \"10\": 0,\n    \"11\": 0,\n    \"12\": 0,\n    \"13\": 0,\n    \"14\": 0,\n    \"15\": 0,\n    \"16\": 0,\n    \"17\": 0.00905,\n    \"18\": 0,\n    \"19\": 0,\n    \"20\": 0,\n    \"21\": 0,\n    \"22\": 0,\n    \"23\": 0,\n    \"24\": 0,\n    \"25\": 0,\n    \"26\": 0,\n    \"27\": 0,\n    \"28\": 0,\n    \"29\": 0,\n    \"30\": 0.00453,\n    \"31\": 0,\n    \"32\": 0,\n    \"33\": 0,\n    \"34\": 0,\n    \"35\": 0,\n    \"36\": 0,\n    \"37\": 0.00453,\n    \"38\": 0,\n    \"39\": 0,\n    \"40\": 0,\n    \"41\": 0,\n    \"42\": 0,\n    \"43\": 0,\n    \"44\": 0,\n    \"45\": 0,\n    \"46\": 0,\n    \"47\": 0,\n    \"48\": 0,\n    \"49\": 0,\n    \"50\": 0.00453,\n    \"51\": 0,\n    \"52\": 0.00905,\n    \"53\": 0,\n    \"54\": 0,\n    \"55\": 0,\n    \"56\": 0,\n    \"57\": 0,\n    \"58\": 0.00905,\n    \"59\": 0,\n    \"60\": 0,\n    \"61\": 0,\n    \"62\": 0,\n    \"63\": 0,\n    \"64\": 0,\n    \"65\": 0.00905,\n    \"66\": 0,\n    \"67\": 0,\n    \"68\": 0.00453,\n    \"69\": 0,\n    \"70\": 0,\n    \"71\": 0,\n    \"72\": 0.00905,\n    \"73\": 0.04073,\n    \"74\": 0,\n    \"75\": 0,\n    \"76\": 0,\n    \"77\": 0,\n    \"78\": 0.0181,\n    \"79\": 0.00453,\n    \"80\": 0.0181,\n    \"81\": 0.0181,\n    \"82\": 0.02715,\n    \"83\": 0.5792,\n    \"84\": 0.3982,\n    \"85\": 0.00905,\n    \"86\": 0,\n    \"3.5\": 0,\n    \"3.6\": 0\n  },\n  D: {\n    \"4\": 0,\n    \"5\": 0,\n    \"6\": 0,\n    \"7\": 0,\n    \"8\": 0,\n    \"9\": 0,\n    \"10\": 0,\n    \"11\": 0,\n    \"12\": 0,\n    \"13\": 0,\n    \"14\": 0,\n    \"15\": 0,\n    \"16\": 0,\n    \"17\": 0,\n    \"18\": 0,\n    \"19\": 0,\n    \"20\": 0,\n    \"21\": 0,\n    \"22\": 0.00453,\n    \"23\": 0,\n    \"24\": 0,\n    \"25\": 0,\n    \"26\": 0,\n    \"27\": 0,\n    \"28\": 0,\n    \"29\": 0,\n    \"30\": 0,\n    \"31\": 0,\n    \"32\": 0,\n    \"33\": 0,\n    \"34\": 0,\n    \"35\": 0,\n    \"36\": 0,\n    \"37\": 0,\n    \"38\": 0.00905,\n    \"39\": 0,\n    \"40\": 0.00453,\n    \"41\": 0,\n    \"42\": 0.00453,\n    \"43\": 0.00453,\n    \"44\": 0,\n    \"45\": 0,\n    \"46\": 0,\n    \"47\": 0,\n    \"48\": 0.00453,\n    \"49\": 0.04978,\n    \"50\": 0,\n    \"51\": 0,\n    \"52\": 0.00905,\n    \"53\": 0.0543,\n    \"54\": 0,\n    \"55\": 0,\n    \"56\": 0,\n    \"57\": 0,\n    \"58\": 0,\n    \"59\": 0.00905,\n    \"60\": 0.00453,\n    \"61\": 0,\n    \"62\": 0.00453,\n    \"63\": 0.01358,\n    \"64\": 0.00453,\n    \"65\": 0.00453,\n    \"66\": 0.00453,\n    \"67\": 0.00453,\n    \"68\": 0.00905,\n    \"69\": 0.01358,\n    \"70\": 0.01358,\n    \"71\": 0.0181,\n    \"72\": 0.00453,\n    \"73\": 0.0181,\n    \"74\": 0.00905,\n    \"75\": 0.02715,\n    \"76\": 0.02263,\n    \"77\": 0.00453,\n    \"78\": 0.03168,\n    \"79\": 0.03168,\n    \"80\": 0.05883,\n    \"81\": 0.0362,\n    \"83\": 0.06335,\n    \"84\": 0.181,\n    \"85\": 0.10408,\n    \"86\": 2.14485,\n    \"87\": 10.14505,\n    \"88\": 0.01358,\n    \"89\": 0.00453,\n    \"90\": 0\n  },\n  F: {\n    \"9\": 0,\n    \"11\": 0,\n    \"12\": 0,\n    \"15\": 0,\n    \"16\": 0,\n    \"17\": 0,\n    \"18\": 0,\n    \"19\": 0,\n    \"20\": 0,\n    \"21\": 0,\n    \"22\": 0,\n    \"23\": 0,\n    \"24\": 0,\n    \"25\": 0,\n    \"26\": 0,\n    \"27\": 0,\n    \"28\": 0,\n    \"29\": 0,\n    \"30\": 0,\n    \"31\": 0,\n    \"32\": 0,\n    \"33\": 0,\n    \"34\": 0,\n    \"35\": 0,\n    \"36\": 0,\n    \"37\": 0,\n    \"38\": 0,\n    \"39\": 0,\n    \"40\": 0,\n    \"41\": 0,\n    \"42\": 0,\n    \"43\": 0,\n    \"44\": 0,\n    \"45\": 0,\n    \"46\": 0,\n    \"47\": 0,\n    \"48\": 0,\n    \"49\": 0,\n    \"50\": 0,\n    \"51\": 0,\n    \"52\": 0,\n    \"53\": 0,\n    \"54\": 0,\n    \"55\": 0,\n    \"56\": 0,\n    \"57\": 0,\n    \"58\": 0,\n    \"60\": 0,\n    \"62\": 0,\n    \"63\": 0,\n    \"64\": 0,\n    \"65\": 0,\n    \"66\": 0,\n    \"67\": 0,\n    \"68\": 0,\n    \"69\": 0,\n    \"70\": 0,\n    \"71\": 0.18553,\n    \"72\": 0.35748,\n    \"9.5-9.6\": 0,\n    \"10.0-10.1\": 0,\n    \"10.5\": 0,\n    \"10.6\": 0,\n    \"11.1\": 0,\n    \"11.5\": 0,\n    \"11.6\": 0,\n    \"12.1\": 0\n  },\n  E: {\n    \"4\": 0,\n    \"5\": 0,\n    \"6\": 0,\n    \"7\": 0,\n    \"8\": 0,\n    \"9\": 0,\n    \"10\": 0,\n    \"11\": 0,\n    \"12\": 0.00453,\n    \"13\": 0.0543,\n    \"14\": 0.55205,\n    _: \"0\",\n    \"3.1\": 0,\n    \"3.2\": 0,\n    \"5.1\": 1.267,\n    \"6.1\": 0,\n    \"7.1\": 0,\n    \"9.1\": 0.00453,\n    \"10.1\": 0.00905,\n    \"11.1\": 0.02263,\n    \"12.1\": 0.0181,\n    \"13.1\": 0.24435\n  },\n  G: {\n    \"8\": 0,\n    \"3.2\": 0.00115,\n    \"4.0-4.1\": 0,\n    \"4.2-4.3\": 0,\n    \"5.0-5.1\": 0.0069,\n    \"6.0-6.1\": 0.01035,\n    \"7.0-7.1\": 0.05636,\n    \"8.1-8.4\": 0.01035,\n    \"9.0-9.2\": 0.0069,\n    \"9.3\": 0.18403,\n    \"10.0-10.2\": 0.00345,\n    \"10.3\": 0.17598,\n    \"11.0-11.2\": 0.05061,\n    \"11.3-11.4\": 0.05176,\n    \"12.0-12.1\": 0.03336,\n    \"12.2-12.4\": 0.99608,\n    \"13.0-13.1\": 0.05291,\n    \"13.2\": 0.01495,\n    \"13.3\": 0.21394,\n    \"13.4-13.7\": 1.03749,\n    \"14.0-14.3\": 8.55523\n  },\n  B: {\n    \"12\": 0.00453,\n    \"13\": 0.00453,\n    \"14\": 0.00453,\n    \"15\": 0.00905,\n    \"16\": 0.00905,\n    \"17\": 0.01358,\n    \"18\": 0.04978,\n    \"79\": 0,\n    \"80\": 0.00453,\n    \"81\": 0,\n    \"83\": 0,\n    \"84\": 0.00453,\n    \"85\": 0.01358,\n    \"86\": 0.02263,\n    \"87\": 1.1222\n  },\n  I: {\n    \"3\": 0,\n    \"4\": 0.01694,\n    \"81\": 0,\n    \"2.1\": 0,\n    \"2.2\": 0,\n    \"2.3\": 0,\n    \"4.1\": 0.00847,\n    \"4.2-4.3\": 0.03388,\n    \"4.4\": 0,\n    \"4.4.3-4.4.4\": 0.37695\n  },\n  P: {\n    \"4\": 0.40888,\n    \"5.0-5.4\": 0.02044,\n    \"6.2-6.4\": 0.02044,\n    \"7.2-7.4\": 0.18399,\n    \"8.2\": 0.02044,\n    \"9.2\": 0.12266,\n    \"10.1\": 0.07155,\n    \"11.1-11.2\": 0.29644,\n    \"12.0\": 0.5111,\n    \"13.0\": 2.1875\n  },\n  K: {\n    _: \"0 10 11 12 11.1 11.5 12.1\"\n  },\n  A: {\n    \"6\": 0,\n    \"7\": 0,\n    \"8\": 0.00986,\n    \"9\": 0.00986,\n    \"10\": 0.00493,\n    \"11\": 0.41427,\n    \"5.5\": 0\n  },\n  N: {\n    \"10\": 0,\n    \"11\": 0\n  },\n  J: {\n    \"7\": 0,\n    \"10\": 0.00548\n  },\n  O: {\n    \"0\": 0.15878\n  },\n  H: {\n    \"0\": 0.26435\n  },\n  L: {\n    \"0\": 62.60053\n  },\n  S: {\n    \"2.5\": 0\n  },\n  R: {\n    _: \"0\"\n  },\n  M: {\n    \"0\": 0.12593\n  },\n  Q: {\n    \"10.4\": 0\n  }\n};","map":{"version":3,"sources":["/Users/bruceseymour/ra-video/client/node_modules/caniuse-lite/data/regions/HN.js"],"names":["module","exports","C","D","F","E","_","G","B","I","P","K","A","N","J","O","H","L","S","R","M","Q"],