{"ast":null,"code":"module.exports = {\n  C: {\n    \"2\": 0,\n    \"3\": 0.00196,\n    \"4\": 0,\n    \"5\": 0,\n    \"6\": 0,\n    \"7\": 0,\n    \"8\": 0,\n    \"9\": 0,\n    \"10\": 0,\n    \"11\": 0,\n    \"12\": 0,\n    \"13\": 0,\n    \"14\": 0,\n    \"15\": 0,\n    \"16\": 0,\n    \"17\": 0,\n    \"18\": 0,\n    \"19\": 0,\n    \"20\": 0,\n    \"21\": 0,\n    \"22\": 0,\n    \"23\": 0,\n    \"24\": 0,\n    \"25\": 0,\n    \"26\": 0,\n    \"27\": 0,\n    \"28\": 0,\n    \"29\": 0,\n    \"30\": 0.00196,\n    \"31\": 0,\n    \"32\": 0,\n    \"33\": 0,\n    \"34\": 0,\n    \"35\": 0,\n    \"36\": 0,\n    \"37\": 0,\n    \"38\": 0,\n    \"39\": 0,\n    \"40\": 0.00589,\n    \"41\": 0,\n    \"42\": 0,\n    \"43\": 0.00392,\n    \"44\": 0,\n    \"45\": 0,\n    \"46\": 0,\n    \"47\": 0.00392,\n    \"48\": 0,\n    \"49\": 0.00196,\n    \"50\": 0.00196,\n    \"51\": 0,\n    \"52\": 0.00981,\n    \"53\": 0,\n    \"54\": 0,\n    \"55\": 0,\n    \"56\": 0.00196,\n    \"57\": 0,\n    \"58\": 0.00196,\n    \"59\": 0,\n    \"60\": 0,\n    \"61\": 0,\n    \"62\": 0,\n    \"63\": 0,\n    \"64\": 0,\n    \"65\": 0.00196,\n    \"66\": 0,\n    \"67\": 0,\n    \"68\": 0.00981,\n    \"69\": 0.00196,\n    \"70\": 0,\n    \"71\": 0,\n    \"72\": 0.00392,\n    \"73\": 0,\n    \"74\": 0,\n    \"75\": 0.00196,\n    \"76\": 0,\n    \"77\": 0.00785,\n    \"78\": 0.01766,\n    \"79\": 0.00392,\n    \"80\": 0.03728,\n    \"81\": 0.00785,\n    \"82\": 0.02158,\n    \"83\": 0.33354,\n    \"84\": 0.16873,\n    \"85\": 0.00392,\n    \"86\": 0,\n    \"3.5\": 0,\n    \"3.6\": 0\n  },\n  D: {\n    \"4\": 0,\n    \"5\": 0,\n    \"6\": 0,\n    \"7\": 0,\n    \"8\": 0,\n    \"9\": 0,\n    \"10\": 0,\n    \"11\": 0.00392,\n    \"12\": 0,\n    \"13\": 0,\n    \"14\": 0,\n    \"15\": 0,\n    \"16\": 0,\n    \"17\": 0,\n    \"18\": 0,\n    \"19\": 0,\n    \"20\": 0,\n    \"21\": 0,\n    \"22\": 0,\n    \"23\": 0,\n    \"24\": 0,\n    \"25\": 0,\n    \"26\": 0,\n    \"27\": 0,\n    \"28\": 0,\n    \"29\": 0,\n    \"30\": 0,\n    \"31\": 0,\n    \"32\": 0,\n    \"33\": 0,\n    \"34\": 0,\n    \"35\": 0,\n    \"36\": 0,\n    \"37\": 0,\n    \"38\": 0,\n    \"39\": 0,\n    \"40\": 0.00196,\n    \"41\": 0,\n    \"42\": 0,\n    \"43\": 0,\n    \"44\": 0,\n    \"45\": 0,\n    \"46\": 0,\n    \"47\": 0,\n    \"48\": 0,\n    \"49\": 0.0157,\n    \"50\": 0.00196,\n    \"51\": 0.00196,\n    \"52\": 0,\n    \"53\": 0.00196,\n    \"54\": 0,\n    \"55\": 0,\n    \"56\": 0,\n    \"57\": 0,\n    \"58\": 0,\n    \"59\": 0,\n    \"60\": 0,\n    \"61\": 0,\n    \"62\": 0,\n    \"63\": 0.00196,\n    \"64\": 0.00392,\n    \"65\": 0.00589,\n    \"66\": 0,\n    \"67\": 0.00196,\n    \"68\": 0,\n    \"69\": 0.00196,\n    \"70\": 0,\n    \"71\": 0,\n    \"72\": 0.00196,\n    \"73\": 0,\n    \"74\": 0.00785,\n    \"75\": 0.00196,\n    \"76\": 0.00196,\n    \"77\": 0.0412,\n    \"78\": 0.00196,\n    \"79\": 0.00392,\n    \"80\": 0.06278,\n    \"81\": 0.00785,\n    \"83\": 0.00981,\n    \"84\": 0.02354,\n    \"85\": 0.0157,\n    \"86\": 0.1962,\n    \"87\": 1.03986,\n    \"88\": 0.00196,\n    \"89\": 0.00196,\n    \"90\": 0\n  },\n  F: {\n    \"9\": 0,\n    \"11\": 0,\n    \"12\": 0,\n    \"15\": 0,\n    \"16\": 0,\n    \"17\": 0,\n    \"18\": 0,\n    \"19\": 0,\n    \"20\": 0,\n    \"21\": 0,\n    \"22\": 0,\n    \"23\": 0,\n    \"24\": 0.00785,\n    \"25\": 0,\n    \"26\": 0.02551,\n    \"27\": 0.00392,\n    \"28\": 0.02354,\n    \"29\": 0,\n    \"30\": 0.0157,\n    \"31\": 0.00196,\n    \"32\": 0.00981,\n    \"33\": 0.00392,\n    \"34\": 0,\n    \"35\": 0.00196,\n    \"36\": 0.00196,\n    \"37\": 0,\n    \"38\": 0.00981,\n    \"39\": 0,\n    \"40\": 0,\n    \"41\": 0,\n    \"42\": 0.00785,\n    \"43\": 0,\n    \"44\": 0.00196,\n    \"45\": 0.00392,\n    \"46\": 0.01177,\n    \"47\": 0.00589,\n    \"48\": 0,\n    \"49\": 0,\n    \"50\": 0.0824,\n    \"51\": 0.11576,\n    \"52\": 0,\n    \"53\": 0.00196,\n    \"54\": 0,\n    \"55\": 0,\n    \"56\": 0,\n    \"57\": 0,\n    \"58\": 0,\n    \"60\": 0,\n    \"62\": 0,\n    \"63\": 0,\n    \"64\": 0,\n    \"65\": 0,\n    \"66\": 0,\n    \"67\": 0,\n    \"68\": 0,\n    \"69\": 0,\n    \"70\": 0,\n    \"71\": 0.00196,\n    \"72\": 0.14519,\n    \"9.5-9.6\": 0,\n    \"10.0-10.1\": 0,\n    \"10.5\": 0,\n    \"10.6\": 0,\n    \"11.1\": 0,\n    \"11.5\": 0,\n    \"11.6\": 0,\n    \"12.1\": 0.00785\n  },\n  E: {\n    \"4\": 0,\n    \"5\": 0,\n    \"6\": 0,\n    \"7\": 0,\n    \"8\": 0,\n    \"9\": 0,\n    \"10\": 0,\n    \"11\": 0.00196,\n    \"12\": 0,\n    \"13\": 0.00392,\n    \"14\": 0.02943,\n    _: \"0\",\n    \"3.1\": 0,\n    \"3.2\": 0,\n    \"5.1\": 0.00981,\n    \"6.1\": 0,\n    \"7.1\": 0,\n    \"9.1\": 0,\n    \"10.1\": 0.00196,\n    \"11.1\": 0.00196,\n    \"12.1\": 0.00196,\n    \"13.1\": 0.01373\n  },\n  G: {\n    \"8\": 0.00232,\n    \"3.2\": 0,\n    \"4.0-4.1\": 0,\n    \"4.2-4.3\": 0,\n    \"5.0-5.1\": 0.00046,\n    \"6.0-6.1\": 0,\n    \"7.0-7.1\": 0.04677,\n    \"8.1-8.4\": 0.00046,\n    \"9.0-9.2\": 0.01019,\n    \"9.3\": 0.06715,\n    \"10.0-10.2\": 0.01065,\n    \"10.3\": 0.06993,\n    \"11.0-11.2\": 0.10373,\n    \"11.3-11.4\": 0.0866,\n    \"12.0-12.1\": 0.07595,\n    \"12.2-12.4\": 0.59275,\n    \"13.0-13.1\": 0.22877,\n    \"13.2\": 0.03844,\n    \"13.3\": 0.21719,\n    \"13.4-13.7\": 0.84699,\n    \"14.0-14.3\": 2.20337\n  },\n  B: {\n    \"12\": 0.00981,\n    \"13\": 0.01177,\n    \"14\": 0,\n    \"15\": 0.00196,\n    \"16\": 0.00196,\n    \"17\": 0.00196,\n    \"18\": 0.03728,\n    \"79\": 0,\n    \"80\": 0,\n    \"81\": 0,\n    \"83\": 0,\n    \"84\": 0,\n    \"85\": 0.00589,\n    \"86\": 0.00981,\n    \"87\": 0.73183\n  },\n  I: {\n    \"3\": 0,\n    \"4\": 0.00292,\n    \"81\": 0,\n    \"2.1\": 0,\n    \"2.2\": 0,\n    \"2.3\": 0,\n    \"4.1\": 0.00584,\n    \"4.2-4.3\": 0.01021,\n    \"4.4\": 0,\n    \"4.4.3-4.4.4\": 0.31812\n  },\n  P: {\n    \"4\": 0.18132,\n    \"5.0-5.4\": 0.03022,\n    \"6.2-6.4\": 0,\n    \"7.2-7.4\": 0.07052,\n    \"8.2\": 0.01007,\n    \"9.2\": 0.10074,\n    \"10.1\": 0.03022,\n    \"11.1-11.2\": 0.11081,\n    \"12.0\": 0.20147,\n    \"13.0\": 0.81596\n  },\n  K: {\n    _: \"0 10 11 12 11.1 11.5 12.1\"\n  },\n  A: {\n    \"6\": 0,\n    \"7\": 0,\n    \"8\": 0.00196,\n    \"9\": 0,\n    \"10\": 0,\n    \"11\": 0.04316,\n    \"5.5\": 0\n  },\n  N: {\n    \"10\": 0,\n    \"11\": 0\n  },\n  J: {\n    \"7\": 0,\n    \"10\": 0.02411\n  },\n  O: {\n    \"0\": 1.06102\n  },\n  H: {\n    \"0\": 10.31897\n  },\n  L: {\n    \"0\": 75.1451\n  },\n  S: {\n    \"2.5\": 0.00804\n  },\n  R: {\n    _: \"0\"\n  },\n  M: {\n    \"0\": 0.1688\n  },\n  Q: {\n    \"10.4\": 0.12861\n  }\n};","map":{"version":3,"sources":["/Users/bruceseymour/ra-video/client/node_modules/caniuse-lite/data/regions/BF.js"],"names":["module","exports","C","D","F","E","_","G","B","I","P","K","A","N","J","O","H","L","S","R","M","Q"],