{"ast":null,"code":"module.exports = {\n  C: {\n    \"2\": 0,\n    \"3\": 0,\n    \"4\": 0,\n    \"5\": 0,\n    \"6\": 0,\n    \"7\": 0,\n    \"8\": 0,\n    \"9\": 0,\n    \"10\": 0,\n    \"11\": 0,\n    \"12\": 0,\n    \"13\": 0,\n    \"14\": 0,\n    \"15\": 0,\n    \"16\": 0,\n    \"17\": 0,\n    \"18\": 0,\n    \"19\": 0,\n    \"20\": 0,\n    \"21\": 0,\n    \"22\": 0,\n    \"23\": 0,\n    \"24\": 0,\n    \"25\": 0,\n    \"26\": 0,\n    \"27\": 0,\n    \"28\": 0,\n    \"29\": 0,\n    \"30\": 0,\n    \"31\": 0,\n    \"32\": 0,\n    \"33\": 0,\n    \"34\": 0,\n    \"35\": 0,\n    \"36\": 0,\n    \"37\": 0,\n    \"38\": 0,\n    \"39\": 0,\n    \"40\": 0,\n    \"41\": 0,\n    \"42\": 0,\n    \"43\": 0.00233,\n    \"44\": 0,\n    \"45\": 0,\n    \"46\": 0,\n    \"47\": 0,\n    \"48\": 0,\n    \"49\": 0,\n    \"50\": 0.00233,\n    \"51\": 0,\n    \"52\": 0,\n    \"53\": 0,\n    \"54\": 0,\n    \"55\": 0,\n    \"56\": 0,\n    \"57\": 0,\n    \"58\": 0.00466,\n    \"59\": 0,\n    \"60\": 0,\n    \"61\": 0,\n    \"62\": 0,\n    \"63\": 0,\n    \"64\": 0,\n    \"65\": 0,\n    \"66\": 0,\n    \"67\": 0,\n    \"68\": 0.00466,\n    \"69\": 0,\n    \"70\": 0,\n    \"71\": 0,\n    \"72\": 0.00233,\n    \"73\": 0,\n    \"74\": 0,\n    \"75\": 0,\n    \"76\": 0.00233,\n    \"77\": 0,\n    \"78\": 0.00699,\n    \"79\": 0.00233,\n    \"80\": 0.00233,\n    \"81\": 0.00466,\n    \"82\": 0.00233,\n    \"83\": 0.09553,\n    \"84\": 0.09786,\n    \"85\": 0.00466,\n    \"86\": 0,\n    \"3.5\": 0,\n    \"3.6\": 0\n  },\n  D: {\n    \"4\": 0,\n    \"5\": 0,\n    \"6\": 0,\n    \"7\": 0,\n    \"8\": 0,\n    \"9\": 0,\n    \"10\": 0,\n    \"11\": 0,\n    \"12\": 0,\n    \"13\": 0,\n    \"14\": 0,\n    \"15\": 0,\n    \"16\": 0,\n    \"17\": 0,\n    \"18\": 0,\n    \"19\": 0,\n    \"20\": 0,\n    \"21\": 0,\n    \"22\": 0,\n    \"23\": 0.00233,\n    \"24\": 0,\n    \"25\": 0,\n    \"26\": 0.00466,\n    \"27\": 0,\n    \"28\": 0,\n    \"29\": 0,\n    \"30\": 0,\n    \"31\": 0,\n    \"32\": 0,\n    \"33\": 0.00233,\n    \"34\": 0,\n    \"35\": 0,\n    \"36\": 0,\n    \"37\": 0.03728,\n    \"38\": 0,\n    \"39\": 0,\n    \"40\": 0.00233,\n    \"41\": 0,\n    \"42\": 0,\n    \"43\": 0.02097,\n    \"44\": 0,\n    \"45\": 0.00233,\n    \"46\": 0,\n    \"47\": 0,\n    \"48\": 0,\n    \"49\": 0.00233,\n    \"50\": 0,\n    \"51\": 0,\n    \"52\": 0,\n    \"53\": 0,\n    \"54\": 0,\n    \"55\": 0,\n    \"56\": 0,\n    \"57\": 0,\n    \"58\": 0,\n    \"59\": 0.00233,\n    \"60\": 0,\n    \"61\": 0.00233,\n    \"62\": 0.00233,\n    \"63\": 0.00699,\n    \"64\": 0.00466,\n    \"65\": 0.00233,\n    \"66\": 0.00233,\n    \"67\": 0,\n    \"68\": 0.00699,\n    \"69\": 0,\n    \"70\": 0.00699,\n    \"71\": 0.00233,\n    \"72\": 0.00466,\n    \"73\": 0.00233,\n    \"74\": 0.02563,\n    \"75\": 0.00233,\n    \"76\": 0.00699,\n    \"77\": 0.00233,\n    \"78\": 0.00466,\n    \"79\": 0.03029,\n    \"80\": 0.04194,\n    \"81\": 0.0233,\n    \"83\": 0.01165,\n    \"84\": 0.02563,\n    \"85\": 0.04427,\n    \"86\": 0.58949,\n    \"87\": 3.35054,\n    \"88\": 0.01165,\n    \"89\": 0.00466,\n    \"90\": 0\n  },\n  F: {\n    \"9\": 0,\n    \"11\": 0,\n    \"12\": 0,\n    \"15\": 0,\n    \"16\": 0.00233,\n    \"17\": 0,\n    \"18\": 0,\n    \"19\": 0,\n    \"20\": 0,\n    \"21\": 0,\n    \"22\": 0,\n    \"23\": 0,\n    \"24\": 0,\n    \"25\": 0,\n    \"26\": 0,\n    \"27\": 0,\n    \"28\": 0.00233,\n    \"29\": 0,\n    \"30\": 0,\n    \"31\": 0,\n    \"32\": 0,\n    \"33\": 0,\n    \"34\": 0,\n    \"35\": 0,\n    \"36\": 0,\n    \"37\": 0,\n    \"38\": 0,\n    \"39\": 0,\n    \"40\": 0,\n    \"41\": 0,\n    \"42\": 0,\n    \"43\": 0,\n    \"44\": 0,\n    \"45\": 0,\n    \"46\": 0.00699,\n    \"47\": 0,\n    \"48\": 0,\n    \"49\": 0,\n    \"50\": 0.00233,\n    \"51\": 0.01398,\n    \"52\": 0,\n    \"53\": 0,\n    \"54\": 0,\n    \"55\": 0,\n    \"56\": 0,\n    \"57\": 0,\n    \"58\": 0,\n    \"60\": 0.00466,\n    \"62\": 0,\n    \"63\": 0,\n    \"64\": 0,\n    \"65\": 0,\n    \"66\": 0,\n    \"67\": 0,\n    \"68\": 0,\n    \"69\": 0,\n    \"70\": 0,\n    \"71\": 0.00466,\n    \"72\": 0.12582,\n    \"9.5-9.6\": 0,\n    \"10.0-10.1\": 0,\n    \"10.5\": 0,\n    \"10.6\": 0,\n    \"11.1\": 0,\n    \"11.5\": 0,\n    \"11.6\": 0,\n    \"12.1\": 0.00233\n  },\n  E: {\n    \"4\": 0,\n    \"5\": 0,\n    \"6\": 0,\n    \"7\": 0,\n    \"8\": 0,\n    \"9\": 0,\n    \"10\": 0,\n    \"11\": 0,\n    \"12\": 0,\n    \"13\": 0.00699,\n    \"14\": 0.0466,\n    _: \"0\",\n    \"3.1\": 0,\n    \"3.2\": 0,\n    \"5.1\": 0.07456,\n    \"6.1\": 0,\n    \"7.1\": 0,\n    \"9.1\": 0.00233,\n    \"10.1\": 0.01631,\n    \"11.1\": 0.00233,\n    \"12.1\": 0.00932,\n    \"13.1\": 0.02563\n  },\n  G: {\n    \"8\": 0,\n    \"3.2\": 0,\n    \"4.0-4.1\": 0,\n    \"4.2-4.3\": 0,\n    \"5.0-5.1\": 0.00142,\n    \"6.0-6.1\": 0.00331,\n    \"7.0-7.1\": 0.01842,\n    \"8.1-8.4\": 0.00236,\n    \"9.0-9.2\": 0.0052,\n    \"9.3\": 0.13132,\n    \"10.0-10.2\": 0.00236,\n    \"10.3\": 0.05527,\n    \"11.0-11.2\": 0.05621,\n    \"11.3-11.4\": 0.07416,\n    \"12.0-12.1\": 0.05385,\n    \"12.2-12.4\": 0.77139,\n    \"13.0-13.1\": 0.07794,\n    \"13.2\": 0.03826,\n    \"13.3\": 0.22249,\n    \"13.4-13.7\": 0.86681,\n    \"14.0-14.3\": 2.31087\n  },\n  B: {\n    \"12\": 0.00932,\n    \"13\": 0.00466,\n    \"14\": 0.00233,\n    \"15\": 0.00233,\n    \"16\": 0.00466,\n    \"17\": 0.00466,\n    \"18\": 0.06524,\n    \"79\": 0,\n    \"80\": 0.00233,\n    \"81\": 0,\n    \"83\": 0,\n    \"84\": 0.01165,\n    \"85\": 0.01631,\n    \"86\": 0.0233,\n    \"87\": 0.28426\n  },\n  I: {\n    \"3\": 0,\n    \"4\": 0.00581,\n    \"81\": 0,\n    \"2.1\": 0,\n    \"2.2\": 0,\n    \"2.3\": 0,\n    \"4.1\": 0.00387,\n    \"4.2-4.3\": 0.02517,\n    \"4.4\": 0,\n    \"4.4.3-4.4.4\": 0.18009\n  },\n  P: {\n    \"4\": 0.65942,\n    \"5.0-5.4\": 0.07101,\n    \"6.2-6.4\": 0.18261,\n    \"7.2-7.4\": 0.57826,\n    \"8.2\": 0.10145,\n    \"9.2\": 0.60869,\n    \"10.1\": 0.10145,\n    \"11.1-11.2\": 0.81159,\n    \"12.0\": 1.02464,\n    \"13.0\": 2.84058\n  },\n  K: {\n    _: \"0 10 11 12 11.1 11.5 12.1\"\n  },\n  A: {\n    \"6\": 0,\n    \"7\": 0,\n    \"8\": 0.00233,\n    \"9\": 0,\n    \"10\": 0,\n    \"11\": 0.01398,\n    \"5.5\": 0\n  },\n  N: {\n    \"10\": 0,\n    \"11\": 0.02301\n  },\n  J: {\n    \"7\": 0,\n    \"10\": 0\n  },\n  O: {\n    \"0\": 3.42849\n  },\n  H: {\n    \"0\": 4.66186\n  },\n  L: {\n    \"0\": 70.46678\n  },\n  S: {\n    \"2.5\": 0\n  },\n  R: {\n    _: \"0\"\n  },\n  M: {\n    \"0\": 0.13039\n  },\n  Q: {\n    \"10.4\": 0.00767\n  }\n};","map":{"version":3,"sources":["/Users/bruceseymour/ra-video/client/node_modules/caniuse-lite/data/regions/SO.js"],"names":["module","exports","C","D","F","E","_","G","B","I","P","K","A","N","J","O","H","L","S","R","M","Q"],