{"ast":null,"code":"module.exports = {\n  C: {\n    \"2\": 0.09976,\n    \"15\": 0.10253,\n    \"18\": 0.10253,\n    \"21\": 0.09144,\n    \"23\": 0.10807,\n    \"25\": 0.19951,\n    \"30\": 0.09421,\n    \"34\": 0.00277,\n    \"36\": 0.00554,\n    \"40\": 0.00277,\n    \"43\": 0.01386,\n    \"45\": 0.00277,\n    \"47\": 0.01386,\n    \"48\": 0.00831,\n    \"49\": 0.00277,\n    \"50\": 0.00277,\n    \"51\": 0.1053,\n    \"52\": 0.09421,\n    \"55\": 0.00277,\n    \"56\": 0.00831,\n    \"57\": 0.00277,\n    \"58\": 0.00277,\n    \"60\": 0.00831,\n    \"61\": 0.00277,\n    \"63\": 0.00277,\n    \"65\": 0.00554,\n    \"66\": 0.00554,\n    \"67\": 0.00277,\n    \"68\": 0.00831,\n    \"69\": 0.00277,\n    \"70\": 0.00277,\n    \"71\": 0.00554,\n    \"72\": 0.01663,\n    \"73\": 0.00277,\n    \"74\": 0.00277,\n    \"75\": 0.00554,\n    \"76\": 0.00554,\n    \"77\": 0.00831,\n    \"78\": 0.0665,\n    \"79\": 0.01108,\n    \"80\": 0.07205,\n    \"81\": 0.03048,\n    \"82\": 0.05265,\n    \"83\": 1.07515,\n    \"84\": 0.72046,\n    \"85\": 0.02771,\n    _: \"3 4 5 6 7 8 9 10 11 12 13 14 16 17 19 20 22 24 26 27 28 29 31 32 33 35 37 38 39 41 42 44 46 53 54 59 62 64 86 3.5 3.6\"\n  },\n  D: {\n    \"11\": 0.00554,\n    \"19\": 0.08867,\n    \"22\": 0.00277,\n    \"24\": 0.28818,\n    \"26\": 0.01108,\n    \"28\": 0.00277,\n    \"29\": 0.00277,\n    \"30\": 0.09976,\n    \"31\": 0.00554,\n    \"33\": 0.1053,\n    \"34\": 0.00277,\n    \"35\": 0.19951,\n    \"37\": 0.01108,\n    \"38\": 0.00831,\n    \"39\": 0.00277,\n    \"40\": 0.01663,\n    \"43\": 0.11638,\n    \"46\": 0.00277,\n    \"47\": 0.01108,\n    \"48\": 0.00554,\n    \"49\": 0.12747,\n    \"50\": 0.00831,\n    \"51\": 0.00554,\n    \"53\": 0.0194,\n    \"54\": 0.10253,\n    \"55\": 0.1053,\n    \"56\": 0.52649,\n    \"57\": 0.00554,\n    \"58\": 0.01386,\n    \"60\": 0.00554,\n    \"61\": 0.0194,\n    \"62\": 0.00554,\n    \"63\": 0.02771,\n    \"64\": 0.00831,\n    \"65\": 0.01386,\n    \"66\": 0.00554,\n    \"67\": 0.01386,\n    \"68\": 0.01386,\n    \"69\": 0.02217,\n    \"70\": 0.02494,\n    \"71\": 0.03048,\n    \"72\": 0.0194,\n    \"73\": 0.01386,\n    \"74\": 0.0194,\n    \"75\": 0.01663,\n    \"76\": 0.02494,\n    \"77\": 0.02217,\n    \"78\": 0.02494,\n    \"79\": 0.07759,\n    \"80\": 0.12192,\n    \"81\": 0.05542,\n    \"83\": 0.07759,\n    \"84\": 0.15795,\n    \"85\": 0.22722,\n    \"86\": 2.16138,\n    \"87\": 11.54953,\n    \"88\": 0.02217,\n    \"89\": 0.01663,\n    _: \"4 5 6 7 8 9 10 12 13 14 15 16 17 18 20 21 23 25 27 32 36 41 42 44 45 52 59 90\"\n  },\n  F: {\n    \"36\": 0.00554,\n    \"43\": 0.10807,\n    \"64\": 0.00277,\n    \"68\": 0.00554,\n    \"69\": 0.00277,\n    \"70\": 0.01386,\n    \"71\": 0.08036,\n    \"72\": 0.56806,\n    _: \"9 11 12 15 16 17 18 19 20 21 22 23 24 25 26 27 28 29 30 31 32 33 34 35 37 38 39 40 41 42 44 45 46 47 48 49 50 51 52 53 54 55 56 57 58 60 62 63 65 66 67 9.5-9.6 10.5 10.6 11.1 11.5 11.6\",\n    \"10.0-10.1\": 0.10807,\n    \"12.1\": 0.00277\n  },\n  E: {\n    \"4\": 0,\n    \"5\": 0.09976,\n    \"11\": 0.00554,\n    \"12\": 0.00831,\n    \"13\": 0.04711,\n    \"14\": 0.44059,\n    _: \"0 6 7 8 9 10 3.1 3.2 6.1 7.1 9.1\",\n    \"5.1\": 0.24662,\n    \"10.1\": 0.00831,\n    \"11.1\": 0.0194,\n    \"12.1\": 0.03048,\n    \"13.1\": 0.14963\n  },\n  G: {\n    \"8\": 0.00236,\n    \"3.2\": 0,\n    \"4.0-4.1\": 0,\n    \"4.2-4.3\": 0,\n    \"5.0-5.1\": 0.00629,\n    \"6.0-6.1\": 1.88652,\n    \"7.0-7.1\": 0.02911,\n    \"8.1-8.4\": 0.00787,\n    \"9.0-9.2\": 0.00708,\n    \"9.3\": 0.08968,\n    \"10.0-10.2\": 0.27377,\n    \"10.3\": 0.09755,\n    \"11.0-11.2\": 0.09913,\n    \"11.3-11.4\": 0.06766,\n    \"12.0-12.1\": 0.0771,\n    \"12.2-12.4\": 0.74894,\n    \"13.0-13.1\": 0.06844,\n    \"13.2\": 0.03147,\n    \"13.3\": 0.1951,\n    \"13.4-13.7\": 0.73714,\n    \"14.0-14.3\": 3.41824\n  },\n  B: {\n    \"12\": 0.01663,\n    \"13\": 0.01108,\n    \"14\": 0.01108,\n    \"15\": 0.01108,\n    \"16\": 0.01663,\n    \"17\": 0.02494,\n    \"18\": 0.11638,\n    \"83\": 0.00277,\n    \"84\": 0.01108,\n    \"85\": 0.01386,\n    \"86\": 0.04434,\n    \"87\": 1.1749,\n    _: \"79 80 81\"\n  },\n  I: {\n    \"3\": 0,\n    \"4\": 0.00227,\n    \"81\": 0,\n    \"2.1\": 0,\n    \"2.2\": 0,\n    \"2.3\": 0,\n    \"4.1\": 0.0068,\n    \"4.2-4.3\": 0.07022,\n    \"4.4\": 0,\n    \"4.4.3-4.4.4\": 0.26048\n  },\n  P: {\n    \"4\": 0.44814,\n    \"5.0-5.4\": 0.01018,\n    \"6.2-6.4\": 0.02037,\n    \"7.2-7.4\": 0.27499,\n    \"8.2\": 0.02037,\n    \"9.2\": 0.17314,\n    \"10.1\": 0.11203,\n    \"11.1-11.2\": 0.30555,\n    \"12.0\": 0.75368,\n    \"13.0\": 2.68882\n  },\n  K: {\n    _: \"0 10 11 12 11.1 11.5 12.1\"\n  },\n  A: {\n    \"8\": 0.14434,\n    \"9\": 0.22388,\n    \"10\": 0.23271,\n    \"11\": 0.38,\n    _: \"6 7 5.5\"\n  },\n  N: {\n    \"10\": 0.01232,\n    \"11\": 0.01232\n  },\n  J: {\n    \"7\": 0,\n    \"10\": 0.01446\n  },\n  O: {\n    \"0\": 0.7735\n  },\n  H: {\n    \"0\": 7.78157\n  },\n  L: {\n    \"0\": 52.25605\n  },\n  S: {\n    \"2.5\": 0.02169\n  },\n  R: {\n    _: \"0\"\n  },\n  M: {\n    \"0\": 0.24579\n  },\n  Q: {\n    \"10.4\": 0.02169\n  }\n};","map":{"version":3,"sources":["/Users/bruceseymour/ra-video/client/node_modules/caniuse-lite/data/regions/alt-af.js"],"names":["module","exports","C","_","D","F","E","G","B","I","P","K","A","N","J","O","H","L","S","R","M","Q"],