{"ast":null,"code":"module.exports = {\n  C: {\n    \"2\": 0,\n    \"3\": 0,\n    \"4\": 0,\n    \"5\": 0,\n    \"6\": 0,\n    \"7\": 0,\n    \"8\": 0,\n    \"9\": 0,\n    \"10\": 0,\n    \"11\": 0,\n    \"12\": 0,\n    \"13\": 0,\n    \"14\": 0,\n    \"15\": 0,\n    \"16\": 0,\n    \"17\": 0,\n    \"18\": 0,\n    \"19\": 0,\n    \"20\": 0,\n    \"21\": 0,\n    \"22\": 0,\n    \"23\": 0,\n    \"24\": 0,\n    \"25\": 0,\n    \"26\": 0,\n    \"27\": 0,\n    \"28\": 0,\n    \"29\": 0,\n    \"30\": 0.00374,\n    \"31\": 0,\n    \"32\": 0,\n    \"33\": 0,\n    \"34\": 0,\n    \"35\": 0,\n    \"36\": 0,\n    \"37\": 0,\n    \"38\": 0,\n    \"39\": 0,\n    \"40\": 0,\n    \"41\": 0,\n    \"42\": 0,\n    \"43\": 0,\n    \"44\": 0,\n    \"45\": 0,\n    \"46\": 0,\n    \"47\": 0.00374,\n    \"48\": 0,\n    \"49\": 0,\n    \"50\": 0,\n    \"51\": 0,\n    \"52\": 0.01869,\n    \"53\": 0,\n    \"54\": 0,\n    \"55\": 0,\n    \"56\": 0.00748,\n    \"57\": 0,\n    \"58\": 0,\n    \"59\": 0,\n    \"60\": 0,\n    \"61\": 0,\n    \"62\": 0.00374,\n    \"63\": 0,\n    \"64\": 0,\n    \"65\": 0.01495,\n    \"66\": 0,\n    \"67\": 0,\n    \"68\": 0.00374,\n    \"69\": 0.00374,\n    \"70\": 0,\n    \"71\": 0.00374,\n    \"72\": 0.00374,\n    \"73\": 0,\n    \"74\": 0,\n    \"75\": 0,\n    \"76\": 0,\n    \"77\": 0,\n    \"78\": 0.05233,\n    \"79\": 0.00374,\n    \"80\": 0.01495,\n    \"81\": 0.00748,\n    \"82\": 0.02243,\n    \"83\": 0.76629,\n    \"84\": 0.50463,\n    \"85\": 0.00748,\n    \"86\": 0,\n    \"3.5\": 0,\n    \"3.6\": 0\n  },\n  D: {\n    \"4\": 0,\n    \"5\": 0,\n    \"6\": 0,\n    \"7\": 0,\n    \"8\": 0,\n    \"9\": 0,\n    \"10\": 0,\n    \"11\": 0,\n    \"12\": 0,\n    \"13\": 0,\n    \"14\": 0,\n    \"15\": 0,\n    \"16\": 0,\n    \"17\": 0,\n    \"18\": 0,\n    \"19\": 0,\n    \"20\": 0,\n    \"21\": 0,\n    \"22\": 0,\n    \"23\": 0,\n    \"24\": 0,\n    \"25\": 0,\n    \"26\": 0.00748,\n    \"27\": 0,\n    \"28\": 0,\n    \"29\": 0.00374,\n    \"30\": 0,\n    \"31\": 0,\n    \"32\": 0,\n    \"33\": 0,\n    \"34\": 0.01121,\n    \"35\": 0,\n    \"36\": 0,\n    \"37\": 0,\n    \"38\": 0.02617,\n    \"39\": 0.00748,\n    \"40\": 0.00748,\n    \"41\": 0,\n    \"42\": 0.00374,\n    \"43\": 0.00374,\n    \"44\": 0,\n    \"45\": 0,\n    \"46\": 0.00374,\n    \"47\": 0.00374,\n    \"48\": 0,\n    \"49\": 0.02243,\n    \"50\": 0.00374,\n    \"51\": 0,\n    \"52\": 0,\n    \"53\": 0.04112,\n    \"54\": 0,\n    \"55\": 0.0299,\n    \"56\": 0,\n    \"57\": 0,\n    \"58\": 0.00374,\n    \"59\": 0,\n    \"60\": 0,\n    \"61\": 0,\n    \"62\": 0,\n    \"63\": 0.00374,\n    \"64\": 0.00748,\n    \"65\": 0.01495,\n    \"66\": 0.00374,\n    \"67\": 0.00374,\n    \"68\": 0.00374,\n    \"69\": 0.00748,\n    \"70\": 0.00374,\n    \"71\": 0.00374,\n    \"72\": 0.00374,\n    \"73\": 0.00374,\n    \"74\": 0.01121,\n    \"75\": 0.01495,\n    \"76\": 0.01121,\n    \"77\": 0.00748,\n    \"78\": 0.01121,\n    \"79\": 0.0299,\n    \"80\": 0.04112,\n    \"81\": 0.157,\n    \"83\": 0.03364,\n    \"84\": 0.08224,\n    \"85\": 0.08971,\n    \"86\": 1.57744,\n    \"87\": 7.10968,\n    \"88\": 0.02243,\n    \"89\": 0.00374,\n    \"90\": 0\n  },\n  F: {\n    \"9\": 0,\n    \"11\": 0,\n    \"12\": 0,\n    \"15\": 0,\n    \"16\": 0,\n    \"17\": 0,\n    \"18\": 0,\n    \"19\": 0,\n    \"20\": 0,\n    \"21\": 0,\n    \"22\": 0,\n    \"23\": 0,\n    \"24\": 0,\n    \"25\": 0,\n    \"26\": 0,\n    \"27\": 0,\n    \"28\": 0,\n    \"29\": 0,\n    \"30\": 0,\n    \"31\": 0,\n    \"32\": 0,\n    \"33\": 0,\n    \"34\": 0,\n    \"35\": 0,\n    \"36\": 0,\n    \"37\": 0,\n    \"38\": 0,\n    \"39\": 0,\n    \"40\": 0,\n    \"41\": 0,\n    \"42\": 0,\n    \"43\": 0,\n    \"44\": 0,\n    \"45\": 0,\n    \"46\": 0.00374,\n    \"47\": 0,\n    \"48\": 0,\n    \"49\": 0,\n    \"50\": 0.00748,\n    \"51\": 0.01495,\n    \"52\": 0,\n    \"53\": 0,\n    \"54\": 0,\n    \"55\": 0,\n    \"56\": 0,\n    \"57\": 0,\n    \"58\": 0,\n    \"60\": 0.00374,\n    \"62\": 0,\n    \"63\": 0.00374,\n    \"64\": 0,\n    \"65\": 0,\n    \"66\": 0,\n    \"67\": 0,\n    \"68\": 0,\n    \"69\": 0,\n    \"70\": 0,\n    \"71\": 0.02617,\n    \"72\": 0.20185,\n    \"9.5-9.6\": 0,\n    \"10.0-10.1\": 0,\n    \"10.5\": 0,\n    \"10.6\": 0,\n    \"11.1\": 0,\n    \"11.5\": 0,\n    \"11.6\": 0,\n    \"12.1\": 0.00374\n  },\n  E: {\n    \"4\": 0,\n    \"5\": 0,\n    \"6\": 0,\n    \"7\": 0,\n    \"8\": 0,\n    \"9\": 0,\n    \"10\": 0.00374,\n    \"11\": 0.00374,\n    \"12\": 0.01121,\n    \"13\": 0.02617,\n    \"14\": 0.55322,\n    _: \"0\",\n    \"3.1\": 0,\n    \"3.2\": 0,\n    \"5.1\": 0.0299,\n    \"6.1\": 0,\n    \"7.1\": 0,\n    \"9.1\": 0,\n    \"10.1\": 0.00748,\n    \"11.1\": 0.01495,\n    \"12.1\": 0.03738,\n    \"13.1\": 0.17195\n  },\n  G: {\n    \"8\": 0,\n    \"3.2\": 0,\n    \"4.0-4.1\": 0,\n    \"4.2-4.3\": 0.00455,\n    \"5.0-5.1\": 0.07506,\n    \"6.0-6.1\": 0.00379,\n    \"7.0-7.1\": 0.06369,\n    \"8.1-8.4\": 0.00758,\n    \"9.0-9.2\": 0.00303,\n    \"9.3\": 0.20774,\n    \"10.0-10.2\": 0.01971,\n    \"10.3\": 0.14709,\n    \"11.0-11.2\": 0.02047,\n    \"11.3-11.4\": 0.06217,\n    \"12.0-12.1\": 0.03488,\n    \"12.2-12.4\": 0.72104,\n    \"13.0-13.1\": 0.03033,\n    \"13.2\": 0.01061,\n    \"13.3\": 0.13951,\n    \"13.4-13.7\": 0.76653,\n    \"14.0-14.3\": 5.21787\n  },\n  B: {\n    \"12\": 0.00374,\n    \"13\": 0.00374,\n    \"14\": 0.04112,\n    \"15\": 0.00748,\n    \"16\": 0.01121,\n    \"17\": 0.01495,\n    \"18\": 0.05981,\n    \"79\": 0,\n    \"80\": 0,\n    \"81\": 0,\n    \"83\": 0.00374,\n    \"84\": 0.00374,\n    \"85\": 0.01121,\n    \"86\": 0.01869,\n    \"87\": 1.06159\n  },\n  I: {\n    \"3\": 0,\n    \"4\": 0,\n    \"81\": 0,\n    \"2.1\": 0.02445,\n    \"2.2\": 0,\n    \"2.3\": 0,\n    \"4.1\": 0.00772,\n    \"4.2-4.3\": 0.02187,\n    \"4.4\": 0,\n    \"4.4.3-4.4.4\": 0.29334\n  },\n  P: {\n    \"4\": 0.23583,\n    \"5.0-5.4\": 0.01025,\n    \"6.2-6.4\": 0.02051,\n    \"7.2-7.4\": 0.19482,\n    \"8.2\": 0.06152,\n    \"9.2\": 0.1333,\n    \"10.1\": 0.09228,\n    \"11.1-11.2\": 0.31786,\n    \"12.0\": 0.92283,\n    \"13.0\": 4.91151\n  },\n  K: {\n    _: \"0 10 11 12 11.1 11.5 12.1\"\n  },\n  A: {\n    \"6\": 0,\n    \"7\": 0,\n    \"8\": 0,\n    \"9\": 0,\n    \"10\": 0,\n    \"11\": 0.20559,\n    \"5.5\": 0\n  },\n  N: {\n    \"10\": 0,\n    \"11\": 0\n  },\n  J: {\n    \"7\": 0,\n    \"10\": 0\n  },\n  O: {\n    \"0\": 0.98313\n  },\n  H: {\n    \"0\": 0.84184\n  },\n  L: {\n    \"0\": 65.81616\n  },\n  S: {\n    \"2.5\": 0\n  },\n  R: {\n    _: \"0\"\n  },\n  M: {\n    \"0\": 0.31936\n  },\n  Q: {\n    \"10.4\": 0.03131\n  }\n};","map":{"version":3,"sources":["/Users/bruceseymour/ra-video/client/node_modules/caniuse-lite/data/regions/MU.js"],"names":["module","exports","C","D","F","E","_","G","B","I","P","K","A","N","J","O","H","L","S","R","M","Q"],