{"ast":null,"code":"module.exports = {\n  C: {\n    \"2\": 0,\n    \"3\": 0,\n    \"4\": 0,\n    \"5\": 0.00161,\n    \"6\": 0,\n    \"7\": 0,\n    \"8\": 0,\n    \"9\": 0,\n    \"10\": 0,\n    \"11\": 0,\n    \"12\": 0,\n    \"13\": 0,\n    \"14\": 0,\n    \"15\": 0,\n    \"16\": 0,\n    \"17\": 0.00161,\n    \"18\": 0,\n    \"19\": 0,\n    \"20\": 0,\n    \"21\": 0,\n    \"22\": 0.00161,\n    \"23\": 0,\n    \"24\": 0,\n    \"25\": 0,\n    \"26\": 0,\n    \"27\": 0.00322,\n    \"28\": 0,\n    \"29\": 0,\n    \"30\": 0,\n    \"31\": 0,\n    \"32\": 0,\n    \"33\": 0.00161,\n    \"34\": 0,\n    \"35\": 0.00322,\n    \"36\": 0,\n    \"37\": 0.00161,\n    \"38\": 0,\n    \"39\": 0,\n    \"40\": 0,\n    \"41\": 0.00161,\n    \"42\": 0,\n    \"43\": 0,\n    \"44\": 0.00644,\n    \"45\": 0.00161,\n    \"46\": 0.00161,\n    \"47\": 0.00161,\n    \"48\": 0,\n    \"49\": 0.00161,\n    \"50\": 0.00161,\n    \"51\": 0.00161,\n    \"52\": 0,\n    \"53\": 0,\n    \"54\": 0,\n    \"55\": 0,\n    \"56\": 0.00161,\n    \"57\": 0,\n    \"58\": 0.00161,\n    \"59\": 0,\n    \"60\": 0,\n    \"61\": 0.00161,\n    \"62\": 0,\n    \"63\": 0,\n    \"64\": 0,\n    \"65\": 0.00161,\n    \"66\": 0,\n    \"67\": 0,\n    \"68\": 0.00322,\n    \"69\": 0,\n    \"70\": 0,\n    \"71\": 0,\n    \"72\": 0.00322,\n    \"73\": 0,\n    \"74\": 0,\n    \"75\": 0,\n    \"76\": 0,\n    \"77\": 0.00161,\n    \"78\": 0.00161,\n    \"79\": 0,\n    \"80\": 0,\n    \"81\": 0.00322,\n    \"82\": 0.00644,\n    \"83\": 0.14499,\n    \"84\": 0.058,\n    \"85\": 0.00161,\n    \"86\": 0,\n    \"3.5\": 0,\n    \"3.6\": 0\n  },\n  D: {\n    \"4\": 0,\n    \"5\": 0,\n    \"6\": 0,\n    \"7\": 0,\n    \"8\": 0,\n    \"9\": 0,\n    \"10\": 0,\n    \"11\": 0,\n    \"12\": 0,\n    \"13\": 0,\n    \"14\": 0,\n    \"15\": 0,\n    \"16\": 0,\n    \"17\": 0,\n    \"18\": 0,\n    \"19\": 0.00161,\n    \"20\": 0,\n    \"21\": 0,\n    \"22\": 0,\n    \"23\": 0,\n    \"24\": 0.00161,\n    \"25\": 0.00161,\n    \"26\": 0,\n    \"27\": 0,\n    \"28\": 0.00161,\n    \"29\": 0,\n    \"30\": 0,\n    \"31\": 0,\n    \"32\": 0,\n    \"33\": 0.00483,\n    \"34\": 0,\n    \"35\": 0,\n    \"36\": 0,\n    \"37\": 0.00161,\n    \"38\": 0.00161,\n    \"39\": 0,\n    \"40\": 0.029,\n    \"41\": 0,\n    \"42\": 0,\n    \"43\": 0.00483,\n    \"44\": 0,\n    \"45\": 0,\n    \"46\": 0,\n    \"47\": 0.00161,\n    \"48\": 0.06444,\n    \"49\": 0.00967,\n    \"50\": 0,\n    \"51\": 0,\n    \"52\": 0,\n    \"53\": 0,\n    \"54\": 0,\n    \"55\": 0.00161,\n    \"56\": 0,\n    \"57\": 0.00161,\n    \"58\": 0,\n    \"59\": 0,\n    \"60\": 0,\n    \"61\": 0,\n    \"62\": 0,\n    \"63\": 0.00161,\n    \"64\": 0.00161,\n    \"65\": 0,\n    \"66\": 0,\n    \"67\": 0,\n    \"68\": 0.00161,\n    \"69\": 0.01289,\n    \"70\": 0.00322,\n    \"71\": 0,\n    \"72\": 0.01772,\n    \"73\": 0.00161,\n    \"74\": 0.00322,\n    \"75\": 0,\n    \"76\": 0.00161,\n    \"77\": 0.00161,\n    \"78\": 0.00322,\n    \"79\": 0.00322,\n    \"80\": 0.00483,\n    \"81\": 0.10149,\n    \"83\": 0.00967,\n    \"84\": 0.00806,\n    \"85\": 0.01289,\n    \"86\": 0.31253,\n    \"87\": 0.80067,\n    \"88\": 0,\n    \"89\": 0,\n    \"90\": 0\n  },\n  F: {\n    \"9\": 0,\n    \"11\": 0,\n    \"12\": 0.00161,\n    \"15\": 0,\n    \"16\": 0.00161,\n    \"17\": 0,\n    \"18\": 0.00161,\n    \"19\": 0,\n    \"20\": 0.00322,\n    \"21\": 0,\n    \"22\": 0,\n    \"23\": 0.01128,\n    \"24\": 0,\n    \"25\": 0,\n    \"26\": 0,\n    \"27\": 0,\n    \"28\": 0,\n    \"29\": 0,\n    \"30\": 0.00161,\n    \"31\": 0,\n    \"32\": 0,\n    \"33\": 0,\n    \"34\": 0,\n    \"35\": 0,\n    \"36\": 0,\n    \"37\": 0.00161,\n    \"38\": 0.00161,\n    \"39\": 0,\n    \"40\": 0,\n    \"41\": 0,\n    \"42\": 0.00322,\n    \"43\": 0.00161,\n    \"44\": 0,\n    \"45\": 0.01289,\n    \"46\": 0.00806,\n    \"47\": 0.00161,\n    \"48\": 0,\n    \"49\": 0,\n    \"50\": 0.01289,\n    \"51\": 0.1321,\n    \"52\": 0,\n    \"53\": 0.00161,\n    \"54\": 0,\n    \"55\": 0,\n    \"56\": 0,\n    \"57\": 0,\n    \"58\": 0,\n    \"60\": 0.00161,\n    \"62\": 0.00161,\n    \"63\": 0,\n    \"64\": 0,\n    \"65\": 0,\n    \"66\": 0,\n    \"67\": 0,\n    \"68\": 0.00161,\n    \"69\": 0,\n    \"70\": 0,\n    \"71\": 0.00161,\n    \"72\": 0.08377,\n    \"9.5-9.6\": 0,\n    \"10.0-10.1\": 0,\n    \"10.5\": 0,\n    \"10.6\": 0,\n    \"11.1\": 0,\n    \"11.5\": 0,\n    \"11.6\": 0,\n    \"12.1\": 0.03544\n  },\n  E: {\n    \"4\": 0,\n    \"5\": 0,\n    \"6\": 0,\n    \"7\": 0,\n    \"8\": 0,\n    \"9\": 0,\n    \"10\": 0,\n    \"11\": 0,\n    \"12\": 0,\n    \"13\": 0.00967,\n    \"14\": 0.01128,\n    _: \"0\",\n    \"3.1\": 0,\n    \"3.2\": 0,\n    \"5.1\": 0,\n    \"6.1\": 0,\n    \"7.1\": 0,\n    \"9.1\": 0,\n    \"10.1\": 0.00161,\n    \"11.1\": 0.00644,\n    \"12.1\": 0.00644,\n    \"13.1\": 0.00644\n  },\n  G: {\n    \"8\": 0.00151,\n    \"3.2\": 0,\n    \"4.0-4.1\": 0,\n    \"4.2-4.3\": 0,\n    \"5.0-5.1\": 0,\n    \"6.0-6.1\": 0.00303,\n    \"7.0-7.1\": 0.16041,\n    \"8.1-8.4\": 0.00706,\n    \"9.0-9.2\": 0.00101,\n    \"9.3\": 0.0676,\n    \"10.0-10.2\": 0.00252,\n    \"10.3\": 0.09433,\n    \"11.0-11.2\": 0.18866,\n    \"11.3-11.4\": 0.08223,\n    \"12.0-12.1\": 0.23306,\n    \"12.2-12.4\": 0.51353,\n    \"13.0-13.1\": 0.16899,\n    \"13.2\": 0.04136,\n    \"13.3\": 0.37581,\n    \"13.4-13.7\": 0.79501,\n    \"14.0-14.3\": 2.30281\n  },\n  B: {\n    \"12\": 0.01128,\n    \"13\": 0.00644,\n    \"14\": 0.00322,\n    \"15\": 0.00322,\n    \"16\": 0.00483,\n    \"17\": 0.00483,\n    \"18\": 0.01772,\n    \"79\": 0,\n    \"80\": 0,\n    \"81\": 0,\n    \"83\": 0,\n    \"84\": 0.00161,\n    \"85\": 0.00161,\n    \"86\": 0.02417,\n    \"87\": 0.15143\n  },\n  I: {\n    \"3\": 0,\n    \"4\": 0,\n    \"81\": 0,\n    \"2.1\": 0,\n    \"2.2\": 0,\n    \"2.3\": 0,\n    \"4.1\": 0.00875,\n    \"4.2-4.3\": 0.01077,\n    \"4.4\": 0,\n    \"4.4.3-4.4.4\": 0.24175\n  },\n  P: {\n    \"4\": 1.28473,\n    \"5.0-5.4\": 0.06118,\n    \"6.2-6.4\": 0.10196,\n    \"7.2-7.4\": 0.20393,\n    \"8.2\": 0.0102,\n    \"9.2\": 0.2651,\n    \"10.1\": 0.05098,\n    \"11.1-11.2\": 0.32628,\n    \"12.0\": 0.39765,\n    \"13.0\": 0.46903\n  },\n  K: {\n    _: \"0 10 11 12 11.1 11.5 12.1\"\n  },\n  A: {\n    \"6\": 0,\n    \"7\": 0,\n    \"8\": 0.01128,\n    \"9\": 0,\n    \"10\": 0,\n    \"11\": 0.05639,\n    \"5.5\": 0\n  },\n  N: {\n    \"10\": 0,\n    \"11\": 0\n  },\n  J: {\n    \"7\": 0,\n    \"10\": 0.00839\n  },\n  O: {\n    \"0\": 1.04024\n  },\n  H: {\n    \"0\": 25.4864\n  },\n  L: {\n    \"0\": 56.05342\n  },\n  S: {\n    \"2.5\": 0.13422\n  },\n  R: {\n    _: \"0\"\n  },\n  M: {\n    \"0\": 0.05872\n  },\n  Q: {\n    \"10.4\": 0.04195\n  }\n};","map":{"version":3,"sources":["/Users/bruceseymour/ra-video/client/node_modules/caniuse-lite/data/regions/GN.js"],"names":["module","exports","C","D","F","E","_","G","B","I","P","K","A","N","J","O","H","L","S","R","M","Q"],