{"ast":null,"code":"module.exports = {\n  C: {\n    \"2\": 0,\n    \"3\": 0,\n    \"4\": 0,\n    \"5\": 0,\n    \"6\": 0,\n    \"7\": 0,\n    \"8\": 0,\n    \"9\": 0,\n    \"10\": 0,\n    \"11\": 0,\n    \"12\": 0,\n    \"13\": 0,\n    \"14\": 0,\n    \"15\": 0,\n    \"16\": 0,\n    \"17\": 0,\n    \"18\": 0,\n    \"19\": 0,\n    \"20\": 0,\n    \"21\": 0,\n    \"22\": 0,\n    \"23\": 0,\n    \"24\": 0,\n    \"25\": 0,\n    \"26\": 0,\n    \"27\": 0,\n    \"28\": 0,\n    \"29\": 0,\n    \"30\": 0.0017,\n    \"31\": 0,\n    \"32\": 0,\n    \"33\": 0,\n    \"34\": 0,\n    \"35\": 0,\n    \"36\": 0,\n    \"37\": 0,\n    \"38\": 0,\n    \"39\": 0,\n    \"40\": 0,\n    \"41\": 0,\n    \"42\": 0,\n    \"43\": 0.01193,\n    \"44\": 0,\n    \"45\": 0,\n    \"46\": 0,\n    \"47\": 0.00341,\n    \"48\": 0.00341,\n    \"49\": 0,\n    \"50\": 0.0017,\n    \"51\": 0,\n    \"52\": 0.00852,\n    \"53\": 0,\n    \"54\": 0.0017,\n    \"55\": 0.0017,\n    \"56\": 0.0017,\n    \"57\": 0.0017,\n    \"58\": 0,\n    \"59\": 0,\n    \"60\": 0,\n    \"61\": 0.0017,\n    \"62\": 0,\n    \"63\": 0.0017,\n    \"64\": 0.0017,\n    \"65\": 0.0017,\n    \"66\": 0.0017,\n    \"67\": 0.0017,\n    \"68\": 0.02215,\n    \"69\": 0.0017,\n    \"70\": 0,\n    \"71\": 0,\n    \"72\": 0.00511,\n    \"73\": 0,\n    \"74\": 0,\n    \"75\": 0,\n    \"76\": 0,\n    \"77\": 0.0017,\n    \"78\": 0.00852,\n    \"79\": 0.00341,\n    \"80\": 0.00511,\n    \"81\": 0.01022,\n    \"82\": 0.01874,\n    \"83\": 0.20448,\n    \"84\": 0.11758,\n    \"85\": 0.00852,\n    \"86\": 0,\n    \"3.5\": 0,\n    \"3.6\": 0\n  },\n  D: {\n    \"4\": 0,\n    \"5\": 0,\n    \"6\": 0,\n    \"7\": 0,\n    \"8\": 0,\n    \"9\": 0,\n    \"10\": 0,\n    \"11\": 0,\n    \"12\": 0,\n    \"13\": 0,\n    \"14\": 0,\n    \"15\": 0,\n    \"16\": 0,\n    \"17\": 0,\n    \"18\": 0,\n    \"19\": 0,\n    \"20\": 0,\n    \"21\": 0,\n    \"22\": 0,\n    \"23\": 0,\n    \"24\": 0,\n    \"25\": 0,\n    \"26\": 0,\n    \"27\": 0,\n    \"28\": 0,\n    \"29\": 0,\n    \"30\": 0,\n    \"31\": 0,\n    \"32\": 0,\n    \"33\": 0,\n    \"34\": 0,\n    \"35\": 0,\n    \"36\": 0,\n    \"37\": 0,\n    \"38\": 0,\n    \"39\": 0,\n    \"40\": 0.00511,\n    \"41\": 0,\n    \"42\": 0,\n    \"43\": 0,\n    \"44\": 0,\n    \"45\": 0,\n    \"46\": 0,\n    \"47\": 0.01022,\n    \"48\": 0,\n    \"49\": 0.00341,\n    \"50\": 0.0017,\n    \"51\": 0,\n    \"52\": 0,\n    \"53\": 0.0017,\n    \"54\": 0,\n    \"55\": 0.00511,\n    \"56\": 0.0017,\n    \"57\": 0.0017,\n    \"58\": 0.00682,\n    \"59\": 0,\n    \"60\": 0,\n    \"61\": 0.0017,\n    \"62\": 0.00341,\n    \"63\": 0.00341,\n    \"64\": 0.00511,\n    \"65\": 0.0017,\n    \"66\": 0.0017,\n    \"67\": 0.0017,\n    \"68\": 0.0017,\n    \"69\": 0.00341,\n    \"70\": 0.00511,\n    \"71\": 0.00341,\n    \"72\": 0.00341,\n    \"73\": 0.00341,\n    \"74\": 0.00511,\n    \"75\": 0.00341,\n    \"76\": 0.00511,\n    \"77\": 0.00511,\n    \"78\": 0.00341,\n    \"79\": 0.01022,\n    \"80\": 0.02386,\n    \"81\": 0.02556,\n    \"83\": 0.01534,\n    \"84\": 0.02215,\n    \"85\": 0.02386,\n    \"86\": 0.2556,\n    \"87\": 1.04285,\n    \"88\": 0.00341,\n    \"89\": 0.0017,\n    \"90\": 0\n  },\n  F: {\n    \"9\": 0,\n    \"11\": 0,\n    \"12\": 0,\n    \"15\": 0,\n    \"16\": 0.00341,\n    \"17\": 0,\n    \"18\": 0,\n    \"19\": 0.0017,\n    \"20\": 0.00341,\n    \"21\": 0,\n    \"22\": 0,\n    \"23\": 0.00852,\n    \"24\": 0.10054,\n    \"25\": 0.00511,\n    \"26\": 0.06816,\n    \"27\": 0.14825,\n    \"28\": 0.07327,\n    \"29\": 0.01193,\n    \"30\": 0.09031,\n    \"31\": 0.02897,\n    \"32\": 0.07157,\n    \"33\": 0.03919,\n    \"34\": 0.0017,\n    \"35\": 0.00852,\n    \"36\": 0.00852,\n    \"37\": 0.00682,\n    \"38\": 0.05282,\n    \"39\": 0.0017,\n    \"40\": 0,\n    \"41\": 0.00341,\n    \"42\": 0.07157,\n    \"43\": 0.0017,\n    \"44\": 0.00682,\n    \"45\": 0.02556,\n    \"46\": 0.1278,\n    \"47\": 0.09542,\n    \"48\": 0.00511,\n    \"49\": 0,\n    \"50\": 0.33739,\n    \"51\": 0.48905,\n    \"52\": 0.0017,\n    \"53\": 0.01022,\n    \"54\": 0.00682,\n    \"55\": 0.0017,\n    \"56\": 0,\n    \"57\": 0.0017,\n    \"58\": 0.00511,\n    \"60\": 0.01193,\n    \"62\": 0,\n    \"63\": 0,\n    \"64\": 0,\n    \"65\": 0,\n    \"66\": 0,\n    \"67\": 0,\n    \"68\": 0,\n    \"69\": 0,\n    \"70\": 0.0017,\n    \"71\": 0.00341,\n    \"72\": 0.06816,\n    \"9.5-9.6\": 0,\n    \"10.0-10.1\": 0,\n    \"10.5\": 0,\n    \"10.6\": 0,\n    \"11.1\": 0,\n    \"11.5\": 0,\n    \"11.6\": 0,\n    \"12.1\": 0.08009\n  },\n  E: {\n    \"4\": 0,\n    \"5\": 0,\n    \"6\": 0,\n    \"7\": 0,\n    \"8\": 0,\n    \"9\": 0,\n    \"10\": 0,\n    \"11\": 0.0017,\n    \"12\": 0.0017,\n    \"13\": 0.00682,\n    \"14\": 0.02556,\n    _: \"0\",\n    \"3.1\": 0,\n    \"3.2\": 0,\n    \"5.1\": 0.02045,\n    \"6.1\": 0,\n    \"7.1\": 0,\n    \"9.1\": 0,\n    \"10.1\": 0,\n    \"11.1\": 0.00341,\n    \"12.1\": 0.0017,\n    \"13.1\": 0.01022\n  },\n  G: {\n    \"8\": 0.00165,\n    \"3.2\": 0,\n    \"4.0-4.1\": 0,\n    \"4.2-4.3\": 0.00165,\n    \"5.0-5.1\": 0.0011,\n    \"6.0-6.1\": 0.0011,\n    \"7.0-7.1\": 0.00716,\n    \"8.1-8.4\": 0.00386,\n    \"9.0-9.2\": 0.00275,\n    \"9.3\": 0.03966,\n    \"10.0-10.2\": 0.01212,\n    \"10.3\": 0.06279,\n    \"11.0-11.2\": 0.24951,\n    \"11.3-11.4\": 0.11842,\n    \"12.0-12.1\": 0.15257,\n    \"12.2-12.4\": 0.95177,\n    \"13.0-13.1\": 0.15422,\n    \"13.2\": 0.07766,\n    \"13.3\": 0.41034,\n    \"13.4-13.7\": 1.0801,\n    \"14.0-14.3\": 2.16076\n  },\n  B: {\n    \"12\": 0.00511,\n    \"13\": 0.0017,\n    \"14\": 0.0017,\n    \"15\": 0.0017,\n    \"16\": 0.0017,\n    \"17\": 0.0017,\n    \"18\": 0.01363,\n    \"79\": 0,\n    \"80\": 0,\n    \"81\": 0,\n    \"83\": 0,\n    \"84\": 0.0017,\n    \"85\": 0.0017,\n    \"86\": 0.00852,\n    \"87\": 0.10565\n  },\n  I: {\n    \"3\": 0,\n    \"4\": 0,\n    \"81\": 0,\n    \"2.1\": 0,\n    \"2.2\": 0,\n    \"2.3\": 0,\n    \"4.1\": 0.0032,\n    \"4.2-4.3\": 0.00704,\n    \"4.4\": 0,\n    \"4.4.3-4.4.4\": 0.12168\n  },\n  P: {\n    \"4\": 0.08191,\n    \"5.0-5.4\": 0.02048,\n    \"6.2-6.4\": 0,\n    \"7.2-7.4\": 0.06144,\n    \"8.2\": 0.01024,\n    \"9.2\": 0.07167,\n    \"10.1\": 0.04096,\n    \"11.1-11.2\": 0.10239,\n    \"12.0\": 0.29694,\n    \"13.0\": 0.45053\n  },\n  K: {\n    _: \"0 10 11 12 11.1 11.5 12.1\"\n  },\n  A: {\n    \"6\": 0,\n    \"7\": 0,\n    \"8\": 0.00613,\n    \"9\": 0,\n    \"10\": 0,\n    \"11\": 0.02454,\n    \"5.5\": 0\n  },\n  N: {\n    \"10\": 0,\n    \"11\": 0\n  },\n  J: {\n    \"7\": 0,\n    \"10\": 0.04978\n  },\n  O: {\n    \"0\": 1.74216\n  },\n  H: {\n    \"0\": 30.19123\n  },\n  L: {\n    \"0\": 50.65254\n  },\n  S: {\n    \"2.5\": 0.04148\n  },\n  R: {\n    _: \"0\"\n  },\n  M: {\n    \"0\": 0.38991\n  },\n  Q: {\n    \"10.4\": 0.01659\n  }\n};","map":{"version":3,"sources":["/Users/bruceseymour/ra-video/client/node_modules/caniuse-lite/data/regions/NG.js"],"names":["module","exports","C","D","F","E","_","G","B","I","P","K","A","N","J","O","H","L","S","R","M","Q"],