{"ast":null,"code":"module.exports = {\n  C: {\n    \"2\": 0,\n    \"3\": 0,\n    \"4\": 0,\n    \"5\": 0,\n    \"6\": 0,\n    \"7\": 0,\n    \"8\": 0,\n    \"9\": 0,\n    \"10\": 0,\n    \"11\": 0,\n    \"12\": 0,\n    \"13\": 0,\n    \"14\": 0,\n    \"15\": 0,\n    \"16\": 0,\n    \"17\": 0,\n    \"18\": 0,\n    \"19\": 0,\n    \"20\": 0,\n    \"21\": 0,\n    \"22\": 0,\n    \"23\": 0,\n    \"24\": 0,\n    \"25\": 0,\n    \"26\": 0,\n    \"27\": 0,\n    \"28\": 0,\n    \"29\": 0,\n    \"30\": 0,\n    \"31\": 0,\n    \"32\": 0,\n    \"33\": 0,\n    \"34\": 0.00191,\n    \"35\": 0,\n    \"36\": 0,\n    \"37\": 0.00191,\n    \"38\": 0,\n    \"39\": 0,\n    \"40\": 0,\n    \"41\": 0,\n    \"42\": 0,\n    \"43\": 0.00191,\n    \"44\": 0,\n    \"45\": 0,\n    \"46\": 0.00191,\n    \"47\": 0.00382,\n    \"48\": 0,\n    \"49\": 0,\n    \"50\": 0,\n    \"51\": 0,\n    \"52\": 0.00573,\n    \"53\": 0,\n    \"54\": 0,\n    \"55\": 0,\n    \"56\": 0.02482,\n    \"57\": 0,\n    \"58\": 0,\n    \"59\": 0,\n    \"60\": 0,\n    \"61\": 0,\n    \"62\": 0,\n    \"63\": 0.00191,\n    \"64\": 0,\n    \"65\": 0.00191,\n    \"66\": 0,\n    \"67\": 0,\n    \"68\": 0.00382,\n    \"69\": 0,\n    \"70\": 0.00191,\n    \"71\": 0,\n    \"72\": 0.00191,\n    \"73\": 0,\n    \"74\": 0,\n    \"75\": 0,\n    \"76\": 0,\n    \"77\": 0,\n    \"78\": 0.00573,\n    \"79\": 0.00382,\n    \"80\": 0.01145,\n    \"81\": 0.01145,\n    \"82\": 0.00955,\n    \"83\": 0.18708,\n    \"84\": 0.18899,\n    \"85\": 0,\n    \"86\": 0,\n    \"3.5\": 0,\n    \"3.6\": 0\n  },\n  D: {\n    \"4\": 0,\n    \"5\": 0,\n    \"6\": 0,\n    \"7\": 0,\n    \"8\": 0,\n    \"9\": 0,\n    \"10\": 0,\n    \"11\": 0,\n    \"12\": 0,\n    \"13\": 0,\n    \"14\": 0,\n    \"15\": 0,\n    \"16\": 0,\n    \"17\": 0,\n    \"18\": 0,\n    \"19\": 0,\n    \"20\": 0,\n    \"21\": 0,\n    \"22\": 0.00191,\n    \"23\": 0,\n    \"24\": 0,\n    \"25\": 0.00573,\n    \"26\": 0,\n    \"27\": 0,\n    \"28\": 0,\n    \"29\": 0,\n    \"30\": 0,\n    \"31\": 0.00191,\n    \"32\": 0,\n    \"33\": 0.00191,\n    \"34\": 0,\n    \"35\": 0,\n    \"36\": 0,\n    \"37\": 0,\n    \"38\": 0,\n    \"39\": 0.01145,\n    \"40\": 0.00764,\n    \"41\": 0,\n    \"42\": 0,\n    \"43\": 0.00955,\n    \"44\": 0,\n    \"45\": 0,\n    \"46\": 0.00191,\n    \"47\": 0,\n    \"48\": 0.00191,\n    \"49\": 0.00382,\n    \"50\": 0,\n    \"51\": 0,\n    \"52\": 0,\n    \"53\": 0,\n    \"54\": 0,\n    \"55\": 0,\n    \"56\": 0,\n    \"57\": 0.03627,\n    \"58\": 0.00191,\n    \"59\": 0.00191,\n    \"60\": 0.00191,\n    \"61\": 0,\n    \"62\": 0.00191,\n    \"63\": 0.00191,\n    \"64\": 0.00191,\n    \"65\": 0.00191,\n    \"66\": 0,\n    \"67\": 0.00191,\n    \"68\": 0,\n    \"69\": 0.00382,\n    \"70\": 0.00191,\n    \"71\": 0.00191,\n    \"72\": 0.00764,\n    \"73\": 0.00191,\n    \"74\": 0.00191,\n    \"75\": 0.00382,\n    \"76\": 0.01336,\n    \"77\": 0.00191,\n    \"78\": 0.00382,\n    \"79\": 0.01336,\n    \"80\": 0.00764,\n    \"81\": 0.01336,\n    \"83\": 0.00573,\n    \"84\": 0.02291,\n    \"85\": 0.03245,\n    \"86\": 0.28635,\n    \"87\": 1.51766,\n    \"88\": 0,\n    \"89\": 0,\n    \"90\": 0\n  },\n  F: {\n    \"9\": 0,\n    \"11\": 0,\n    \"12\": 0,\n    \"15\": 0,\n    \"16\": 0,\n    \"17\": 0,\n    \"18\": 0,\n    \"19\": 0,\n    \"20\": 0,\n    \"21\": 0,\n    \"22\": 0,\n    \"23\": 0,\n    \"24\": 0,\n    \"25\": 0,\n    \"26\": 0,\n    \"27\": 0,\n    \"28\": 0,\n    \"29\": 0,\n    \"30\": 0,\n    \"31\": 0,\n    \"32\": 0,\n    \"33\": 0,\n    \"34\": 0,\n    \"35\": 0,\n    \"36\": 0,\n    \"37\": 0.00191,\n    \"38\": 0,\n    \"39\": 0,\n    \"40\": 0,\n    \"41\": 0,\n    \"42\": 0.00191,\n    \"43\": 0,\n    \"44\": 0,\n    \"45\": 0,\n    \"46\": 0.00191,\n    \"47\": 0,\n    \"48\": 0,\n    \"49\": 0,\n    \"50\": 0.00764,\n    \"51\": 0.00382,\n    \"52\": 0,\n    \"53\": 0,\n    \"54\": 0,\n    \"55\": 0,\n    \"56\": 0,\n    \"57\": 0,\n    \"58\": 0,\n    \"60\": 0,\n    \"62\": 0,\n    \"63\": 0,\n    \"64\": 0,\n    \"65\": 0,\n    \"66\": 0,\n    \"67\": 0,\n    \"68\": 0.00191,\n    \"69\": 0,\n    \"70\": 0,\n    \"71\": 0.00191,\n    \"72\": 0.04009,\n    \"9.5-9.6\": 0,\n    \"10.0-10.1\": 0,\n    \"10.5\": 0,\n    \"10.6\": 0,\n    \"11.1\": 0,\n    \"11.5\": 0,\n    \"11.6\": 0,\n    \"12.1\": 0.00191\n  },\n  E: {\n    \"4\": 0,\n    \"5\": 0,\n    \"6\": 0,\n    \"7\": 0,\n    \"8\": 0,\n    \"9\": 0,\n    \"10\": 0,\n    \"11\": 0,\n    \"12\": 0.00191,\n    \"13\": 0.00382,\n    \"14\": 0.05154,\n    _: \"0\",\n    \"3.1\": 0,\n    \"3.2\": 0,\n    \"5.1\": 0.20999,\n    \"6.1\": 0,\n    \"7.1\": 0.00191,\n    \"9.1\": 0,\n    \"10.1\": 0.00382,\n    \"11.1\": 0.00573,\n    \"12.1\": 0.00764,\n    \"13.1\": 0.01527\n  },\n  G: {\n    \"8\": 0.0021,\n    \"3.2\": 0,\n    \"4.0-4.1\": 0,\n    \"4.2-4.3\": 0,\n    \"5.0-5.1\": 0.00315,\n    \"6.0-6.1\": 0,\n    \"7.0-7.1\": 0.03152,\n    \"8.1-8.4\": 0.00105,\n    \"9.0-9.2\": 0.01156,\n    \"9.3\": 0.09666,\n    \"10.0-10.2\": 0.01891,\n    \"10.3\": 0.14289,\n    \"11.0-11.2\": 0.25005,\n    \"11.3-11.4\": 0.29628,\n    \"12.0-12.1\": 0.23009,\n    \"12.2-12.4\": 1.44462,\n    \"13.0-13.1\": 0.12818,\n    \"13.2\": 0.0746,\n    \"13.3\": 0.6556,\n    \"13.4-13.7\": 1.71674,\n    \"14.0-14.3\": 5.31411\n  },\n  B: {\n    \"12\": 0,\n    \"13\": 0.00191,\n    \"14\": 0.00191,\n    \"15\": 0.00191,\n    \"16\": 0,\n    \"17\": 0.00191,\n    \"18\": 0.02673,\n    \"79\": 0,\n    \"80\": 0,\n    \"81\": 0,\n    \"83\": 0,\n    \"84\": 0.00191,\n    \"85\": 0.00191,\n    \"86\": 0.00191,\n    \"87\": 0.15272\n  },\n  I: {\n    \"3\": 0,\n    \"4\": 0.00189,\n    \"81\": 0,\n    \"2.1\": 0,\n    \"2.2\": 0,\n    \"2.3\": 0,\n    \"4.1\": 0.00473,\n    \"4.2-4.3\": 0.0123,\n    \"4.4\": 0,\n    \"4.4.3-4.4.4\": 0.27543\n  },\n  P: {\n    \"4\": 1.4433,\n    \"5.0-5.4\": 0.07065,\n    \"6.2-6.4\": 0.19177,\n    \"7.2-7.4\": 1.07995,\n    \"8.2\": 0.03028,\n    \"9.2\": 0.64595,\n    \"10.1\": 0.41381,\n    \"11.1-11.2\": 1.36255,\n    \"12.0\": 1.34237,\n    \"13.0\": 2.27092\n  },\n  K: {\n    _: \"0 10 11 12 11.1 11.5 12.1\"\n  },\n  A: {\n    \"6\": 0,\n    \"7\": 0,\n    \"8\": 0.00393,\n    \"9\": 0,\n    \"10\": 0,\n    \"11\": 0.19269,\n    \"5.5\": 0\n  },\n  N: {\n    \"10\": 0,\n    \"11\": 0\n  },\n  J: {\n    \"7\": 0,\n    \"10\": 0.00809\n  },\n  O: {\n    \"0\": 0.66346\n  },\n  H: {\n    \"0\": 1.06475\n  },\n  L: {\n    \"0\": 73.04231\n  },\n  S: {\n    \"2.5\": 0\n  },\n  R: {\n    _: \"0\"\n  },\n  M: {\n    \"0\": 0.18609\n  },\n  Q: {\n    \"10.4\": 0.02427\n  }\n};","map":{"version":3,"sources":["/Users/bruceseymour/ra-video/client/node_modules/caniuse-lite/data/regions/MR.js"],"names":["module","exports","C","D","F","E","_","G","B","I","P","K","A","N","J","O","H","L","S","R","M","Q"],