{"ast":null,"code":"module.exports = {\n  C: {\n    \"2\": 0,\n    \"3\": 0,\n    \"4\": 0,\n    \"5\": 0,\n    \"6\": 0,\n    \"7\": 0,\n    \"8\": 0,\n    \"9\": 0,\n    \"10\": 0,\n    \"11\": 0,\n    \"12\": 0,\n    \"13\": 0,\n    \"14\": 0,\n    \"15\": 0,\n    \"16\": 0,\n    \"17\": 0,\n    \"18\": 0,\n    \"19\": 0,\n    \"20\": 0,\n    \"21\": 0,\n    \"22\": 0,\n    \"23\": 0,\n    \"24\": 0,\n    \"25\": 0,\n    \"26\": 0,\n    \"27\": 0,\n    \"28\": 0,\n    \"29\": 0,\n    \"30\": 0.00383,\n    \"31\": 0,\n    \"32\": 0,\n    \"33\": 0,\n    \"34\": 0,\n    \"35\": 0,\n    \"36\": 0,\n    \"37\": 0,\n    \"38\": 0,\n    \"39\": 0,\n    \"40\": 0,\n    \"41\": 0,\n    \"42\": 0,\n    \"43\": 0,\n    \"44\": 0,\n    \"45\": 0,\n    \"46\": 0,\n    \"47\": 0,\n    \"48\": 0,\n    \"49\": 0,\n    \"50\": 0,\n    \"51\": 0,\n    \"52\": 0.00383,\n    \"53\": 0,\n    \"54\": 0,\n    \"55\": 0,\n    \"56\": 0.00765,\n    \"57\": 0,\n    \"58\": 0,\n    \"59\": 0,\n    \"60\": 0,\n    \"61\": 0,\n    \"62\": 0,\n    \"63\": 0,\n    \"64\": 0,\n    \"65\": 0,\n    \"66\": 0,\n    \"67\": 0,\n    \"68\": 0.02678,\n    \"69\": 0,\n    \"70\": 0,\n    \"71\": 0,\n    \"72\": 0,\n    \"73\": 0,\n    \"74\": 0,\n    \"75\": 0,\n    \"76\": 0,\n    \"77\": 0,\n    \"78\": 0.0153,\n    \"79\": 0.00383,\n    \"80\": 0.0153,\n    \"81\": 0.01148,\n    \"82\": 0.01913,\n    \"83\": 0.2754,\n    \"84\": 0.17595,\n    \"85\": 0.00383,\n    \"86\": 0,\n    \"3.5\": 0,\n    \"3.6\": 0\n  },\n  D: {\n    \"4\": 0,\n    \"5\": 0,\n    \"6\": 0,\n    \"7\": 0,\n    \"8\": 0,\n    \"9\": 0,\n    \"10\": 0,\n    \"11\": 0,\n    \"12\": 0,\n    \"13\": 0,\n    \"14\": 0,\n    \"15\": 0,\n    \"16\": 0,\n    \"17\": 0,\n    \"18\": 0,\n    \"19\": 0,\n    \"20\": 0,\n    \"21\": 0,\n    \"22\": 0,\n    \"23\": 0,\n    \"24\": 0,\n    \"25\": 0,\n    \"26\": 0,\n    \"27\": 0,\n    \"28\": 0,\n    \"29\": 0,\n    \"30\": 0,\n    \"31\": 0,\n    \"32\": 0,\n    \"33\": 0,\n    \"34\": 0.00383,\n    \"35\": 0.11858,\n    \"36\": 0,\n    \"37\": 0,\n    \"38\": 0.0153,\n    \"39\": 0,\n    \"40\": 0.00383,\n    \"41\": 0,\n    \"42\": 0,\n    \"43\": 0.00383,\n    \"44\": 0,\n    \"45\": 0,\n    \"46\": 0,\n    \"47\": 0,\n    \"48\": 0,\n    \"49\": 0.05355,\n    \"50\": 0,\n    \"51\": 0,\n    \"52\": 0,\n    \"53\": 0.00765,\n    \"54\": 0,\n    \"55\": 0,\n    \"56\": 0.00383,\n    \"57\": 0.00383,\n    \"58\": 0.00383,\n    \"59\": 0,\n    \"60\": 0,\n    \"61\": 0.00383,\n    \"62\": 0,\n    \"63\": 0.00383,\n    \"64\": 0.00765,\n    \"65\": 0.01148,\n    \"66\": 0,\n    \"67\": 0.01148,\n    \"68\": 0.00383,\n    \"69\": 0.00765,\n    \"70\": 0.0153,\n    \"71\": 0.01913,\n    \"72\": 0.0153,\n    \"73\": 0.00765,\n    \"74\": 0.00765,\n    \"75\": 0.0153,\n    \"76\": 0.01148,\n    \"77\": 0.00765,\n    \"78\": 0.00765,\n    \"79\": 0.02678,\n    \"80\": 0.0306,\n    \"81\": 0.0306,\n    \"83\": 0.0459,\n    \"84\": 0.06885,\n    \"85\": 0.2142,\n    \"86\": 1.4688,\n    \"87\": 8.25818,\n    \"88\": 0.01148,\n    \"89\": 0.00765,\n    \"90\": 0\n  },\n  F: {\n    \"9\": 0,\n    \"11\": 0,\n    \"12\": 0,\n    \"15\": 0,\n    \"16\": 0,\n    \"17\": 0,\n    \"18\": 0,\n    \"19\": 0,\n    \"20\": 0,\n    \"21\": 0,\n    \"22\": 0,\n    \"23\": 0,\n    \"24\": 0,\n    \"25\": 0,\n    \"26\": 0,\n    \"27\": 0,\n    \"28\": 0,\n    \"29\": 0,\n    \"30\": 0,\n    \"31\": 0,\n    \"32\": 0,\n    \"33\": 0,\n    \"34\": 0,\n    \"35\": 0,\n    \"36\": 0.00383,\n    \"37\": 0.00383,\n    \"38\": 0,\n    \"39\": 0,\n    \"40\": 0,\n    \"41\": 0,\n    \"42\": 0,\n    \"43\": 0,\n    \"44\": 0,\n    \"45\": 0,\n    \"46\": 0.00383,\n    \"47\": 0,\n    \"48\": 0,\n    \"49\": 0,\n    \"50\": 0.00383,\n    \"51\": 0.00383,\n    \"52\": 0,\n    \"53\": 0,\n    \"54\": 0.00383,\n    \"55\": 0,\n    \"56\": 0,\n    \"57\": 0,\n    \"58\": 0,\n    \"60\": 0,\n    \"62\": 0,\n    \"63\": 0,\n    \"64\": 0,\n    \"65\": 0,\n    \"66\": 0,\n    \"67\": 0,\n    \"68\": 0,\n    \"69\": 0,\n    \"70\": 0,\n    \"71\": 0.04208,\n    \"72\": 0.14153,\n    \"9.5-9.6\": 0,\n    \"10.0-10.1\": 0,\n    \"10.5\": 0,\n    \"10.6\": 0,\n    \"11.1\": 0,\n    \"11.5\": 0,\n    \"11.6\": 0,\n    \"12.1\": 0\n  },\n  E: {\n    \"4\": 0,\n    \"5\": 0,\n    \"6\": 0,\n    \"7\": 0,\n    \"8\": 0,\n    \"9\": 0,\n    \"10\": 0,\n    \"11\": 0.00383,\n    \"12\": 0.00765,\n    \"13\": 0.05738,\n    \"14\": 0.98303,\n    _: \"0\",\n    \"3.1\": 0,\n    \"3.2\": 0,\n    \"5.1\": 0.0153,\n    \"6.1\": 0,\n    \"7.1\": 0,\n    \"9.1\": 0,\n    \"10.1\": 0.00765,\n    \"11.1\": 0.01913,\n    \"12.1\": 0.0459,\n    \"13.1\": 0.306\n  },\n  G: {\n    \"8\": 0,\n    \"3.2\": 0,\n    \"4.0-4.1\": 0,\n    \"4.2-4.3\": 0,\n    \"5.0-5.1\": 0.01528,\n    \"6.0-6.1\": 0,\n    \"7.0-7.1\": 0.03928,\n    \"8.1-8.4\": 0.01964,\n    \"9.0-9.2\": 0.01091,\n    \"9.3\": 0.23134,\n    \"10.0-10.2\": 0.04365,\n    \"10.3\": 0.16369,\n    \"11.0-11.2\": 0.17896,\n    \"11.3-11.4\": 0.11567,\n    \"12.0-12.1\": 0.10912,\n    \"12.2-12.4\": 1.55393,\n    \"13.0-13.1\": 0.1244,\n    \"13.2\": 0.07639,\n    \"13.3\": 0.41904,\n    \"13.4-13.7\": 2.25451,\n    \"14.0-14.3\": 16.40142\n  },\n  B: {\n    \"12\": 0,\n    \"13\": 0.00383,\n    \"14\": 0.00383,\n    \"15\": 0.00765,\n    \"16\": 0.00765,\n    \"17\": 0.01148,\n    \"18\": 0.06503,\n    \"79\": 0,\n    \"80\": 0,\n    \"81\": 0,\n    \"83\": 0,\n    \"84\": 0.00383,\n    \"85\": 0.00383,\n    \"86\": 0.01913,\n    \"87\": 0.8721\n  },\n  I: {\n    \"3\": 0,\n    \"4\": 0,\n    \"81\": 0,\n    \"2.1\": 0,\n    \"2.2\": 0,\n    \"2.3\": 0,\n    \"4.1\": 0.00426,\n    \"4.2-4.3\": 0.01277,\n    \"4.4\": 0,\n    \"4.4.3-4.4.4\": 0.12062\n  },\n  P: {\n    \"4\": 0.16476,\n    \"5.0-5.4\": 0.0103,\n    \"6.2-6.4\": 0,\n    \"7.2-7.4\": 0.04119,\n    \"8.2\": 0.0103,\n    \"9.2\": 0.06178,\n    \"10.1\": 0.07208,\n    \"11.1-11.2\": 0.15446,\n    \"12.0\": 0.29862,\n    \"13.0\": 2.90386\n  },\n  K: {\n    _: \"0 10 11 12 11.1 11.5 12.1\"\n  },\n  A: {\n    \"6\": 0,\n    \"7\": 0,\n    \"8\": 0.01509,\n    \"9\": 0.00503,\n    \"10\": 0.00503,\n    \"11\": 0.24643,\n    \"5.5\": 0\n  },\n  N: {\n    \"10\": 0,\n    \"11\": 0\n  },\n  J: {\n    \"7\": 0,\n    \"10\": 0.00618\n  },\n  O: {\n    \"0\": 5.4587\n  },\n  H: {\n    \"0\": 1.49075\n  },\n  L: {\n    \"0\": 48.70185\n  },\n  S: {\n    \"2.5\": 0\n  },\n  R: {\n    _: \"0\"\n  },\n  M: {\n    \"0\": 0.12968\n  },\n  Q: {\n    \"10.4\": 0.03705\n  }\n};","map":{"version":3,"sources":["/Users/bruceseymour/ra-video/client/node_modules/caniuse-lite/data/regions/AE.js"],"names":["module","exports","C","D","F","E","_","G","B","I","P","K","A","N","J","O","H","L","S","R","M","Q"],