{"ast":null,"code":"module.exports = {\n  C: {\n    \"2\": 0,\n    \"3\": 0,\n    \"4\": 0,\n    \"5\": 0,\n    \"6\": 0,\n    \"7\": 0,\n    \"8\": 0,\n    \"9\": 0,\n    \"10\": 0,\n    \"11\": 0,\n    \"12\": 0,\n    \"13\": 0,\n    \"14\": 0,\n    \"15\": 0,\n    \"16\": 0,\n    \"17\": 0,\n    \"18\": 0,\n    \"19\": 0,\n    \"20\": 0,\n    \"21\": 0,\n    \"22\": 0,\n    \"23\": 0,\n    \"24\": 0,\n    \"25\": 0,\n    \"26\": 0,\n    \"27\": 0,\n    \"28\": 0,\n    \"29\": 0,\n    \"30\": 0.006,\n    \"31\": 0,\n    \"32\": 0,\n    \"33\": 0,\n    \"34\": 0,\n    \"35\": 0,\n    \"36\": 0,\n    \"37\": 0,\n    \"38\": 0,\n    \"39\": 0,\n    \"40\": 0,\n    \"41\": 0,\n    \"42\": 0,\n    \"43\": 0,\n    \"44\": 0,\n    \"45\": 0,\n    \"46\": 0,\n    \"47\": 0,\n    \"48\": 0.006,\n    \"49\": 0,\n    \"50\": 0,\n    \"51\": 0,\n    \"52\": 0.024,\n    \"53\": 0,\n    \"54\": 0,\n    \"55\": 0,\n    \"56\": 0.06599,\n    \"57\": 0,\n    \"58\": 0,\n    \"59\": 0,\n    \"60\": 0,\n    \"61\": 0,\n    \"62\": 0,\n    \"63\": 0,\n    \"64\": 0,\n    \"65\": 0,\n    \"66\": 0,\n    \"67\": 0,\n    \"68\": 0.006,\n    \"69\": 0,\n    \"70\": 0,\n    \"71\": 0,\n    \"72\": 0,\n    \"73\": 0,\n    \"74\": 0,\n    \"75\": 0,\n    \"76\": 0,\n    \"77\": 0.018,\n    \"78\": 0.018,\n    \"79\": 0,\n    \"80\": 0.024,\n    \"81\": 0.024,\n    \"82\": 0.05399,\n    \"83\": 0.79187,\n    \"84\": 0.42593,\n    \"85\": 0,\n    \"86\": 0,\n    \"3.5\": 0,\n    \"3.6\": 0\n  },\n  D: {\n    \"4\": 0,\n    \"5\": 0,\n    \"6\": 0,\n    \"7\": 0,\n    \"8\": 0,\n    \"9\": 0,\n    \"10\": 0,\n    \"11\": 0,\n    \"12\": 0,\n    \"13\": 0,\n    \"14\": 0,\n    \"15\": 0,\n    \"16\": 0,\n    \"17\": 0,\n    \"18\": 0,\n    \"19\": 0,\n    \"20\": 0,\n    \"21\": 0,\n    \"22\": 0,\n    \"23\": 0,\n    \"24\": 0,\n    \"25\": 0,\n    \"26\": 0,\n    \"27\": 0,\n    \"28\": 0,\n    \"29\": 0,\n    \"30\": 0,\n    \"31\": 0,\n    \"32\": 0,\n    \"33\": 0,\n    \"34\": 0,\n    \"35\": 0,\n    \"36\": 0,\n    \"37\": 0,\n    \"38\": 0.012,\n    \"39\": 0,\n    \"40\": 0,\n    \"41\": 0,\n    \"42\": 0,\n    \"43\": 0,\n    \"44\": 0,\n    \"45\": 0,\n    \"46\": 0,\n    \"47\": 0,\n    \"48\": 0,\n    \"49\": 0.25796,\n    \"50\": 0,\n    \"51\": 0,\n    \"52\": 0,\n    \"53\": 0.006,\n    \"54\": 0,\n    \"55\": 0,\n    \"56\": 0.006,\n    \"57\": 0.006,\n    \"58\": 0,\n    \"59\": 0.012,\n    \"60\": 0,\n    \"61\": 0.018,\n    \"62\": 0,\n    \"63\": 0.006,\n    \"64\": 0,\n    \"65\": 0.006,\n    \"66\": 0,\n    \"67\": 0.05399,\n    \"68\": 0.012,\n    \"69\": 0.25196,\n    \"70\": 0.024,\n    \"71\": 0.006,\n    \"72\": 0.024,\n    \"73\": 0.018,\n    \"74\": 0.006,\n    \"75\": 0.024,\n    \"76\": 0.024,\n    \"77\": 0.04799,\n    \"78\": 0.012,\n    \"79\": 0.018,\n    \"80\": 0.04199,\n    \"81\": 0.04199,\n    \"83\": 0.09598,\n    \"84\": 0.07199,\n    \"85\": 0.17997,\n    \"86\": 3.92935,\n    \"87\": 20.25862,\n    \"88\": 0.018,\n    \"89\": 0,\n    \"90\": 0\n  },\n  F: {\n    \"9\": 0,\n    \"11\": 0,\n    \"12\": 0,\n    \"15\": 0,\n    \"16\": 0,\n    \"17\": 0,\n    \"18\": 0,\n    \"19\": 0,\n    \"20\": 0,\n    \"21\": 0,\n    \"22\": 0,\n    \"23\": 0,\n    \"24\": 0,\n    \"25\": 0,\n    \"26\": 0,\n    \"27\": 0,\n    \"28\": 0,\n    \"29\": 0,\n    \"30\": 0,\n    \"31\": 0,\n    \"32\": 0,\n    \"33\": 0,\n    \"34\": 0,\n    \"35\": 0,\n    \"36\": 0,\n    \"37\": 0,\n    \"38\": 0,\n    \"39\": 0,\n    \"40\": 0.006,\n    \"41\": 0,\n    \"42\": 0,\n    \"43\": 0,\n    \"44\": 0,\n    \"45\": 0,\n    \"46\": 0.018,\n    \"47\": 0,\n    \"48\": 0,\n    \"49\": 0,\n    \"50\": 0,\n    \"51\": 0,\n    \"52\": 0,\n    \"53\": 0,\n    \"54\": 0,\n    \"55\": 0,\n    \"56\": 0,\n    \"57\": 0,\n    \"58\": 0,\n    \"60\": 0,\n    \"62\": 0,\n    \"63\": 0,\n    \"64\": 0,\n    \"65\": 0,\n    \"66\": 0,\n    \"67\": 0,\n    \"68\": 0,\n    \"69\": 0,\n    \"70\": 0,\n    \"71\": 0.14398,\n    \"72\": 0.38394,\n    \"9.5-9.6\": 0,\n    \"10.0-10.1\": 0,\n    \"10.5\": 0,\n    \"10.6\": 0,\n    \"11.1\": 0,\n    \"11.5\": 0,\n    \"11.6\": 0,\n    \"12.1\": 0\n  },\n  E: {\n    \"4\": 0,\n    \"5\": 0,\n    \"6\": 0,\n    \"7\": 0,\n    \"8\": 0,\n    \"9\": 0,\n    \"10\": 0,\n    \"11\": 0.012,\n    \"12\": 0.03,\n    \"13\": 0.10798,\n    \"14\": 1.87769,\n    _: \"0\",\n    \"3.1\": 0,\n    \"3.2\": 0,\n    \"5.1\": 0,\n    \"6.1\": 0,\n    \"7.1\": 0,\n    \"9.1\": 0.018,\n    \"10.1\": 0.03599,\n    \"11.1\": 0.05999,\n    \"12.1\": 0.19197,\n    \"13.1\": 0.5759\n  },\n  G: {\n    \"8\": 0.00527,\n    \"3.2\": 0,\n    \"4.0-4.1\": 0,\n    \"4.2-4.3\": 0,\n    \"5.0-5.1\": 0.01407,\n    \"6.0-6.1\": 0.01055,\n    \"7.0-7.1\": 0.03516,\n    \"8.1-8.4\": 0.03341,\n    \"9.0-9.2\": 0.01055,\n    \"9.3\": 0.27252,\n    \"10.0-10.2\": 0.01934,\n    \"10.3\": 0.28659,\n    \"11.0-11.2\": 0.05626,\n    \"11.3-11.4\": 0.13187,\n    \"12.0-12.1\": 0.16703,\n    \"12.2-12.4\": 1.3591,\n    \"13.0-13.1\": 0.0545,\n    \"13.2\": 0.0422,\n    \"13.3\": 0.40791,\n    \"13.4-13.7\": 1.80745,\n    \"14.0-14.3\": 12.8315\n  },\n  B: {\n    \"12\": 0,\n    \"13\": 0.006,\n    \"14\": 0.006,\n    \"15\": 0.006,\n    \"16\": 0.012,\n    \"17\": 0.012,\n    \"18\": 0.11398,\n    \"79\": 0,\n    \"80\": 0.006,\n    \"81\": 0.006,\n    \"83\": 0,\n    \"84\": 0.03,\n    \"85\": 0.006,\n    \"86\": 0.08399,\n    \"87\": 3.16147\n  },\n  I: {\n    \"3\": 0,\n    \"4\": 0.00492,\n    \"81\": 0,\n    \"2.1\": 0,\n    \"2.2\": 0,\n    \"2.3\": 0,\n    \"4.1\": 0.00492,\n    \"4.2-4.3\": 0.0295,\n    \"4.4\": 0,\n    \"4.4.3-4.4.4\": 0.34664\n  },\n  P: {\n    \"4\": 0.18692,\n    \"5.0-5.4\": 0,\n    \"6.2-6.4\": 0,\n    \"7.2-7.4\": 0.04154,\n    \"8.2\": 0,\n    \"9.2\": 0.06231,\n    \"10.1\": 0.03115,\n    \"11.1-11.2\": 0.09346,\n    \"12.0\": 0.18692,\n    \"13.0\": 2.55451\n  },\n  K: {\n    _: \"0 10 11 12 11.1 11.5 12.1\"\n  },\n  A: {\n    \"6\": 0,\n    \"7\": 0,\n    \"8\": 0,\n    \"9\": 0,\n    \"10\": 0,\n    \"11\": 0.43793,\n    \"5.5\": 0\n  },\n  N: {\n    \"10\": 0,\n    \"11\": 0\n  },\n  J: {\n    \"7\": 0,\n    \"10\": 0\n  },\n  O: {\n    \"0\": 0.12003\n  },\n  H: {\n    \"0\": 0.125\n  },\n  L: {\n    \"0\": 41.58993\n  },\n  S: {\n    \"2.5\": 0\n  },\n  R: {\n    _: \"0\"\n  },\n  M: {\n    \"0\": 0.20005\n  },\n  Q: {\n    \"10.4\": 0\n  }\n};","map":{"version":3,"sources":["/Users/bruceseymour/ra-video/client/node_modules/caniuse-lite/data/regions/MT.js"],"names":["module","exports","C","D","F","E","_","G","B","I","P","K","A","N","J","O","H","L","S","R","M","Q"],