{"ast":null,"code":"module.exports = {\n  C: {\n    \"2\": 0,\n    \"3\": 0,\n    \"4\": 0.00469,\n    \"5\": 0.00469,\n    \"6\": 0,\n    \"7\": 0,\n    \"8\": 0,\n    \"9\": 0,\n    \"10\": 0,\n    \"11\": 0,\n    \"12\": 0,\n    \"13\": 0,\n    \"14\": 0,\n    \"15\": 0.00469,\n    \"16\": 0,\n    \"17\": 0.00938,\n    \"18\": 0,\n    \"19\": 0,\n    \"20\": 0,\n    \"21\": 0,\n    \"22\": 0,\n    \"23\": 0,\n    \"24\": 0,\n    \"25\": 0,\n    \"26\": 0,\n    \"27\": 0,\n    \"28\": 0,\n    \"29\": 0,\n    \"30\": 0.01407,\n    \"31\": 0,\n    \"32\": 0,\n    \"33\": 0,\n    \"34\": 0,\n    \"35\": 0,\n    \"36\": 0,\n    \"37\": 0,\n    \"38\": 0,\n    \"39\": 0,\n    \"40\": 0,\n    \"41\": 0.00469,\n    \"42\": 0.00469,\n    \"43\": 0.00469,\n    \"44\": 0.00469,\n    \"45\": 0,\n    \"46\": 0,\n    \"47\": 0.00938,\n    \"48\": 0.00469,\n    \"49\": 0,\n    \"50\": 0.01407,\n    \"51\": 0.00469,\n    \"52\": 0.00938,\n    \"53\": 0,\n    \"54\": 0,\n    \"55\": 0.00469,\n    \"56\": 0.00938,\n    \"57\": 0.00938,\n    \"58\": 0.03751,\n    \"59\": 0,\n    \"60\": 0.00469,\n    \"61\": 0.02345,\n    \"62\": 0.00938,\n    \"63\": 0,\n    \"64\": 0.00938,\n    \"65\": 0.01407,\n    \"66\": 0.00469,\n    \"67\": 0.01876,\n    \"68\": 0.01407,\n    \"69\": 0,\n    \"70\": 0.00469,\n    \"71\": 0.00469,\n    \"72\": 0.02813,\n    \"73\": 0.00469,\n    \"74\": 0.00469,\n    \"75\": 0,\n    \"76\": 0.00938,\n    \"77\": 0.01407,\n    \"78\": 0.03751,\n    \"79\": 0.02813,\n    \"80\": 0.02813,\n    \"81\": 0.03751,\n    \"82\": 0.05158,\n    \"83\": 0.87684,\n    \"84\": 0.61426,\n    \"85\": 0.03751,\n    \"86\": 0,\n    \"3.5\": 0,\n    \"3.6\": 0\n  },\n  D: {\n    \"4\": 0,\n    \"5\": 0,\n    \"6\": 0,\n    \"7\": 0,\n    \"8\": 0,\n    \"9\": 0,\n    \"10\": 0,\n    \"11\": 0.00469,\n    \"12\": 0,\n    \"13\": 0,\n    \"14\": 0,\n    \"15\": 0,\n    \"16\": 0,\n    \"17\": 0,\n    \"18\": 0,\n    \"19\": 0,\n    \"20\": 0,\n    \"21\": 0,\n    \"22\": 0,\n    \"23\": 0.00938,\n    \"24\": 0.00938,\n    \"25\": 0.00469,\n    \"26\": 0,\n    \"27\": 0,\n    \"28\": 0,\n    \"29\": 0,\n    \"30\": 0,\n    \"31\": 0,\n    \"32\": 0,\n    \"33\": 0.00469,\n    \"34\": 0.00469,\n    \"35\": 0,\n    \"36\": 0,\n    \"37\": 0,\n    \"38\": 0.02345,\n    \"39\": 0,\n    \"40\": 0.01407,\n    \"41\": 0.00469,\n    \"42\": 0,\n    \"43\": 0.00938,\n    \"44\": 0,\n    \"45\": 0,\n    \"46\": 0,\n    \"47\": 0.00938,\n    \"48\": 0.00938,\n    \"49\": 0.09378,\n    \"50\": 0,\n    \"51\": 0.00469,\n    \"52\": 0.00469,\n    \"53\": 0.0422,\n    \"54\": 0,\n    \"55\": 0.00938,\n    \"56\": 0.02813,\n    \"57\": 0.00938,\n    \"58\": 0.00469,\n    \"59\": 0.00938,\n    \"60\": 0,\n    \"61\": 0,\n    \"62\": 0,\n    \"63\": 0.01407,\n    \"64\": 0,\n    \"65\": 0.00469,\n    \"66\": 0.00469,\n    \"67\": 0.01407,\n    \"68\": 0.02813,\n    \"69\": 0.00938,\n    \"70\": 0.11723,\n    \"71\": 0.10316,\n    \"72\": 0.09378,\n    \"73\": 0.05158,\n    \"74\": 0.01876,\n    \"75\": 0.01407,\n    \"76\": 0.02813,\n    \"77\": 0.02345,\n    \"78\": 0.01407,\n    \"79\": 0.05627,\n    \"80\": 0.05627,\n    \"81\": 0.07034,\n    \"83\": 0.08909,\n    \"84\": 0.15005,\n    \"85\": 0.22507,\n    \"86\": 2.2601,\n    \"87\": 11.42709,\n    \"88\": 0.04689,\n    \"89\": 0.04689,\n    \"90\": 0\n  },\n  F: {\n    \"9\": 0,\n    \"11\": 0,\n    \"12\": 0,\n    \"15\": 0,\n    \"16\": 0,\n    \"17\": 0,\n    \"18\": 0,\n    \"19\": 0,\n    \"20\": 0,\n    \"21\": 0,\n    \"22\": 0,\n    \"23\": 0,\n    \"24\": 0,\n    \"25\": 0,\n    \"26\": 0,\n    \"27\": 0,\n    \"28\": 0,\n    \"29\": 0,\n    \"30\": 0,\n    \"31\": 0,\n    \"32\": 0,\n    \"33\": 0,\n    \"34\": 0,\n    \"35\": 0,\n    \"36\": 0.00469,\n    \"37\": 0.01876,\n    \"38\": 0,\n    \"39\": 0,\n    \"40\": 0,\n    \"41\": 0,\n    \"42\": 0,\n    \"43\": 0,\n    \"44\": 0.00469,\n    \"45\": 0,\n    \"46\": 0,\n    \"47\": 0,\n    \"48\": 0,\n    \"49\": 0,\n    \"50\": 0,\n    \"51\": 0,\n    \"52\": 0,\n    \"53\": 0,\n    \"54\": 0.00469,\n    \"55\": 0.00469,\n    \"56\": 0.00469,\n    \"57\": 0.00938,\n    \"58\": 0,\n    \"60\": 0,\n    \"62\": 0,\n    \"63\": 0,\n    \"64\": 0,\n    \"65\": 0,\n    \"66\": 0,\n    \"67\": 0,\n    \"68\": 0.00938,\n    \"69\": 0,\n    \"70\": 0,\n    \"71\": 0.02345,\n    \"72\": 0.28603,\n    \"9.5-9.6\": 0,\n    \"10.0-10.1\": 0,\n    \"10.5\": 0,\n    \"10.6\": 0,\n    \"11.1\": 0,\n    \"11.5\": 0,\n    \"11.6\": 0,\n    \"12.1\": 0.00469\n  },\n  E: {\n    \"4\": 0,\n    \"5\": 0,\n    \"6\": 0,\n    \"7\": 0,\n    \"8\": 0.00469,\n    \"9\": 0,\n    \"10\": 0.00469,\n    \"11\": 0.00469,\n    \"12\": 0.01407,\n    \"13\": 0.07502,\n    \"14\": 0.97531,\n    _: \"0\",\n    \"3.1\": 0,\n    \"3.2\": 0,\n    \"5.1\": 0,\n    \"6.1\": 0,\n    \"7.1\": 0,\n    \"9.1\": 0.00938,\n    \"10.1\": 0.00938,\n    \"11.1\": 0.01876,\n    \"12.1\": 0.0844,\n    \"13.1\": 0.37043\n  },\n  G: {\n    \"8\": 0.03358,\n    \"3.2\": 0,\n    \"4.0-4.1\": 0,\n    \"4.2-4.3\": 0,\n    \"5.0-5.1\": 0.00611,\n    \"6.0-6.1\": 0.01221,\n    \"7.0-7.1\": 0.16791,\n    \"8.1-8.4\": 0.11601,\n    \"9.0-9.2\": 0.08243,\n    \"9.3\": 0.27782,\n    \"10.0-10.2\": 0.14654,\n    \"10.3\": 0.44573,\n    \"11.0-11.2\": 0.29308,\n    \"11.3-11.4\": 0.54647,\n    \"12.0-12.1\": 0.42741,\n    \"12.2-12.4\": 3.99628,\n    \"13.0-13.1\": 0.43046,\n    \"13.2\": 0.14959,\n    \"13.3\": 1.05631,\n    \"13.4-13.7\": 3.92606,\n    \"14.0-14.3\": 18.22595\n  },\n  B: {\n    \"12\": 0.00469,\n    \"13\": 0,\n    \"14\": 0.00938,\n    \"15\": 0.00469,\n    \"16\": 0.01876,\n    \"17\": 0.00938,\n    \"18\": 0.06565,\n    \"79\": 0,\n    \"80\": 0,\n    \"81\": 0,\n    \"83\": 0,\n    \"84\": 0.00469,\n    \"85\": 0.00938,\n    \"86\": 0.02345,\n    \"87\": 1.01751\n  },\n  I: {\n    \"3\": 0,\n    \"4\": 0.00783,\n    \"81\": 0,\n    \"2.1\": 0,\n    \"2.2\": 0,\n    \"2.3\": 0,\n    \"4.1\": 0,\n    \"4.2-4.3\": 0.01305,\n    \"4.4\": 0,\n    \"4.4.3-4.4.4\": 0.19568\n  },\n  P: {\n    \"4\": 0.2741,\n    \"5.0-5.4\": 0.0203,\n    \"6.2-6.4\": 0.0203,\n    \"7.2-7.4\": 0.03046,\n    \"8.2\": 0.0203,\n    \"9.2\": 0.07106,\n    \"10.1\": 0.07106,\n    \"11.1-11.2\": 0.08122,\n    \"12.0\": 0.30456,\n    \"13.0\": 1.40098\n  },\n  K: {\n    _: \"0 10 11 12 11.1 11.5 12.1\"\n  },\n  A: {\n    \"6\": 0,\n    \"7\": 0,\n    \"8\": 0.06132,\n    \"9\": 0.00766,\n    \"10\": 0.02299,\n    \"11\": 0.30659,\n    \"5.5\": 0\n  },\n  N: {\n    \"10\": 0,\n    \"11\": 0\n  },\n  J: {\n    \"7\": 0,\n    \"10\": 0\n  },\n  O: {\n    \"0\": 1.07282\n  },\n  H: {\n    \"0\": 0.78439\n  },\n  L: {\n    \"0\": 41.24018\n  },\n  S: {\n    \"2.5\": 0.00531\n  },\n  R: {\n    _: \"0\"\n  },\n  M: {\n    \"0\": 0.21775\n  },\n  Q: {\n    \"10.4\": 0.27086\n  }\n};","map":{"version":3,"sources":["/Users/bruceseymour/ra-video/client/node_modules/caniuse-lite/data/regions/KH.js"],"names":["module","exports","C","D","F","E","_","G","B","I","P","K","A","N","J","O","H","L","S","R","M","Q"],