{"ast":null,"code":"module.exports = {\n  C: {\n    \"2\": 0,\n    \"3\": 0,\n    \"4\": 0.00268,\n    \"5\": 0,\n    \"6\": 0,\n    \"7\": 0,\n    \"8\": 0,\n    \"9\": 0,\n    \"10\": 0,\n    \"11\": 0,\n    \"12\": 0,\n    \"13\": 0,\n    \"14\": 0,\n    \"15\": 0,\n    \"16\": 0,\n    \"17\": 0,\n    \"18\": 0,\n    \"19\": 0,\n    \"20\": 0,\n    \"21\": 0,\n    \"22\": 0,\n    \"23\": 0,\n    \"24\": 0,\n    \"25\": 0,\n    \"26\": 0.00268,\n    \"27\": 0,\n    \"28\": 0,\n    \"29\": 0,\n    \"30\": 0.00268,\n    \"31\": 0,\n    \"32\": 0.00268,\n    \"33\": 0.00268,\n    \"34\": 0,\n    \"35\": 0,\n    \"36\": 0,\n    \"37\": 0,\n    \"38\": 0,\n    \"39\": 0.01879,\n    \"40\": 0,\n    \"41\": 0,\n    \"42\": 0.00268,\n    \"43\": 0.00537,\n    \"44\": 0.00268,\n    \"45\": 0.00268,\n    \"46\": 0,\n    \"47\": 0.00805,\n    \"48\": 0.00268,\n    \"49\": 0.01342,\n    \"50\": 0.00268,\n    \"51\": 0,\n    \"52\": 0.03758,\n    \"53\": 0,\n    \"54\": 0,\n    \"55\": 0,\n    \"56\": 0.00268,\n    \"57\": 0.00268,\n    \"58\": 0.00268,\n    \"59\": 0.00268,\n    \"60\": 0.00268,\n    \"61\": 0.00268,\n    \"62\": 0.00268,\n    \"63\": 0.00537,\n    \"64\": 0.00537,\n    \"65\": 0.00268,\n    \"66\": 0.00537,\n    \"67\": 0.00268,\n    \"68\": 0.04831,\n    \"69\": 0.00268,\n    \"70\": 0.00268,\n    \"71\": 0.00268,\n    \"72\": 0.0161,\n    \"73\": 0,\n    \"74\": 0.00268,\n    \"75\": 0.00268,\n    \"76\": 0,\n    \"77\": 0.00268,\n    \"78\": 0.03489,\n    \"79\": 0.00537,\n    \"80\": 0.01342,\n    \"81\": 0.03489,\n    \"82\": 0.03221,\n    \"83\": 0.5529,\n    \"84\": 0.27108,\n    \"85\": 0.01074,\n    \"86\": 0,\n    \"3.5\": 0,\n    \"3.6\": 0\n  },\n  D: {\n    \"4\": 0,\n    \"5\": 0,\n    \"6\": 0,\n    \"7\": 0,\n    \"8\": 0,\n    \"9\": 0,\n    \"10\": 0,\n    \"11\": 0.00268,\n    \"12\": 0,\n    \"13\": 0,\n    \"14\": 0,\n    \"15\": 0,\n    \"16\": 0,\n    \"17\": 0,\n    \"18\": 0,\n    \"19\": 0,\n    \"20\": 0,\n    \"21\": 0,\n    \"22\": 0,\n    \"23\": 0,\n    \"24\": 0,\n    \"25\": 0,\n    \"26\": 0,\n    \"27\": 0,\n    \"28\": 0,\n    \"29\": 0.00268,\n    \"30\": 0,\n    \"31\": 0.00268,\n    \"32\": 0,\n    \"33\": 0.00268,\n    \"34\": 0,\n    \"35\": 0,\n    \"36\": 0,\n    \"37\": 0,\n    \"38\": 0.00268,\n    \"39\": 0,\n    \"40\": 0.00268,\n    \"41\": 0,\n    \"42\": 0.00268,\n    \"43\": 0.00268,\n    \"44\": 0,\n    \"45\": 0,\n    \"46\": 0.00268,\n    \"47\": 0,\n    \"48\": 0.00268,\n    \"49\": 0.04294,\n    \"50\": 0.00268,\n    \"51\": 0,\n    \"52\": 0,\n    \"53\": 0.00268,\n    \"54\": 0,\n    \"55\": 0.00537,\n    \"56\": 0.01074,\n    \"57\": 0.00537,\n    \"58\": 0.00268,\n    \"59\": 0,\n    \"60\": 0,\n    \"61\": 0.03758,\n    \"62\": 0.00268,\n    \"63\": 0.01074,\n    \"64\": 0.00537,\n    \"65\": 0.00537,\n    \"66\": 0,\n    \"67\": 0.00268,\n    \"68\": 0.0161,\n    \"69\": 0.00537,\n    \"70\": 0.0161,\n    \"71\": 0.00537,\n    \"72\": 0.00268,\n    \"73\": 0.00268,\n    \"74\": 0.00537,\n    \"75\": 0.00268,\n    \"76\": 0.00268,\n    \"77\": 0.02684,\n    \"78\": 0.00537,\n    \"79\": 0.02684,\n    \"80\": 0.05368,\n    \"81\": 0.02416,\n    \"83\": 0.0161,\n    \"84\": 0.03758,\n    \"85\": 0.07247,\n    \"86\": 0.48312,\n    \"87\": 2.39413,\n    \"88\": 0.00537,\n    \"89\": 0.00537,\n    \"90\": 0\n  },\n  F: {\n    \"9\": 0,\n    \"11\": 0,\n    \"12\": 0,\n    \"15\": 0,\n    \"16\": 0,\n    \"17\": 0,\n    \"18\": 0,\n    \"19\": 0,\n    \"20\": 0,\n    \"21\": 0,\n    \"22\": 0,\n    \"23\": 0.00268,\n    \"24\": 0.00537,\n    \"25\": 0,\n    \"26\": 0.00537,\n    \"27\": 0.00268,\n    \"28\": 0.01342,\n    \"29\": 0.00268,\n    \"30\": 0.01074,\n    \"31\": 0.00268,\n    \"32\": 0.00537,\n    \"33\": 0.01074,\n    \"34\": 0,\n    \"35\": 0.00268,\n    \"36\": 0,\n    \"37\": 0.00268,\n    \"38\": 0.00537,\n    \"39\": 0,\n    \"40\": 0,\n    \"41\": 0,\n    \"42\": 0.02684,\n    \"43\": 0.00268,\n    \"44\": 0,\n    \"45\": 0.00268,\n    \"46\": 0.02952,\n    \"47\": 0.01879,\n    \"48\": 0.00268,\n    \"49\": 0,\n    \"50\": 0.10199,\n    \"51\": 0.15299,\n    \"52\": 0,\n    \"53\": 0,\n    \"54\": 0,\n    \"55\": 0,\n    \"56\": 0,\n    \"57\": 0,\n    \"58\": 0,\n    \"60\": 0.00537,\n    \"62\": 0,\n    \"63\": 0,\n    \"64\": 0,\n    \"65\": 0,\n    \"66\": 0,\n    \"67\": 0,\n    \"68\": 0,\n    \"69\": 0,\n    \"70\": 0,\n    \"71\": 0.0161,\n    \"72\": 0.25498,\n    \"9.5-9.6\": 0,\n    \"10.0-10.1\": 0,\n    \"10.5\": 0,\n    \"10.6\": 0,\n    \"11.1\": 0,\n    \"11.5\": 0,\n    \"11.6\": 0,\n    \"12.1\": 0.0161\n  },\n  E: {\n    \"4\": 0,\n    \"5\": 0,\n    \"6\": 0,\n    \"7\": 0,\n    \"8\": 0,\n    \"9\": 0,\n    \"10\": 0.00268,\n    \"11\": 0.00268,\n    \"12\": 0.00268,\n    \"13\": 0.00268,\n    \"14\": 0.04294,\n    _: \"0\",\n    \"3.1\": 0,\n    \"3.2\": 0,\n    \"5.1\": 0.051,\n    \"6.1\": 0,\n    \"7.1\": 0,\n    \"9.1\": 0,\n    \"10.1\": 0.00268,\n    \"11.1\": 0.00537,\n    \"12.1\": 0.00537,\n    \"13.1\": 0.02147\n  },\n  G: {\n    \"8\": 0.0027,\n    \"3.2\": 0,\n    \"4.0-4.1\": 0,\n    \"4.2-4.3\": 0,\n    \"5.0-5.1\": 0.00108,\n    \"6.0-6.1\": 0.00863,\n    \"7.0-7.1\": 0.06418,\n    \"8.1-8.4\": 0.00216,\n    \"9.0-9.2\": 0.01025,\n    \"9.3\": 0.08414,\n    \"10.0-10.2\": 0.03668,\n    \"10.3\": 0.2303,\n    \"11.0-11.2\": 0.20064,\n    \"11.3-11.4\": 0.10086,\n    \"12.0-12.1\": 0.18608,\n    \"12.2-12.4\": 1.12347,\n    \"13.0-13.1\": 0.18014,\n    \"13.2\": 0.07928,\n    \"13.3\": 0.30581,\n    \"13.4-13.7\": 1.07169,\n    \"14.0-14.3\": 1.67792\n  },\n  B: {\n    \"12\": 0.0161,\n    \"13\": 0.00805,\n    \"14\": 0.01879,\n    \"15\": 0.02684,\n    \"16\": 0.00805,\n    \"17\": 0.01074,\n    \"18\": 0.04294,\n    \"79\": 0,\n    \"80\": 0,\n    \"81\": 0,\n    \"83\": 0,\n    \"84\": 0.00537,\n    \"85\": 0.00805,\n    \"86\": 0.0161,\n    \"87\": 0.29256\n  },\n  I: {\n    \"3\": 0,\n    \"4\": 0.00537,\n    \"81\": 0,\n    \"2.1\": 0,\n    \"2.2\": 0,\n    \"2.3\": 0,\n    \"4.1\": 0.01343,\n    \"4.2-4.3\": 0.05373,\n    \"4.4\": 0,\n    \"4.4.3-4.4.4\": 0.31968\n  },\n  P: {\n    \"4\": 0.4296,\n    \"5.0-5.4\": 0.0716,\n    \"6.2-6.4\": 0.01023,\n    \"7.2-7.4\": 0.11251,\n    \"8.2\": 0.03069,\n    \"9.2\": 0.17389,\n    \"10.1\": 0.05114,\n    \"11.1-11.2\": 0.19434,\n    \"12.0\": 0.39891,\n    \"13.0\": 0.68531\n  },\n  K: {\n    _: \"0 10 11 12 11.1 11.5 12.1\"\n  },\n  A: {\n    \"6\": 0,\n    \"7\": 0,\n    \"8\": 0.02395,\n    \"9\": 0,\n    \"10\": 0,\n    \"11\": 0.11293,\n    \"5.5\": 0\n  },\n  N: {\n    \"10\": 0,\n    \"11\": 0.01463\n  },\n  J: {\n    \"7\": 0,\n    \"10\": 0.03658\n  },\n  O: {\n    \"0\": 1.03156\n  },\n  H: {\n    \"0\": 9.78688\n  },\n  L: {\n    \"0\": 70.36175\n  },\n  S: {\n    \"2.5\": 0.14632\n  },\n  R: {\n    _: \"0\"\n  },\n  M: {\n    \"0\": 0.35848\n  },\n  Q: {\n    \"10.4\": 0.05853\n  }\n};","map":{"version":3,"sources":["/Users/bruceseymour/ra-video/client/node_modules/caniuse-lite/data/regions/CM.js"],"names":["module","exports","C","D","F","E","_","G","B","I","P","K","A","N","J","O","H","L","S","R","M","Q"],