{"ast":null,"code":"module.exports = {\n  C: {\n    \"2\": 0,\n    \"3\": 0,\n    \"4\": 0.00363,\n    \"5\": 0,\n    \"6\": 0,\n    \"7\": 0,\n    \"8\": 0,\n    \"9\": 0.00363,\n    \"10\": 0,\n    \"11\": 0,\n    \"12\": 0,\n    \"13\": 0,\n    \"14\": 0,\n    \"15\": 0,\n    \"16\": 0,\n    \"17\": 0,\n    \"18\": 0,\n    \"19\": 0,\n    \"20\": 0,\n    \"21\": 0,\n    \"22\": 0,\n    \"23\": 0,\n    \"24\": 0,\n    \"25\": 0,\n    \"26\": 0,\n    \"27\": 0,\n    \"28\": 0,\n    \"29\": 0,\n    \"30\": 0.00363,\n    \"31\": 0,\n    \"32\": 0.00363,\n    \"33\": 0,\n    \"34\": 0,\n    \"35\": 0,\n    \"36\": 0,\n    \"37\": 0,\n    \"38\": 0,\n    \"39\": 0,\n    \"40\": 0,\n    \"41\": 0,\n    \"42\": 0.00363,\n    \"43\": 0.00726,\n    \"44\": 0,\n    \"45\": 0,\n    \"46\": 0,\n    \"47\": 0.00363,\n    \"48\": 0,\n    \"49\": 0.00363,\n    \"50\": 0.00363,\n    \"51\": 0.00726,\n    \"52\": 0.0109,\n    \"53\": 0,\n    \"54\": 0,\n    \"55\": 0,\n    \"56\": 0.00363,\n    \"57\": 0.00363,\n    \"58\": 0.00726,\n    \"59\": 0.00363,\n    \"60\": 0.00363,\n    \"61\": 0,\n    \"62\": 0,\n    \"63\": 0.00363,\n    \"64\": 0,\n    \"65\": 0.00363,\n    \"66\": 0.00726,\n    \"67\": 0.00726,\n    \"68\": 0.01816,\n    \"69\": 0.04358,\n    \"70\": 0,\n    \"71\": 0,\n    \"72\": 0.0109,\n    \"73\": 0,\n    \"74\": 0.00726,\n    \"75\": 0.00363,\n    \"76\": 0,\n    \"77\": 0.0109,\n    \"78\": 0.03995,\n    \"79\": 0.00726,\n    \"80\": 0.0109,\n    \"81\": 0.02906,\n    \"82\": 0.02542,\n    \"83\": 0.52301,\n    \"84\": 0.35594,\n    \"85\": 0.0109,\n    \"86\": 0,\n    \"3.5\": 0,\n    \"3.6\": 0\n  },\n  D: {\n    \"4\": 0,\n    \"5\": 0,\n    \"6\": 0,\n    \"7\": 0,\n    \"8\": 0,\n    \"9\": 0,\n    \"10\": 0,\n    \"11\": 0,\n    \"12\": 0,\n    \"13\": 0,\n    \"14\": 0,\n    \"15\": 0,\n    \"16\": 0,\n    \"17\": 0,\n    \"18\": 0,\n    \"19\": 0,\n    \"20\": 0,\n    \"21\": 0,\n    \"22\": 0,\n    \"23\": 0,\n    \"24\": 0.00363,\n    \"25\": 0.00363,\n    \"26\": 0.00726,\n    \"27\": 0,\n    \"28\": 0.00363,\n    \"29\": 0.00363,\n    \"30\": 0,\n    \"31\": 0.00363,\n    \"32\": 0,\n    \"33\": 0,\n    \"34\": 0,\n    \"35\": 0.02179,\n    \"36\": 0.09806,\n    \"37\": 1.14045,\n    \"38\": 0,\n    \"39\": 0,\n    \"40\": 0.00363,\n    \"41\": 0,\n    \"42\": 0,\n    \"43\": 0.00363,\n    \"44\": 0.00363,\n    \"45\": 0,\n    \"46\": 0.00363,\n    \"47\": 0.00726,\n    \"48\": 0.00363,\n    \"49\": 0.02906,\n    \"50\": 0.01453,\n    \"51\": 0,\n    \"52\": 0,\n    \"53\": 0,\n    \"54\": 0,\n    \"55\": 0.00726,\n    \"56\": 0,\n    \"57\": 0,\n    \"58\": 0.00726,\n    \"59\": 0.00363,\n    \"60\": 0.00363,\n    \"61\": 0.00363,\n    \"62\": 0.00363,\n    \"63\": 0.00726,\n    \"64\": 0.00726,\n    \"65\": 0.03269,\n    \"66\": 0.00363,\n    \"67\": 0.00363,\n    \"68\": 0.00363,\n    \"69\": 0.04722,\n    \"70\": 0.02179,\n    \"71\": 0.00726,\n    \"72\": 0.02542,\n    \"73\": 0.00726,\n    \"74\": 0.03269,\n    \"75\": 0.00726,\n    \"76\": 0.03995,\n    \"77\": 0.03632,\n    \"78\": 0.0109,\n    \"79\": 0.06174,\n    \"80\": 0.10533,\n    \"81\": 0.05448,\n    \"83\": 0.05085,\n    \"84\": 0.11259,\n    \"85\": 0.13075,\n    \"86\": 1.23488,\n    \"87\": 5.46616,\n    \"88\": 0.0109,\n    \"89\": 0.0109,\n    \"90\": 0\n  },\n  F: {\n    \"9\": 0,\n    \"11\": 0,\n    \"12\": 0,\n    \"15\": 0,\n    \"16\": 0,\n    \"17\": 0,\n    \"18\": 0,\n    \"19\": 0,\n    \"20\": 0.00363,\n    \"21\": 0,\n    \"22\": 0,\n    \"23\": 0.00363,\n    \"24\": 0.02542,\n    \"25\": 0,\n    \"26\": 0.02179,\n    \"27\": 0.02542,\n    \"28\": 0.02542,\n    \"29\": 0,\n    \"30\": 0.03269,\n    \"31\": 0.0109,\n    \"32\": 0.01453,\n    \"33\": 0.0109,\n    \"34\": 0,\n    \"35\": 0.03269,\n    \"36\": 0,\n    \"37\": 0.00363,\n    \"38\": 0.01816,\n    \"39\": 0,\n    \"40\": 0,\n    \"41\": 0,\n    \"42\": 0.02542,\n    \"43\": 0,\n    \"44\": 0,\n    \"45\": 0.0109,\n    \"46\": 0.03995,\n    \"47\": 0.01816,\n    \"48\": 0,\n    \"49\": 0,\n    \"50\": 0.10533,\n    \"51\": 0.22155,\n    \"52\": 0,\n    \"53\": 0,\n    \"54\": 0,\n    \"55\": 0,\n    \"56\": 0,\n    \"57\": 0.00363,\n    \"58\": 0.01816,\n    \"60\": 0.00363,\n    \"62\": 0.00726,\n    \"63\": 0,\n    \"64\": 0,\n    \"65\": 0,\n    \"66\": 0,\n    \"67\": 0,\n    \"68\": 0,\n    \"69\": 0,\n    \"70\": 0.00726,\n    \"71\": 0.00726,\n    \"72\": 0.33414,\n    \"9.5-9.6\": 0,\n    \"10.0-10.1\": 0,\n    \"10.5\": 0,\n    \"10.6\": 0,\n    \"11.1\": 0,\n    \"11.5\": 0,\n    \"11.6\": 0,\n    \"12.1\": 0.05448\n  },\n  E: {\n    \"4\": 0,\n    \"5\": 0,\n    \"6\": 0,\n    \"7\": 0,\n    \"8\": 0,\n    \"9\": 0,\n    \"10\": 0,\n    \"11\": 0,\n    \"12\": 0,\n    \"13\": 0.00363,\n    \"14\": 0.11259,\n    _: \"0\",\n    \"3.1\": 0,\n    \"3.2\": 0,\n    \"5.1\": 0.05448,\n    \"6.1\": 0,\n    \"7.1\": 0,\n    \"9.1\": 0,\n    \"10.1\": 0.00363,\n    \"11.1\": 0,\n    \"12.1\": 0.01453,\n    \"13.1\": 0.02179\n  },\n  G: {\n    \"8\": 0.00093,\n    \"3.2\": 0,\n    \"4.0-4.1\": 0,\n    \"4.2-4.3\": 0,\n    \"5.0-5.1\": 0,\n    \"6.0-6.1\": 0.00372,\n    \"7.0-7.1\": 0.01488,\n    \"8.1-8.4\": 0.00093,\n    \"9.0-9.2\": 0.0014,\n    \"9.3\": 0.03116,\n    \"10.0-10.2\": 0.00326,\n    \"10.3\": 0.05349,\n    \"11.0-11.2\": 0.13348,\n    \"11.3-11.4\": 0.16557,\n    \"12.0-12.1\": 0.06558,\n    \"12.2-12.4\": 1.06878,\n    \"13.0-13.1\": 0.09627,\n    \"13.2\": 0.04651,\n    \"13.3\": 0.22045,\n    \"13.4-13.7\": 0.93158,\n    \"14.0-14.3\": 1.79339\n  },\n  B: {\n    \"12\": 0.01453,\n    \"13\": 0.00726,\n    \"14\": 0.00363,\n    \"15\": 0.00726,\n    \"16\": 0,\n    \"17\": 0.01816,\n    \"18\": 0.04358,\n    \"79\": 0,\n    \"80\": 0,\n    \"81\": 0,\n    \"83\": 0,\n    \"84\": 0.00363,\n    \"85\": 0.01453,\n    \"86\": 0.01816,\n    \"87\": 0.6465\n  },\n  I: {\n    \"3\": 0,\n    \"4\": 0,\n    \"81\": 0,\n    \"2.1\": 0,\n    \"2.2\": 0,\n    \"2.3\": 0.00225,\n    \"4.1\": 0.00676,\n    \"4.2-4.3\": 0.00676,\n    \"4.4\": 0,\n    \"4.4.3-4.4.4\": 0.12239\n  },\n  P: {\n    \"4\": 0.12082,\n    \"5.0-5.4\": 0.01007,\n    \"6.2-6.4\": 0,\n    \"7.2-7.4\": 0.02014,\n    \"8.2\": 0,\n    \"9.2\": 0.02014,\n    \"10.1\": 0.01007,\n    \"11.1-11.2\": 0.04027,\n    \"12.0\": 0.16109,\n    \"13.0\": 0.36246\n  },\n  K: {\n    _: \"0 10 11 12 11.1 11.5 12.1\"\n  },\n  A: {\n    \"6\": 0,\n    \"7\": 0,\n    \"8\": 0.04038,\n    \"9\": 0,\n    \"10\": 0,\n    \"11\": 0.15575,\n    \"5.5\": 0\n  },\n  N: {\n    \"10\": 0,\n    \"11\": 0\n  },\n  J: {\n    \"7\": 0,\n    \"10\": 0.01274\n  },\n  O: {\n    \"0\": 0.71322\n  },\n  H: {\n    \"0\": 11.09301\n  },\n  L: {\n    \"0\": 64.71221\n  },\n  S: {\n    \"2.5\": 0.08915\n  },\n  R: {\n    _: \"0\"\n  },\n  M: {\n    \"0\": 0.16557\n  },\n  Q: {\n    \"10.4\": 0.16557\n  }\n};","map":{"version":3,"sources":["/Users/bruceseymour/ra-video/client/node_modules/caniuse-lite/data/regions/BJ.js"],"names":["module","exports","C","D","F","E","_","G","B","I","P","K","A","N","J","O","H","L","S","R","M","Q"],