{"ast":null,"code":"module.exports = {\n  C: {\n    \"2\": 0,\n    \"3\": 0,\n    \"4\": 0,\n    \"5\": 0,\n    \"6\": 0,\n    \"7\": 0,\n    \"8\": 0,\n    \"9\": 0,\n    \"10\": 0,\n    \"11\": 0,\n    \"12\": 0,\n    \"13\": 0,\n    \"14\": 0,\n    \"15\": 0,\n    \"16\": 0,\n    \"17\": 0,\n    \"18\": 0,\n    \"19\": 0,\n    \"20\": 0,\n    \"21\": 0,\n    \"22\": 0,\n    \"23\": 0,\n    \"24\": 0,\n    \"25\": 0,\n    \"26\": 0,\n    \"27\": 0,\n    \"28\": 0,\n    \"29\": 0,\n    \"30\": 0,\n    \"31\": 0,\n    \"32\": 0,\n    \"33\": 0,\n    \"34\": 0,\n    \"35\": 0,\n    \"36\": 0,\n    \"37\": 0,\n    \"38\": 0,\n    \"39\": 0,\n    \"40\": 0,\n    \"41\": 0,\n    \"42\": 0,\n    \"43\": 0,\n    \"44\": 0,\n    \"45\": 0,\n    \"46\": 0,\n    \"47\": 0,\n    \"48\": 0,\n    \"49\": 0,\n    \"50\": 0,\n    \"51\": 0,\n    \"52\": 0.00942,\n    \"53\": 0,\n    \"54\": 0,\n    \"55\": 0,\n    \"56\": 0.02354,\n    \"57\": 0,\n    \"58\": 0,\n    \"59\": 0,\n    \"60\": 0.00471,\n    \"61\": 0,\n    \"62\": 0,\n    \"63\": 0,\n    \"64\": 0,\n    \"65\": 0,\n    \"66\": 0.00471,\n    \"67\": 0,\n    \"68\": 0.01412,\n    \"69\": 0,\n    \"70\": 0,\n    \"71\": 0,\n    \"72\": 0.00471,\n    \"73\": 0,\n    \"74\": 0,\n    \"75\": 0,\n    \"76\": 0.00471,\n    \"77\": 0,\n    \"78\": 0.01883,\n    \"79\": 0.00471,\n    \"80\": 0.00942,\n    \"81\": 0.01883,\n    \"82\": 0.01883,\n    \"83\": 0.43314,\n    \"84\": 0.28719,\n    \"85\": 0.00942,\n    \"86\": 0,\n    \"3.5\": 0,\n    \"3.6\": 0\n  },\n  D: {\n    \"4\": 0,\n    \"5\": 0,\n    \"6\": 0,\n    \"7\": 0,\n    \"8\": 0,\n    \"9\": 0,\n    \"10\": 0,\n    \"11\": 0,\n    \"12\": 0,\n    \"13\": 0,\n    \"14\": 0,\n    \"15\": 0,\n    \"16\": 0,\n    \"17\": 0,\n    \"18\": 0,\n    \"19\": 0,\n    \"20\": 0,\n    \"21\": 0,\n    \"22\": 0,\n    \"23\": 0,\n    \"24\": 0,\n    \"25\": 0,\n    \"26\": 0,\n    \"27\": 0,\n    \"28\": 0,\n    \"29\": 0,\n    \"30\": 0,\n    \"31\": 0,\n    \"32\": 0,\n    \"33\": 0,\n    \"34\": 0.00471,\n    \"35\": 0,\n    \"36\": 0,\n    \"37\": 0,\n    \"38\": 0.02354,\n    \"39\": 0,\n    \"40\": 0,\n    \"41\": 0,\n    \"42\": 0.00471,\n    \"43\": 0,\n    \"44\": 0,\n    \"45\": 0,\n    \"46\": 0,\n    \"47\": 0.00942,\n    \"48\": 0,\n    \"49\": 0.0565,\n    \"50\": 0,\n    \"51\": 0.00471,\n    \"52\": 0.00471,\n    \"53\": 0.02354,\n    \"54\": 0,\n    \"55\": 0.00471,\n    \"56\": 0.00471,\n    \"57\": 0.00471,\n    \"58\": 0.00942,\n    \"59\": 0.00471,\n    \"60\": 0.00471,\n    \"61\": 0.00471,\n    \"62\": 0.00471,\n    \"63\": 0.01412,\n    \"64\": 0.00471,\n    \"65\": 0.01412,\n    \"66\": 0.00942,\n    \"67\": 0.01412,\n    \"68\": 0.01412,\n    \"69\": 0.01412,\n    \"70\": 0.01883,\n    \"71\": 0.02354,\n    \"72\": 0.01883,\n    \"73\": 0.01883,\n    \"74\": 0.03766,\n    \"75\": 0.03296,\n    \"76\": 0.02825,\n    \"77\": 0.02354,\n    \"78\": 0.04237,\n    \"79\": 0.0565,\n    \"80\": 0.12241,\n    \"81\": 0.08004,\n    \"83\": 0.11299,\n    \"84\": 0.15536,\n    \"85\": 0.1742,\n    \"86\": 2.77772,\n    \"87\": 13.13532,\n    \"88\": 0.02354,\n    \"89\": 0.03296,\n    \"90\": 0\n  },\n  F: {\n    \"9\": 0,\n    \"11\": 0,\n    \"12\": 0,\n    \"15\": 0,\n    \"16\": 0,\n    \"17\": 0,\n    \"18\": 0,\n    \"19\": 0,\n    \"20\": 0,\n    \"21\": 0,\n    \"22\": 0,\n    \"23\": 0,\n    \"24\": 0,\n    \"25\": 0,\n    \"26\": 0,\n    \"27\": 0,\n    \"28\": 0,\n    \"29\": 0,\n    \"30\": 0,\n    \"31\": 0,\n    \"32\": 0,\n    \"33\": 0,\n    \"34\": 0,\n    \"35\": 0,\n    \"36\": 0.00942,\n    \"37\": 0.01883,\n    \"38\": 0,\n    \"39\": 0,\n    \"40\": 0,\n    \"41\": 0,\n    \"42\": 0,\n    \"43\": 0,\n    \"44\": 0,\n    \"45\": 0,\n    \"46\": 0,\n    \"47\": 0,\n    \"48\": 0,\n    \"49\": 0,\n    \"50\": 0.00471,\n    \"51\": 0.00471,\n    \"52\": 0,\n    \"53\": 0,\n    \"54\": 0.00471,\n    \"55\": 0.00471,\n    \"56\": 0,\n    \"57\": 0,\n    \"58\": 0,\n    \"60\": 0.00942,\n    \"62\": 0,\n    \"63\": 0,\n    \"64\": 0,\n    \"65\": 0,\n    \"66\": 0,\n    \"67\": 0,\n    \"68\": 0,\n    \"69\": 0,\n    \"70\": 0,\n    \"71\": 0.10828,\n    \"72\": 0.20244,\n    \"9.5-9.6\": 0,\n    \"10.0-10.1\": 0,\n    \"10.5\": 0,\n    \"10.6\": 0,\n    \"11.1\": 0,\n    \"11.5\": 0,\n    \"11.6\": 0,\n    \"12.1\": 0.00471\n  },\n  E: {\n    \"4\": 0,\n    \"5\": 0,\n    \"6\": 0,\n    \"7\": 0,\n    \"8\": 0,\n    \"9\": 0,\n    \"10\": 0,\n    \"11\": 0.00471,\n    \"12\": 0.00471,\n    \"13\": 0.03296,\n    \"14\": 0.50376,\n    _: \"0\",\n    \"3.1\": 0,\n    \"3.2\": 0,\n    \"5.1\": 0,\n    \"6.1\": 0,\n    \"7.1\": 0,\n    \"9.1\": 0.00471,\n    \"10.1\": 0.00471,\n    \"11.1\": 0.01412,\n    \"12.1\": 0.02354,\n    \"13.1\": 0.15066\n  },\n  G: {\n    \"8\": 0.00394,\n    \"3.2\": 0.00099,\n    \"4.0-4.1\": 0,\n    \"4.2-4.3\": 0.00197,\n    \"5.0-5.1\": 0.04141,\n    \"6.0-6.1\": 0.00789,\n    \"7.0-7.1\": 0.11832,\n    \"8.1-8.4\": 0.02563,\n    \"9.0-9.2\": 0.02859,\n    \"9.3\": 0.51861,\n    \"10.0-10.2\": 0.04634,\n    \"10.3\": 0.18437,\n    \"11.0-11.2\": 0.09662,\n    \"11.3-11.4\": 0.10747,\n    \"12.0-12.1\": 0.12029,\n    \"12.2-12.4\": 1.39316,\n    \"13.0-13.1\": 0.08874,\n    \"13.2\": 0.04831,\n    \"13.3\": 0.25339,\n    \"13.4-13.7\": 1.12399,\n    \"14.0-14.3\": 5.60222\n  },\n  B: {\n    \"12\": 0,\n    \"13\": 0.00471,\n    \"14\": 0.00471,\n    \"15\": 0.00471,\n    \"16\": 0.00471,\n    \"17\": 0.00471,\n    \"18\": 0.03766,\n    \"79\": 0,\n    \"80\": 0,\n    \"81\": 0,\n    \"83\": 0,\n    \"84\": 0.00471,\n    \"85\": 0.00942,\n    \"86\": 0.02354,\n    \"87\": 1.36532\n  },\n  I: {\n    \"3\": 0,\n    \"4\": 0.00437,\n    \"81\": 0,\n    \"2.1\": 0,\n    \"2.2\": 0,\n    \"2.3\": 0,\n    \"4.1\": 0.00729,\n    \"4.2-4.3\": 0.01895,\n    \"4.4\": 0,\n    \"4.4.3-4.4.4\": 0.34833\n  },\n  P: {\n    \"4\": 0.23862,\n    \"5.0-5.4\": 0,\n    \"6.2-6.4\": 0,\n    \"7.2-7.4\": 0.02075,\n    \"8.2\": 0.01037,\n    \"9.2\": 0.06225,\n    \"10.1\": 0.0415,\n    \"11.1-11.2\": 0.10375,\n    \"12.0\": 0.22824,\n    \"13.0\": 1.13084\n  },\n  K: {\n    _: \"0 10 11 12 11.1 11.5 12.1\"\n  },\n  A: {\n    \"6\": 0,\n    \"7\": 0,\n    \"8\": 0.00549,\n    \"9\": 0,\n    \"10\": 0,\n    \"11\": 0.09338,\n    \"5.5\": 0\n  },\n  N: {\n    \"10\": 0,\n    \"11\": 0\n  },\n  J: {\n    \"7\": 0,\n    \"10\": 0\n  },\n  O: {\n    \"0\": 1.00548\n  },\n  H: {\n    \"0\": 0.92687\n  },\n  L: {\n    \"0\": 62.53438\n  },\n  S: {\n    \"2.5\": 0\n  },\n  R: {\n    _: \"0\"\n  },\n  M: {\n    \"0\": 0.10055\n  },\n  Q: {\n    \"10.4\": 0.01058\n  }\n};","map":{"version":3,"sources":["/Users/bruceseymour/ra-video/client/node_modules/caniuse-lite/data/regions/PH.js"],"names":["module","exports","C","D","F","E","_","G","B","I","P","K","A","N","J","O","H","L","S","R","M","Q"],