{"ast":null,"code":"module.exports = {\n  C: {\n    \"2\": 0,\n    \"3\": 0.00441,\n    \"4\": 0,\n    \"5\": 0,\n    \"6\": 0,\n    \"7\": 0,\n    \"8\": 0,\n    \"9\": 0,\n    \"10\": 0,\n    \"11\": 0,\n    \"12\": 0,\n    \"13\": 0,\n    \"14\": 0,\n    \"15\": 0,\n    \"16\": 0,\n    \"17\": 0,\n    \"18\": 0.00221,\n    \"19\": 0,\n    \"20\": 0.00221,\n    \"21\": 0.00221,\n    \"22\": 0,\n    \"23\": 0,\n    \"24\": 0,\n    \"25\": 0,\n    \"26\": 0,\n    \"27\": 0,\n    \"28\": 0,\n    \"29\": 0,\n    \"30\": 0.00441,\n    \"31\": 0,\n    \"32\": 0,\n    \"33\": 0,\n    \"34\": 0,\n    \"35\": 0,\n    \"36\": 0,\n    \"37\": 0,\n    \"38\": 0,\n    \"39\": 0,\n    \"40\": 0,\n    \"41\": 0,\n    \"42\": 0.01103,\n    \"43\": 0.00221,\n    \"44\": 0,\n    \"45\": 0.00221,\n    \"46\": 0,\n    \"47\": 0.00441,\n    \"48\": 0,\n    \"49\": 0,\n    \"50\": 0,\n    \"51\": 0,\n    \"52\": 0.00221,\n    \"53\": 0.00882,\n    \"54\": 0,\n    \"55\": 0,\n    \"56\": 0.00221,\n    \"57\": 0,\n    \"58\": 0,\n    \"59\": 0,\n    \"60\": 0,\n    \"61\": 0,\n    \"62\": 0,\n    \"63\": 0,\n    \"64\": 0,\n    \"65\": 0,\n    \"66\": 0.00221,\n    \"67\": 0,\n    \"68\": 0.00441,\n    \"69\": 0.00221,\n    \"70\": 0,\n    \"71\": 0.00221,\n    \"72\": 0.00662,\n    \"73\": 0.00221,\n    \"74\": 0,\n    \"75\": 0,\n    \"76\": 0,\n    \"77\": 0,\n    \"78\": 0.00221,\n    \"79\": 0.00221,\n    \"80\": 0.00441,\n    \"81\": 0.00441,\n    \"82\": 0.01324,\n    \"83\": 0.34193,\n    \"84\": 0.24707,\n    \"85\": 0.00221,\n    \"86\": 0,\n    \"3.5\": 0,\n    \"3.6\": 0\n  },\n  D: {\n    \"4\": 0,\n    \"5\": 0,\n    \"6\": 0,\n    \"7\": 0,\n    \"8\": 0,\n    \"9\": 0,\n    \"10\": 0,\n    \"11\": 0.00221,\n    \"12\": 0,\n    \"13\": 0,\n    \"14\": 0,\n    \"15\": 0,\n    \"16\": 0,\n    \"17\": 0,\n    \"18\": 0,\n    \"19\": 0,\n    \"20\": 0,\n    \"21\": 0,\n    \"22\": 0,\n    \"23\": 0,\n    \"24\": 0,\n    \"25\": 0,\n    \"26\": 0,\n    \"27\": 0,\n    \"28\": 0,\n    \"29\": 0,\n    \"30\": 0,\n    \"31\": 0.00221,\n    \"32\": 0,\n    \"33\": 0,\n    \"34\": 0,\n    \"35\": 0,\n    \"36\": 0,\n    \"37\": 0.00441,\n    \"38\": 0,\n    \"39\": 0,\n    \"40\": 0.09045,\n    \"41\": 0.00221,\n    \"42\": 0,\n    \"43\": 0.00221,\n    \"44\": 0,\n    \"45\": 0.00221,\n    \"46\": 0,\n    \"47\": 0,\n    \"48\": 0,\n    \"49\": 0.00882,\n    \"50\": 0,\n    \"51\": 0,\n    \"52\": 0,\n    \"53\": 0,\n    \"54\": 0,\n    \"55\": 0.01765,\n    \"56\": 0,\n    \"57\": 0,\n    \"58\": 0.01324,\n    \"59\": 0,\n    \"60\": 0,\n    \"61\": 0,\n    \"62\": 0,\n    \"63\": 0,\n    \"64\": 0.00441,\n    \"65\": 0.01544,\n    \"66\": 0,\n    \"67\": 0,\n    \"68\": 0,\n    \"69\": 0,\n    \"70\": 0.00441,\n    \"71\": 0,\n    \"72\": 0,\n    \"73\": 0,\n    \"74\": 0,\n    \"75\": 0,\n    \"76\": 0.00882,\n    \"77\": 0,\n    \"78\": 0.00221,\n    \"79\": 0.00882,\n    \"80\": 0.00441,\n    \"81\": 0.00221,\n    \"83\": 0.01765,\n    \"84\": 0.00221,\n    \"85\": 0.01324,\n    \"86\": 0.47208,\n    \"87\": 1.30375,\n    \"88\": 0,\n    \"89\": 0,\n    \"90\": 0\n  },\n  F: {\n    \"9\": 0,\n    \"11\": 0,\n    \"12\": 0,\n    \"15\": 0,\n    \"16\": 0.00221,\n    \"17\": 0,\n    \"18\": 0,\n    \"19\": 0,\n    \"20\": 0,\n    \"21\": 0,\n    \"22\": 0,\n    \"23\": 0.00221,\n    \"24\": 0.01103,\n    \"25\": 0,\n    \"26\": 0.01103,\n    \"27\": 0.02868,\n    \"28\": 0.01765,\n    \"29\": 0.00441,\n    \"30\": 0.02206,\n    \"31\": 0.05074,\n    \"32\": 0.00662,\n    \"33\": 0.00441,\n    \"34\": 0,\n    \"35\": 0.00221,\n    \"36\": 0,\n    \"37\": 0.00221,\n    \"38\": 0.02206,\n    \"39\": 0,\n    \"40\": 0,\n    \"41\": 0,\n    \"42\": 0.01544,\n    \"43\": 0,\n    \"44\": 0,\n    \"45\": 0.00882,\n    \"46\": 0.04191,\n    \"47\": 0.03309,\n    \"48\": 0.00221,\n    \"49\": 0,\n    \"50\": 0.05294,\n    \"51\": 0.06618,\n    \"52\": 0,\n    \"53\": 0,\n    \"54\": 0.00221,\n    \"55\": 0,\n    \"56\": 0,\n    \"57\": 0,\n    \"58\": 0,\n    \"60\": 0,\n    \"62\": 0,\n    \"63\": 0,\n    \"64\": 0,\n    \"65\": 0,\n    \"66\": 0,\n    \"67\": 0,\n    \"68\": 0,\n    \"69\": 0,\n    \"70\": 0,\n    \"71\": 0,\n    \"72\": 0.04412,\n    \"9.5-9.6\": 0,\n    \"10.0-10.1\": 0,\n    \"10.5\": 0,\n    \"10.6\": 0,\n    \"11.1\": 0,\n    \"11.5\": 0,\n    \"11.6\": 0.00221,\n    \"12.1\": 0.01544\n  },\n  E: {\n    \"4\": 0,\n    \"5\": 0,\n    \"6\": 0,\n    \"7\": 0,\n    \"8\": 0,\n    \"9\": 0,\n    \"10\": 0,\n    \"11\": 0,\n    \"12\": 0,\n    \"13\": 0.00221,\n    \"14\": 0.00882,\n    _: \"0\",\n    \"3.1\": 0,\n    \"3.2\": 0,\n    \"5.1\": 0.2206,\n    \"6.1\": 0,\n    \"7.1\": 0,\n    \"9.1\": 0,\n    \"10.1\": 0,\n    \"11.1\": 0,\n    \"12.1\": 0.00441,\n    \"13.1\": 0.00441\n  },\n  G: {\n    \"8\": 0.01485,\n    \"3.2\": 0,\n    \"4.0-4.1\": 0,\n    \"4.2-4.3\": 0,\n    \"5.0-5.1\": 0,\n    \"6.0-6.1\": 0,\n    \"7.0-7.1\": 0.0042,\n    \"8.1-8.4\": 0.02034,\n    \"9.0-9.2\": 0.00032,\n    \"9.3\": 0.07491,\n    \"10.0-10.2\": 0.05069,\n    \"10.3\": 0.0381,\n    \"11.0-11.2\": 0.19276,\n    \"11.3-11.4\": 0.04617,\n    \"12.0-12.1\": 0.09202,\n    \"12.2-12.4\": 0.85079,\n    \"13.0-13.1\": 0.13141,\n    \"13.2\": 0.07523,\n    \"13.3\": 0.11269,\n    \"13.4-13.7\": 0.39617,\n    \"14.0-14.3\": 1.11523\n  },\n  B: {\n    \"12\": 0.00441,\n    \"13\": 0.00441,\n    \"14\": 0,\n    \"15\": 0.00441,\n    \"16\": 0.00221,\n    \"17\": 0.00882,\n    \"18\": 0.03309,\n    \"79\": 0,\n    \"80\": 0,\n    \"81\": 0,\n    \"83\": 0.00221,\n    \"84\": 0.00221,\n    \"85\": 0.00441,\n    \"86\": 0.00441,\n    \"87\": 0.31105\n  },\n  I: {\n    \"3\": 0,\n    \"4\": 0,\n    \"81\": 0,\n    \"2.1\": 0,\n    \"2.2\": 0,\n    \"2.3\": 0,\n    \"4.1\": 0.01593,\n    \"4.2-4.3\": 0.02655,\n    \"4.4\": 0,\n    \"4.4.3-4.4.4\": 2.25134\n  },\n  P: {\n    \"4\": 0.14277,\n    \"5.0-5.4\": 0.04079,\n    \"6.2-6.4\": 0.0204,\n    \"7.2-7.4\": 0.04079,\n    \"8.2\": 0.0102,\n    \"9.2\": 0.19376,\n    \"10.1\": 0.0204,\n    \"11.1-11.2\": 0.07138,\n    \"12.0\": 0.32633,\n    \"13.0\": 0.22435\n  },\n  K: {\n    _: \"0 10 11 12 11.1 11.5 12.1\"\n  },\n  A: {\n    \"6\": 0,\n    \"7\": 0,\n    \"8\": 0.02766,\n    \"9\": 0.06454,\n    \"10\": 0,\n    \"11\": 0.88506,\n    \"5.5\": 0\n  },\n  N: {\n    \"10\": 0,\n    \"11\": 0\n  },\n  J: {\n    \"7\": 0,\n    \"10\": 0.02338\n  },\n  O: {\n    \"0\": 3.07084\n  },\n  H: {\n    \"0\": 7.01729\n  },\n  L: {\n    \"0\": 75.34701\n  },\n  S: {\n    \"2.5\": 0.00779\n  },\n  R: {\n    _: \"0\"\n  },\n  M: {\n    \"0\": 0.03897\n  },\n  Q: {\n    \"10.4\": 0.37411\n  }\n};","map":{"version":3,"sources":["/Users/bruceseymour/ra-video/client/node_modules/caniuse-lite/data/regions/NE.js"],"names":["module","exports","C","D","F","E","_","G","B","I","P","K","A","N","J","O","H","L","S","R","M","Q"],