{"ast":null,"code":"module.exports = {\n  C: {\n    \"2\": 0,\n    \"3\": 0,\n    \"4\": 0,\n    \"5\": 0,\n    \"6\": 0,\n    \"7\": 0,\n    \"8\": 0,\n    \"9\": 0,\n    \"10\": 0,\n    \"11\": 0,\n    \"12\": 0,\n    \"13\": 0,\n    \"14\": 0,\n    \"15\": 0,\n    \"16\": 0,\n    \"17\": 0,\n    \"18\": 0,\n    \"19\": 0,\n    \"20\": 0,\n    \"21\": 0,\n    \"22\": 0,\n    \"23\": 0,\n    \"24\": 0,\n    \"25\": 0,\n    \"26\": 0,\n    \"27\": 0,\n    \"28\": 0,\n    \"29\": 0,\n    \"30\": 0,\n    \"31\": 0,\n    \"32\": 0,\n    \"33\": 0,\n    \"34\": 0,\n    \"35\": 0,\n    \"36\": 0,\n    \"37\": 0,\n    \"38\": 0,\n    \"39\": 0,\n    \"40\": 0,\n    \"41\": 0,\n    \"42\": 0,\n    \"43\": 0.0171,\n    \"44\": 0,\n    \"45\": 0,\n    \"46\": 0,\n    \"47\": 0.0114,\n    \"48\": 0,\n    \"49\": 0,\n    \"50\": 0,\n    \"51\": 0,\n    \"52\": 0.0114,\n    \"53\": 0,\n    \"54\": 0,\n    \"55\": 0,\n    \"56\": 0,\n    \"57\": 0,\n    \"58\": 0.0057,\n    \"59\": 0,\n    \"60\": 0,\n    \"61\": 0,\n    \"62\": 0,\n    \"63\": 0,\n    \"64\": 0.0057,\n    \"65\": 0.0057,\n    \"66\": 0.02851,\n    \"67\": 0,\n    \"68\": 0.0057,\n    \"69\": 0,\n    \"70\": 0,\n    \"71\": 0,\n    \"72\": 0.0057,\n    \"73\": 0.0057,\n    \"74\": 0,\n    \"75\": 0,\n    \"76\": 0,\n    \"77\": 0,\n    \"78\": 0.0171,\n    \"79\": 0.0057,\n    \"80\": 0.0057,\n    \"81\": 0.0171,\n    \"82\": 0.0228,\n    \"83\": 0.47318,\n    \"84\": 0.31356,\n    \"85\": 0.0057,\n    \"86\": 0,\n    \"3.5\": 0,\n    \"3.6\": 0\n  },\n  D: {\n    \"4\": 0,\n    \"5\": 0,\n    \"6\": 0,\n    \"7\": 0,\n    \"8\": 0,\n    \"9\": 0,\n    \"10\": 0,\n    \"11\": 0,\n    \"12\": 0,\n    \"13\": 0,\n    \"14\": 0,\n    \"15\": 0,\n    \"16\": 0,\n    \"17\": 0,\n    \"18\": 0,\n    \"19\": 0,\n    \"20\": 0,\n    \"21\": 0,\n    \"22\": 0.0114,\n    \"23\": 0,\n    \"24\": 0,\n    \"25\": 0,\n    \"26\": 0,\n    \"27\": 0,\n    \"28\": 0,\n    \"29\": 0,\n    \"30\": 0,\n    \"31\": 0,\n    \"32\": 0,\n    \"33\": 0,\n    \"34\": 0.0057,\n    \"35\": 0,\n    \"36\": 0,\n    \"37\": 0,\n    \"38\": 0.03421,\n    \"39\": 0,\n    \"40\": 0,\n    \"41\": 0,\n    \"42\": 0.0057,\n    \"43\": 0,\n    \"44\": 0,\n    \"45\": 0,\n    \"46\": 0.0057,\n    \"47\": 0.0057,\n    \"48\": 0,\n    \"49\": 0.10262,\n    \"50\": 0,\n    \"51\": 0,\n    \"52\": 0,\n    \"53\": 0.04561,\n    \"54\": 0,\n    \"55\": 0.0057,\n    \"56\": 0,\n    \"57\": 0.0057,\n    \"58\": 0.0057,\n    \"59\": 0,\n    \"60\": 0,\n    \"61\": 0.0057,\n    \"62\": 0.0057,\n    \"63\": 0.0114,\n    \"64\": 0,\n    \"65\": 0.0114,\n    \"66\": 0.0057,\n    \"67\": 0.0057,\n    \"68\": 0.0114,\n    \"69\": 0.0114,\n    \"70\": 0.0171,\n    \"71\": 0.02851,\n    \"72\": 0.02851,\n    \"73\": 0.0114,\n    \"74\": 0.0171,\n    \"75\": 0.0171,\n    \"76\": 0.0114,\n    \"77\": 0.0171,\n    \"78\": 0.0228,\n    \"79\": 0.04561,\n    \"80\": 0.11402,\n    \"81\": 0.05131,\n    \"83\": 0.08552,\n    \"84\": 0.13682,\n    \"85\": 0.22234,\n    \"86\": 4.17313,\n    \"87\": 22.34792,\n    \"88\": 0.0171,\n    \"89\": 0.0114,\n    \"90\": 0\n  },\n  F: {\n    \"9\": 0,\n    \"11\": 0,\n    \"12\": 0,\n    \"15\": 0,\n    \"16\": 0,\n    \"17\": 0,\n    \"18\": 0,\n    \"19\": 0,\n    \"20\": 0,\n    \"21\": 0,\n    \"22\": 0,\n    \"23\": 0,\n    \"24\": 0,\n    \"25\": 0,\n    \"26\": 0,\n    \"27\": 0,\n    \"28\": 0,\n    \"29\": 0,\n    \"30\": 0,\n    \"31\": 0,\n    \"32\": 0,\n    \"33\": 0,\n    \"34\": 0,\n    \"35\": 0,\n    \"36\": 0,\n    \"37\": 0,\n    \"38\": 0,\n    \"39\": 0,\n    \"40\": 0,\n    \"41\": 0,\n    \"42\": 0,\n    \"43\": 0,\n    \"44\": 0,\n    \"45\": 0,\n    \"46\": 0,\n    \"47\": 0,\n    \"48\": 0,\n    \"49\": 0,\n    \"50\": 0,\n    \"51\": 0,\n    \"52\": 0,\n    \"53\": 0,\n    \"54\": 0,\n    \"55\": 0,\n    \"56\": 0,\n    \"57\": 0,\n    \"58\": 0,\n    \"60\": 0,\n    \"62\": 0,\n    \"63\": 0,\n    \"64\": 0,\n    \"65\": 0,\n    \"66\": 0,\n    \"67\": 0,\n    \"68\": 0,\n    \"69\": 0,\n    \"70\": 0,\n    \"71\": 0.29075,\n    \"72\": 0.48459,\n    \"9.5-9.6\": 0,\n    \"10.0-10.1\": 0,\n    \"10.5\": 0,\n    \"10.6\": 0,\n    \"11.1\": 0,\n    \"11.5\": 0,\n    \"11.6\": 0,\n    \"12.1\": 0\n  },\n  E: {\n    \"4\": 0,\n    \"5\": 0,\n    \"6\": 0,\n    \"7\": 0,\n    \"8\": 0,\n    \"9\": 0,\n    \"10\": 0,\n    \"11\": 0,\n    \"12\": 0.0057,\n    \"13\": 0.0228,\n    \"14\": 0.35916,\n    _: \"0\",\n    \"3.1\": 0,\n    \"3.2\": 0,\n    \"5.1\": 0,\n    \"6.1\": 0,\n    \"7.1\": 0,\n    \"9.1\": 0,\n    \"10.1\": 0,\n    \"11.1\": 0.0114,\n    \"12.1\": 0.0228,\n    \"13.1\": 0.11402\n  },\n  G: {\n    \"8\": 0,\n    \"3.2\": 0,\n    \"4.0-4.1\": 0,\n    \"4.2-4.3\": 0,\n    \"5.0-5.1\": 0.00633,\n    \"6.0-6.1\": 0.0039,\n    \"7.0-7.1\": 0.0112,\n    \"8.1-8.4\": 0.00243,\n    \"9.0-9.2\": 0.00146,\n    \"9.3\": 0.06281,\n    \"10.0-10.2\": 0.00974,\n    \"10.3\": 0.05892,\n    \"11.0-11.2\": 0.02191,\n    \"11.3-11.4\": 0.0297,\n    \"12.0-12.1\": 0.05551,\n    \"12.2-12.4\": 0.48156,\n    \"13.0-13.1\": 0.03603,\n    \"13.2\": 0.01266,\n    \"13.3\": 0.16019,\n    \"13.4-13.7\": 0.59403,\n    \"14.0-14.3\": 3.30711\n  },\n  B: {\n    \"12\": 0,\n    \"13\": 0.0057,\n    \"14\": 0.0057,\n    \"15\": 0.0057,\n    \"16\": 0,\n    \"17\": 0.0057,\n    \"18\": 0.03991,\n    \"79\": 0,\n    \"80\": 0,\n    \"81\": 0,\n    \"83\": 0,\n    \"84\": 0.0057,\n    \"85\": 0.0057,\n    \"86\": 0.02851,\n    \"87\": 1.27132\n  },\n  I: {\n    \"3\": 0,\n    \"4\": 0,\n    \"81\": 0,\n    \"2.1\": 0,\n    \"2.2\": 0,\n    \"2.3\": 0,\n    \"4.1\": 0.00775,\n    \"4.2-4.3\": 0.01318,\n    \"4.4\": 0,\n    \"4.4.3-4.4.4\": 0.16047\n  },\n  P: {\n    \"4\": 0.18977,\n    \"5.0-5.4\": 0.00999,\n    \"6.2-6.4\": 0.00999,\n    \"7.2-7.4\": 0.04994,\n    \"8.2\": 0.00999,\n    \"9.2\": 0.06992,\n    \"10.1\": 0.03995,\n    \"11.1-11.2\": 0.11985,\n    \"12.0\": 0.18977,\n    \"13.0\": 0.63923\n  },\n  K: {\n    _: \"0 10 11 12 11.1 11.5 12.1\"\n  },\n  A: {\n    \"6\": 0,\n    \"7\": 0,\n    \"8\": 0.01194,\n    \"9\": 0,\n    \"10\": 0,\n    \"11\": 0.11348,\n    \"5.5\": 0\n  },\n  N: {\n    \"10\": 0,\n    \"11\": 0\n  },\n  J: {\n    \"7\": 0,\n    \"10\": 0\n  },\n  O: {\n    \"0\": 0.03869\n  },\n  H: {\n    \"0\": 0.16687\n  },\n  L: {\n    \"0\": 60.53248\n  },\n  S: {\n    \"2.5\": 0\n  },\n  R: {\n    _: \"0\"\n  },\n  M: {\n    \"0\": 0.12037\n  },\n  Q: {\n    \"10.4\": 0\n  }\n};","map":{"version":3,"sources":["/Users/bruceseymour/ra-video/client/node_modules/caniuse-lite/data/regions/PE.js"],"names":["module","exports","C","D","F","E","_","G","B","I","P","K","A","N","J","O","H","L","S","R","M","Q"],