{"ast":null,"code":"module.exports = {\n  C: {\n    \"4\": 0.06347,\n    \"11\": 0.00976,\n    \"38\": 0.00488,\n    \"43\": 0.00488,\n    \"44\": 0.01953,\n    \"45\": 0.00976,\n    \"47\": 0.00488,\n    \"48\": 0.01465,\n    \"52\": 0.0537,\n    \"54\": 0.00488,\n    \"56\": 0.00976,\n    \"58\": 0.00488,\n    \"60\": 0.00488,\n    \"63\": 0.03906,\n    \"64\": 0.00488,\n    \"65\": 0.00976,\n    \"66\": 0.00976,\n    \"67\": 0.00488,\n    \"68\": 0.01953,\n    \"72\": 0.01465,\n    \"73\": 0.00976,\n    \"75\": 0.00488,\n    \"76\": 0.00976,\n    \"77\": 0.01465,\n    \"78\": 0.15134,\n    \"79\": 0.01465,\n    \"80\": 0.02441,\n    \"81\": 0.04394,\n    \"82\": 0.11229,\n    \"83\": 1.63059,\n    \"84\": 0.99105,\n    \"85\": 0.00976,\n    _: \"2 3 5 6 7 8 9 10 12 13 14 15 16 17 18 19 20 21 22 23 24 25 26 27 28 29 30 31 32 33 34 35 36 37 39 40 41 42 46 49 50 51 53 55 57 59 61 62 69 70 71 74 86 3.5 3.6\"\n  },\n  D: {\n    \"29\": 0.00976,\n    \"35\": 0.00976,\n    \"38\": 0.00976,\n    \"40\": 0.01953,\n    \"43\": 0.00488,\n    \"47\": 0.00488,\n    \"48\": 0.05858,\n    \"49\": 0.23922,\n    \"52\": 0.00488,\n    \"53\": 0.01465,\n    \"55\": 0.00488,\n    \"56\": 0.11717,\n    \"58\": 0.00976,\n    \"59\": 0.00976,\n    \"60\": 0.00976,\n    \"61\": 0.03906,\n    \"62\": 0.00488,\n    \"63\": 0.02929,\n    \"64\": 0.02441,\n    \"65\": 0.02929,\n    \"66\": 0.03906,\n    \"67\": 0.03906,\n    \"68\": 0.04882,\n    \"69\": 0.02441,\n    \"70\": 0.08299,\n    \"71\": 0.04394,\n    \"72\": 0.06347,\n    \"73\": 0.02929,\n    \"74\": 0.0537,\n    \"75\": 0.17087,\n    \"76\": 0.17575,\n    \"77\": 0.29292,\n    \"78\": 0.06835,\n    \"79\": 0.18063,\n    \"80\": 0.18063,\n    \"81\": 0.18552,\n    \"83\": 0.33686,\n    \"84\": 0.38568,\n    \"85\": 0.61513,\n    \"86\": 5.38973,\n    \"87\": 18.78105,\n    \"88\": 0.03417,\n    \"89\": 0.0537,\n    _: \"4 5 6 7 8 9 10 11 12 13 14 15 16 17 18 19 20 21 22 23 24 25 26 27 28 30 31 32 33 34 36 37 39 41 42 44 45 46 50 51 54 57 90\"\n  },\n  F: {\n    \"69\": 0.00488,\n    \"71\": 0.07811,\n    \"72\": 0.31245,\n    _: \"9 11 12 15 16 17 18 19 20 21 22 23 24 25 26 27 28 29 30 31 32 33 34 35 36 37 38 39 40 41 42 43 44 45 46 47 48 49 50 51 52 53 54 55 56 57 58 60 62 63 64 65 66 67 68 70 9.5-9.6 10.5 10.6 11.1 11.5 11.6 12.1\",\n    \"10.0-10.1\": 0\n  },\n  E: {\n    \"4\": 0,\n    \"8\": 0.02929,\n    \"9\": 0.00976,\n    \"10\": 0.00488,\n    \"11\": 0.03417,\n    \"12\": 0.04394,\n    \"13\": 0.25875,\n    \"14\": 5.27744,\n    _: \"0 5 6 7 3.1 3.2 6.1 7.1\",\n    \"5.1\": 0.06835,\n    \"9.1\": 0.10252,\n    \"10.1\": 0.06347,\n    \"11.1\": 0.17087,\n    \"12.1\": 0.26851,\n    \"13.1\": 2.34824\n  },\n  G: {\n    \"8\": 0,\n    \"3.2\": 0,\n    \"4.0-4.1\": 0,\n    \"4.2-4.3\": 0,\n    \"5.0-5.1\": 0.00268,\n    \"6.0-6.1\": 0.0134,\n    \"7.0-7.1\": 0.02949,\n    \"8.1-8.4\": 0.02412,\n    \"9.0-9.2\": 0.02412,\n    \"9.3\": 0.21176,\n    \"10.0-10.2\": 0.04021,\n    \"10.3\": 0.25197,\n    \"11.0-11.2\": 0.11794,\n    \"11.3-11.4\": 0.15547,\n    \"12.0-12.1\": 0.17691,\n    \"12.2-12.4\": 1.46087,\n    \"13.0-13.1\": 0.1233,\n    \"13.2\": 0.07773,\n    \"13.3\": 0.49321,\n    \"13.4-13.7\": 2.86008,\n    \"14.0-14.3\": 20.69875\n  },\n  B: {\n    \"12\": 0.00976,\n    \"14\": 0.00976,\n    \"15\": 0.00976,\n    \"16\": 0.01465,\n    \"17\": 0.06835,\n    \"18\": 0.25875,\n    \"80\": 0.02441,\n    \"83\": 0.00976,\n    \"84\": 0.00976,\n    \"85\": 0.02441,\n    \"86\": 0.12693,\n    \"87\": 4.71113,\n    _: \"13 79 81\"\n  },\n  I: {\n    \"3\": 0,\n    \"4\": 0.01073,\n    \"81\": 0,\n    \"2.1\": 0,\n    \"2.2\": 0,\n    \"2.3\": 0,\n    \"4.1\": 0.00286,\n    \"4.2-4.3\": 0.02145,\n    \"4.4\": 0,\n    \"4.4.3-4.4.4\": 0.06221\n  },\n  P: {\n    \"4\": 0.02166,\n    \"5.0-5.4\": 0.01022,\n    \"6.2-6.4\": 0.02045,\n    \"7.2-7.4\": 0.11245,\n    \"8.2\": 0.02045,\n    \"9.2\": 0.04331,\n    \"10.1\": 0.02166,\n    \"11.1-11.2\": 0.09745,\n    \"12.0\": 0.24905,\n    \"13.0\": 2.18729\n  },\n  K: {\n    _: \"0 10 11 12 11.1 11.5 12.1\"\n  },\n  A: {\n    \"8\": 0.04138,\n    \"9\": 0.60517,\n    \"10\": 0.01034,\n    \"11\": 1.16897,\n    _: \"6 7 5.5\"\n  },\n  N: {\n    \"10\": 0,\n    \"11\": 0\n  },\n  J: {\n    \"7\": 0,\n    \"10\": 0\n  },\n  O: {\n    \"0\": 0.13819\n  },\n  H: {\n    \"0\": 0.19382\n  },\n  L: {\n    \"0\": 21.15421\n  },\n  S: {\n    \"2.5\": 0\n  },\n  R: {\n    _: \"0\"\n  },\n  M: {\n    \"0\": 0.44015\n  },\n  Q: {\n    \"10.4\": 0.01535\n  }\n};","map":{"version":3,"sources":["/Users/bruceseymour/ra-video/client/node_modules/caniuse-lite/data/regions/alt-na.js"],"names":["module","exports","C","_","D","F","E","G","B","I","P","K","A","N","J","O","H","L","S","R","M","Q"],