{"ast":null,"code":"module.exports = {\n  C: {\n    \"2\": 0,\n    \"3\": 0,\n    \"4\": 0,\n    \"5\": 0,\n    \"6\": 0,\n    \"7\": 0,\n    \"8\": 0,\n    \"9\": 0,\n    \"10\": 0,\n    \"11\": 0,\n    \"12\": 0,\n    \"13\": 0,\n    \"14\": 0,\n    \"15\": 0,\n    \"16\": 0,\n    \"17\": 0,\n    \"18\": 0,\n    \"19\": 0,\n    \"20\": 0,\n    \"21\": 0,\n    \"22\": 0,\n    \"23\": 0,\n    \"24\": 0,\n    \"25\": 0,\n    \"26\": 0,\n    \"27\": 0,\n    \"28\": 0,\n    \"29\": 0,\n    \"30\": 0.01006,\n    \"31\": 0,\n    \"32\": 0,\n    \"33\": 0,\n    \"34\": 0,\n    \"35\": 0,\n    \"36\": 0,\n    \"37\": 0,\n    \"38\": 0,\n    \"39\": 0,\n    \"40\": 0,\n    \"41\": 0,\n    \"42\": 0,\n    \"43\": 0,\n    \"44\": 0,\n    \"45\": 0,\n    \"46\": 0,\n    \"47\": 0,\n    \"48\": 0,\n    \"49\": 0,\n    \"50\": 0,\n    \"51\": 0,\n    \"52\": 0.05533,\n    \"53\": 0,\n    \"54\": 0,\n    \"55\": 0,\n    \"56\": 0.00503,\n    \"57\": 0,\n    \"58\": 0.00503,\n    \"59\": 0,\n    \"60\": 0,\n    \"61\": 0,\n    \"62\": 0,\n    \"63\": 0,\n    \"64\": 0,\n    \"65\": 0,\n    \"66\": 0,\n    \"67\": 0,\n    \"68\": 0.01006,\n    \"69\": 0,\n    \"70\": 0,\n    \"71\": 0,\n    \"72\": 0.00503,\n    \"73\": 0,\n    \"74\": 0,\n    \"75\": 0,\n    \"76\": 0,\n    \"77\": 0,\n    \"78\": 0.03521,\n    \"79\": 0,\n    \"80\": 0.00503,\n    \"81\": 0.02012,\n    \"82\": 0.01509,\n    \"83\": 0.66396,\n    \"84\": 0.4527,\n    \"85\": 0.00503,\n    \"86\": 0,\n    \"3.5\": 0,\n    \"3.6\": 0\n  },\n  D: {\n    \"4\": 0,\n    \"5\": 0,\n    \"6\": 0,\n    \"7\": 0,\n    \"8\": 0,\n    \"9\": 0,\n    \"10\": 0,\n    \"11\": 0,\n    \"12\": 0,\n    \"13\": 0,\n    \"14\": 0,\n    \"15\": 0,\n    \"16\": 0,\n    \"17\": 0,\n    \"18\": 0,\n    \"19\": 0,\n    \"20\": 0,\n    \"21\": 0,\n    \"22\": 0,\n    \"23\": 0,\n    \"24\": 0,\n    \"25\": 0,\n    \"26\": 0,\n    \"27\": 0,\n    \"28\": 0,\n    \"29\": 0,\n    \"30\": 0,\n    \"31\": 0,\n    \"32\": 0,\n    \"33\": 0,\n    \"34\": 0,\n    \"35\": 0,\n    \"36\": 0,\n    \"37\": 0,\n    \"38\": 0.01509,\n    \"39\": 0,\n    \"40\": 0,\n    \"41\": 0,\n    \"42\": 0.91546,\n    \"43\": 0.00503,\n    \"44\": 0,\n    \"45\": 0,\n    \"46\": 0,\n    \"47\": 0.00503,\n    \"48\": 0,\n    \"49\": 0.2012,\n    \"50\": 0.00503,\n    \"51\": 0,\n    \"52\": 0,\n    \"53\": 0.01509,\n    \"54\": 0.00503,\n    \"55\": 0.00503,\n    \"56\": 0,\n    \"57\": 0,\n    \"58\": 0,\n    \"59\": 0,\n    \"60\": 0,\n    \"61\": 0,\n    \"62\": 0,\n    \"63\": 0.00503,\n    \"64\": 0,\n    \"65\": 0.01006,\n    \"66\": 0,\n    \"67\": 0,\n    \"68\": 0.00503,\n    \"69\": 0.04024,\n    \"70\": 0.9557,\n    \"71\": 0.01509,\n    \"72\": 0.02515,\n    \"73\": 0.00503,\n    \"74\": 0.00503,\n    \"75\": 0.00503,\n    \"76\": 0.00503,\n    \"77\": 0.01006,\n    \"78\": 0.01509,\n    \"79\": 0.04024,\n    \"80\": 0.02515,\n    \"81\": 0.03018,\n    \"83\": 0.03018,\n    \"84\": 0.05533,\n    \"85\": 0.1006,\n    \"86\": 2.70111,\n    \"87\": 13.00255,\n    \"88\": 0.02012,\n    \"89\": 0,\n    \"90\": 0\n  },\n  F: {\n    \"9\": 0,\n    \"11\": 0,\n    \"12\": 0,\n    \"15\": 0,\n    \"16\": 0,\n    \"17\": 0,\n    \"18\": 0,\n    \"19\": 0,\n    \"20\": 0,\n    \"21\": 0,\n    \"22\": 0,\n    \"23\": 0,\n    \"24\": 0,\n    \"25\": 0,\n    \"26\": 0,\n    \"27\": 0,\n    \"28\": 0,\n    \"29\": 0,\n    \"30\": 0,\n    \"31\": 0.00503,\n    \"32\": 0,\n    \"33\": 0,\n    \"34\": 0,\n    \"35\": 0,\n    \"36\": 0,\n    \"37\": 0,\n    \"38\": 0,\n    \"39\": 0,\n    \"40\": 0.00503,\n    \"41\": 0,\n    \"42\": 0,\n    \"43\": 0,\n    \"44\": 0,\n    \"45\": 0,\n    \"46\": 0,\n    \"47\": 0,\n    \"48\": 0,\n    \"49\": 0,\n    \"50\": 0.00503,\n    \"51\": 0,\n    \"52\": 0,\n    \"53\": 0,\n    \"54\": 0,\n    \"55\": 0,\n    \"56\": 0,\n    \"57\": 0,\n    \"58\": 0,\n    \"60\": 0,\n    \"62\": 0,\n    \"63\": 0,\n    \"64\": 0,\n    \"65\": 0,\n    \"66\": 0,\n    \"67\": 0,\n    \"68\": 0,\n    \"69\": 0,\n    \"70\": 0,\n    \"71\": 0.04024,\n    \"72\": 0.20623,\n    \"9.5-9.6\": 0,\n    \"10.0-10.1\": 0,\n    \"10.5\": 0,\n    \"10.6\": 0,\n    \"11.1\": 0,\n    \"11.5\": 0,\n    \"11.6\": 0,\n    \"12.1\": 0\n  },\n  E: {\n    \"4\": 0,\n    \"5\": 0,\n    \"6\": 0,\n    \"7\": 0,\n    \"8\": 0,\n    \"9\": 0,\n    \"10\": 0,\n    \"11\": 0,\n    \"12\": 0.01006,\n    \"13\": 0.0503,\n    \"14\": 1.12169,\n    _: \"0\",\n    \"3.1\": 0,\n    \"3.2\": 0,\n    \"5.1\": 0.01006,\n    \"6.1\": 0,\n    \"7.1\": 0,\n    \"9.1\": 0,\n    \"10.1\": 0.01006,\n    \"11.1\": 0.02012,\n    \"12.1\": 0.32695,\n    \"13.1\": 0.39737\n  },\n  G: {\n    \"8\": 0.00178,\n    \"3.2\": 0,\n    \"4.0-4.1\": 0,\n    \"4.2-4.3\": 0,\n    \"5.0-5.1\": 0.00534,\n    \"6.0-6.1\": 0.0356,\n    \"7.0-7.1\": 0.02314,\n    \"8.1-8.4\": 0.01068,\n    \"9.0-9.2\": 0.01246,\n    \"9.3\": 0.27592,\n    \"10.0-10.2\": 0.04094,\n    \"10.3\": 0.28482,\n    \"11.0-11.2\": 0.11927,\n    \"11.3-11.4\": 0.19047,\n    \"12.0-12.1\": 0.09791,\n    \"12.2-12.4\": 1.09476,\n    \"13.0-13.1\": 0.11037,\n    \"13.2\": 0.03916,\n    \"13.3\": 0.31508,\n    \"13.4-13.7\": 2.17706,\n    \"14.0-14.3\": 12.92173\n  },\n  B: {\n    \"12\": 0,\n    \"13\": 0.00503,\n    \"14\": 0,\n    \"15\": 0.01006,\n    \"16\": 0.00503,\n    \"17\": 0.01006,\n    \"18\": 0.06539,\n    \"79\": 0,\n    \"80\": 0,\n    \"81\": 0,\n    \"83\": 0,\n    \"84\": 0.01006,\n    \"85\": 0.00503,\n    \"86\": 0.02012,\n    \"87\": 2.08745\n  },\n  I: {\n    \"3\": 0,\n    \"4\": 0,\n    \"81\": 0,\n    \"2.1\": 0,\n    \"2.2\": 0,\n    \"2.3\": 0,\n    \"4.1\": 0.00445,\n    \"4.2-4.3\": 0.0089,\n    \"4.4\": 0,\n    \"4.4.3-4.4.4\": 0.207\n  },\n  P: {\n    \"4\": 0.09304,\n    \"5.0-5.4\": 0,\n    \"6.2-6.4\": 0,\n    \"7.2-7.4\": 0,\n    \"8.2\": 0,\n    \"9.2\": 0.03101,\n    \"10.1\": 0.03101,\n    \"11.1-11.2\": 0.07237,\n    \"12.0\": 0.36183,\n    \"13.0\": 4.1869\n  },\n  K: {\n    _: \"0 10 11 12 11.1 11.5 12.1\"\n  },\n  A: {\n    \"6\": 0,\n    \"7\": 0,\n    \"8\": 0.01006,\n    \"9\": 0,\n    \"10\": 0,\n    \"11\": 0.39737,\n    \"5.5\": 0\n  },\n  N: {\n    \"10\": 0,\n    \"11\": 0\n  },\n  J: {\n    \"7\": 0,\n    \"10\": 0.00497\n  },\n  O: {\n    \"0\": 0.98903\n  },\n  H: {\n    \"0\": 0.29173\n  },\n  L: {\n    \"0\": 47.90621\n  },\n  S: {\n    \"2.5\": 0\n  },\n  R: {\n    _: \"0\"\n  },\n  M: {\n    \"0\": 0.17395\n  },\n  Q: {\n    \"10.4\": 0\n  }\n};","map":{"version":3,"sources":["/Users/bruceseymour/ra-video/client/node_modules/caniuse-lite/data/regions/CY.js"],"names":["module","exports","C","D","F","E","_","G","B","I","P","K","A","N","J","O","H","L","S","R","M","Q"],