{"ast":null,"code":"module.exports = {\n  C: {\n    \"2\": 0,\n    \"3\": 0,\n    \"4\": 0,\n    \"5\": 0,\n    \"6\": 0,\n    \"7\": 0,\n    \"8\": 0,\n    \"9\": 0,\n    \"10\": 0,\n    \"11\": 0,\n    \"12\": 0,\n    \"13\": 0,\n    \"14\": 0,\n    \"15\": 0,\n    \"16\": 0,\n    \"17\": 0,\n    \"18\": 0,\n    \"19\": 0,\n    \"20\": 0,\n    \"21\": 0,\n    \"22\": 0,\n    \"23\": 0,\n    \"24\": 0,\n    \"25\": 0,\n    \"26\": 0,\n    \"27\": 0,\n    \"28\": 0,\n    \"29\": 0,\n    \"30\": 0.00443,\n    \"31\": 0,\n    \"32\": 0,\n    \"33\": 0,\n    \"34\": 0.00886,\n    \"35\": 0,\n    \"36\": 0,\n    \"37\": 0,\n    \"38\": 0,\n    \"39\": 0,\n    \"40\": 0,\n    \"41\": 0,\n    \"42\": 0,\n    \"43\": 0,\n    \"44\": 0,\n    \"45\": 0,\n    \"46\": 0,\n    \"47\": 0,\n    \"48\": 0,\n    \"49\": 0,\n    \"50\": 0,\n    \"51\": 0,\n    \"52\": 0.01772,\n    \"53\": 0,\n    \"54\": 0,\n    \"55\": 0,\n    \"56\": 0,\n    \"57\": 0,\n    \"58\": 0,\n    \"59\": 0,\n    \"60\": 0,\n    \"61\": 0,\n    \"62\": 0,\n    \"63\": 0,\n    \"64\": 0,\n    \"65\": 0,\n    \"66\": 0,\n    \"67\": 0,\n    \"68\": 0.00886,\n    \"69\": 0,\n    \"70\": 0,\n    \"71\": 0,\n    \"72\": 0.00443,\n    \"73\": 0,\n    \"74\": 0,\n    \"75\": 0,\n    \"76\": 0,\n    \"77\": 0,\n    \"78\": 0.00886,\n    \"79\": 0.00443,\n    \"80\": 0.00443,\n    \"81\": 0.01329,\n    \"82\": 0.01772,\n    \"83\": 0.34103,\n    \"84\": 0.29231,\n    \"85\": 0,\n    \"86\": 0,\n    \"3.5\": 0,\n    \"3.6\": 0\n  },\n  D: {\n    \"4\": 0,\n    \"5\": 0,\n    \"6\": 0,\n    \"7\": 0,\n    \"8\": 0,\n    \"9\": 0,\n    \"10\": 0,\n    \"11\": 0.00443,\n    \"12\": 0,\n    \"13\": 0,\n    \"14\": 0,\n    \"15\": 0,\n    \"16\": 0,\n    \"17\": 0,\n    \"18\": 0,\n    \"19\": 0,\n    \"20\": 0,\n    \"21\": 0,\n    \"22\": 0.00443,\n    \"23\": 0,\n    \"24\": 0,\n    \"25\": 0,\n    \"26\": 0.00443,\n    \"27\": 0,\n    \"28\": 0,\n    \"29\": 0,\n    \"30\": 0.00443,\n    \"31\": 0,\n    \"32\": 0,\n    \"33\": 0,\n    \"34\": 0.01329,\n    \"35\": 0,\n    \"36\": 0,\n    \"37\": 0,\n    \"38\": 0.05758,\n    \"39\": 0.00443,\n    \"40\": 0,\n    \"41\": 0,\n    \"42\": 0,\n    \"43\": 0,\n    \"44\": 0,\n    \"45\": 0.00443,\n    \"46\": 0,\n    \"47\": 0.00443,\n    \"48\": 0.00443,\n    \"49\": 0.08858,\n    \"50\": 0.00443,\n    \"51\": 0,\n    \"52\": 0,\n    \"53\": 0.14616,\n    \"54\": 0,\n    \"55\": 0.00886,\n    \"56\": 0.00443,\n    \"57\": 0.00443,\n    \"58\": 0.00443,\n    \"59\": 0.00443,\n    \"60\": 0.00443,\n    \"61\": 0.02657,\n    \"62\": 0.00443,\n    \"63\": 0.00886,\n    \"64\": 0.01772,\n    \"65\": 0.00886,\n    \"66\": 0.00886,\n    \"67\": 0.01772,\n    \"68\": 0.031,\n    \"69\": 0.01329,\n    \"70\": 0.01329,\n    \"71\": 0.02215,\n    \"72\": 0.01329,\n    \"73\": 0.01772,\n    \"74\": 0.01772,\n    \"75\": 0.01772,\n    \"76\": 0.01329,\n    \"77\": 0.01329,\n    \"78\": 0.01329,\n    \"79\": 0.02215,\n    \"80\": 0.03543,\n    \"81\": 0.06201,\n    \"83\": 0.03543,\n    \"84\": 0.06644,\n    \"85\": 0.1063,\n    \"86\": 2.09049,\n    \"87\": 11.0725,\n    \"88\": 0.00886,\n    \"89\": 0.00443,\n    \"90\": 0\n  },\n  F: {\n    \"9\": 0,\n    \"11\": 0,\n    \"12\": 0,\n    \"15\": 0,\n    \"16\": 0,\n    \"17\": 0,\n    \"18\": 0,\n    \"19\": 0,\n    \"20\": 0,\n    \"21\": 0,\n    \"22\": 0,\n    \"23\": 0,\n    \"24\": 0,\n    \"25\": 0,\n    \"26\": 0,\n    \"27\": 0,\n    \"28\": 0,\n    \"29\": 0,\n    \"30\": 0,\n    \"31\": 0,\n    \"32\": 0,\n    \"33\": 0,\n    \"34\": 0,\n    \"35\": 0,\n    \"36\": 0.00443,\n    \"37\": 0.02657,\n    \"38\": 0,\n    \"39\": 0,\n    \"40\": 0,\n    \"41\": 0,\n    \"42\": 0,\n    \"43\": 0,\n    \"44\": 0,\n    \"45\": 0,\n    \"46\": 0.00886,\n    \"47\": 0,\n    \"48\": 0,\n    \"49\": 0,\n    \"50\": 0,\n    \"51\": 0,\n    \"52\": 0,\n    \"53\": 0,\n    \"54\": 0,\n    \"55\": 0,\n    \"56\": 0,\n    \"57\": 0,\n    \"58\": 0,\n    \"60\": 0,\n    \"62\": 0,\n    \"63\": 0,\n    \"64\": 0,\n    \"65\": 0,\n    \"66\": 0,\n    \"67\": 0,\n    \"68\": 0,\n    \"69\": 0,\n    \"70\": 0,\n    \"71\": 0.00443,\n    \"72\": 0.04429,\n    \"9.5-9.6\": 0,\n    \"10.0-10.1\": 0,\n    \"10.5\": 0,\n    \"10.6\": 0,\n    \"11.1\": 0,\n    \"11.5\": 0,\n    \"11.6\": 0,\n    \"12.1\": 0\n  },\n  E: {\n    \"4\": 0,\n    \"5\": 0,\n    \"6\": 0,\n    \"7\": 0,\n    \"8\": 0.00443,\n    \"9\": 0,\n    \"10\": 0,\n    \"11\": 0.00443,\n    \"12\": 0.00886,\n    \"13\": 0.11958,\n    \"14\": 1.00981,\n    _: \"0\",\n    \"3.1\": 0,\n    \"3.2\": 0,\n    \"5.1\": 0,\n    \"6.1\": 0,\n    \"7.1\": 0,\n    \"9.1\": 0.00443,\n    \"10.1\": 0.01329,\n    \"11.1\": 0.02215,\n    \"12.1\": 0.04872,\n    \"13.1\": 0.43847\n  },\n  G: {\n    \"8\": 0.00354,\n    \"3.2\": 0.00354,\n    \"4.0-4.1\": 0,\n    \"4.2-4.3\": 0.00354,\n    \"5.0-5.1\": 0.04603,\n    \"6.0-6.1\": 0.02478,\n    \"7.0-7.1\": 0.23723,\n    \"8.1-8.4\": 0.09206,\n    \"9.0-9.2\": 0.04603,\n    \"9.3\": 0.49569,\n    \"10.0-10.2\": 0.10976,\n    \"10.3\": 0.49569,\n    \"11.0-11.2\": 0.31158,\n    \"11.3-11.4\": 0.36823,\n    \"12.0-12.1\": 0.80019,\n    \"12.2-12.4\": 2.69091,\n    \"13.0-13.1\": 0.72938,\n    \"13.2\": 0.3045,\n    \"13.3\": 1.5933,\n    \"13.4-13.7\": 6.03685,\n    \"14.0-14.3\": 20.99265\n  },\n  B: {\n    \"12\": 0,\n    \"13\": 0,\n    \"14\": 0.00443,\n    \"15\": 0,\n    \"16\": 0.00443,\n    \"17\": 0.01329,\n    \"18\": 0.03986,\n    \"79\": 0,\n    \"80\": 0,\n    \"81\": 0,\n    \"83\": 0,\n    \"84\": 0.00443,\n    \"85\": 0.00443,\n    \"86\": 0.01772,\n    \"87\": 0.94781\n  },\n  I: {\n    \"3\": 0,\n    \"4\": 0,\n    \"81\": 0,\n    \"2.1\": 0,\n    \"2.2\": 0,\n    \"2.3\": 0,\n    \"4.1\": 0.00556,\n    \"4.2-4.3\": 0.01807,\n    \"4.4\": 0,\n    \"4.4.3-4.4.4\": 0.11952\n  },\n  P: {\n    \"4\": 0.47245,\n    \"5.0-5.4\": 0.01074,\n    \"6.2-6.4\": 0.01074,\n    \"7.2-7.4\": 0.04295,\n    \"8.2\": 0.04295,\n    \"9.2\": 0.19327,\n    \"10.1\": 0.10737,\n    \"11.1-11.2\": 0.2577,\n    \"12.0\": 0.62277,\n    \"13.0\": 2.08306\n  },\n  K: {\n    _: \"0 10 11 12 11.1 11.5 12.1\"\n  },\n  A: {\n    \"6\": 0,\n    \"7\": 0,\n    \"8\": 0.00523,\n    \"9\": 0,\n    \"10\": 0,\n    \"11\": 0.25608,\n    \"5.5\": 0\n  },\n  N: {\n    \"10\": 0,\n    \"11\": 0\n  },\n  J: {\n    \"7\": 0,\n    \"10\": 0\n  },\n  O: {\n    \"0\": 0.08914\n  },\n  H: {\n    \"0\": 0.5116\n  },\n  L: {\n    \"0\": 39.8748\n  },\n  S: {\n    \"2.5\": 0\n  },\n  R: {\n    _: \"0\"\n  },\n  M: {\n    \"0\": 0.09471\n  },\n  Q: {\n    \"10.4\": 0.01114\n  }\n};","map":{"version":3,"sources":["/Users/bruceseymour/ra-video/client/node_modules/caniuse-lite/data/regions/TW.js"],"names":["module","exports","C","D","F","E","_","G","B","I","P","K","A","N","J","O","H","L","S","R","M","Q"],