{"ast":null,"code":"module.exports = {\n  C: {\n    \"48\": 0.01448,\n    \"50\": 0.00966,\n    \"51\": 0.00483,\n    \"52\": 0.06759,\n    \"56\": 0.00483,\n    \"57\": 0.00483,\n    \"58\": 0.02897,\n    \"59\": 0.01448,\n    \"63\": 0.01448,\n    \"64\": 0.01931,\n    \"65\": 0.02897,\n    \"66\": 0.00966,\n    \"67\": 0.00966,\n    \"68\": 0.02414,\n    \"71\": 0.00966,\n    \"72\": 0.01448,\n    \"77\": 0.04345,\n    \"78\": 0.12553,\n    \"79\": 0.01931,\n    \"80\": 0.07725,\n    \"81\": 0.01448,\n    \"82\": 0.07725,\n    \"83\": 1.16838,\n    \"84\": 0.62764,\n    \"85\": 0.00966,\n    _: \"2 3 4 5 6 7 8 9 10 11 12 13 14 15 16 17 18 19 20 21 22 23 24 25 26 27 28 29 30 31 32 33 34 35 36 37 38 39 40 41 42 43 44 45 46 47 49 53 54 55 60 61 62 69 70 73 74 75 76 86 3.5\",\n    \"3.6\": 0.0338\n  },\n  D: {\n    \"33\": 0.05311,\n    \"40\": 0.00966,\n    \"46\": 0.00483,\n    \"47\": 0.00966,\n    \"48\": 0.00966,\n    \"49\": 0.65661,\n    \"52\": 0.00483,\n    \"53\": 0.04345,\n    \"55\": 0.00483,\n    \"56\": 0.00966,\n    \"57\": 0.01448,\n    \"58\": 0.01448,\n    \"59\": 0.12553,\n    \"60\": 0.00966,\n    \"61\": 0.16415,\n    \"63\": 0.01931,\n    \"64\": 0.00966,\n    \"65\": 0.01448,\n    \"66\": 0.01448,\n    \"67\": 0.02897,\n    \"68\": 0.01931,\n    \"69\": 0.02414,\n    \"70\": 0.12553,\n    \"71\": 0.18346,\n    \"72\": 0.05794,\n    \"73\": 0.07242,\n    \"74\": 0.0338,\n    \"75\": 0.22692,\n    \"76\": 0.02897,\n    \"77\": 0.02897,\n    \"78\": 0.09173,\n    \"79\": 0.06759,\n    \"80\": 0.19795,\n    \"81\": 0.05794,\n    \"83\": 0.22209,\n    \"84\": 0.39107,\n    \"85\": 0.46349,\n    \"86\": 5.61979,\n    \"87\": 27.34579,\n    \"88\": 0.05311,\n    \"89\": 0.01931,\n    _: \"4 5 6 7 8 9 10 11 12 13 14 15 16 17 18 19 20 21 22 23 24 25 26 27 28 29 30 31 32 34 35 36 37 38 39 41 42 43 44 45 50 51 54 62 90\"\n  },\n  F: {\n    \"36\": 0.01448,\n    \"37\": 0.04828,\n    \"58\": 0.01448,\n    \"69\": 0.02897,\n    \"70\": 0.00966,\n    \"71\": 0.38624,\n    \"72\": 1.51116,\n    _: \"9 11 12 15 16 17 18 19 20 21 22 23 24 25 26 27 28 29 30 31 32 33 34 35 38 39 40 41 42 43 44 45 46 47 48 49 50 51 52 53 54 55 56 57 60 62 63 64 65 66 67 68 9.5-9.6 10.5 10.6 11.1 11.5 11.6\",\n    \"10.0-10.1\": 0,\n    \"12.1\": 0.01448\n  },\n  E: {\n    \"4\": 0,\n    \"11\": 0.02414,\n    \"12\": 0.01931,\n    \"13\": 0.08208,\n    \"14\": 0.97526,\n    _: \"0 5 6 7 8 9 10 3.1 3.2 6.1 7.1\",\n    \"5.1\": 0.3621,\n    \"9.1\": 0.00966,\n    \"10.1\": 0.00966,\n    \"11.1\": 0.01931,\n    \"12.1\": 0.06276,\n    \"13.1\": 0.26071\n  },\n  G: {\n    \"8\": 0.00159,\n    \"3.2\": 0,\n    \"4.0-4.1\": 0,\n    \"4.2-4.3\": 0.00239,\n    \"5.0-5.1\": 0.00239,\n    \"6.0-6.1\": 0.00239,\n    \"7.0-7.1\": 0.01276,\n    \"8.1-8.4\": 0.00159,\n    \"9.0-9.2\": 0.02153,\n    \"9.3\": 0.06219,\n    \"10.0-10.2\": 0.01595,\n    \"10.3\": 0.10524,\n    \"11.0-11.2\": 0.04305,\n    \"11.3-11.4\": 0.05023,\n    \"12.0-12.1\": 0.06299,\n    \"12.2-12.4\": 0.5884,\n    \"13.0-13.1\": 0.04226,\n    \"13.2\": 0.02711,\n    \"13.3\": 0.21607,\n    \"13.4-13.7\": 1.03169,\n    \"14.0-14.3\": 5.67352\n  },\n  B: {\n    \"12\": 0.01931,\n    \"13\": 0.00483,\n    \"15\": 0.00966,\n    \"17\": 0.00966,\n    \"18\": 0.07242,\n    \"84\": 0.00966,\n    \"85\": 0.06759,\n    \"86\": 0.02897,\n    \"87\": 1.28908,\n    _: \"14 16 79 80 81 83\"\n  },\n  I: {\n    \"3\": 0,\n    \"4\": 0,\n    \"81\": 0,\n    \"2.1\": 0,\n    \"2.2\": 0,\n    \"2.3\": 0,\n    \"4.1\": 0.0013,\n    \"4.2-4.3\": 0.00417,\n    \"4.4\": 0,\n    \"4.4.3-4.4.4\": 0.02555\n  },\n  P: {\n    \"4\": 0.12295,\n    \"5.0-5.4\": 0.01025,\n    \"6.2-6.4\": 0,\n    \"7.2-7.4\": 0.01025,\n    \"8.2\": 0.01025,\n    \"9.2\": 0.10246,\n    \"10.1\": 0.07172,\n    \"11.1-11.2\": 0.25614,\n    \"12.0\": 0.39958,\n    \"13.0\": 2.31552\n  },\n  K: {\n    _: \"0 10 11 12 11.1 11.5 12.1\"\n  },\n  A: {\n    \"8\": 0.04828,\n    \"9\": 0.01448,\n    \"10\": 0.01448,\n    \"11\": 0.32348,\n    _: \"6 7 5.5\"\n  },\n  N: {\n    \"10\": 0,\n    \"11\": 0\n  },\n  J: {\n    \"7\": 0,\n    \"10\": 0\n  },\n  O: {\n    \"0\": 0.17064\n  },\n  H: {\n    \"0\": 0.21541\n  },\n  L: {\n    \"0\": 40.53478\n  },\n  S: {\n    \"2.5\": 0\n  },\n  R: {\n    _: \"0\"\n  },\n  M: {\n    \"0\": 0.10342\n  },\n  Q: {\n    \"10.4\": 0\n  }\n};","map":{"version":3,"sources":["/Users/bruceseymour/ra-video/client/node_modules/caniuse-lite/data/regions/MD.js"],"names":["module","exports","C","_","D","F","E","G","B","I","P","K","A","N","J","O","H","L","S","R","M","Q"],"mappings":"AAAAA,MAAM,CAACC,OAAP,GAAe;AAACC,EAAAA,CAAC,EAAC;AAAC,UAAK,OAAN;AAAc,UAAK,OAAnB;AAA2B,UAAK,OAAhC;AAAwC,UAAK,OAA7C;AAAqD,UAAK,OAA1D;AAAkE,UAAK,OAAvE;AAA+E,UAAK,OAApF;AAA4F,UAAK,OAAjG;AAAyG,UAAK,OAA9G;AAAsH,UAAK,OAA3H;AAAmI,UAAK,OAAxI;AAAgJ,UAAK,OAArJ;AAA6J,UAAK,OAAlK;AAA0K,UAAK,OAA/K;AAAuL,UAAK,OAA5L;AAAoM,UAAK,OAAzM;AAAiN,UAAK,OAAtN;AAA8N,UAAK,OAAnO;AAA2O,UAAK,OAAhP;AAAwP,UAAK,OAA7P;AAAqQ,UAAK,OAA1Q;AAAkR,UAAK,OAAvR;AAA+R,UAAK,OAApS;AAA4S,UAAK,OAAjT;AAAyT,UAAK,OAA9T;AAAsUC,IAAAA,CAAC,EAAC,iLAAxU;AAA0f,WAAM;AAAhgB,GAAH;AAA2gBC,EAAAA,CAAC,EAAC;AAAC,UAAK,OAAN;AAAc,UAAK,OAAnB;AAA2B,UAAK,OAAhC;AAAwC,UAAK,OAA7C;AAAqD,UAAK,OAA1D;AAAkE,UAAK,OAAvE;AAA+E,UAAK,OAApF;AAA4F,UAAK,OAAjG;AAAyG,UAAK,OAA9G;AAAsH,UAAK,OAA3H;AAAmI,UAAK,OAAxI;AAAgJ,UAAK,OAArJ;AAA6J,UAAK,OAAlK;AAA0K,UAAK,OAA/K;AAAuL,UAAK,OAA5L;AAAoM,UAAK,OAAzM;AAAiN,UAAK,OAAtN;AAA8N,UAAK,OAAnO;AAA2O,UAAK,OAAhP;AAAwP,UAAK,OAA7P;AAAqQ,UAAK,OAA1Q;AAAkR,UAAK,OAAvR;AAA+R,UAAK,OAApS;AAA4S,UAAK,OAAjT;AAAyT,UAAK,OAA9T;AAAsU,UAAK,OAA3U;AAAmV,UAAK,MAAxV;AAA+V,UAAK,OAApW;AAA4W,UAAK,OAAjX;AAAyX,UAAK,OAA9X;AAAsY,UAAK,OAA3Y;AAAmZ,UAAK,OAAxZ;AAAga,UAAK,OAAra;AAA6a,UAAK,OAAlb;AAA0b,UAAK,OAA/b;AAAuc,UAAK,OAA5c;AAAod,UAAK,OAAzd;AAAie,UAAK,OAAte;AAA8e,UAAK,QAAnf;AAA4f,UAAK,OAAjgB;AAAygB,UAAK,OAA9gB;AAAshBD,IAAAA,CAAC,EAAC;AAAxhB,GAA7gB;AAAyqCE,EAAAA,CAAC,EAAC;AAAC,UAAK,OAAN;AAAc,UAAK,OAAnB;AAA2B,UAAK,OAAhC;AAAwC,UAAK,OAA7C;AAAqD,UAAK,OAA1D;AAAkE,UAAK,OAAvE;AAA+E,UAAK,OAApF;AAA4FF,IAAAA,CAAC,EAAC,6LAA9F;AAA4R,iBAAY,CAAxS;AAA0S,YAAO;AAAjT,GAA3qC;AAAq+CG,EAAAA,CAAC,EAAC;AAAC,SAAI,CAAL;AAAO,UAAK,OAAZ;AAAoB,UAAK,OAAzB;AAAiC,UAAK,OAAtC;AAA8C,UAAK,OAAnD;AAA2DH,IAAAA,CAAC,EAAC,gCAA7D;AAA8F,WAAM,MAApG;AAA2G,WAAM,OAAjH;AAAyH,YAAO,OAAhI;AAAwI,YAAO,OAA/I;AAAuJ,YAAO,OAA9J;AAAsK,YAAO;AAA7K,GAAv+C;AAA6pDI,EAAAA,CAAC,EAAC;AAAC,SAAI,OAAL;AAAa,WAAM,CAAnB;AAAqB,eAAU,CAA/B;AAAiC,eAAU,OAA3C;AAAmD,eAAU,OAA7D;AAAqE,eAAU,OAA/E;AAAuF,eAAU,OAAjG;AAAyG,eAAU,OAAnH;AAA2H,eAAU,OAArI;AAA6I,WAAM,OAAnJ;AAA2J,iBAAY,OAAvK;AAA+K,YAAO,OAAtL;AAA8L,iBAAY,OAA1M;AAAkN,iBAAY,OAA9N;AAAsO,iBAAY,OAAlP;AAA0P,iBAAY,MAAtQ;AAA6Q,iBAAY,OAAzR;AAAiS,YAAO,OAAxS;AAAgT,YAAO,OAAvT;AAA+T,iBAAY,OAA3U;AAAmV,iBAAY;AAA/V,GAA/pD;AAAugEC,EAAAA,CAAC,EAAC;AAAC,UAAK,OAAN;AAAc,UAAK,OAAnB;AAA2B,UAAK,OAAhC;AAAwC,UAAK,OAA7C;AAAqD,UAAK,OAA1D;AAAkE,UAAK,OAAvE;AAA+E,UAAK,OAApF;AAA4F,UAAK,OAAjG;AAAyG,UAAK,OAA9G;AAAsHL,IAAAA,CAAC,EAAC;AAAxH,GAAzgE;AAAspEM,EAAAA,CAAC,EAAC;AAAC,SAAI,CAAL;AAAO,SAAI,CAAX;AAAa,UAAK,CAAlB;AAAoB,WAAM,CAA1B;AAA4B,WAAM,CAAlC;AAAoC,WAAM,CAA1C;AAA4C,WAAM,MAAlD;AAAyD,eAAU,OAAnE;AAA2E,WAAM,CAAjF;AAAmF,mBAAc;AAAjG,GAAxpE;AAAkwEC,EAAAA,CAAC,EAAC;AAAC,SAAI,OAAL;AAAa,eAAU,OAAvB;AAA+B,eAAU,CAAzC;AAA2C,eAAU,OAArD;AAA6D,WAAM,OAAnE;AAA2E,WAAM,OAAjF;AAAyF,YAAO,OAAhG;AAAwG,iBAAY,OAApH;AAA4H,YAAO,OAAnI;AAA2I,YAAO;AAAlJ,GAApwE;AAA+5EC,EAAAA,CAAC,EAAC;AAACR,IAAAA,CAAC,EAAC;AAAH,GAAj6E;AAAi8ES,EAAAA,CAAC,EAAC;AAAC,SAAI,OAAL;AAAa,SAAI,OAAjB;AAAyB,UAAK,OAA9B;AAAsC,UAAK,OAA3C;AAAmDT,IAAAA,CAAC,EAAC;AAArD,GAAn8E;AAAmgFU,EAAAA,CAAC,EAAC;AAAC,UAAK,CAAN;AAAQ,UAAK;AAAb,GAArgF;AAAqhFC,EAAAA,CAAC,EAAC;AAAC,SAAI,CAAL;AAAO,UAAK;AAAZ,GAAvhF;AAAsiFC,EAAAA,CAAC,EAAC;AAAC,SAAI;AAAL,GAAxiF;AAAsjFC,EAAAA,CAAC,EAAC;AAAC,SAAI;AAAL,GAAxjF;AAAskFC,EAAAA,CAAC,EAAC;AAAC,SAAI;AAAL,GAAxkF;AAAulFC,EAAAA,CAAC,EAAC;AAAC,WAAM;AAAP,GAAzlF;AAAmmFC,EAAAA,CAAC,EAAC;AAAChB,IAAAA,CAAC,EAAC;AAAH,GAArmF;AAA6mFiB,EAAAA,CAAC,EAAC;AAAC,SAAI;AAAL,GAA/mF;AAA6nFC,EAAAA,CAAC,EAAC;AAAC,YAAO;AAAR;AAA/nF,CAAf",