{"ast":null,"code":"module.exports = {\n  C: {\n    \"2\": 0,\n    \"3\": 0,\n    \"4\": 0,\n    \"5\": 0,\n    \"6\": 0,\n    \"7\": 0,\n    \"8\": 0,\n    \"9\": 0,\n    \"10\": 0,\n    \"11\": 0,\n    \"12\": 0,\n    \"13\": 0,\n    \"14\": 0,\n    \"15\": 0,\n    \"16\": 0,\n    \"17\": 0,\n    \"18\": 0,\n    \"19\": 0,\n    \"20\": 0,\n    \"21\": 0,\n    \"22\": 0,\n    \"23\": 0,\n    \"24\": 0.00894,\n    \"25\": 0,\n    \"26\": 0.00223,\n    \"27\": 0,\n    \"28\": 0,\n    \"29\": 0,\n    \"30\": 0.00223,\n    \"31\": 0,\n    \"32\": 0,\n    \"33\": 0,\n    \"34\": 0,\n    \"35\": 0,\n    \"36\": 0.00223,\n    \"37\": 0,\n    \"38\": 0,\n    \"39\": 0,\n    \"40\": 0,\n    \"41\": 0,\n    \"42\": 0,\n    \"43\": 0,\n    \"44\": 0,\n    \"45\": 0.00223,\n    \"46\": 0,\n    \"47\": 0,\n    \"48\": 0.00223,\n    \"49\": 0,\n    \"50\": 0.00223,\n    \"51\": 0,\n    \"52\": 0,\n    \"53\": 0,\n    \"54\": 0,\n    \"55\": 0,\n    \"56\": 0.00223,\n    \"57\": 0,\n    \"58\": 0.0067,\n    \"59\": 0,\n    \"60\": 0.00447,\n    \"61\": 0,\n    \"62\": 0,\n    \"63\": 0,\n    \"64\": 0,\n    \"65\": 0,\n    \"66\": 0,\n    \"67\": 0,\n    \"68\": 0.00447,\n    \"69\": 0,\n    \"70\": 0,\n    \"71\": 0,\n    \"72\": 0.00223,\n    \"73\": 0,\n    \"74\": 0,\n    \"75\": 0,\n    \"76\": 0,\n    \"77\": 0,\n    \"78\": 0,\n    \"79\": 0,\n    \"80\": 0.00894,\n    \"81\": 0.00447,\n    \"82\": 0.0134,\n    \"83\": 0.18542,\n    \"84\": 0.09383,\n    \"85\": 0.0067,\n    \"86\": 0,\n    \"3.5\": 0,\n    \"3.6\": 0\n  },\n  D: {\n    \"4\": 0,\n    \"5\": 0,\n    \"6\": 0,\n    \"7\": 0,\n    \"8\": 0,\n    \"9\": 0,\n    \"10\": 0,\n    \"11\": 0,\n    \"12\": 0,\n    \"13\": 0,\n    \"14\": 0,\n    \"15\": 0,\n    \"16\": 0,\n    \"17\": 0,\n    \"18\": 0,\n    \"19\": 0,\n    \"20\": 0,\n    \"21\": 0,\n    \"22\": 0,\n    \"23\": 0,\n    \"24\": 0,\n    \"25\": 0,\n    \"26\": 0,\n    \"27\": 0,\n    \"28\": 0,\n    \"29\": 0,\n    \"30\": 0.00223,\n    \"31\": 0,\n    \"32\": 0,\n    \"33\": 0,\n    \"34\": 0,\n    \"35\": 0,\n    \"36\": 0,\n    \"37\": 0.00223,\n    \"38\": 0.00223,\n    \"39\": 0,\n    \"40\": 0.00223,\n    \"41\": 0,\n    \"42\": 0,\n    \"43\": 0.0067,\n    \"44\": 0,\n    \"45\": 0.00223,\n    \"46\": 0,\n    \"47\": 0.00223,\n    \"48\": 0.00223,\n    \"49\": 0.01117,\n    \"50\": 0.00223,\n    \"51\": 0,\n    \"52\": 0,\n    \"53\": 0.00223,\n    \"54\": 0,\n    \"55\": 0.00223,\n    \"56\": 0.00223,\n    \"57\": 0,\n    \"58\": 0.00223,\n    \"59\": 0.00223,\n    \"60\": 0.00223,\n    \"61\": 0,\n    \"62\": 0,\n    \"63\": 0.00223,\n    \"64\": 0.01787,\n    \"65\": 0.00447,\n    \"66\": 0,\n    \"67\": 0,\n    \"68\": 0,\n    \"69\": 0.00894,\n    \"70\": 0.00223,\n    \"71\": 0,\n    \"72\": 0,\n    \"73\": 0.00223,\n    \"74\": 0.00223,\n    \"75\": 0.01117,\n    \"76\": 0.02234,\n    \"77\": 0.00223,\n    \"78\": 0.00223,\n    \"79\": 0.01787,\n    \"80\": 0.01117,\n    \"81\": 0.01117,\n    \"83\": 0.03128,\n    \"84\": 0.01564,\n    \"85\": 0.03128,\n    \"86\": 0.33063,\n    \"87\": 1.61295,\n    \"88\": 0.00223,\n    \"89\": 0,\n    \"90\": 0\n  },\n  F: {\n    \"9\": 0,\n    \"11\": 0,\n    \"12\": 0,\n    \"15\": 0,\n    \"16\": 0,\n    \"17\": 0,\n    \"18\": 0,\n    \"19\": 0,\n    \"20\": 0.02011,\n    \"21\": 0,\n    \"22\": 0,\n    \"23\": 0.0067,\n    \"24\": 0,\n    \"25\": 0,\n    \"26\": 0.0067,\n    \"27\": 0,\n    \"28\": 0,\n    \"29\": 0.04915,\n    \"30\": 0.00223,\n    \"31\": 0,\n    \"32\": 0,\n    \"33\": 0,\n    \"34\": 0,\n    \"35\": 0,\n    \"36\": 0,\n    \"37\": 0.0067,\n    \"38\": 0,\n    \"39\": 0,\n    \"40\": 0,\n    \"41\": 0,\n    \"42\": 0.00223,\n    \"43\": 0,\n    \"44\": 0,\n    \"45\": 0,\n    \"46\": 0.08042,\n    \"47\": 0.00223,\n    \"48\": 0,\n    \"49\": 0,\n    \"50\": 0.0067,\n    \"51\": 0.00894,\n    \"52\": 0,\n    \"53\": 0.00223,\n    \"54\": 0,\n    \"55\": 0,\n    \"56\": 0.00223,\n    \"57\": 0,\n    \"58\": 0,\n    \"60\": 0,\n    \"62\": 0,\n    \"63\": 0,\n    \"64\": 0.00223,\n    \"65\": 0,\n    \"66\": 0,\n    \"67\": 0,\n    \"68\": 0,\n    \"69\": 0,\n    \"70\": 0.00447,\n    \"71\": 0.00223,\n    \"72\": 0.11617,\n    \"9.5-9.6\": 0,\n    \"10.0-10.1\": 0,\n    \"10.5\": 0,\n    \"10.6\": 0,\n    \"11.1\": 0,\n    \"11.5\": 0,\n    \"11.6\": 0,\n    \"12.1\": 0.04915\n  },\n  E: {\n    \"4\": 0,\n    \"5\": 0,\n    \"6\": 0,\n    \"7\": 0,\n    \"8\": 0,\n    \"9\": 0,\n    \"10\": 0,\n    \"11\": 0,\n    \"12\": 0.00223,\n    \"13\": 0.02234,\n    \"14\": 0.08936,\n    _: \"0\",\n    \"3.1\": 0,\n    \"3.2\": 0,\n    \"5.1\": 0,\n    \"6.1\": 0,\n    \"7.1\": 0,\n    \"9.1\": 0.00223,\n    \"10.1\": 0.00223,\n    \"11.1\": 0.00223,\n    \"12.1\": 0.00447,\n    \"13.1\": 0.02681\n  },\n  G: {\n    \"8\": 0,\n    \"3.2\": 0.00105,\n    \"4.0-4.1\": 0,\n    \"4.2-4.3\": 0,\n    \"5.0-5.1\": 0.00524,\n    \"6.0-6.1\": 0.00733,\n    \"7.0-7.1\": 0.02253,\n    \"8.1-8.4\": 0.00524,\n    \"9.0-9.2\": 0.0021,\n    \"9.3\": 0.11368,\n    \"10.0-10.2\": 0.00681,\n    \"10.3\": 0.09849,\n    \"11.0-11.2\": 0.07806,\n    \"11.3-11.4\": 0.1294,\n    \"12.0-12.1\": 0.18127,\n    \"12.2-12.4\": 0.80994,\n    \"13.0-13.1\": 0.14407,\n    \"13.2\": 0.06182,\n    \"13.3\": 0.49089,\n    \"13.4-13.7\": 1.09441,\n    \"14.0-14.3\": 1.96565\n  },\n  B: {\n    \"12\": 0.01117,\n    \"13\": 0.00894,\n    \"14\": 0.00447,\n    \"15\": 0.01564,\n    \"16\": 0.00447,\n    \"17\": 0.0067,\n    \"18\": 0.04468,\n    \"79\": 0,\n    \"80\": 0.00223,\n    \"81\": 0.00223,\n    \"83\": 0,\n    \"84\": 0.00223,\n    \"85\": 0.00223,\n    \"86\": 0.02011,\n    \"87\": 0.31053\n  },\n  I: {\n    \"3\": 0,\n    \"4\": 0.00191,\n    \"81\": 0,\n    \"2.1\": 0,\n    \"2.2\": 0,\n    \"2.3\": 0,\n    \"4.1\": 0.00574,\n    \"4.2-4.3\": 0.00574,\n    \"4.4\": 0,\n    \"4.4.3-4.4.4\": 0.15022\n  },\n  P: {\n    \"4\": 0.44029,\n    \"5.0-5.4\": 0.07168,\n    \"6.2-6.4\": 0.58365,\n    \"7.2-7.4\": 0.21503,\n    \"8.2\": 0,\n    \"9.2\": 0.20479,\n    \"10.1\": 0.09215,\n    \"11.1-11.2\": 0.21503,\n    \"12.0\": 0.31742,\n    \"13.0\": 0.84987\n  },\n  K: {\n    _: \"0 10 11 12 11.1 11.5 12.1\"\n  },\n  A: {\n    \"6\": 0,\n    \"7\": 0,\n    \"8\": 0.00239,\n    \"9\": 0,\n    \"10\": 0.00239,\n    \"11\": 0.02872,\n    \"5.5\": 0\n  },\n  N: {\n    \"10\": 0,\n    \"11\": 0.01553\n  },\n  J: {\n    \"7\": 0,\n    \"10\": 0.0233\n  },\n  O: {\n    \"0\": 1.74735\n  },\n  H: {\n    \"0\": 10.40357\n  },\n  L: {\n    \"0\": 71.246\n  },\n  S: {\n    \"2.5\": 0.3417\n  },\n  R: {\n    _: \"0\"\n  },\n  M: {\n    \"0\": 0.13979\n  },\n  Q: {\n    \"10.4\": 0.03883\n  }\n};","map":{"version":3,"sources":["/Users/bruceseymour/ra-video/client/node_modules/caniuse-lite/data/regions/LR.js"],"names":["module","exports","C","D","F","E","_","G","B","I","P","K","A","N","J","O","H","L","S","R","M","Q"],