{"ast":null,"code":"module.exports = {\n  C: {\n    \"2\": 0,\n    \"3\": 0.00246,\n    \"4\": 0,\n    \"5\": 0,\n    \"6\": 0,\n    \"7\": 0,\n    \"8\": 0,\n    \"9\": 0,\n    \"10\": 0,\n    \"11\": 0,\n    \"12\": 0,\n    \"13\": 0,\n    \"14\": 0,\n    \"15\": 0,\n    \"16\": 0,\n    \"17\": 0,\n    \"18\": 0,\n    \"19\": 0,\n    \"20\": 0,\n    \"21\": 0,\n    \"22\": 0,\n    \"23\": 0,\n    \"24\": 0,\n    \"25\": 0,\n    \"26\": 0,\n    \"27\": 0.00246,\n    \"28\": 0,\n    \"29\": 0,\n    \"30\": 0,\n    \"31\": 0,\n    \"32\": 0,\n    \"33\": 0,\n    \"34\": 0,\n    \"35\": 0,\n    \"36\": 0,\n    \"37\": 0,\n    \"38\": 0,\n    \"39\": 0,\n    \"40\": 0.00246,\n    \"41\": 0,\n    \"42\": 0,\n    \"43\": 0.00492,\n    \"44\": 0,\n    \"45\": 0,\n    \"46\": 0,\n    \"47\": 0.00492,\n    \"48\": 0.00492,\n    \"49\": 0.00492,\n    \"50\": 0.00246,\n    \"51\": 0,\n    \"52\": 0.02706,\n    \"53\": 0,\n    \"54\": 0.00246,\n    \"55\": 0.00246,\n    \"56\": 0.00492,\n    \"57\": 0.00246,\n    \"58\": 0,\n    \"59\": 0.00246,\n    \"60\": 0.00246,\n    \"61\": 0.00492,\n    \"62\": 0.00492,\n    \"63\": 0.00246,\n    \"64\": 0.00492,\n    \"65\": 0.00246,\n    \"66\": 0.00246,\n    \"67\": 0.00492,\n    \"68\": 0.02706,\n    \"69\": 0.00492,\n    \"70\": 0.01476,\n    \"71\": 0.00246,\n    \"72\": 0.01722,\n    \"73\": 0.00246,\n    \"74\": 0.00246,\n    \"75\": 0,\n    \"76\": 0.00492,\n    \"77\": 0,\n    \"78\": 0.00738,\n    \"79\": 0.00246,\n    \"80\": 0.00738,\n    \"81\": 0.01476,\n    \"82\": 0.01722,\n    \"83\": 0.39852,\n    \"84\": 0.2214,\n    \"85\": 0.00492,\n    \"86\": 0,\n    \"3.5\": 0,\n    \"3.6\": 0\n  },\n  D: {\n    \"4\": 0,\n    \"5\": 0,\n    \"6\": 0,\n    \"7\": 0,\n    \"8\": 0,\n    \"9\": 0,\n    \"10\": 0,\n    \"11\": 0,\n    \"12\": 0,\n    \"13\": 0,\n    \"14\": 0,\n    \"15\": 0,\n    \"16\": 0,\n    \"17\": 0,\n    \"18\": 0,\n    \"19\": 0,\n    \"20\": 0,\n    \"21\": 0.00246,\n    \"22\": 0,\n    \"23\": 0,\n    \"24\": 0,\n    \"25\": 0,\n    \"26\": 0,\n    \"27\": 0,\n    \"28\": 0,\n    \"29\": 0,\n    \"30\": 0,\n    \"31\": 0,\n    \"32\": 0,\n    \"33\": 0,\n    \"34\": 0,\n    \"35\": 0,\n    \"36\": 0,\n    \"37\": 0.00492,\n    \"38\": 0.00246,\n    \"39\": 0,\n    \"40\": 0,\n    \"41\": 0,\n    \"42\": 0,\n    \"43\": 0.00492,\n    \"44\": 0,\n    \"45\": 0,\n    \"46\": 0.00492,\n    \"47\": 0.00246,\n    \"48\": 0.00246,\n    \"49\": 0.02214,\n    \"50\": 0.00246,\n    \"51\": 0.00246,\n    \"52\": 0,\n    \"53\": 0.00246,\n    \"54\": 0,\n    \"55\": 0.00492,\n    \"56\": 0.00492,\n    \"57\": 0.00246,\n    \"58\": 0.00246,\n    \"59\": 0,\n    \"60\": 0.00492,\n    \"61\": 0.00246,\n    \"62\": 0.00492,\n    \"63\": 0.00738,\n    \"64\": 0.00984,\n    \"65\": 0.00246,\n    \"66\": 0.00246,\n    \"67\": 0.00246,\n    \"68\": 0.00492,\n    \"69\": 0.00738,\n    \"70\": 0.00738,\n    \"71\": 0.00984,\n    \"72\": 0.00492,\n    \"73\": 0.00492,\n    \"74\": 0.0123,\n    \"75\": 0.00492,\n    \"76\": 0.00738,\n    \"77\": 0.00492,\n    \"78\": 0.0123,\n    \"79\": 0.0246,\n    \"80\": 0.02214,\n    \"81\": 0.0246,\n    \"83\": 0.06396,\n    \"84\": 0.04182,\n    \"85\": 0.06642,\n    \"86\": 0.42066,\n    \"87\": 1.64328,\n    \"88\": 0.00246,\n    \"89\": 0.00246,\n    \"90\": 0\n  },\n  F: {\n    \"9\": 0,\n    \"11\": 0,\n    \"12\": 0,\n    \"15\": 0,\n    \"16\": 0,\n    \"17\": 0,\n    \"18\": 0.00246,\n    \"19\": 0,\n    \"20\": 0,\n    \"21\": 0,\n    \"22\": 0,\n    \"23\": 0,\n    \"24\": 0,\n    \"25\": 0,\n    \"26\": 0,\n    \"27\": 0,\n    \"28\": 0,\n    \"29\": 0,\n    \"30\": 0,\n    \"31\": 0,\n    \"32\": 0,\n    \"33\": 0,\n    \"34\": 0.00246,\n    \"35\": 0.00246,\n    \"36\": 0,\n    \"37\": 0.00246,\n    \"38\": 0,\n    \"39\": 0,\n    \"40\": 0,\n    \"41\": 0,\n    \"42\": 0,\n    \"43\": 0,\n    \"44\": 0,\n    \"45\": 0,\n    \"46\": 0,\n    \"47\": 0,\n    \"48\": 0.00246,\n    \"49\": 0,\n    \"50\": 0,\n    \"51\": 0.00246,\n    \"52\": 0,\n    \"53\": 0.00246,\n    \"54\": 0,\n    \"55\": 0,\n    \"56\": 0,\n    \"57\": 0,\n    \"58\": 0,\n    \"60\": 0,\n    \"62\": 0,\n    \"63\": 0,\n    \"64\": 0,\n    \"65\": 0,\n    \"66\": 0,\n    \"67\": 0,\n    \"68\": 0.00246,\n    \"69\": 0,\n    \"70\": 0,\n    \"71\": 0.00246,\n    \"72\": 0.02952,\n    \"9.5-9.6\": 0,\n    \"10.0-10.1\": 0,\n    \"10.5\": 0,\n    \"10.6\": 0,\n    \"11.1\": 0,\n    \"11.5\": 0,\n    \"11.6\": 0,\n    \"12.1\": 0.03198\n  },\n  E: {\n    \"4\": 0,\n    \"5\": 0,\n    \"6\": 0,\n    \"7\": 0,\n    \"8\": 0,\n    \"9\": 0,\n    \"10\": 0,\n    \"11\": 0,\n    \"12\": 0,\n    \"13\": 0,\n    \"14\": 0.00984,\n    _: \"0\",\n    \"3.1\": 0,\n    \"3.2\": 0,\n    \"5.1\": 0.07872,\n    \"6.1\": 0,\n    \"7.1\": 0,\n    \"9.1\": 0,\n    \"10.1\": 0,\n    \"11.1\": 0,\n    \"12.1\": 0,\n    \"13.1\": 0.00246\n  },\n  G: {\n    \"8\": 0.00234,\n    \"3.2\": 0,\n    \"4.0-4.1\": 0,\n    \"4.2-4.3\": 0.00536,\n    \"5.0-5.1\": 0.00033,\n    \"6.0-6.1\": 0.00134,\n    \"7.0-7.1\": 0.02125,\n    \"8.1-8.4\": 0.00033,\n    \"9.0-9.2\": 0.00151,\n    \"9.3\": 0.00502,\n    \"10.0-10.2\": 0.00385,\n    \"10.3\": 0.00686,\n    \"11.0-11.2\": 0.01255,\n    \"11.3-11.4\": 0.02125,\n    \"12.0-12.1\": 0.05974,\n    \"12.2-12.4\": 0.40699,\n    \"13.0-13.1\": 0.0251,\n    \"13.2\": 0.01607,\n    \"13.3\": 0.13421,\n    \"13.4-13.7\": 0.3029,\n    \"14.0-14.3\": 0.62656\n  },\n  B: {\n    \"12\": 0,\n    \"13\": 0,\n    \"14\": 0,\n    \"15\": 0,\n    \"16\": 0,\n    \"17\": 0,\n    \"18\": 0.00246,\n    \"79\": 0,\n    \"80\": 0,\n    \"81\": 0,\n    \"83\": 0,\n    \"84\": 0.00246,\n    \"85\": 0.00246,\n    \"86\": 0.00246,\n    \"87\": 0.09594\n  },\n  I: {\n    \"3\": 0,\n    \"4\": 0.00156,\n    \"81\": 0,\n    \"2.1\": 0,\n    \"2.2\": 0,\n    \"2.3\": 0,\n    \"4.1\": 0.01362,\n    \"4.2-4.3\": 0.01401,\n    \"4.4\": 0,\n    \"4.4.3-4.4.4\": 0.13311\n  },\n  P: {\n    \"4\": 0.54167,\n    \"5.0-5.4\": 0.22068,\n    \"6.2-6.4\": 0.05015,\n    \"7.2-7.4\": 0.28087,\n    \"8.2\": 0.07022,\n    \"9.2\": 0.51158,\n    \"10.1\": 0.2608,\n    \"11.1-11.2\": 0.34105,\n    \"12.0\": 1.06327,\n    \"13.0\": 2.27701\n  },\n  K: {\n    _: \"0 10 11 12 11.1 11.5 12.1\"\n  },\n  A: {\n    \"6\": 0,\n    \"7\": 0,\n    \"8\": 0,\n    \"9\": 0,\n    \"10\": 0,\n    \"11\": 0.00738,\n    \"5.5\": 0\n  },\n  N: {\n    \"10\": 0,\n    \"11\": 0\n  },\n  J: {\n    \"7\": 0,\n    \"10\": 0\n  },\n  O: {\n    \"0\": 2.89536\n  },\n  H: {\n    \"0\": 6.65297\n  },\n  L: {\n    \"0\": 74.49076\n  },\n  S: {\n    \"2.5\": 0\n  },\n  R: {\n    _: \"0\"\n  },\n  M: {\n    \"0\": 0.4147\n  },\n  Q: {\n    \"10.4\": 0.00754\n  }\n};","map":{"version":3,"sources":["/Users/bruceseymour/ra-video/client/node_modules/caniuse-lite/data/regions/YE.js"],"names":["module","exports","C","D","F","E","_","G","B","I","P","K","A","N","J","O","H","L","S","R","M","Q"],