{"ast":null,"code":"module.exports = {\n  C: {\n    \"2\": 0,\n    \"3\": 0,\n    \"4\": 0,\n    \"5\": 0,\n    \"6\": 0,\n    \"7\": 0,\n    \"8\": 0,\n    \"9\": 0,\n    \"10\": 0,\n    \"11\": 0,\n    \"12\": 0,\n    \"13\": 0,\n    \"14\": 0,\n    \"15\": 0,\n    \"16\": 0,\n    \"17\": 0,\n    \"18\": 0,\n    \"19\": 0,\n    \"20\": 0,\n    \"21\": 0,\n    \"22\": 0,\n    \"23\": 0,\n    \"24\": 0,\n    \"25\": 0,\n    \"26\": 0,\n    \"27\": 0,\n    \"28\": 0,\n    \"29\": 0,\n    \"30\": 0,\n    \"31\": 0,\n    \"32\": 0,\n    \"33\": 0,\n    \"34\": 0,\n    \"35\": 0,\n    \"36\": 0,\n    \"37\": 0,\n    \"38\": 0,\n    \"39\": 0,\n    \"40\": 0,\n    \"41\": 0,\n    \"42\": 0,\n    \"43\": 0,\n    \"44\": 0,\n    \"45\": 0,\n    \"46\": 0,\n    \"47\": 0,\n    \"48\": 0,\n    \"49\": 0,\n    \"50\": 0,\n    \"51\": 0,\n    \"52\": 0.00417,\n    \"53\": 0,\n    \"54\": 0,\n    \"55\": 0,\n    \"56\": 0,\n    \"57\": 0,\n    \"58\": 0.00833,\n    \"59\": 0,\n    \"60\": 0,\n    \"61\": 0,\n    \"62\": 0.00417,\n    \"63\": 0.00833,\n    \"64\": 0,\n    \"65\": 0,\n    \"66\": 0,\n    \"67\": 0,\n    \"68\": 0.00417,\n    \"69\": 0,\n    \"70\": 0,\n    \"71\": 0,\n    \"72\": 0.00417,\n    \"73\": 0,\n    \"74\": 0,\n    \"75\": 0,\n    \"76\": 0,\n    \"77\": 0,\n    \"78\": 0.00417,\n    \"79\": 0.00417,\n    \"80\": 0.00417,\n    \"81\": 0.00833,\n    \"82\": 0.01666,\n    \"83\": 0.3916,\n    \"84\": 0.21247,\n    \"85\": 0,\n    \"86\": 0,\n    \"3.5\": 0,\n    \"3.6\": 0\n  },\n  D: {\n    \"4\": 0,\n    \"5\": 0,\n    \"6\": 0,\n    \"7\": 0,\n    \"8\": 0,\n    \"9\": 0,\n    \"10\": 0,\n    \"11\": 0,\n    \"12\": 0,\n    \"13\": 0,\n    \"14\": 0,\n    \"15\": 0,\n    \"16\": 0,\n    \"17\": 0,\n    \"18\": 0,\n    \"19\": 0,\n    \"20\": 0,\n    \"21\": 0,\n    \"22\": 0,\n    \"23\": 0,\n    \"24\": 0,\n    \"25\": 0,\n    \"26\": 0,\n    \"27\": 0,\n    \"28\": 0,\n    \"29\": 0,\n    \"30\": 0,\n    \"31\": 0,\n    \"32\": 0,\n    \"33\": 0,\n    \"34\": 0,\n    \"35\": 0,\n    \"36\": 0,\n    \"37\": 0,\n    \"38\": 0.00833,\n    \"39\": 0,\n    \"40\": 0.00417,\n    \"41\": 0.02916,\n    \"42\": 0,\n    \"43\": 0,\n    \"44\": 0,\n    \"45\": 0,\n    \"46\": 0,\n    \"47\": 0,\n    \"48\": 0,\n    \"49\": 0.08332,\n    \"50\": 0,\n    \"51\": 0,\n    \"52\": 0.00417,\n    \"53\": 0.00833,\n    \"54\": 0,\n    \"55\": 0,\n    \"56\": 0,\n    \"57\": 0,\n    \"58\": 0,\n    \"59\": 0,\n    \"60\": 0,\n    \"61\": 0,\n    \"62\": 0,\n    \"63\": 0.00833,\n    \"64\": 0.00417,\n    \"65\": 0.0125,\n    \"66\": 0.00833,\n    \"67\": 0,\n    \"68\": 0.00417,\n    \"69\": 0.00833,\n    \"70\": 0.01666,\n    \"71\": 0.00833,\n    \"72\": 0.00417,\n    \"73\": 0,\n    \"74\": 0.02916,\n    \"75\": 0.01666,\n    \"76\": 0.05832,\n    \"77\": 0.00833,\n    \"78\": 0.00417,\n    \"79\": 0.05832,\n    \"80\": 0.04166,\n    \"81\": 0.07499,\n    \"83\": 0.02916,\n    \"84\": 0.09582,\n    \"85\": 0.33745,\n    \"86\": 1.47476,\n    \"87\": 7.35716,\n    \"88\": 0.02083,\n    \"89\": 0.00417,\n    \"90\": 0\n  },\n  F: {\n    \"9\": 0,\n    \"11\": 0,\n    \"12\": 0,\n    \"15\": 0,\n    \"16\": 0,\n    \"17\": 0.0125,\n    \"18\": 0,\n    \"19\": 0,\n    \"20\": 0,\n    \"21\": 0,\n    \"22\": 0,\n    \"23\": 0,\n    \"24\": 0,\n    \"25\": 0,\n    \"26\": 0,\n    \"27\": 0,\n    \"28\": 0,\n    \"29\": 0,\n    \"30\": 0,\n    \"31\": 0,\n    \"32\": 0,\n    \"33\": 0,\n    \"34\": 0,\n    \"35\": 0,\n    \"36\": 0,\n    \"37\": 0,\n    \"38\": 0,\n    \"39\": 0,\n    \"40\": 0,\n    \"41\": 0,\n    \"42\": 0,\n    \"43\": 0,\n    \"44\": 0,\n    \"45\": 0,\n    \"46\": 0,\n    \"47\": 0,\n    \"48\": 0,\n    \"49\": 0,\n    \"50\": 0,\n    \"51\": 0.00417,\n    \"52\": 0,\n    \"53\": 0,\n    \"54\": 0,\n    \"55\": 0,\n    \"56\": 0,\n    \"57\": 0,\n    \"58\": 0,\n    \"60\": 0,\n    \"62\": 0,\n    \"63\": 0,\n    \"64\": 0,\n    \"65\": 0,\n    \"66\": 0,\n    \"67\": 0,\n    \"68\": 0.00417,\n    \"69\": 0,\n    \"70\": 0,\n    \"71\": 0.01666,\n    \"72\": 0.27496,\n    \"9.5-9.6\": 0,\n    \"10.0-10.1\": 0,\n    \"10.5\": 0,\n    \"10.6\": 0,\n    \"11.1\": 0,\n    \"11.5\": 0,\n    \"11.6\": 0,\n    \"12.1\": 0\n  },\n  E: {\n    \"4\": 0,\n    \"5\": 0,\n    \"6\": 0,\n    \"7\": 0,\n    \"8\": 0,\n    \"9\": 0,\n    \"10\": 0,\n    \"11\": 0,\n    \"12\": 0.00833,\n    \"13\": 0.00417,\n    \"14\": 0.27912,\n    _: \"0\",\n    \"3.1\": 0,\n    \"3.2\": 0,\n    \"5.1\": 0.04583,\n    \"6.1\": 0,\n    \"7.1\": 0,\n    \"9.1\": 0,\n    \"10.1\": 0.00833,\n    \"11.1\": 0.00417,\n    \"12.1\": 0.00417,\n    \"13.1\": 0.30412\n  },\n  G: {\n    \"8\": 0,\n    \"3.2\": 0.00972,\n    \"4.0-4.1\": 0,\n    \"4.2-4.3\": 0,\n    \"5.0-5.1\": 0.02777,\n    \"6.0-6.1\": 0.00555,\n    \"7.0-7.1\": 0.57351,\n    \"8.1-8.4\": 0.00694,\n    \"9.0-9.2\": 0.00278,\n    \"9.3\": 0.1958,\n    \"10.0-10.2\": 0.00694,\n    \"10.3\": 0.11665,\n    \"11.0-11.2\": 0.07082,\n    \"11.3-11.4\": 0.11109,\n    \"12.0-12.1\": 0.04583,\n    \"12.2-12.4\": 1.14563,\n    \"13.0-13.1\": 0.04166,\n    \"13.2\": 0.31245,\n    \"13.3\": 0.15414,\n    \"13.4-13.7\": 3.84794,\n    \"14.0-14.3\": 7.16264\n  },\n  B: {\n    \"12\": 0,\n    \"13\": 0.0125,\n    \"14\": 0.00833,\n    \"15\": 0.00833,\n    \"16\": 0.0125,\n    \"17\": 0.03749,\n    \"18\": 0.12915,\n    \"79\": 0,\n    \"80\": 0.0125,\n    \"81\": 0.00417,\n    \"83\": 0,\n    \"84\": 0.09165,\n    \"85\": 0.0125,\n    \"86\": 0.03749,\n    \"87\": 1.95802\n  },\n  I: {\n    \"3\": 0,\n    \"4\": 0.03993,\n    \"81\": 0,\n    \"2.1\": 0,\n    \"2.2\": 0,\n    \"2.3\": 0,\n    \"4.1\": 0.13308,\n    \"4.2-4.3\": 0.09316,\n    \"4.4\": 0,\n    \"4.4.3-4.4.4\": 3.08754\n  },\n  P: {\n    \"4\": 0.55018,\n    \"5.0-5.4\": 0.02246,\n    \"6.2-6.4\": 0.01123,\n    \"7.2-7.4\": 0.31439,\n    \"8.2\": 0.01123,\n    \"9.2\": 0.30316,\n    \"10.1\": 0.05614,\n    \"11.1-11.2\": 0.56141,\n    \"12.0\": 0.69615,\n    \"13.0\": 4.77199\n  },\n  K: {\n    _: \"0 10 11 12 11.1 11.5 12.1\"\n  },\n  A: {\n    \"6\": 0,\n    \"7\": 0,\n    \"8\": 0,\n    \"9\": 0,\n    \"10\": 0.00992,\n    \"11\": 0.32752,\n    \"5.5\": 0\n  },\n  N: {\n    \"10\": 0,\n    \"11\": 0\n  },\n  J: {\n    \"7\": 0,\n    \"10\": 0.00583\n  },\n  O: {\n    \"0\": 0.94511\n  },\n  H: {\n    \"0\": 0.21541\n  },\n  L: {\n    \"0\": 56.42609\n  },\n  S: {\n    \"2.5\": 0\n  },\n  R: {\n    _: \"0\"\n  },\n  M: {\n    \"0\": 0.16919\n  },\n  Q: {\n    \"10.4\": 0.06417\n  }\n};","map":{"version":3,"sources":["/Users/bruceseymour/ra-video/client/node_modules/caniuse-lite/data/regions/GY.js"],"names":["module","exports","C","D","F","E","_","G","B","I","P","K","A","N","J","O","H","L","S","R","M","Q"],