{"ast":null,"code":"module.exports = {\n  C: {\n    \"2\": 0,\n    \"3\": 0,\n    \"4\": 0,\n    \"5\": 0,\n    \"6\": 0,\n    \"7\": 0,\n    \"8\": 0,\n    \"9\": 0,\n    \"10\": 0,\n    \"11\": 0,\n    \"12\": 0,\n    \"13\": 0,\n    \"14\": 0,\n    \"15\": 0,\n    \"16\": 0,\n    \"17\": 0,\n    \"18\": 0,\n    \"19\": 0,\n    \"20\": 0,\n    \"21\": 0,\n    \"22\": 0,\n    \"23\": 0,\n    \"24\": 0,\n    \"25\": 0,\n    \"26\": 0,\n    \"27\": 0,\n    \"28\": 0,\n    \"29\": 0,\n    \"30\": 0.01042,\n    \"31\": 0,\n    \"32\": 0,\n    \"33\": 0,\n    \"34\": 0,\n    \"35\": 0,\n    \"36\": 0,\n    \"37\": 0,\n    \"38\": 0,\n    \"39\": 0,\n    \"40\": 0,\n    \"41\": 0,\n    \"42\": 0,\n    \"43\": 0,\n    \"44\": 0,\n    \"45\": 0,\n    \"46\": 0,\n    \"47\": 0.00347,\n    \"48\": 0,\n    \"49\": 0,\n    \"50\": 0,\n    \"51\": 0,\n    \"52\": 0.04862,\n    \"53\": 0,\n    \"54\": 0.02084,\n    \"55\": 0,\n    \"56\": 0,\n    \"57\": 0,\n    \"58\": 0,\n    \"59\": 0,\n    \"60\": 0.00347,\n    \"61\": 0,\n    \"62\": 0,\n    \"63\": 0,\n    \"64\": 0,\n    \"65\": 0,\n    \"66\": 0,\n    \"67\": 0,\n    \"68\": 0.00347,\n    \"69\": 0,\n    \"70\": 0.00347,\n    \"71\": 0,\n    \"72\": 0.01389,\n    \"73\": 0,\n    \"74\": 0,\n    \"75\": 0,\n    \"76\": 0,\n    \"77\": 0.00347,\n    \"78\": 0.04862,\n    \"79\": 0.01389,\n    \"80\": 0.00695,\n    \"81\": 0.01389,\n    \"82\": 0.02431,\n    \"83\": 0.73975,\n    \"84\": 0.34383,\n    \"85\": 0,\n    \"86\": 0,\n    \"3.5\": 0,\n    \"3.6\": 0\n  },\n  D: {\n    \"4\": 0,\n    \"5\": 0,\n    \"6\": 0,\n    \"7\": 0,\n    \"8\": 0,\n    \"9\": 0,\n    \"10\": 0,\n    \"11\": 0.00347,\n    \"12\": 0,\n    \"13\": 0,\n    \"14\": 0,\n    \"15\": 0,\n    \"16\": 0,\n    \"17\": 0,\n    \"18\": 0,\n    \"19\": 0,\n    \"20\": 0,\n    \"21\": 0,\n    \"22\": 0,\n    \"23\": 0,\n    \"24\": 0,\n    \"25\": 0,\n    \"26\": 0,\n    \"27\": 0,\n    \"28\": 0,\n    \"29\": 0,\n    \"30\": 0.01389,\n    \"31\": 0,\n    \"32\": 0,\n    \"33\": 0,\n    \"34\": 0.00347,\n    \"35\": 0,\n    \"36\": 0,\n    \"37\": 0,\n    \"38\": 0.00695,\n    \"39\": 0,\n    \"40\": 0,\n    \"41\": 0,\n    \"42\": 0,\n    \"43\": 0.00347,\n    \"44\": 0,\n    \"45\": 0,\n    \"46\": 0,\n    \"47\": 0.00347,\n    \"48\": 0,\n    \"49\": 0.1667,\n    \"50\": 0,\n    \"51\": 0,\n    \"52\": 0,\n    \"53\": 0.01737,\n    \"54\": 0,\n    \"55\": 0,\n    \"56\": 0,\n    \"57\": 0.00347,\n    \"58\": 0.00347,\n    \"59\": 0,\n    \"60\": 0.00347,\n    \"61\": 0,\n    \"62\": 0,\n    \"63\": 0.01042,\n    \"64\": 0.01042,\n    \"65\": 0.00347,\n    \"66\": 0,\n    \"67\": 0.00347,\n    \"68\": 0.00347,\n    \"69\": 0.12156,\n    \"70\": 0.00695,\n    \"71\": 0.00347,\n    \"72\": 0.00347,\n    \"73\": 0.00347,\n    \"74\": 0.01042,\n    \"75\": 0.00347,\n    \"76\": 0.00347,\n    \"77\": 0.00347,\n    \"78\": 0.00347,\n    \"79\": 0.02084,\n    \"80\": 0.05557,\n    \"81\": 0.05557,\n    \"83\": 0.10766,\n    \"84\": 0.15976,\n    \"85\": 0.06946,\n    \"86\": 0.89256,\n    \"87\": 4.83094,\n    \"88\": 0,\n    \"89\": 0,\n    \"90\": 0\n  },\n  F: {\n    \"9\": 0,\n    \"11\": 0,\n    \"12\": 0,\n    \"15\": 0,\n    \"16\": 0,\n    \"17\": 0,\n    \"18\": 0,\n    \"19\": 0,\n    \"20\": 0,\n    \"21\": 0,\n    \"22\": 0,\n    \"23\": 0,\n    \"24\": 0,\n    \"25\": 0,\n    \"26\": 0,\n    \"27\": 0,\n    \"28\": 0.00347,\n    \"29\": 0,\n    \"30\": 0,\n    \"31\": 0,\n    \"32\": 0,\n    \"33\": 0,\n    \"34\": 0,\n    \"35\": 0,\n    \"36\": 0.00347,\n    \"37\": 0.00347,\n    \"38\": 0,\n    \"39\": 0,\n    \"40\": 0,\n    \"41\": 0,\n    \"42\": 0.00347,\n    \"43\": 0,\n    \"44\": 0,\n    \"45\": 0,\n    \"46\": 0,\n    \"47\": 0,\n    \"48\": 0,\n    \"49\": 0,\n    \"50\": 0.00347,\n    \"51\": 0.01042,\n    \"52\": 0,\n    \"53\": 0,\n    \"54\": 0,\n    \"55\": 0,\n    \"56\": 0,\n    \"57\": 0,\n    \"58\": 0,\n    \"60\": 0,\n    \"62\": 0,\n    \"63\": 0,\n    \"64\": 0,\n    \"65\": 0.00347,\n    \"66\": 0,\n    \"67\": 0.02431,\n    \"68\": 0,\n    \"69\": 0,\n    \"70\": 0,\n    \"71\": 0.01042,\n    \"72\": 0.5279,\n    \"9.5-9.6\": 0,\n    \"10.0-10.1\": 0,\n    \"10.5\": 0,\n    \"10.6\": 0,\n    \"11.1\": 0,\n    \"11.5\": 0,\n    \"11.6\": 0,\n    \"12.1\": 0.01042\n  },\n  E: {\n    \"4\": 0,\n    \"5\": 0,\n    \"6\": 0,\n    \"7\": 0,\n    \"8\": 0,\n    \"9\": 0,\n    \"10\": 0,\n    \"11\": 0,\n    \"12\": 0,\n    \"13\": 0.05904,\n    \"14\": 0.1667,\n    _: \"0\",\n    \"3.1\": 0,\n    \"3.2\": 0,\n    \"5.1\": 0,\n    \"6.1\": 0.01042,\n    \"7.1\": 0,\n    \"9.1\": 0,\n    \"10.1\": 0.00695,\n    \"11.1\": 0.00695,\n    \"12.1\": 0.01042,\n    \"13.1\": 0.10766\n  },\n  G: {\n    \"8\": 0.01743,\n    \"3.2\": 0.00116,\n    \"4.0-4.1\": 0,\n    \"4.2-4.3\": 0,\n    \"5.0-5.1\": 0.00697,\n    \"6.0-6.1\": 0,\n    \"7.0-7.1\": 0.02034,\n    \"8.1-8.4\": 0.00813,\n    \"9.0-9.2\": 0.00174,\n    \"9.3\": 0.08367,\n    \"10.0-10.2\": 0.01743,\n    \"10.3\": 0.07844,\n    \"11.0-11.2\": 0.18478,\n    \"11.3-11.4\": 0.02324,\n    \"12.0-12.1\": 0.04881,\n    \"12.2-12.4\": 1.33819,\n    \"13.0-13.1\": 0.03719,\n    \"13.2\": 0.00813,\n    \"13.3\": 0.08658,\n    \"13.4-13.7\": 0.5369,\n    \"14.0-14.3\": 3.2278\n  },\n  B: {\n    \"12\": 0.00347,\n    \"13\": 0.00347,\n    \"14\": 0.00695,\n    \"15\": 0.00695,\n    \"16\": 0.01042,\n    \"17\": 0.00695,\n    \"18\": 0.07641,\n    \"79\": 0,\n    \"80\": 0,\n    \"81\": 0,\n    \"83\": 0.00347,\n    \"84\": 0.00695,\n    \"85\": 0.01042,\n    \"86\": 0.01389,\n    \"87\": 1.75039\n  },\n  I: {\n    \"3\": 0,\n    \"4\": 0.00204,\n    \"81\": 0,\n    \"2.1\": 0,\n    \"2.2\": 0,\n    \"2.3\": 0,\n    \"4.1\": 0.02344,\n    \"4.2-4.3\": 0.07236,\n    \"4.4\": 0,\n    \"4.4.3-4.4.4\": 0.27414\n  },\n  P: {\n    \"4\": 0.68195,\n    \"5.0-5.4\": 0.02036,\n    \"6.2-6.4\": 0.05089,\n    \"7.2-7.4\": 0.99748,\n    \"8.2\": 0.04071,\n    \"9.2\": 0.25446,\n    \"10.1\": 0.08143,\n    \"11.1-11.2\": 0.40713,\n    \"12.0\": 0.91605,\n    \"13.0\": 3.5726\n  },\n  K: {\n    _: \"0 10 11 12 11.1 11.5 12.1\"\n  },\n  A: {\n    \"6\": 0,\n    \"7\": 0,\n    \"8\": 0.00784,\n    \"9\": 0.00392,\n    \"10\": 0,\n    \"11\": 0.10979,\n    \"5.5\": 0\n  },\n  N: {\n    \"10\": 0,\n    \"11\": 0.03916\n  },\n  J: {\n    \"7\": 0,\n    \"10\": 0.04569\n  },\n  O: {\n    \"0\": 0.95947\n  },\n  H: {\n    \"0\": 2.92901\n  },\n  L: {\n    \"0\": 67.11097\n  },\n  S: {\n    \"2.5\": 0.01305\n  },\n  R: {\n    _: \"0\"\n  },\n  M: {\n    \"0\": 0.11749\n  },\n  Q: {\n    \"10.4\": 0.16318\n  }\n};","map":{"version":3,"sources":["/Users/bruceseymour/ra-video/client/node_modules/caniuse-lite/data/regions/GA.js"],"names":["module","exports","C","D","F","E","_","G","B","I","P","K","A","N","J","O","H","L","S","R","M","Q"],