{"ast":null,"code":"module.exports = {\n  C: {\n    \"2\": 0,\n    \"3\": 0,\n    \"4\": 0,\n    \"5\": 0,\n    \"6\": 0,\n    \"7\": 0,\n    \"8\": 0,\n    \"9\": 0,\n    \"10\": 0,\n    \"11\": 0,\n    \"12\": 0,\n    \"13\": 0,\n    \"14\": 0,\n    \"15\": 0,\n    \"16\": 0,\n    \"17\": 0,\n    \"18\": 0,\n    \"19\": 0,\n    \"20\": 0,\n    \"21\": 0,\n    \"22\": 0,\n    \"23\": 0,\n    \"24\": 0,\n    \"25\": 0,\n    \"26\": 0,\n    \"27\": 0,\n    \"28\": 0,\n    \"29\": 0,\n    \"30\": 0.00389,\n    \"31\": 0.00389,\n    \"32\": 0.00389,\n    \"33\": 0,\n    \"34\": 0,\n    \"35\": 0,\n    \"36\": 0,\n    \"37\": 0.00389,\n    \"38\": 0,\n    \"39\": 0,\n    \"40\": 0.00389,\n    \"41\": 0.00389,\n    \"42\": 0,\n    \"43\": 0.00389,\n    \"44\": 0,\n    \"45\": 0.00389,\n    \"46\": 0,\n    \"47\": 0.01167,\n    \"48\": 0.00389,\n    \"49\": 0.00389,\n    \"50\": 0.00389,\n    \"51\": 0,\n    \"52\": 0.00778,\n    \"53\": 0.00389,\n    \"54\": 0,\n    \"55\": 0,\n    \"56\": 0.00389,\n    \"57\": 0.00389,\n    \"58\": 0.00389,\n    \"59\": 0,\n    \"60\": 0.00389,\n    \"61\": 0,\n    \"62\": 0.00389,\n    \"63\": 0,\n    \"64\": 0.00389,\n    \"65\": 0,\n    \"66\": 0.00389,\n    \"67\": 0,\n    \"68\": 0.02334,\n    \"69\": 0,\n    \"70\": 0,\n    \"71\": 0,\n    \"72\": 0.01167,\n    \"73\": 0,\n    \"74\": 0,\n    \"75\": 0,\n    \"76\": 0,\n    \"77\": 0.00778,\n    \"78\": 0.02723,\n    \"79\": 0.00778,\n    \"80\": 0.01167,\n    \"81\": 0.02334,\n    \"82\": 0.03501,\n    \"83\": 0.76633,\n    \"84\": 0.51348,\n    \"85\": 0.05835,\n    \"86\": 0,\n    \"3.5\": 0,\n    \"3.6\": 0\n  },\n  D: {\n    \"4\": 0,\n    \"5\": 0,\n    \"6\": 0,\n    \"7\": 0,\n    \"8\": 0,\n    \"9\": 0,\n    \"10\": 0,\n    \"11\": 0,\n    \"12\": 0,\n    \"13\": 0,\n    \"14\": 0,\n    \"15\": 0,\n    \"16\": 0,\n    \"17\": 0,\n    \"18\": 0,\n    \"19\": 0,\n    \"20\": 0,\n    \"21\": 0,\n    \"22\": 0,\n    \"23\": 0,\n    \"24\": 0,\n    \"25\": 0,\n    \"26\": 0,\n    \"27\": 0,\n    \"28\": 0,\n    \"29\": 0,\n    \"30\": 0,\n    \"31\": 0,\n    \"32\": 0,\n    \"33\": 0,\n    \"34\": 0.00778,\n    \"35\": 0,\n    \"36\": 0,\n    \"37\": 0,\n    \"38\": 0,\n    \"39\": 0,\n    \"40\": 0.00389,\n    \"41\": 0.00389,\n    \"42\": 0,\n    \"43\": 0.01556,\n    \"44\": 0,\n    \"45\": 0,\n    \"46\": 0,\n    \"47\": 0,\n    \"48\": 0,\n    \"49\": 0.00778,\n    \"50\": 0.00389,\n    \"51\": 0,\n    \"52\": 0,\n    \"53\": 0,\n    \"54\": 0,\n    \"55\": 0,\n    \"56\": 0,\n    \"57\": 0,\n    \"58\": 0.00389,\n    \"59\": 0,\n    \"60\": 0.01167,\n    \"61\": 0.00389,\n    \"62\": 0.00389,\n    \"63\": 0.02723,\n    \"64\": 0.01167,\n    \"65\": 0.00389,\n    \"66\": 0,\n    \"67\": 0.00389,\n    \"68\": 0.00389,\n    \"69\": 0.01556,\n    \"70\": 0.00389,\n    \"71\": 0.01167,\n    \"72\": 0.00389,\n    \"73\": 0.01167,\n    \"74\": 0.01167,\n    \"75\": 0.02723,\n    \"76\": 0.01556,\n    \"77\": 0.00778,\n    \"78\": 0.01556,\n    \"79\": 0.05446,\n    \"80\": 0.06613,\n    \"81\": 0.01556,\n    \"83\": 0.03501,\n    \"84\": 0.04668,\n    \"85\": 0.0778,\n    \"86\": 1.48598,\n    \"87\": 7.90837,\n    \"88\": 0.03112,\n    \"89\": 0.01167,\n    \"90\": 0\n  },\n  F: {\n    \"9\": 0,\n    \"11\": 0,\n    \"12\": 0.00389,\n    \"15\": 0,\n    \"16\": 0.00778,\n    \"17\": 0,\n    \"18\": 0,\n    \"19\": 0.00389,\n    \"20\": 0.00389,\n    \"21\": 0,\n    \"22\": 0,\n    \"23\": 0.00389,\n    \"24\": 0,\n    \"25\": 0,\n    \"26\": 0,\n    \"27\": 0.00389,\n    \"28\": 0.00389,\n    \"29\": 0,\n    \"30\": 0.00389,\n    \"31\": 0,\n    \"32\": 0.00389,\n    \"33\": 0,\n    \"34\": 0,\n    \"35\": 0.00389,\n    \"36\": 0,\n    \"37\": 0.1945,\n    \"38\": 0,\n    \"39\": 0,\n    \"40\": 0,\n    \"41\": 0,\n    \"42\": 0,\n    \"43\": 0,\n    \"44\": 0,\n    \"45\": 0,\n    \"46\": 0.00778,\n    \"47\": 0.00389,\n    \"48\": 0,\n    \"49\": 0,\n    \"50\": 0.01167,\n    \"51\": 0.02334,\n    \"52\": 0,\n    \"53\": 0,\n    \"54\": 0,\n    \"55\": 0,\n    \"56\": 0,\n    \"57\": 0,\n    \"58\": 0,\n    \"60\": 0.00389,\n    \"62\": 0,\n    \"63\": 0.00389,\n    \"64\": 0.00389,\n    \"65\": 0,\n    \"66\": 0,\n    \"67\": 0,\n    \"68\": 0,\n    \"69\": 0,\n    \"70\": 0,\n    \"71\": 0.00389,\n    \"72\": 0.37733,\n    \"9.5-9.6\": 0,\n    \"10.0-10.1\": 0,\n    \"10.5\": 0,\n    \"10.6\": 0,\n    \"11.1\": 0,\n    \"11.5\": 0,\n    \"11.6\": 0,\n    \"12.1\": 0.04668\n  },\n  E: {\n    \"4\": 0,\n    \"5\": 0,\n    \"6\": 0,\n    \"7\": 0,\n    \"8\": 0,\n    \"9\": 0,\n    \"10\": 0,\n    \"11\": 0.00389,\n    \"12\": 0.00389,\n    \"13\": 0.01167,\n    \"14\": 0.24118,\n    _: \"0\",\n    \"3.1\": 0,\n    \"3.2\": 0,\n    \"5.1\": 0.03501,\n    \"6.1\": 0.00389,\n    \"7.1\": 0,\n    \"9.1\": 0.00389,\n    \"10.1\": 0.00389,\n    \"11.1\": 0.01167,\n    \"12.1\": 0.01945,\n    \"13.1\": 0.10503\n  },\n  G: {\n    \"8\": 0,\n    \"3.2\": 0,\n    \"4.0-4.1\": 0,\n    \"4.2-4.3\": 0,\n    \"5.0-5.1\": 0,\n    \"6.0-6.1\": 0.00407,\n    \"7.0-7.1\": 0.00916,\n    \"8.1-8.4\": 0,\n    \"9.0-9.2\": 0.01119,\n    \"9.3\": 0.10073,\n    \"10.0-10.2\": 0.03358,\n    \"10.3\": 0.08649,\n    \"11.0-11.2\": 0.0641,\n    \"11.3-11.4\": 0.23098,\n    \"12.0-12.1\": 0.12719,\n    \"12.2-12.4\": 1.84476,\n    \"13.0-13.1\": 0.14449,\n    \"13.2\": 0.05088,\n    \"13.3\": 0.4009,\n    \"13.4-13.7\": 1.48557,\n    \"14.0-14.3\": 5.53834\n  },\n  B: {\n    \"12\": 0.02723,\n    \"13\": 0.11281,\n    \"14\": 0.02723,\n    \"15\": 0.01167,\n    \"16\": 0.01556,\n    \"17\": 0.02723,\n    \"18\": 0.12059,\n    \"79\": 0,\n    \"80\": 0,\n    \"81\": 0,\n    \"83\": 0.00389,\n    \"84\": 0.00389,\n    \"85\": 0.01167,\n    \"86\": 0.02723,\n    \"87\": 0.74299\n  },\n  I: {\n    \"3\": 0,\n    \"4\": 0,\n    \"81\": 0,\n    \"2.1\": 0,\n    \"2.2\": 0,\n    \"2.3\": 0,\n    \"4.1\": 0.00579,\n    \"4.2-4.3\": 0.01653,\n    \"4.4\": 0,\n    \"4.4.3-4.4.4\": 0.17769\n  },\n  P: {\n    \"4\": 0.31525,\n    \"5.0-5.4\": 0.02034,\n    \"6.2-6.4\": 0.01017,\n    \"7.2-7.4\": 0.11186,\n    \"8.2\": 0.01017,\n    \"9.2\": 0.11186,\n    \"10.1\": 0.04068,\n    \"11.1-11.2\": 0.12203,\n    \"12.0\": 0.45762,\n    \"13.0\": 1.73894\n  },\n  K: {\n    _: \"0 10 11 12 11.1 11.5 12.1\"\n  },\n  A: {\n    \"6\": 0,\n    \"7\": 0,\n    \"8\": 0.00457,\n    \"9\": 0,\n    \"10\": 0,\n    \"11\": 0.20549,\n    \"5.5\": 0\n  },\n  N: {\n    \"10\": 0,\n    \"11\": 0\n  },\n  J: {\n    \"7\": 0,\n    \"10\": 0.03055\n  },\n  O: {\n    \"0\": 0.43992\n  },\n  H: {\n    \"0\": 9.97835\n  },\n  L: {\n    \"0\": 55.05241\n  },\n  S: {\n    \"2.5\": 0.18941\n  },\n  R: {\n    _: \"0\"\n  },\n  M: {\n    \"0\": 0.17108\n  },\n  Q: {\n    \"10.4\": 0.50102\n  }\n};","map":{"version":3,"sources":["/Users/bruceseymour/ra-video/client/node_modules/caniuse-lite/data/regions/RW.js"],"names":["module","exports","C","D","F","E","_","G","B","I","P","K","A","N","J","O","H","L","S","R","M","Q"],