{"ast":null,"code":"module.exports = {\n  C: {\n    \"2\": 0,\n    \"3\": 0,\n    \"4\": 0,\n    \"5\": 0,\n    \"6\": 0,\n    \"7\": 0,\n    \"8\": 0,\n    \"9\": 0,\n    \"10\": 0,\n    \"11\": 0,\n    \"12\": 0,\n    \"13\": 0,\n    \"14\": 0,\n    \"15\": 0,\n    \"16\": 0,\n    \"17\": 0,\n    \"18\": 0,\n    \"19\": 0,\n    \"20\": 0,\n    \"21\": 0,\n    \"22\": 0,\n    \"23\": 0,\n    \"24\": 0,\n    \"25\": 0,\n    \"26\": 0,\n    \"27\": 0.00313,\n    \"28\": 0,\n    \"29\": 0,\n    \"30\": 0.00313,\n    \"31\": 0,\n    \"32\": 0,\n    \"33\": 0.00313,\n    \"34\": 0,\n    \"35\": 0,\n    \"36\": 0,\n    \"37\": 0,\n    \"38\": 0.00313,\n    \"39\": 0,\n    \"40\": 0.00626,\n    \"41\": 0.00313,\n    \"42\": 0,\n    \"43\": 0.00626,\n    \"44\": 0.00313,\n    \"45\": 0.00313,\n    \"46\": 0.00313,\n    \"47\": 0.01252,\n    \"48\": 0.00939,\n    \"49\": 0.00313,\n    \"50\": 0.00313,\n    \"51\": 0.00313,\n    \"52\": 0.04068,\n    \"53\": 0,\n    \"54\": 0,\n    \"55\": 0,\n    \"56\": 0.00939,\n    \"57\": 0.00626,\n    \"58\": 0.00626,\n    \"59\": 0.00313,\n    \"60\": 0.00626,\n    \"61\": 0,\n    \"62\": 0.00313,\n    \"63\": 0,\n    \"64\": 0.00313,\n    \"65\": 0,\n    \"66\": 0.00313,\n    \"67\": 0.00313,\n    \"68\": 0.01565,\n    \"69\": 0.00313,\n    \"70\": 0,\n    \"71\": 0,\n    \"72\": 0.00626,\n    \"73\": 0,\n    \"74\": 0.00313,\n    \"75\": 0.00939,\n    \"76\": 0,\n    \"77\": 0.00313,\n    \"78\": 0.01877,\n    \"79\": 0.00626,\n    \"80\": 0.01252,\n    \"81\": 0.0219,\n    \"82\": 0.02503,\n    \"83\": 0.81667,\n    \"84\": 0.74783,\n    \"85\": 0.097,\n    \"86\": 0,\n    \"3.5\": 0,\n    \"3.6\": 0\n  },\n  D: {\n    \"4\": 0,\n    \"5\": 0,\n    \"6\": 0,\n    \"7\": 0,\n    \"8\": 0,\n    \"9\": 0,\n    \"10\": 0,\n    \"11\": 0.00313,\n    \"12\": 0,\n    \"13\": 0,\n    \"14\": 0,\n    \"15\": 0,\n    \"16\": 0,\n    \"17\": 0,\n    \"18\": 0,\n    \"19\": 0,\n    \"20\": 0,\n    \"21\": 0,\n    \"22\": 0,\n    \"23\": 0,\n    \"24\": 0,\n    \"25\": 0,\n    \"26\": 0,\n    \"27\": 0,\n    \"28\": 0,\n    \"29\": 0,\n    \"30\": 0,\n    \"31\": 0,\n    \"32\": 0,\n    \"33\": 0.00313,\n    \"34\": 0,\n    \"35\": 0,\n    \"36\": 0,\n    \"37\": 0,\n    \"38\": 0,\n    \"39\": 0,\n    \"40\": 0.00313,\n    \"41\": 0,\n    \"42\": 0,\n    \"43\": 0.00313,\n    \"44\": 0,\n    \"45\": 0,\n    \"46\": 0,\n    \"47\": 0,\n    \"48\": 0.00313,\n    \"49\": 0.03129,\n    \"50\": 0,\n    \"51\": 0,\n    \"52\": 0,\n    \"53\": 0.00313,\n    \"54\": 0,\n    \"55\": 0,\n    \"56\": 0.00313,\n    \"57\": 0,\n    \"58\": 0.00313,\n    \"59\": 0.00313,\n    \"60\": 0,\n    \"61\": 0.00626,\n    \"62\": 0,\n    \"63\": 0.00626,\n    \"64\": 0.00313,\n    \"65\": 0,\n    \"66\": 0,\n    \"67\": 0.00313,\n    \"68\": 0.00313,\n    \"69\": 0.00313,\n    \"70\": 0.00939,\n    \"71\": 0.03442,\n    \"72\": 0.00626,\n    \"73\": 0.00939,\n    \"74\": 0.00626,\n    \"75\": 0.00313,\n    \"76\": 0.00626,\n    \"77\": 0.00313,\n    \"78\": 0.00313,\n    \"79\": 0.01565,\n    \"80\": 0.02503,\n    \"81\": 0.02816,\n    \"83\": 0.01877,\n    \"84\": 0.03442,\n    \"85\": 0.05006,\n    \"86\": 0.74783,\n    \"87\": 4.59963,\n    \"88\": 0.02503,\n    \"89\": 0.01565,\n    \"90\": 0\n  },\n  F: {\n    \"9\": 0,\n    \"11\": 0,\n    \"12\": 0,\n    \"15\": 0,\n    \"16\": 0,\n    \"17\": 0,\n    \"18\": 0,\n    \"19\": 0,\n    \"20\": 0,\n    \"21\": 0,\n    \"22\": 0,\n    \"23\": 0,\n    \"24\": 0,\n    \"25\": 0,\n    \"26\": 0.00313,\n    \"27\": 0.00313,\n    \"28\": 0.02816,\n    \"29\": 0.00626,\n    \"30\": 0.00313,\n    \"31\": 0,\n    \"32\": 0.00313,\n    \"33\": 0,\n    \"34\": 0,\n    \"35\": 0,\n    \"36\": 0,\n    \"37\": 0.0219,\n    \"38\": 0.00626,\n    \"39\": 0,\n    \"40\": 0,\n    \"41\": 0,\n    \"42\": 0.00626,\n    \"43\": 0,\n    \"44\": 0,\n    \"45\": 0.00313,\n    \"46\": 0.01877,\n    \"47\": 0.01252,\n    \"48\": 0,\n    \"49\": 0,\n    \"50\": 0.09074,\n    \"51\": 0.18774,\n    \"52\": 0,\n    \"53\": 0,\n    \"54\": 0.00939,\n    \"55\": 0.00939,\n    \"56\": 0,\n    \"57\": 0.00313,\n    \"58\": 0,\n    \"60\": 0.01252,\n    \"62\": 0,\n    \"63\": 0,\n    \"64\": 0.00313,\n    \"65\": 0,\n    \"66\": 0.00313,\n    \"67\": 0.00626,\n    \"68\": 0.02816,\n    \"69\": 0.00313,\n    \"70\": 0.00626,\n    \"71\": 0.01565,\n    \"72\": 0.06258,\n    \"9.5-9.6\": 0,\n    \"10.0-10.1\": 0,\n    \"10.5\": 0,\n    \"10.6\": 0,\n    \"11.1\": 0,\n    \"11.5\": 0,\n    \"11.6\": 0,\n    \"12.1\": 0.00313\n  },\n  E: {\n    \"4\": 0,\n    \"5\": 0,\n    \"6\": 0,\n    \"7\": 0.00313,\n    \"8\": 0,\n    \"9\": 0,\n    \"10\": 0,\n    \"11\": 0,\n    \"12\": 0,\n    \"13\": 0.00313,\n    \"14\": 0.02816,\n    _: \"0\",\n    \"3.1\": 0,\n    \"3.2\": 0,\n    \"5.1\": 0,\n    \"6.1\": 0,\n    \"7.1\": 0,\n    \"9.1\": 0,\n    \"10.1\": 0,\n    \"11.1\": 0,\n    \"12.1\": 0.00626,\n    \"13.1\": 0.00626\n  },\n  G: {\n    \"8\": 0,\n    \"3.2\": 0,\n    \"4.0-4.1\": 0,\n    \"4.2-4.3\": 0.00039,\n    \"5.0-5.1\": 0.00312,\n    \"6.0-6.1\": 0.00273,\n    \"7.0-7.1\": 0.06719,\n    \"8.1-8.4\": 0.00331,\n    \"9.0-9.2\": 0.00857,\n    \"9.3\": 0.03954,\n    \"10.0-10.2\": 0.00467,\n    \"10.3\": 0.1155,\n    \"11.0-11.2\": 0.00896,\n    \"11.3-11.4\": 0.01402,\n    \"12.0-12.1\": 0.03817,\n    \"12.2-12.4\": 0.35077,\n    \"13.0-13.1\": 0.03389,\n    \"13.2\": 0.01441,\n    \"13.3\": 0.04908,\n    \"13.4-13.7\": 0.21171,\n    \"14.0-14.3\": 0.96642\n  },\n  B: {\n    \"12\": 0.00939,\n    \"13\": 0.00626,\n    \"14\": 0.00939,\n    \"15\": 0.00313,\n    \"16\": 0.00626,\n    \"17\": 0.02503,\n    \"18\": 0.03442,\n    \"79\": 0,\n    \"80\": 0,\n    \"81\": 0,\n    \"83\": 0,\n    \"84\": 0.00313,\n    \"85\": 0.00313,\n    \"86\": 0.00939,\n    \"87\": 0.28161\n  },\n  I: {\n    \"3\": 0,\n    \"4\": 0,\n    \"81\": 0,\n    \"2.1\": 0,\n    \"2.2\": 0,\n    \"2.3\": 0,\n    \"4.1\": 0.00746,\n    \"4.2-4.3\": 0.02537,\n    \"4.4\": 0,\n    \"4.4.3-4.4.4\": 0.42533\n  },\n  P: {\n    \"4\": 0.50752,\n    \"5.0-5.4\": 0.03045,\n    \"6.2-6.4\": 0.0406,\n    \"7.2-7.4\": 0.1218,\n    \"8.2\": 0.03045,\n    \"9.2\": 0.07105,\n    \"10.1\": 0.07105,\n    \"11.1-11.2\": 0.23346,\n    \"12.0\": 0.46692,\n    \"13.0\": 1.10639\n  },\n  K: {\n    _: \"0 10 11 12 11.1 11.5 12.1\"\n  },\n  A: {\n    \"6\": 0,\n    \"7\": 0,\n    \"8\": 0.01408,\n    \"9\": 0.00352,\n    \"10\": 0.00352,\n    \"11\": 0.06336,\n    \"5.5\": 0\n  },\n  N: {\n    \"10\": 0,\n    \"11\": 0\n  },\n  J: {\n    \"7\": 0,\n    \"10\": 0\n  },\n  O: {\n    \"0\": 4.77535\n  },\n  H: {\n    \"0\": 6.94736\n  },\n  L: {\n    \"0\": 69.24942\n  },\n  S: {\n    \"2.5\": 0\n  },\n  R: {\n    _: \"0\"\n  },\n  M: {\n    \"0\": 0.21987\n  },\n  Q: {\n    \"10.4\": 0.00687\n  }\n};","map":{"version":3,"sources":["/Users/bruceseymour/ra-video/client/node_modules/caniuse-lite/data/regions/BD.js"],"names":["module","exports","C","D","F","E","_","G","B","I","P","K","A","N","J","O","H","L","S","R","M","Q"],