{"ast":null,"code":"module.exports = {\n  C: {\n    \"2\": 0,\n    \"3\": 0,\n    \"4\": 0,\n    \"5\": 0,\n    \"6\": 0,\n    \"7\": 0,\n    \"8\": 0,\n    \"9\": 0,\n    \"10\": 0,\n    \"11\": 0,\n    \"12\": 0,\n    \"13\": 0,\n    \"14\": 0,\n    \"15\": 0,\n    \"16\": 0,\n    \"17\": 0,\n    \"18\": 0,\n    \"19\": 0,\n    \"20\": 0,\n    \"21\": 0,\n    \"22\": 0,\n    \"23\": 0,\n    \"24\": 0,\n    \"25\": 0,\n    \"26\": 0,\n    \"27\": 0,\n    \"28\": 0,\n    \"29\": 0,\n    \"30\": 0,\n    \"31\": 0,\n    \"32\": 0,\n    \"33\": 0,\n    \"34\": 0,\n    \"35\": 0,\n    \"36\": 0,\n    \"37\": 0,\n    \"38\": 0,\n    \"39\": 0,\n    \"40\": 0,\n    \"41\": 0,\n    \"42\": 0,\n    \"43\": 0,\n    \"44\": 0,\n    \"45\": 0,\n    \"46\": 0,\n    \"47\": 0,\n    \"48\": 0.00415,\n    \"49\": 0,\n    \"50\": 0,\n    \"51\": 0,\n    \"52\": 0.01661,\n    \"53\": 0,\n    \"54\": 0,\n    \"55\": 0,\n    \"56\": 0,\n    \"57\": 0,\n    \"58\": 0.00415,\n    \"59\": 0,\n    \"60\": 0,\n    \"61\": 0,\n    \"62\": 0,\n    \"63\": 0,\n    \"64\": 0,\n    \"65\": 0,\n    \"66\": 0.0083,\n    \"67\": 0,\n    \"68\": 0.01246,\n    \"69\": 0.00415,\n    \"70\": 0,\n    \"71\": 0,\n    \"72\": 0.00415,\n    \"73\": 0.00415,\n    \"74\": 0,\n    \"75\": 0,\n    \"76\": 0,\n    \"77\": 0,\n    \"78\": 0.02491,\n    \"79\": 0.00415,\n    \"80\": 0.00415,\n    \"81\": 0.01246,\n    \"82\": 0.02076,\n    \"83\": 0.47333,\n    \"84\": 0.32386,\n    \"85\": 0.00415,\n    \"86\": 0,\n    \"3.5\": 0,\n    \"3.6\": 0\n  },\n  D: {\n    \"4\": 0,\n    \"5\": 0,\n    \"6\": 0,\n    \"7\": 0,\n    \"8\": 0,\n    \"9\": 0,\n    \"10\": 0,\n    \"11\": 0,\n    \"12\": 0,\n    \"13\": 0,\n    \"14\": 0,\n    \"15\": 0,\n    \"16\": 0,\n    \"17\": 0,\n    \"18\": 0,\n    \"19\": 0,\n    \"20\": 0,\n    \"21\": 0,\n    \"22\": 0,\n    \"23\": 0,\n    \"24\": 0,\n    \"25\": 0,\n    \"26\": 0,\n    \"27\": 0,\n    \"28\": 0,\n    \"29\": 0,\n    \"30\": 0,\n    \"31\": 0,\n    \"32\": 0,\n    \"33\": 0,\n    \"34\": 0,\n    \"35\": 0,\n    \"36\": 0,\n    \"37\": 0,\n    \"38\": 0.01246,\n    \"39\": 0,\n    \"40\": 0,\n    \"41\": 0,\n    \"42\": 0,\n    \"43\": 0,\n    \"44\": 0,\n    \"45\": 0,\n    \"46\": 0,\n    \"47\": 0.00415,\n    \"48\": 0.00415,\n    \"49\": 0.06643,\n    \"50\": 0,\n    \"51\": 0,\n    \"52\": 0,\n    \"53\": 0.01246,\n    \"54\": 0,\n    \"55\": 0.00415,\n    \"56\": 0.00415,\n    \"57\": 0,\n    \"58\": 0.00415,\n    \"59\": 0,\n    \"60\": 0,\n    \"61\": 0,\n    \"62\": 0,\n    \"63\": 0.00415,\n    \"64\": 0,\n    \"65\": 0.0083,\n    \"66\": 0,\n    \"67\": 0.00415,\n    \"68\": 0.00415,\n    \"69\": 0.00415,\n    \"70\": 0.0083,\n    \"71\": 0.01246,\n    \"72\": 0.01661,\n    \"73\": 0.0083,\n    \"74\": 0.0083,\n    \"75\": 0.0083,\n    \"76\": 0.0083,\n    \"77\": 0.01661,\n    \"78\": 0.01246,\n    \"79\": 0.01661,\n    \"80\": 0.07889,\n    \"81\": 0.02076,\n    \"83\": 0.03322,\n    \"84\": 0.06228,\n    \"85\": 0.07474,\n    \"86\": 2.10506,\n    \"87\": 10.55023,\n    \"88\": 0.0083,\n    \"89\": 0.00415,\n    \"90\": 0\n  },\n  F: {\n    \"9\": 0,\n    \"11\": 0,\n    \"12\": 0,\n    \"15\": 0,\n    \"16\": 0,\n    \"17\": 0,\n    \"18\": 0,\n    \"19\": 0,\n    \"20\": 0,\n    \"21\": 0,\n    \"22\": 0,\n    \"23\": 0,\n    \"24\": 0,\n    \"25\": 0,\n    \"26\": 0,\n    \"27\": 0,\n    \"28\": 0,\n    \"29\": 0,\n    \"30\": 0,\n    \"31\": 0,\n    \"32\": 0,\n    \"33\": 0,\n    \"34\": 0,\n    \"35\": 0,\n    \"36\": 0,\n    \"37\": 0,\n    \"38\": 0,\n    \"39\": 0,\n    \"40\": 0,\n    \"41\": 0,\n    \"42\": 0,\n    \"43\": 0,\n    \"44\": 0,\n    \"45\": 0,\n    \"46\": 0,\n    \"47\": 0,\n    \"48\": 0,\n    \"49\": 0,\n    \"50\": 0,\n    \"51\": 0,\n    \"52\": 0,\n    \"53\": 0,\n    \"54\": 0,\n    \"55\": 0,\n    \"56\": 0,\n    \"57\": 0,\n    \"58\": 0,\n    \"60\": 0,\n    \"62\": 0,\n    \"63\": 0,\n    \"64\": 0,\n    \"65\": 0,\n    \"66\": 0,\n    \"67\": 0,\n    \"68\": 0,\n    \"69\": 0,\n    \"70\": 0,\n    \"71\": 0.3114,\n    \"72\": 0.47748,\n    \"9.5-9.6\": 0,\n    \"10.0-10.1\": 0,\n    \"10.5\": 0,\n    \"10.6\": 0,\n    \"11.1\": 0,\n    \"11.5\": 0,\n    \"11.6\": 0,\n    \"12.1\": 0\n  },\n  E: {\n    \"4\": 0,\n    \"5\": 0,\n    \"6\": 0,\n    \"7\": 0,\n    \"8\": 0,\n    \"9\": 0,\n    \"10\": 0,\n    \"11\": 0.00415,\n    \"12\": 0.0083,\n    \"13\": 0.02906,\n    \"14\": 0.42766,\n    _: \"0\",\n    \"3.1\": 0,\n    \"3.2\": 0,\n    \"5.1\": 0,\n    \"6.1\": 0,\n    \"7.1\": 0,\n    \"9.1\": 0,\n    \"10.1\": 0.00415,\n    \"11.1\": 0.01246,\n    \"12.1\": 0.02491,\n    \"13.1\": 0.14117\n  },\n  G: {\n    \"8\": 0.00214,\n    \"3.2\": 0,\n    \"4.0-4.1\": 0,\n    \"4.2-4.3\": 0,\n    \"5.0-5.1\": 0.00536,\n    \"6.0-6.1\": 0.00857,\n    \"7.0-7.1\": 0.00857,\n    \"8.1-8.4\": 0.01179,\n    \"9.0-9.2\": 0.00536,\n    \"9.3\": 0.1168,\n    \"10.0-10.2\": 0.01929,\n    \"10.3\": 0.08144,\n    \"11.0-11.2\": 0.03643,\n    \"11.3-11.4\": 0.09109,\n    \"12.0-12.1\": 0.08037,\n    \"12.2-12.4\": 1.12947,\n    \"13.0-13.1\": 0.0643,\n    \"13.2\": 0.02465,\n    \"13.3\": 0.26147,\n    \"13.4-13.7\": 1.42844,\n    \"14.0-14.3\": 7.31688\n  },\n  B: {\n    \"12\": 0,\n    \"13\": 0,\n    \"14\": 0,\n    \"15\": 0,\n    \"16\": 0,\n    \"17\": 0.00415,\n    \"18\": 0.02906,\n    \"79\": 0,\n    \"80\": 0,\n    \"81\": 0,\n    \"83\": 0,\n    \"84\": 0.00415,\n    \"85\": 0.00415,\n    \"86\": 0.01246,\n    \"87\": 0.75566\n  },\n  I: {\n    \"3\": 0,\n    \"4\": 0,\n    \"81\": 0,\n    \"2.1\": 0,\n    \"2.2\": 0,\n    \"2.3\": 0,\n    \"4.1\": 0.00171,\n    \"4.2-4.3\": 0.01026,\n    \"4.4\": 0,\n    \"4.4.3-4.4.4\": 0.08294\n  },\n  P: {\n    \"4\": 0.14335,\n    \"5.0-5.4\": 0,\n    \"6.2-6.4\": 0,\n    \"7.2-7.4\": 0.04096,\n    \"8.2\": 0.01024,\n    \"9.2\": 0.09215,\n    \"10.1\": 0.03072,\n    \"11.1-11.2\": 0.26623,\n    \"12.0\": 0.32766,\n    \"13.0\": 1.8431\n  },\n  K: {\n    _: \"0 10 11 12 11.1 11.5 12.1\"\n  },\n  A: {\n    \"6\": 0,\n    \"7\": 0,\n    \"8\": 0.00931,\n    \"9\": 0.00466,\n    \"10\": 0.00466,\n    \"11\": 0.135,\n    \"5.5\": 0\n  },\n  N: {\n    \"10\": 0,\n    \"11\": 0\n  },\n  J: {\n    \"7\": 0,\n    \"10\": 0\n  },\n  O: {\n    \"0\": 0.04094\n  },\n  H: {\n    \"0\": 0.17163\n  },\n  L: {\n    \"0\": 67.7356\n  },\n  S: {\n    \"2.5\": 0\n  },\n  R: {\n    _: \"0\"\n  },\n  M: {\n    \"0\": 0.15205\n  },\n  Q: {\n    \"10.4\": 0.00585\n  }\n};","map":{"version":3,"sources":["/Users/bruceseymour/ra-video/client/node_modules/caniuse-lite/data/regions/CL.js"],"names":["module","exports","C","D","F","E","_","G","B","I","P","K","A","N","J","O","H","L","S","R","M","Q"],