{"ast":null,"code":"module.exports = {\n  C: {\n    \"2\": 0,\n    \"3\": 0,\n    \"4\": 0,\n    \"5\": 0,\n    \"6\": 0,\n    \"7\": 0,\n    \"8\": 0,\n    \"9\": 0,\n    \"10\": 0,\n    \"11\": 0,\n    \"12\": 0,\n    \"13\": 0,\n    \"14\": 0.01072,\n    \"15\": 0,\n    \"16\": 0,\n    \"17\": 0,\n    \"18\": 0,\n    \"19\": 0,\n    \"20\": 0,\n    \"21\": 0,\n    \"22\": 0,\n    \"23\": 0,\n    \"24\": 0,\n    \"25\": 0,\n    \"26\": 0,\n    \"27\": 0,\n    \"28\": 0,\n    \"29\": 0,\n    \"30\": 0.00536,\n    \"31\": 0,\n    \"32\": 0,\n    \"33\": 0,\n    \"34\": 0,\n    \"35\": 0,\n    \"36\": 0,\n    \"37\": 0,\n    \"38\": 0,\n    \"39\": 0,\n    \"40\": 0,\n    \"41\": 0,\n    \"42\": 0,\n    \"43\": 0,\n    \"44\": 0,\n    \"45\": 0,\n    \"46\": 0,\n    \"47\": 0,\n    \"48\": 0.00536,\n    \"49\": 0,\n    \"50\": 0,\n    \"51\": 0,\n    \"52\": 0.00536,\n    \"53\": 0,\n    \"54\": 0,\n    \"55\": 0,\n    \"56\": 0,\n    \"57\": 0,\n    \"58\": 0,\n    \"59\": 0,\n    \"60\": 0,\n    \"61\": 0,\n    \"62\": 0.01608,\n    \"63\": 0,\n    \"64\": 0,\n    \"65\": 0,\n    \"66\": 0,\n    \"67\": 0,\n    \"68\": 0.01608,\n    \"69\": 0.00536,\n    \"70\": 0,\n    \"71\": 0,\n    \"72\": 0,\n    \"73\": 0,\n    \"74\": 0,\n    \"75\": 0,\n    \"76\": 0,\n    \"77\": 0,\n    \"78\": 0.01608,\n    \"79\": 0,\n    \"80\": 0.00536,\n    \"81\": 0.48767,\n    \"82\": 0.15005,\n    \"83\": 0.9807,\n    \"84\": 0.54126,\n    \"85\": 0.02144,\n    \"86\": 0,\n    \"3.5\": 0,\n    \"3.6\": 0\n  },\n  D: {\n    \"4\": 0,\n    \"5\": 0,\n    \"6\": 0,\n    \"7\": 0,\n    \"8\": 0,\n    \"9\": 0,\n    \"10\": 0,\n    \"11\": 0,\n    \"12\": 0,\n    \"13\": 0,\n    \"14\": 0,\n    \"15\": 0,\n    \"16\": 0,\n    \"17\": 0,\n    \"18\": 0,\n    \"19\": 0,\n    \"20\": 0,\n    \"21\": 0,\n    \"22\": 0,\n    \"23\": 0,\n    \"24\": 0,\n    \"25\": 0,\n    \"26\": 0,\n    \"27\": 0,\n    \"28\": 0,\n    \"29\": 0,\n    \"30\": 0,\n    \"31\": 0,\n    \"32\": 0,\n    \"33\": 0,\n    \"34\": 0,\n    \"35\": 0,\n    \"36\": 0,\n    \"37\": 0,\n    \"38\": 0,\n    \"39\": 0,\n    \"40\": 0,\n    \"41\": 0,\n    \"42\": 0.00536,\n    \"43\": 0,\n    \"44\": 0,\n    \"45\": 0,\n    \"46\": 0,\n    \"47\": 0,\n    \"48\": 0,\n    \"49\": 0.18757,\n    \"50\": 0.11254,\n    \"51\": 0,\n    \"52\": 0,\n    \"53\": 0.00536,\n    \"54\": 0,\n    \"55\": 0.09646,\n    \"56\": 0,\n    \"57\": 0,\n    \"58\": 0.00536,\n    \"59\": 0,\n    \"60\": 0,\n    \"61\": 0,\n    \"62\": 0,\n    \"63\": 0.01072,\n    \"64\": 0,\n    \"65\": 0.01608,\n    \"66\": 0,\n    \"67\": 0.00536,\n    \"68\": 0.00536,\n    \"69\": 0.00536,\n    \"70\": 0.00536,\n    \"71\": 0.00536,\n    \"72\": 0.01608,\n    \"73\": 0.01072,\n    \"74\": 0.00536,\n    \"75\": 0.05359,\n    \"76\": 0.06431,\n    \"77\": 0.04287,\n    \"78\": 0.00536,\n    \"79\": 0.03751,\n    \"80\": 0.04823,\n    \"81\": 0.06967,\n    \"83\": 0.0268,\n    \"84\": 0.03215,\n    \"85\": 0.05895,\n    \"86\": 3.47799,\n    \"87\": 11.63439,\n    \"88\": 0.06431,\n    \"89\": 0.00536,\n    \"90\": 0\n  },\n  F: {\n    \"9\": 0,\n    \"11\": 0,\n    \"12\": 0,\n    \"15\": 0,\n    \"16\": 0,\n    \"17\": 0,\n    \"18\": 0,\n    \"19\": 0,\n    \"20\": 0,\n    \"21\": 0,\n    \"22\": 0,\n    \"23\": 0,\n    \"24\": 0,\n    \"25\": 0,\n    \"26\": 0,\n    \"27\": 0,\n    \"28\": 0,\n    \"29\": 0,\n    \"30\": 0,\n    \"31\": 0,\n    \"32\": 0,\n    \"33\": 0,\n    \"34\": 0,\n    \"35\": 0,\n    \"36\": 0,\n    \"37\": 0,\n    \"38\": 0,\n    \"39\": 0,\n    \"40\": 0,\n    \"41\": 0,\n    \"42\": 0,\n    \"43\": 0,\n    \"44\": 0,\n    \"45\": 0,\n    \"46\": 0,\n    \"47\": 0,\n    \"48\": 0,\n    \"49\": 0,\n    \"50\": 0,\n    \"51\": 0,\n    \"52\": 0,\n    \"53\": 0,\n    \"54\": 0,\n    \"55\": 0,\n    \"56\": 0,\n    \"57\": 0,\n    \"58\": 0,\n    \"60\": 0,\n    \"62\": 0,\n    \"63\": 0,\n    \"64\": 0,\n    \"65\": 0,\n    \"66\": 0,\n    \"67\": 0,\n    \"68\": 0,\n    \"69\": 0,\n    \"70\": 0,\n    \"71\": 0.03751,\n    \"72\": 0.77706,\n    \"9.5-9.6\": 0,\n    \"10.0-10.1\": 0,\n    \"10.5\": 0,\n    \"10.6\": 0,\n    \"11.1\": 0,\n    \"11.5\": 0,\n    \"11.6\": 0,\n    \"12.1\": 0\n  },\n  E: {\n    \"4\": 0,\n    \"5\": 0,\n    \"6\": 0,\n    \"7\": 0,\n    \"8\": 0,\n    \"9\": 0,\n    \"10\": 0,\n    \"11\": 0.00536,\n    \"12\": 0.02144,\n    \"13\": 0.02144,\n    \"14\": 1.27544,\n    _: \"0\",\n    \"3.1\": 0,\n    \"3.2\": 0,\n    \"5.1\": 0,\n    \"6.1\": 0,\n    \"7.1\": 0,\n    \"9.1\": 0,\n    \"10.1\": 0.01072,\n    \"11.1\": 0.06967,\n    \"12.1\": 0.09646,\n    \"13.1\": 0.6538\n  },\n  G: {\n    \"8\": 0,\n    \"3.2\": 0.00303,\n    \"4.0-4.1\": 0,\n    \"4.2-4.3\": 0,\n    \"5.0-5.1\": 0.01816,\n    \"6.0-6.1\": 0.00605,\n    \"7.0-7.1\": 0.06206,\n    \"8.1-8.4\": 0.00605,\n    \"9.0-9.2\": 0.05903,\n    \"9.3\": 0.36025,\n    \"10.0-10.2\": 0.02573,\n    \"10.3\": 0.27094,\n    \"11.0-11.2\": 0.05752,\n    \"11.3-11.4\": 0.23461,\n    \"12.0-12.1\": 0.12109,\n    \"12.2-12.4\": 1.07771,\n    \"13.0-13.1\": 0.0333,\n    \"13.2\": 0.00303,\n    \"13.3\": 0.39809,\n    \"13.4-13.7\": 1.17913,\n    \"14.0-14.3\": 11.19641\n  },\n  B: {\n    \"12\": 0.00536,\n    \"13\": 0.01072,\n    \"14\": 0.00536,\n    \"15\": 0.01072,\n    \"16\": 0.01072,\n    \"17\": 0.0268,\n    \"18\": 0.12862,\n    \"79\": 0,\n    \"80\": 0.00536,\n    \"81\": 0.00536,\n    \"83\": 0.01072,\n    \"84\": 0,\n    \"85\": 0,\n    \"86\": 0.1179,\n    \"87\": 3.64948\n  },\n  I: {\n    \"3\": 0,\n    \"4\": 0.14787,\n    \"81\": 0,\n    \"2.1\": 0,\n    \"2.2\": 0,\n    \"2.3\": 0,\n    \"4.1\": 0.00616,\n    \"4.2-4.3\": 0.03697,\n    \"4.4\": 0,\n    \"4.4.3-4.4.4\": 1.91001\n  },\n  P: {\n    \"4\": 0.12908,\n    \"5.0-5.4\": 0.01076,\n    \"6.2-6.4\": 0.01076,\n    \"7.2-7.4\": 0.10757,\n    \"8.2\": 0,\n    \"9.2\": 0.12908,\n    \"10.1\": 0.03227,\n    \"11.1-11.2\": 0.26892,\n    \"12.0\": 0.32271,\n    \"13.0\": 2.67845\n  },\n  K: {\n    _: \"0 10 11 12 11.1 11.5 12.1\"\n  },\n  A: {\n    \"6\": 0,\n    \"7\": 0,\n    \"8\": 0,\n    \"9\": 0,\n    \"10\": 0,\n    \"11\": 0.09646,\n    \"5.5\": 0\n  },\n  N: {\n    \"10\": 0,\n    \"11\": 0\n  },\n  J: {\n    \"7\": 0,\n    \"10\": 0\n  },\n  O: {\n    \"0\": 0.13459\n  },\n  H: {\n    \"0\": 0.15818\n  },\n  L: {\n    \"0\": 49.76237\n  },\n  S: {\n    \"2.5\": 0.04177\n  },\n  R: {\n    _: \"0\"\n  },\n  M: {\n    \"0\": 0.16708\n  },\n  Q: {\n    \"10.4\": 0.06962\n  }\n};","map":{"version":3,"sources":["/Users/bruceseymour/ra-video/client/node_modules/caniuse-lite/data/regions/BZ.js"],"names":["module","exports","C","D","F","E","_","G","B","I","P","K","A","N","J","O","H","L","S","R","M","Q"],