{"ast":null,"code":"module.exports = {\n  C: {\n    \"47\": 0.00461,\n    \"50\": 0.00461,\n    \"52\": 0.08289,\n    \"56\": 0.00461,\n    \"58\": 0.01382,\n    \"59\": 0.00461,\n    \"60\": 0.00921,\n    \"63\": 0.00921,\n    \"64\": 0.00461,\n    \"65\": 0.00921,\n    \"66\": 0.01842,\n    \"67\": 0.00461,\n    \"68\": 0.01842,\n    \"70\": 0.00461,\n    \"71\": 0.00461,\n    \"72\": 0.01382,\n    \"73\": 0.00921,\n    \"75\": 0.00461,\n    \"76\": 0.00461,\n    \"77\": 0.01382,\n    \"78\": 0.07368,\n    \"79\": 0.01842,\n    \"80\": 0.01842,\n    \"81\": 0.02763,\n    \"82\": 0.04605,\n    \"83\": 1.22493,\n    \"84\": 0.75062,\n    \"85\": 0.00921,\n    _: \"2 3 4 5 6 7 8 9 10 11 12 13 14 15 16 17 18 19 20 21 22 23 24 25 26 27 28 29 30 31 32 33 34 35 36 37 38 39 40 41 42 43 44 45 46 48 49 51 53 54 55 57 61 62 69 74 86 3.5 3.6\"\n  },\n  D: {\n    \"22\": 0.00921,\n    \"34\": 0.00461,\n    \"38\": 0.02763,\n    \"47\": 0.00921,\n    \"48\": 0.00461,\n    \"49\": 0.23946,\n    \"53\": 0.03684,\n    \"54\": 0.00921,\n    \"55\": 0.00461,\n    \"56\": 0.00461,\n    \"58\": 0.01382,\n    \"59\": 0.00921,\n    \"61\": 0.02303,\n    \"62\": 0.00461,\n    \"63\": 0.03224,\n    \"65\": 0.01382,\n    \"66\": 0.01842,\n    \"67\": 0.01382,\n    \"68\": 0.01842,\n    \"69\": 0.01842,\n    \"70\": 0.04605,\n    \"71\": 0.07368,\n    \"72\": 0.05526,\n    \"73\": 0.03224,\n    \"74\": 0.02763,\n    \"75\": 0.03684,\n    \"76\": 0.02763,\n    \"77\": 0.02763,\n    \"78\": 0.04145,\n    \"79\": 0.07829,\n    \"80\": 0.16578,\n    \"81\": 0.07829,\n    \"83\": 0.12434,\n    \"84\": 0.22104,\n    \"85\": 0.28551,\n    \"86\": 5.50758,\n    \"87\": 28.77204,\n    \"88\": 0.05987,\n    \"89\": 0.02303,\n    _: \"4 5 6 7 8 9 10 11 12 13 14 15 16 17 18 19 20 21 23 24 25 26 27 28 29 30 31 32 33 35 36 37 39 40 41 42 43 44 45 46 50 51 52 57 60 64 90\"\n  },\n  F: {\n    \"36\": 0.00921,\n    \"71\": 0.67233,\n    \"72\": 1.04073,\n    _: \"9 11 12 15 16 17 18 19 20 21 22 23 24 25 26 27 28 29 30 31 32 33 34 35 37 38 39 40 41 42 43 44 45 46 47 48 49 50 51 52 53 54 55 56 57 58 60 62 63 64 65 66 67 68 69 70 9.5-9.6 10.5 10.6 11.1 11.5 11.6 12.1\",\n    \"10.0-10.1\": 0\n  },\n  E: {\n    \"4\": 0,\n    \"12\": 0.00921,\n    \"13\": 0.04145,\n    \"14\": 0.59405,\n    _: \"0 5 6 7 8 9 10 11 3.1 3.2 6.1 7.1 9.1\",\n    \"5.1\": 0.42827,\n    \"10.1\": 0.00461,\n    \"11.1\": 0.02303,\n    \"12.1\": 0.03684,\n    \"13.1\": 0.21183\n  },\n  G: {\n    \"8\": 0,\n    \"3.2\": 0.00104,\n    \"4.0-4.1\": 0,\n    \"4.2-4.3\": 0,\n    \"5.0-5.1\": 0.01088,\n    \"6.0-6.1\": 0.00311,\n    \"7.0-7.1\": 0.00881,\n    \"8.1-8.4\": 0.00363,\n    \"9.0-9.2\": 0.0057,\n    \"9.3\": 0.06841,\n    \"10.0-10.2\": 0.00726,\n    \"10.3\": 0.05856,\n    \"11.0-11.2\": 0.01866,\n    \"11.3-11.4\": 0.03887,\n    \"12.0-12.1\": 0.02902,\n    \"12.2-12.4\": 0.44568,\n    \"13.0-13.1\": 0.02591,\n    \"13.2\": 0.00985,\n    \"13.3\": 0.10416,\n    \"13.4-13.7\": 0.58094,\n    \"14.0-14.3\": 3.74889\n  },\n  B: {\n    \"14\": 0.00461,\n    \"15\": 0.00461,\n    \"16\": 0.00461,\n    \"17\": 0.01842,\n    \"18\": 0.0875,\n    \"84\": 0.01382,\n    \"85\": 0.00921,\n    \"86\": 0.03684,\n    \"87\": 2.1137,\n    _: \"12 13 79 80 81 83\"\n  },\n  I: {\n    \"3\": 0,\n    \"4\": 0.0009,\n    \"81\": 0,\n    \"2.1\": 0,\n    \"2.2\": 0,\n    \"2.3\": 0,\n    \"4.1\": 0.00542,\n    \"4.2-4.3\": 0.00994,\n    \"4.4\": 0,\n    \"4.4.3-4.4.4\": 0.07006\n  },\n  P: {\n    \"4\": 0.19612,\n    \"5.0-5.4\": 0.01022,\n    \"6.2-6.4\": 0.02045,\n    \"7.2-7.4\": 0.14451,\n    \"8.2\": 0.01083,\n    \"9.2\": 0.06193,\n    \"10.1\": 0.05161,\n    \"11.1-11.2\": 0.1858,\n    \"12.0\": 0.3303,\n    \"13.0\": 1.99214\n  },\n  K: {\n    _: \"0 10 11 12 11.1 11.5 12.1\"\n  },\n  A: {\n    \"8\": 0.05532,\n    \"9\": 0.01006,\n    \"10\": 0.01006,\n    \"11\": 0.30678,\n    _: \"6 7 5.5\"\n  },\n  N: {\n    \"10\": 0,\n    \"11\": 0\n  },\n  J: {\n    \"7\": 0,\n    \"10\": 0\n  },\n  O: {\n    \"0\": 0.09713\n  },\n  H: {\n    \"0\": 0.22989\n  },\n  L: {\n    \"0\": 45.98314\n  },\n  S: {\n    \"2.5\": 0\n  },\n  R: {\n    _: \"0\"\n  },\n  M: {\n    \"0\": 0.14569\n  },\n  Q: {\n    \"10.4\": 0\n  }\n};","map":{"version":3,"sources":["/Users/bruceseymour/ra-video/client/node_modules/caniuse-lite/data/regions/alt-sa.js"],"names":["module","exports","C","_","D","F","E","G","B","I","P","K","A","N","J","O","H","L","S","R","M","Q"],"mappings":"AAAAA,MAAM,CAACC,OAAP,GAAe;AAACC,EAAAA,CAAC,EAAC;AAAC,UAAK,OAAN;AAAc,UAAK,OAAnB;AAA2B,UAAK,OAAhC;AAAwC,UAAK,OAA7C;AAAqD,UAAK,OAA1D;AAAkE,UAAK,OAAvE;AAA+E,UAAK,OAApF;AAA4F,UAAK,OAAjG;AAAyG,UAAK,OAA9G;AAAsH,UAAK,OAA3H;AAAmI,UAAK,OAAxI;AAAgJ,UAAK,OAArJ;AAA6J,UAAK,OAAlK;AAA0K,UAAK,OAA/K;AAAuL,UAAK,OAA5L;AAAoM,UAAK,OAAzM;AAAiN,UAAK,OAAtN;AAA8N,UAAK,OAAnO;AAA2O,UAAK,OAAhP;AAAwP,UAAK,OAA7P;AAAqQ,UAAK,OAA1Q;AAAkR,UAAK,OAAvR;AAA+R,UAAK,OAApS;AAA4S,UAAK,OAAjT;AAAyT,UAAK,OAA9T;AAAsU,UAAK,OAA3U;AAAmV,UAAK,OAAxV;AAAgW,UAAK,OAArW;AAA6WC,IAAAA,CAAC,EAAC;AAA/W,GAAH;AAAgiBC,EAAAA,CAAC,EAAC;AAAC,UAAK,OAAN;AAAc,UAAK,OAAnB;AAA2B,UAAK,OAAhC;AAAwC,UAAK,OAA7C;AAAqD,UAAK,OAA1D;AAAkE,UAAK,OAAvE;AAA+E,UAAK,OAApF;AAA4F,UAAK,OAAjG;AAAyG,UAAK,OAA9G;AAAsH,UAAK,OAA3H;AAAmI,UAAK,OAAxI;AAAgJ,UAAK,OAArJ;AAA6J,UAAK,OAAlK;AAA0K,UAAK,OAA/K;AAAuL,UAAK,OAA5L;AAAoM,UAAK,OAAzM;AAAiN,UAAK,OAAtN;AAA8N,UAAK,OAAnO;AAA2O,UAAK,OAAhP;AAAwP,UAAK,OAA7P;AAAqQ,UAAK,OAA1Q;AAAkR,UAAK,OAAvR;AAA+R,UAAK,OAApS;AAA4S,UAAK,OAAjT;AAAyT,UAAK,OAA9T;AAAsU,UAAK,OAA3U;AAAmV,UAAK,OAAxV;AAAgW,UAAK,OAArW;AAA6W,UAAK,OAAlX;AAA0X,UAAK,OAA/X;AAAuY,UAAK,OAA5Y;AAAoZ,UAAK,OAAzZ;AAAia,UAAK,OAAta;AAA8a,UAAK,OAAnb;AAA2b,UAAK,OAAhc;AAAwc,UAAK,OAA7c;AAAqd,UAAK,QAA1d;AAAme,UAAK,OAAxe;AAAgf,UAAK,OAArf;AAA6fD,IAAAA,CAAC,EAAC;AAA/f,GAAliB;AAA2qCE,EAAAA,CAAC,EAAC;AAAC,UAAK,OAAN;AAAc,UAAK,OAAnB;AAA2B,UAAK,OAAhC;AAAwCF,IAAAA,CAAC,EAAC,8MAA1C;AAAyP,iBAAY;AAArQ,GAA7qC;AAAq7CG,EAAAA,CAAC,EAAC;AAAC,SAAI,CAAL;AAAO,UAAK,OAAZ;AAAoB,UAAK,OAAzB;AAAiC,UAAK,OAAtC;AAA8CH,IAAAA,CAAC,EAAC,uCAAhD;AAAwF,WAAM,OAA9F;AAAsG,YAAO,OAA7G;AAAqH,YAAO,OAA5H;AAAoI,YAAO,OAA3I;AAAmJ,YAAO;AAA1J,GAAv7C;AAA0lDI,EAAAA,CAAC,EAAC;AAAC,SAAI,CAAL;AAAO,WAAM,OAAb;AAAqB,eAAU,CAA/B;AAAiC,eAAU,CAA3C;AAA6C,eAAU,OAAvD;AAA+D,eAAU,OAAzE;AAAiF,eAAU,OAA3F;AAAmG,eAAU,OAA7G;AAAqH,eAAU,MAA/H;AAAsI,WAAM,OAA5I;AAAoJ,iBAAY,OAAhK;AAAwK,YAAO,OAA/K;AAAuL,iBAAY,OAAnM;AAA2M,iBAAY,OAAvN;AAA+N,iBAAY,OAA3O;AAAmP,iBAAY,OAA/P;AAAuQ,iBAAY,OAAnR;AAA2R,YAAO,OAAlS;AAA0S,YAAO,OAAjT;AAAyT,iBAAY,OAArU;AAA6U,iBAAY;AAAzV,GAA5lD;AAA87DC,EAAAA,CAAC,EAAC;AAAC,UAAK,OAAN;AAAc,UAAK,OAAnB;AAA2B,UAAK,OAAhC;AAAwC,UAAK,OAA7C;AAAqD,UAAK,MAA1D;AAAiE,UAAK,OAAtE;AAA8E,UAAK,OAAnF;AAA2F,UAAK,OAAhG;AAAwG,UAAK,MAA7G;AAAoHL,IAAAA,CAAC,EAAC;AAAtH,GAAh8D;AAA2kEM,EAAAA,CAAC,EAAC;AAAC,SAAI,CAAL;AAAO,SAAI,MAAX;AAAkB,UAAK,CAAvB;AAAyB,WAAM,CAA/B;AAAiC,WAAM,CAAvC;AAAyC,WAAM,CAA/C;AAAiD,WAAM,OAAvD;AAA+D,eAAU,OAAzE;AAAiF,WAAM,CAAvF;AAAyF,mBAAc;AAAvG,GAA7kE;AAA6rEC,EAAAA,CAAC,EAAC;AAAC,SAAI,OAAL;AAAa,eAAU,OAAvB;AAA+B,eAAU,OAAzC;AAAiD,eAAU,OAA3D;AAAmE,WAAM,OAAzE;AAAiF,WAAM,OAAvF;AAA+F,YAAO,OAAtG;AAA8G,iBAAY,MAA1H;AAAiI,YAAO,MAAxI;AAA+I,YAAO;AAAtJ,GAA/rE;AAA81EC,EAAAA,CAAC,EAAC;AAACR,IAAAA,CAAC,EAAC;AAAH,GAAh2E;AAAg4ES,EAAAA,CAAC,EAAC;AAAC,SAAI,OAAL;AAAa,SAAI,OAAjB;AAAyB,UAAK,OAA9B;AAAsC,UAAK,OAA3C;AAAmDT,IAAAA,CAAC,EAAC;AAArD,GAAl4E;AAAk8EU,EAAAA,CAAC,EAAC;AAAC,UAAK,CAAN;AAAQ,UAAK;AAAb,GAAp8E;AAAo9EC,EAAAA,CAAC,EAAC;AAAC,SAAI,CAAL;AAAO,UAAK;AAAZ,GAAt9E;AAAq+EC,EAAAA,CAAC,EAAC;AAAC,SAAI;AAAL,GAAv+E;AAAq/EC,EAAAA,CAAC,EAAC;AAAC,SAAI;AAAL,GAAv/E;AAAqgFC,EAAAA,CAAC,EAAC;AAAC,SAAI;AAAL,GAAvgF;AAAshFC,EAAAA,CAAC,EAAC;AAAC,WAAM;AAAP,GAAxhF;AAAkiFC,EAAAA,CAAC,EAAC;AAAChB,IAAAA,CAAC,EAAC;AAAH,GAApiF;AAA4iFiB,EAAAA,CAAC,EAAC;AAAC,SAAI;AAAL,GAA9iF;AAA4jFC,EAAAA,CAAC,EAAC;AAAC,YAAO;AAAR;AAA9jF,CAAf",