{"ast":null,"code":"module.exports = {\n  C: {\n    \"2\": 0,\n    \"3\": 0,\n    \"4\": 0,\n    \"5\": 0,\n    \"6\": 0,\n    \"7\": 0,\n    \"8\": 0,\n    \"9\": 0,\n    \"10\": 0,\n    \"11\": 0,\n    \"12\": 0,\n    \"13\": 0,\n    \"14\": 0,\n    \"15\": 0,\n    \"16\": 0,\n    \"17\": 0.00348,\n    \"18\": 0,\n    \"19\": 0,\n    \"20\": 0,\n    \"21\": 0,\n    \"22\": 0,\n    \"23\": 0,\n    \"24\": 0,\n    \"25\": 0,\n    \"26\": 0,\n    \"27\": 0,\n    \"28\": 0,\n    \"29\": 0,\n    \"30\": 0,\n    \"31\": 0,\n    \"32\": 0,\n    \"33\": 0,\n    \"34\": 0,\n    \"35\": 0,\n    \"36\": 0,\n    \"37\": 0,\n    \"38\": 0,\n    \"39\": 0,\n    \"40\": 0,\n    \"41\": 0,\n    \"42\": 0,\n    \"43\": 0,\n    \"44\": 0,\n    \"45\": 0,\n    \"46\": 0,\n    \"47\": 0,\n    \"48\": 0,\n    \"49\": 0,\n    \"50\": 0,\n    \"51\": 0,\n    \"52\": 0.01045,\n    \"53\": 0,\n    \"54\": 0,\n    \"55\": 0,\n    \"56\": 0,\n    \"57\": 0,\n    \"58\": 0.00697,\n    \"59\": 0,\n    \"60\": 0.00348,\n    \"61\": 0,\n    \"62\": 0,\n    \"63\": 0,\n    \"64\": 0,\n    \"65\": 0,\n    \"66\": 0,\n    \"67\": 0,\n    \"68\": 0.00348,\n    \"69\": 0,\n    \"70\": 0,\n    \"71\": 0,\n    \"72\": 0.00348,\n    \"73\": 0,\n    \"74\": 0,\n    \"75\": 0,\n    \"76\": 0,\n    \"77\": 0,\n    \"78\": 0.00697,\n    \"79\": 0.00348,\n    \"80\": 0.00348,\n    \"81\": 0.00697,\n    \"82\": 0.01045,\n    \"83\": 0.27864,\n    \"84\": 0.21943,\n    \"85\": 0.00348,\n    \"86\": 0,\n    \"3.5\": 0,\n    \"3.6\": 0\n  },\n  D: {\n    \"4\": 0,\n    \"5\": 0,\n    \"6\": 0,\n    \"7\": 0,\n    \"8\": 0,\n    \"9\": 0,\n    \"10\": 0,\n    \"11\": 0,\n    \"12\": 0,\n    \"13\": 0,\n    \"14\": 0,\n    \"15\": 0,\n    \"16\": 0,\n    \"17\": 0,\n    \"18\": 0,\n    \"19\": 0,\n    \"20\": 0,\n    \"21\": 0,\n    \"22\": 0,\n    \"23\": 0,\n    \"24\": 0,\n    \"25\": 0,\n    \"26\": 0,\n    \"27\": 0,\n    \"28\": 0,\n    \"29\": 0,\n    \"30\": 0,\n    \"31\": 0,\n    \"32\": 0,\n    \"33\": 0,\n    \"34\": 0,\n    \"35\": 0,\n    \"36\": 0,\n    \"37\": 0,\n    \"38\": 0.00697,\n    \"39\": 0,\n    \"40\": 0.00348,\n    \"41\": 0,\n    \"42\": 0.00348,\n    \"43\": 0.00697,\n    \"44\": 0,\n    \"45\": 0,\n    \"46\": 0.00348,\n    \"47\": 0,\n    \"48\": 0,\n    \"49\": 0.05225,\n    \"50\": 0,\n    \"51\": 0.00348,\n    \"52\": 0,\n    \"53\": 0.01742,\n    \"54\": 0,\n    \"55\": 0.00348,\n    \"56\": 0.00348,\n    \"57\": 0,\n    \"58\": 0.00697,\n    \"59\": 0,\n    \"60\": 0,\n    \"61\": 0.00697,\n    \"62\": 0,\n    \"63\": 0.01045,\n    \"64\": 0,\n    \"65\": 0.00348,\n    \"66\": 0.00348,\n    \"67\": 0.00348,\n    \"68\": 0.00348,\n    \"69\": 0.00697,\n    \"70\": 0.00697,\n    \"71\": 0.03135,\n    \"72\": 0.01742,\n    \"73\": 0.01045,\n    \"74\": 0.00348,\n    \"75\": 0.00697,\n    \"76\": 0.00348,\n    \"77\": 0.04528,\n    \"78\": 0.01045,\n    \"79\": 0.04528,\n    \"80\": 0.05573,\n    \"81\": 0.09404,\n    \"83\": 0.02786,\n    \"84\": 0.04528,\n    \"85\": 0.06618,\n    \"86\": 1.23995,\n    \"87\": 7.97607,\n    \"88\": 0.00348,\n    \"89\": 0.00697,\n    \"90\": 0\n  },\n  F: {\n    \"9\": 0,\n    \"11\": 0,\n    \"12\": 0,\n    \"15\": 0,\n    \"16\": 0,\n    \"17\": 0,\n    \"18\": 0,\n    \"19\": 0,\n    \"20\": 0,\n    \"21\": 0,\n    \"22\": 0,\n    \"23\": 0,\n    \"24\": 0,\n    \"25\": 0,\n    \"26\": 0,\n    \"27\": 0,\n    \"28\": 0,\n    \"29\": 0,\n    \"30\": 0,\n    \"31\": 0,\n    \"32\": 0,\n    \"33\": 0,\n    \"34\": 0,\n    \"35\": 0,\n    \"36\": 0,\n    \"37\": 0,\n    \"38\": 0,\n    \"39\": 0,\n    \"40\": 0,\n    \"41\": 0,\n    \"42\": 0,\n    \"43\": 0,\n    \"44\": 0,\n    \"45\": 0,\n    \"46\": 0,\n    \"47\": 0,\n    \"48\": 0,\n    \"49\": 0,\n    \"50\": 0,\n    \"51\": 0,\n    \"52\": 0,\n    \"53\": 0,\n    \"54\": 0.00697,\n    \"55\": 0,\n    \"56\": 0.00697,\n    \"57\": 0,\n    \"58\": 0,\n    \"60\": 0,\n    \"62\": 0,\n    \"63\": 0,\n    \"64\": 0,\n    \"65\": 0,\n    \"66\": 0,\n    \"67\": 0,\n    \"68\": 0,\n    \"69\": 0,\n    \"70\": 0,\n    \"71\": 0.02438,\n    \"72\": 0.23336,\n    \"9.5-9.6\": 0,\n    \"10.0-10.1\": 0,\n    \"10.5\": 0,\n    \"10.6\": 0,\n    \"11.1\": 0,\n    \"11.5\": 0,\n    \"11.6\": 0,\n    \"12.1\": 0\n  },\n  E: {\n    \"4\": 0,\n    \"5\": 0,\n    \"6\": 0,\n    \"7\": 0,\n    \"8\": 0,\n    \"9\": 0,\n    \"10\": 0,\n    \"11\": 0,\n    \"12\": 0.00348,\n    \"13\": 0.01393,\n    \"14\": 0.16022,\n    _: \"0\",\n    \"3.1\": 0,\n    \"3.2\": 0,\n    \"5.1\": 0.02438,\n    \"6.1\": 0,\n    \"7.1\": 0,\n    \"9.1\": 0,\n    \"10.1\": 0,\n    \"11.1\": 0.00697,\n    \"12.1\": 0.00697,\n    \"13.1\": 0.04876\n  },\n  G: {\n    \"8\": 0,\n    \"3.2\": 0.01586,\n    \"4.0-4.1\": 0,\n    \"4.2-4.3\": 0,\n    \"5.0-5.1\": 0.01213,\n    \"6.0-6.1\": 0.01679,\n    \"7.0-7.1\": 0.10636,\n    \"8.1-8.4\": 0,\n    \"9.0-9.2\": 0.0028,\n    \"9.3\": 0.17074,\n    \"10.0-10.2\": 0.05318,\n    \"10.3\": 0.08584,\n    \"11.0-11.2\": 0.06531,\n    \"11.3-11.4\": 0.0989,\n    \"12.0-12.1\": 0.06251,\n    \"12.2-12.4\": 0.87517,\n    \"13.0-13.1\": 0.03266,\n    \"13.2\": 0.01866,\n    \"13.3\": 0.16328,\n    \"13.4-13.7\": 1.01885,\n    \"14.0-14.3\": 6.4966\n  },\n  B: {\n    \"12\": 0,\n    \"13\": 0.00348,\n    \"14\": 0,\n    \"15\": 0.00348,\n    \"16\": 0.00348,\n    \"17\": 0.01045,\n    \"18\": 0.02786,\n    \"79\": 0,\n    \"80\": 0,\n    \"81\": 0,\n    \"83\": 0,\n    \"84\": 0.00348,\n    \"85\": 0.00348,\n    \"86\": 0.01393,\n    \"87\": 0.61997\n  },\n  I: {\n    \"3\": 0,\n    \"4\": 0,\n    \"81\": 0,\n    \"2.1\": 0,\n    \"2.2\": 0,\n    \"2.3\": 0,\n    \"4.1\": 0.0048,\n    \"4.2-4.3\": 0.018,\n    \"4.4\": 0,\n    \"4.4.3-4.4.4\": 0.3072\n  },\n  P: {\n    \"4\": 0.15281,\n    \"5.0-5.4\": 0.02037,\n    \"6.2-6.4\": 0.01019,\n    \"7.2-7.4\": 0.10187,\n    \"8.2\": 0.01019,\n    \"9.2\": 0.16299,\n    \"10.1\": 0.09168,\n    \"11.1-11.2\": 0.26486,\n    \"12.0\": 0.49917,\n    \"13.0\": 2.55696\n  },\n  K: {\n    _: \"0 10 11 12 11.1 11.5 12.1\"\n  },\n  A: {\n    \"6\": 0,\n    \"7\": 0,\n    \"8\": 0.03135,\n    \"9\": 0,\n    \"10\": 0,\n    \"11\": 0.03831,\n    \"5.5\": 0\n  },\n  N: {\n    \"10\": 0,\n    \"11\": 0\n  },\n  J: {\n    \"7\": 0,\n    \"10\": 0\n  },\n  O: {\n    \"0\": 0.09124\n  },\n  H: {\n    \"0\": 0.24679\n  },\n  L: {\n    \"0\": 72.62718\n  },\n  S: {\n    \"2.5\": 0\n  },\n  R: {\n    _: \"0\"\n  },\n  M: {\n    \"0\": 0.08472\n  },\n  Q: {\n    \"10.4\": 0.00652\n  }\n};","map":{"version":3,"sources":["/Users/bruceseymour/ra-video/client/node_modules/caniuse-lite/data/regions/PS.js"],"names":["module","exports","C","D","F","E","_","G","B","I","P","K","A","N","J","O","H","L","S","R","M","Q"],