{"ast":null,"code":"module.exports = {\n  C: {\n    \"2\": 0,\n    \"3\": 0,\n    \"4\": 0,\n    \"5\": 0,\n    \"6\": 0,\n    \"7\": 0,\n    \"8\": 0,\n    \"9\": 0,\n    \"10\": 0,\n    \"11\": 0,\n    \"12\": 0,\n    \"13\": 0.00261,\n    \"14\": 0,\n    \"15\": 0,\n    \"16\": 0,\n    \"17\": 0,\n    \"18\": 0,\n    \"19\": 0,\n    \"20\": 0,\n    \"21\": 0,\n    \"22\": 0,\n    \"23\": 0,\n    \"24\": 0,\n    \"25\": 0,\n    \"26\": 0,\n    \"27\": 0,\n    \"28\": 0,\n    \"29\": 0.00261,\n    \"30\": 0.00261,\n    \"31\": 0,\n    \"32\": 0,\n    \"33\": 0.00261,\n    \"34\": 0,\n    \"35\": 0.00261,\n    \"36\": 0,\n    \"37\": 0,\n    \"38\": 0,\n    \"39\": 0,\n    \"40\": 0,\n    \"41\": 0.00261,\n    \"42\": 0,\n    \"43\": 0,\n    \"44\": 0.00261,\n    \"45\": 0,\n    \"46\": 0,\n    \"47\": 0.00261,\n    \"48\": 0.00261,\n    \"49\": 0,\n    \"50\": 0,\n    \"51\": 0,\n    \"52\": 0,\n    \"53\": 0,\n    \"54\": 0,\n    \"55\": 0,\n    \"56\": 0.00261,\n    \"57\": 0,\n    \"58\": 0,\n    \"59\": 0,\n    \"60\": 0,\n    \"61\": 0,\n    \"62\": 0,\n    \"63\": 0,\n    \"64\": 0,\n    \"65\": 0,\n    \"66\": 0,\n    \"67\": 0.00261,\n    \"68\": 0.00261,\n    \"69\": 0,\n    \"70\": 0,\n    \"71\": 0,\n    \"72\": 0.00261,\n    \"73\": 0,\n    \"74\": 0,\n    \"75\": 0,\n    \"76\": 0,\n    \"77\": 0,\n    \"78\": 0.00523,\n    \"79\": 0,\n    \"80\": 0.00261,\n    \"81\": 0.00523,\n    \"82\": 0.03397,\n    \"83\": 0.21165,\n    \"84\": 0.12804,\n    \"85\": 0.02352,\n    \"86\": 0,\n    \"3.5\": 0,\n    \"3.6\": 0\n  },\n  D: {\n    \"4\": 0,\n    \"5\": 0,\n    \"6\": 0,\n    \"7\": 0,\n    \"8\": 0,\n    \"9\": 0,\n    \"10\": 0,\n    \"11\": 0,\n    \"12\": 0,\n    \"13\": 0,\n    \"14\": 0,\n    \"15\": 0,\n    \"16\": 0,\n    \"17\": 0,\n    \"18\": 0,\n    \"19\": 0,\n    \"20\": 0,\n    \"21\": 0,\n    \"22\": 0,\n    \"23\": 0,\n    \"24\": 0.00261,\n    \"25\": 0,\n    \"26\": 0,\n    \"27\": 0,\n    \"28\": 0,\n    \"29\": 0,\n    \"30\": 0,\n    \"31\": 0,\n    \"32\": 0,\n    \"33\": 0.0209,\n    \"34\": 0,\n    \"35\": 0.00784,\n    \"36\": 0,\n    \"37\": 0,\n    \"38\": 0,\n    \"39\": 0,\n    \"40\": 0.00261,\n    \"41\": 0,\n    \"42\": 0,\n    \"43\": 0.00523,\n    \"44\": 0,\n    \"45\": 0,\n    \"46\": 0.00261,\n    \"47\": 0,\n    \"48\": 0,\n    \"49\": 0.00261,\n    \"50\": 0,\n    \"51\": 0,\n    \"52\": 0.00261,\n    \"53\": 0,\n    \"54\": 0,\n    \"55\": 0,\n    \"56\": 0,\n    \"57\": 0,\n    \"58\": 0.00523,\n    \"59\": 0,\n    \"60\": 0.00261,\n    \"61\": 0,\n    \"62\": 0,\n    \"63\": 0.00784,\n    \"64\": 0.00261,\n    \"65\": 0.00261,\n    \"66\": 0,\n    \"67\": 0,\n    \"68\": 0.00261,\n    \"69\": 0.00261,\n    \"70\": 0.00523,\n    \"71\": 0,\n    \"72\": 0.00261,\n    \"73\": 0,\n    \"74\": 0.00261,\n    \"75\": 0.00784,\n    \"76\": 0.00784,\n    \"77\": 0.00523,\n    \"78\": 0.00261,\n    \"79\": 0.02874,\n    \"80\": 0.01045,\n    \"81\": 0.03136,\n    \"83\": 0.00523,\n    \"84\": 0.03397,\n    \"85\": 0.0209,\n    \"86\": 0.45466,\n    \"87\": 3.21399,\n    \"88\": 0.00261,\n    \"89\": 0.00261,\n    \"90\": 0\n  },\n  F: {\n    \"9\": 0,\n    \"11\": 0.00261,\n    \"12\": 0,\n    \"15\": 0.00523,\n    \"16\": 0.00261,\n    \"17\": 0,\n    \"18\": 0,\n    \"19\": 0,\n    \"20\": 0.04703,\n    \"21\": 0,\n    \"22\": 0,\n    \"23\": 0.02352,\n    \"24\": 0.01568,\n    \"25\": 0,\n    \"26\": 0,\n    \"27\": 0,\n    \"28\": 0.00261,\n    \"29\": 0.00261,\n    \"30\": 0.00261,\n    \"31\": 0,\n    \"32\": 0.00261,\n    \"33\": 0.00261,\n    \"34\": 0,\n    \"35\": 0,\n    \"36\": 0.00261,\n    \"37\": 0.00261,\n    \"38\": 0,\n    \"39\": 0,\n    \"40\": 0,\n    \"41\": 0,\n    \"42\": 0.00261,\n    \"43\": 0.00261,\n    \"44\": 0,\n    \"45\": 0.00261,\n    \"46\": 0.00261,\n    \"47\": 0.00261,\n    \"48\": 0,\n    \"49\": 0,\n    \"50\": 0.10975,\n    \"51\": 0.0209,\n    \"52\": 0,\n    \"53\": 0.00261,\n    \"54\": 0,\n    \"55\": 0.01568,\n    \"56\": 0.00261,\n    \"57\": 0,\n    \"58\": 0.03397,\n    \"60\": 0.00523,\n    \"62\": 0,\n    \"63\": 0,\n    \"64\": 0,\n    \"65\": 0,\n    \"66\": 0,\n    \"67\": 0,\n    \"68\": 0,\n    \"69\": 0,\n    \"70\": 0.00261,\n    \"71\": 0.04442,\n    \"72\": 0.24301,\n    \"9.5-9.6\": 0,\n    \"10.0-10.1\": 0,\n    \"10.5\": 0,\n    \"10.6\": 0,\n    \"11.1\": 0,\n    \"11.5\": 0,\n    \"11.6\": 0,\n    \"12.1\": 0.22211\n  },\n  E: {\n    \"4\": 0,\n    \"5\": 0,\n    \"6\": 0,\n    \"7\": 0,\n    \"8\": 0.00261,\n    \"9\": 0,\n    \"10\": 0,\n    \"11\": 0,\n    \"12\": 0,\n    \"13\": 0.00523,\n    \"14\": 0.03658,\n    _: \"0\",\n    \"3.1\": 0,\n    \"3.2\": 0,\n    \"5.1\": 0.14894,\n    \"6.1\": 0,\n    \"7.1\": 0,\n    \"9.1\": 0,\n    \"10.1\": 0.01045,\n    \"11.1\": 0.00784,\n    \"12.1\": 0.00261,\n    \"13.1\": 0.06271\n  },\n  G: {\n    \"8\": 0,\n    \"3.2\": 0,\n    \"4.0-4.1\": 0,\n    \"4.2-4.3\": 0.00365,\n    \"5.0-5.1\": 0,\n    \"6.0-6.1\": 0.00365,\n    \"7.0-7.1\": 0.03754,\n    \"8.1-8.4\": 0,\n    \"9.0-9.2\": 0.00313,\n    \"9.3\": 0.07613,\n    \"10.0-10.2\": 0.01199,\n    \"10.3\": 0.10532,\n    \"11.0-11.2\": 0.02294,\n    \"11.3-11.4\": 0.07143,\n    \"12.0-12.1\": 0.10324,\n    \"12.2-12.4\": 0.95886,\n    \"13.0-13.1\": 0.0876,\n    \"13.2\": 0.05631,\n    \"13.3\": 0.21795,\n    \"13.4-13.7\": 1.19975,\n    \"14.0-14.3\": 2.22327\n  },\n  B: {\n    \"12\": 0.01568,\n    \"13\": 0.01045,\n    \"14\": 0.00784,\n    \"15\": 0.00784,\n    \"16\": 0.00261,\n    \"17\": 0.00784,\n    \"18\": 0.05226,\n    \"79\": 0,\n    \"80\": 0,\n    \"81\": 0,\n    \"83\": 0,\n    \"84\": 0.00784,\n    \"85\": 0.00523,\n    \"86\": 0.01045,\n    \"87\": 0.4024\n  },\n  I: {\n    \"3\": 0,\n    \"4\": 0.00405,\n    \"81\": 0,\n    \"2.1\": 0,\n    \"2.2\": 0,\n    \"2.3\": 0,\n    \"4.1\": 0.01215,\n    \"4.2-4.3\": 0.03038,\n    \"4.4\": 0,\n    \"4.4.3-4.4.4\": 0.33216\n  },\n  P: {\n    \"4\": 0.1733,\n    \"5.0-5.4\": 0.05097,\n    \"6.2-6.4\": 0.01019,\n    \"7.2-7.4\": 0.07136,\n    \"8.2\": 0,\n    \"9.2\": 0.03058,\n    \"10.1\": 0.05097,\n    \"11.1-11.2\": 0.19369,\n    \"12.0\": 0.27524,\n    \"13.0\": 0.67281\n  },\n  K: {\n    _: \"0 10 11 12 11.1 11.5 12.1\"\n  },\n  A: {\n    \"6\": 0,\n    \"7\": 0,\n    \"8\": 0.00884,\n    \"9\": 0,\n    \"10\": 0.01769,\n    \"11\": 0.08844,\n    \"5.5\": 0\n  },\n  N: {\n    \"10\": 0.08126,\n    \"11\": 0\n  },\n  J: {\n    \"7\": 0,\n    \"10\": 0.00739\n  },\n  O: {\n    \"0\": 1.89107\n  },\n  H: {\n    \"0\": 23.14161\n  },\n  L: {\n    \"0\": 53.00063\n  },\n  S: {\n    \"2.5\": 0.00739\n  },\n  R: {\n    _: \"0\"\n  },\n  M: {\n    \"0\": 0.19206\n  },\n  Q: {\n    \"10.4\": 0.03694\n  }\n};","map":{"version":3,"sources":["/Users/bruceseymour/ra-video/client/node_modules/caniuse-lite/data/regions/SL.js"],"names":["module","exports","C","D","F","E","_","G","B","I","P","K","A","N","J","O","H","L","S","R","M","Q"],