{"ast":null,"code":"module.exports = {\n  C: {\n    \"2\": 0,\n    \"3\": 0,\n    \"4\": 0,\n    \"5\": 0,\n    \"6\": 0,\n    \"7\": 0,\n    \"8\": 0,\n    \"9\": 0,\n    \"10\": 0,\n    \"11\": 0,\n    \"12\": 0,\n    \"13\": 0,\n    \"14\": 0,\n    \"15\": 0,\n    \"16\": 0,\n    \"17\": 0,\n    \"18\": 0,\n    \"19\": 0,\n    \"20\": 0,\n    \"21\": 0,\n    \"22\": 0,\n    \"23\": 0,\n    \"24\": 0,\n    \"25\": 0,\n    \"26\": 0,\n    \"27\": 0.00516,\n    \"28\": 0,\n    \"29\": 0,\n    \"30\": 0.01031,\n    \"31\": 0,\n    \"32\": 0,\n    \"33\": 0,\n    \"34\": 0,\n    \"35\": 0,\n    \"36\": 0,\n    \"37\": 0,\n    \"38\": 0,\n    \"39\": 0,\n    \"40\": 0,\n    \"41\": 0,\n    \"42\": 0,\n    \"43\": 0,\n    \"44\": 0,\n    \"45\": 0,\n    \"46\": 0,\n    \"47\": 0,\n    \"48\": 0.00516,\n    \"49\": 0,\n    \"50\": 0,\n    \"51\": 0,\n    \"52\": 0.02578,\n    \"53\": 0,\n    \"54\": 0,\n    \"55\": 0,\n    \"56\": 0,\n    \"57\": 0,\n    \"58\": 0,\n    \"59\": 0,\n    \"60\": 0.01031,\n    \"61\": 0,\n    \"62\": 0,\n    \"63\": 0,\n    \"64\": 0,\n    \"65\": 0.00516,\n    \"66\": 0.00516,\n    \"67\": 0,\n    \"68\": 0.02578,\n    \"69\": 0,\n    \"70\": 0,\n    \"71\": 0,\n    \"72\": 0.01547,\n    \"73\": 0,\n    \"74\": 0,\n    \"75\": 0,\n    \"76\": 0,\n    \"77\": 0,\n    \"78\": 0.07218,\n    \"79\": 0.01031,\n    \"80\": 0.01547,\n    \"81\": 0.02062,\n    \"82\": 0.06703,\n    \"83\": 1.0312,\n    \"84\": 0.6909,\n    \"85\": 0.00516,\n    \"86\": 0,\n    \"3.5\": 0,\n    \"3.6\": 0\n  },\n  D: {\n    \"4\": 0,\n    \"5\": 0,\n    \"6\": 0,\n    \"7\": 0,\n    \"8\": 0,\n    \"9\": 0,\n    \"10\": 0,\n    \"11\": 0,\n    \"12\": 0,\n    \"13\": 0,\n    \"14\": 0,\n    \"15\": 0,\n    \"16\": 0,\n    \"17\": 0,\n    \"18\": 0,\n    \"19\": 0,\n    \"20\": 0,\n    \"21\": 0,\n    \"22\": 0,\n    \"23\": 0,\n    \"24\": 0,\n    \"25\": 0,\n    \"26\": 0,\n    \"27\": 0,\n    \"28\": 0,\n    \"29\": 0,\n    \"30\": 0,\n    \"31\": 0,\n    \"32\": 0,\n    \"33\": 0,\n    \"34\": 0.00516,\n    \"35\": 0,\n    \"36\": 0,\n    \"37\": 0,\n    \"38\": 0.01547,\n    \"39\": 0,\n    \"40\": 0.01547,\n    \"41\": 0,\n    \"42\": 0,\n    \"43\": 0,\n    \"44\": 0,\n    \"45\": 0,\n    \"46\": 0,\n    \"47\": 0,\n    \"48\": 0,\n    \"49\": 0.19077,\n    \"50\": 0.00516,\n    \"51\": 0,\n    \"52\": 0,\n    \"53\": 0.02062,\n    \"54\": 0,\n    \"55\": 0,\n    \"56\": 0.00516,\n    \"57\": 0.00516,\n    \"58\": 0.00516,\n    \"59\": 0,\n    \"60\": 0.00516,\n    \"61\": 0.01547,\n    \"62\": 0.00516,\n    \"63\": 0.01547,\n    \"64\": 0.00516,\n    \"65\": 0.02578,\n    \"66\": 0.00516,\n    \"67\": 0.04125,\n    \"68\": 0.02062,\n    \"69\": 0.05672,\n    \"70\": 0.02062,\n    \"71\": 0.03609,\n    \"72\": 0.01547,\n    \"73\": 0.02578,\n    \"74\": 0.02578,\n    \"75\": 0.03094,\n    \"76\": 0.03609,\n    \"77\": 0.02062,\n    \"78\": 0.03609,\n    \"79\": 0.06703,\n    \"80\": 0.04125,\n    \"81\": 0.05672,\n    \"83\": 0.06187,\n    \"84\": 0.12374,\n    \"85\": 0.28874,\n    \"86\": 3.21734,\n    \"87\": 11.2143,\n    \"88\": 0.03609,\n    \"89\": 0.01031,\n    \"90\": 0\n  },\n  F: {\n    \"9\": 0,\n    \"11\": 0,\n    \"12\": 0,\n    \"15\": 0,\n    \"16\": 0,\n    \"17\": 0,\n    \"18\": 0,\n    \"19\": 0,\n    \"20\": 0,\n    \"21\": 0,\n    \"22\": 0,\n    \"23\": 0,\n    \"24\": 0,\n    \"25\": 0,\n    \"26\": 0,\n    \"27\": 0,\n    \"28\": 0,\n    \"29\": 0,\n    \"30\": 0,\n    \"31\": 0,\n    \"32\": 0,\n    \"33\": 0,\n    \"34\": 0,\n    \"35\": 0,\n    \"36\": 0,\n    \"37\": 0.01547,\n    \"38\": 0,\n    \"39\": 0,\n    \"40\": 0,\n    \"41\": 0,\n    \"42\": 0,\n    \"43\": 0,\n    \"44\": 0,\n    \"45\": 0,\n    \"46\": 0,\n    \"47\": 0,\n    \"48\": 0,\n    \"49\": 0,\n    \"50\": 0,\n    \"51\": 0,\n    \"52\": 0,\n    \"53\": 0,\n    \"54\": 0,\n    \"55\": 0,\n    \"56\": 0,\n    \"57\": 0,\n    \"58\": 0,\n    \"60\": 0,\n    \"62\": 0,\n    \"63\": 0,\n    \"64\": 0,\n    \"65\": 0,\n    \"66\": 0,\n    \"67\": 0,\n    \"68\": 0.00516,\n    \"69\": 0,\n    \"70\": 0,\n    \"71\": 0.02062,\n    \"72\": 0.12374,\n    \"9.5-9.6\": 0,\n    \"10.0-10.1\": 0,\n    \"10.5\": 0,\n    \"10.6\": 0,\n    \"11.1\": 0,\n    \"11.5\": 0,\n    \"11.6\": 0,\n    \"12.1\": 0\n  },\n  E: {\n    \"4\": 0,\n    \"5\": 0,\n    \"6\": 0,\n    \"7\": 0,\n    \"8\": 0,\n    \"9\": 0,\n    \"10\": 0,\n    \"11\": 0.02062,\n    \"12\": 0.02062,\n    \"13\": 0.14437,\n    \"14\": 2.50066,\n    _: \"0\",\n    \"3.1\": 0,\n    \"3.2\": 0,\n    \"5.1\": 0,\n    \"6.1\": 0,\n    \"7.1\": 0,\n    \"9.1\": 0.00516,\n    \"10.1\": 0.03094,\n    \"11.1\": 0.06187,\n    \"12.1\": 0.10828,\n    \"13.1\": 0.77856\n  },\n  G: {\n    \"8\": 0,\n    \"3.2\": 0,\n    \"4.0-4.1\": 0,\n    \"4.2-4.3\": 0,\n    \"5.0-5.1\": 0.0121,\n    \"6.0-6.1\": 0.0726,\n    \"7.0-7.1\": 0.07865,\n    \"8.1-8.4\": 0.09982,\n    \"9.0-9.2\": 0.03025,\n    \"9.3\": 0.66548,\n    \"10.0-10.2\": 0.06655,\n    \"10.3\": 0.7653,\n    \"11.0-11.2\": 0.35391,\n    \"11.3-11.4\": 0.32669,\n    \"12.0-12.1\": 0.22687,\n    \"12.2-12.4\": 3.07632,\n    \"13.0-13.1\": 0.11192,\n    \"13.2\": 0.04537,\n    \"13.3\": 0.53843,\n    \"13.4-13.7\": 3.15799,\n    \"14.0-14.3\": 20.56024\n  },\n  B: {\n    \"12\": 0,\n    \"13\": 0,\n    \"14\": 0.00516,\n    \"15\": 0.01031,\n    \"16\": 0.00516,\n    \"17\": 0.02062,\n    \"18\": 0.14437,\n    \"79\": 0,\n    \"80\": 0,\n    \"81\": 0.00516,\n    \"83\": 0.00516,\n    \"84\": 0.00516,\n    \"85\": 0.01031,\n    \"86\": 0.04125,\n    \"87\": 1.95928\n  },\n  I: {\n    \"3\": 0,\n    \"4\": 0.00468,\n    \"81\": 0,\n    \"2.1\": 0,\n    \"2.2\": 0,\n    \"2.3\": 0,\n    \"4.1\": 0.01405,\n    \"4.2-4.3\": 0.06089,\n    \"4.4\": 0,\n    \"4.4.3-4.4.4\": 0.3185\n  },\n  P: {\n    \"4\": 0.07437,\n    \"5.0-5.4\": 0,\n    \"6.2-6.4\": 0,\n    \"7.2-7.4\": 0.01062,\n    \"8.2\": 0,\n    \"9.2\": 0.05312,\n    \"10.1\": 0.06375,\n    \"11.1-11.2\": 0.09562,\n    \"12.0\": 0.24437,\n    \"13.0\": 2.97489\n  },\n  K: {\n    _: \"0 10 11 12 11.1 11.5 12.1\"\n  },\n  A: {\n    \"6\": 0,\n    \"7\": 0,\n    \"8\": 0,\n    \"9\": 0,\n    \"10\": 0,\n    \"11\": 0.89199,\n    \"5.5\": 0\n  },\n  N: {\n    \"10\": 0,\n    \"11\": 0\n  },\n  J: {\n    \"7\": 0,\n    \"10\": 0.00484\n  },\n  O: {\n    \"0\": 0.34392\n  },\n  H: {\n    \"0\": 0.22471\n  },\n  L: {\n    \"0\": 37.07711\n  },\n  S: {\n    \"2.5\": 0\n  },\n  R: {\n    _: \"0\"\n  },\n  M: {\n    \"0\": 0.47471\n  },\n  Q: {\n    \"10.4\": 0.12594\n  }\n};","map":{"version":3,"sources":["/Users/bruceseymour/ra-video/client/node_modules/caniuse-lite/data/regions/NZ.js"],"names":["module","exports","C","D","F","E","_","G","B","I","P","K","A","N","J","O","H","L","S","R","M","Q"],