{"ast":null,"code":"module.exports = {\n  C: {\n    \"2\": 0,\n    \"3\": 0,\n    \"4\": 0,\n    \"5\": 0,\n    \"6\": 0,\n    \"7\": 0,\n    \"8\": 0,\n    \"9\": 0,\n    \"10\": 0,\n    \"11\": 0,\n    \"12\": 0,\n    \"13\": 0,\n    \"14\": 0,\n    \"15\": 0,\n    \"16\": 0,\n    \"17\": 0,\n    \"18\": 0,\n    \"19\": 0,\n    \"20\": 0,\n    \"21\": 0,\n    \"22\": 0,\n    \"23\": 0,\n    \"24\": 0,\n    \"25\": 0,\n    \"26\": 0,\n    \"27\": 0,\n    \"28\": 0,\n    \"29\": 0,\n    \"30\": 0.01054,\n    \"31\": 0,\n    \"32\": 0,\n    \"33\": 0.00527,\n    \"34\": 0,\n    \"35\": 0,\n    \"36\": 0,\n    \"37\": 0,\n    \"38\": 0,\n    \"39\": 0,\n    \"40\": 0,\n    \"41\": 0,\n    \"42\": 0.00527,\n    \"43\": 0,\n    \"44\": 0,\n    \"45\": 0,\n    \"46\": 0,\n    \"47\": 0.00527,\n    \"48\": 0.00527,\n    \"49\": 0,\n    \"50\": 0.00527,\n    \"51\": 0.00527,\n    \"52\": 0.10544,\n    \"53\": 0,\n    \"54\": 0.00527,\n    \"55\": 0,\n    \"56\": 0.01054,\n    \"57\": 0.00527,\n    \"58\": 0.00527,\n    \"59\": 0,\n    \"60\": 0.00527,\n    \"61\": 0,\n    \"62\": 0,\n    \"63\": 0.00527,\n    \"64\": 0,\n    \"65\": 0.00527,\n    \"66\": 0.00527,\n    \"67\": 0.00527,\n    \"68\": 0.02636,\n    \"69\": 0.00527,\n    \"70\": 0.00527,\n    \"71\": 0.00527,\n    \"72\": 0.01582,\n    \"73\": 0,\n    \"74\": 0.00527,\n    \"75\": 0.00527,\n    \"76\": 0.00527,\n    \"77\": 0.01054,\n    \"78\": 0.06326,\n    \"79\": 0.01054,\n    \"80\": 0.02636,\n    \"81\": 0.07908,\n    \"82\": 0.27414,\n    \"83\": 2.32495,\n    \"84\": 1.6765,\n    \"85\": 0.00527,\n    \"86\": 0,\n    \"3.5\": 0,\n    \"3.6\": 0\n  },\n  D: {\n    \"4\": 0,\n    \"5\": 0,\n    \"6\": 0,\n    \"7\": 0,\n    \"8\": 0,\n    \"9\": 0,\n    \"10\": 0,\n    \"11\": 0,\n    \"12\": 0,\n    \"13\": 0,\n    \"14\": 0,\n    \"15\": 0,\n    \"16\": 0,\n    \"17\": 0,\n    \"18\": 0,\n    \"19\": 0,\n    \"20\": 0,\n    \"21\": 0,\n    \"22\": 0.00527,\n    \"23\": 0,\n    \"24\": 0,\n    \"25\": 0,\n    \"26\": 0.00527,\n    \"27\": 0,\n    \"28\": 0,\n    \"29\": 0,\n    \"30\": 0,\n    \"31\": 0,\n    \"32\": 0,\n    \"33\": 0,\n    \"34\": 0.01582,\n    \"35\": 0,\n    \"36\": 0,\n    \"37\": 0,\n    \"38\": 0.04218,\n    \"39\": 0,\n    \"40\": 0,\n    \"41\": 0,\n    \"42\": 0,\n    \"43\": 0,\n    \"44\": 0,\n    \"45\": 0,\n    \"46\": 0,\n    \"47\": 0.00527,\n    \"48\": 0.00527,\n    \"49\": 0.23197,\n    \"50\": 0,\n    \"51\": 0,\n    \"52\": 0,\n    \"53\": 0.0949,\n    \"54\": 0,\n    \"55\": 0,\n    \"56\": 0,\n    \"57\": 0.00527,\n    \"58\": 0.01054,\n    \"59\": 0,\n    \"60\": 0,\n    \"61\": 0.00527,\n    \"62\": 0,\n    \"63\": 0,\n    \"64\": 0.00527,\n    \"65\": 0.00527,\n    \"66\": 0.01582,\n    \"67\": 0.00527,\n    \"68\": 0.03163,\n    \"69\": 0.01054,\n    \"70\": 0.01582,\n    \"71\": 0.01582,\n    \"72\": 0.00527,\n    \"73\": 0.01054,\n    \"74\": 0.01054,\n    \"75\": 0.00527,\n    \"76\": 0.01054,\n    \"77\": 0.01054,\n    \"78\": 0.03163,\n    \"79\": 0.02109,\n    \"80\": 0.04218,\n    \"81\": 0.04745,\n    \"83\": 0.0369,\n    \"84\": 0.05799,\n    \"85\": 0.0949,\n    \"86\": 2.58855,\n    \"87\": 14.79323,\n    \"88\": 0.01054,\n    \"89\": 0.00527,\n    \"90\": 0\n  },\n  F: {\n    \"9\": 0,\n    \"11\": 0,\n    \"12\": 0,\n    \"15\": 0,\n    \"16\": 0,\n    \"17\": 0,\n    \"18\": 0,\n    \"19\": 0,\n    \"20\": 0,\n    \"21\": 0,\n    \"22\": 0,\n    \"23\": 0,\n    \"24\": 0,\n    \"25\": 0,\n    \"26\": 0,\n    \"27\": 0,\n    \"28\": 0,\n    \"29\": 0,\n    \"30\": 0,\n    \"31\": 0,\n    \"32\": 0,\n    \"33\": 0,\n    \"34\": 0,\n    \"35\": 0,\n    \"36\": 0.01054,\n    \"37\": 0,\n    \"38\": 0,\n    \"39\": 0,\n    \"40\": 0.00527,\n    \"41\": 0,\n    \"42\": 0,\n    \"43\": 0,\n    \"44\": 0,\n    \"45\": 0,\n    \"46\": 0.00527,\n    \"47\": 0,\n    \"48\": 0,\n    \"49\": 0,\n    \"50\": 0.00527,\n    \"51\": 0.00527,\n    \"52\": 0,\n    \"53\": 0,\n    \"54\": 0,\n    \"55\": 0,\n    \"56\": 0,\n    \"57\": 0,\n    \"58\": 0,\n    \"60\": 0,\n    \"62\": 0,\n    \"63\": 0,\n    \"64\": 0,\n    \"65\": 0,\n    \"66\": 0,\n    \"67\": 0,\n    \"68\": 0,\n    \"69\": 0,\n    \"70\": 0,\n    \"71\": 0.12126,\n    \"72\": 0.69063,\n    \"9.5-9.6\": 0,\n    \"10.0-10.1\": 0,\n    \"10.5\": 0,\n    \"10.6\": 0,\n    \"11.1\": 0,\n    \"11.5\": 0,\n    \"11.6\": 0,\n    \"12.1\": 0\n  },\n  E: {\n    \"4\": 0,\n    \"5\": 0,\n    \"6\": 0,\n    \"7\": 0,\n    \"8\": 0,\n    \"9\": 0,\n    \"10\": 0,\n    \"11\": 0,\n    \"12\": 0.00527,\n    \"13\": 0.03163,\n    \"14\": 0.64318,\n    _: \"0\",\n    \"3.1\": 0,\n    \"3.2\": 0,\n    \"5.1\": 0,\n    \"6.1\": 0,\n    \"7.1\": 0,\n    \"9.1\": 0,\n    \"10.1\": 0.00527,\n    \"11.1\": 0.02636,\n    \"12.1\": 0.03163,\n    \"13.1\": 0.1687\n  },\n  G: {\n    \"8\": 0,\n    \"3.2\": 0,\n    \"4.0-4.1\": 0,\n    \"4.2-4.3\": 0,\n    \"5.0-5.1\": 0.00829,\n    \"6.0-6.1\": 0.00138,\n    \"7.0-7.1\": 0.02349,\n    \"8.1-8.4\": 0.10915,\n    \"9.0-9.2\": 0.00276,\n    \"9.3\": 0.0981,\n    \"10.0-10.2\": 0.01796,\n    \"10.3\": 0.11606,\n    \"11.0-11.2\": 0.06908,\n    \"11.3-11.4\": 0.07323,\n    \"12.0-12.1\": 0.07737,\n    \"12.2-12.4\": 0.74195,\n    \"13.0-13.1\": 0.06632,\n    \"13.2\": 0.0304,\n    \"13.3\": 0.23488,\n    \"13.4-13.7\": 1.30982,\n    \"14.0-14.3\": 10.81014\n  },\n  B: {\n    \"12\": 0,\n    \"13\": 0,\n    \"14\": 0.00527,\n    \"15\": 0.01582,\n    \"16\": 0.00527,\n    \"17\": 0.01054,\n    \"18\": 0.0949,\n    \"79\": 0,\n    \"80\": 0,\n    \"81\": 0,\n    \"83\": 0,\n    \"84\": 0.00527,\n    \"85\": 0.01054,\n    \"86\": 0.01582,\n    \"87\": 1.49725\n  },\n  I: {\n    \"3\": 0,\n    \"4\": 0,\n    \"81\": 0,\n    \"2.1\": 0,\n    \"2.2\": 0,\n    \"2.3\": 0,\n    \"4.1\": 0.01073,\n    \"4.2-4.3\": 0.03397,\n    \"4.4\": 0,\n    \"4.4.3-4.4.4\": 0.18949\n  },\n  P: {\n    \"4\": 0.53319,\n    \"5.0-5.4\": 0,\n    \"6.2-6.4\": 0,\n    \"7.2-7.4\": 0.02051,\n    \"8.2\": 0,\n    \"9.2\": 0.04101,\n    \"10.1\": 0.04101,\n    \"11.1-11.2\": 0.10254,\n    \"12.0\": 0.25634,\n    \"13.0\": 2.34809\n  },\n  K: {\n    _: \"0 10 11 12 11.1 11.5 12.1\"\n  },\n  A: {\n    \"6\": 0,\n    \"7\": 0,\n    \"8\": 0.00556,\n    \"9\": 0,\n    \"10\": 0,\n    \"11\": 0.20005,\n    \"5.5\": 0\n  },\n  N: {\n    \"10\": 0,\n    \"11\": 0\n  },\n  J: {\n    \"7\": 0,\n    \"10\": 0.00473\n  },\n  O: {\n    \"0\": 0.07565\n  },\n  H: {\n    \"0\": 0.40733\n  },\n  L: {\n    \"0\": 52.32263\n  },\n  S: {\n    \"2.5\": 0\n  },\n  R: {\n    _: \"0\"\n  },\n  M: {\n    \"0\": 0.3215\n  },\n  Q: {\n    \"10.4\": 0\n  }\n};","map":{"version":3,"sources":["/Users/bruceseymour/ra-video/client/node_modules/caniuse-lite/data/regions/HU.js"],"names":["module","exports","C","D","F","E","_","G","B","I","P","K","A","N","J","O","H","L","S","R","M","Q"],