{"ast":null,"code":"module.exports = {\n  C: {\n    \"2\": 0,\n    \"3\": 0,\n    \"4\": 0,\n    \"5\": 0,\n    \"6\": 0,\n    \"7\": 0,\n    \"8\": 0,\n    \"9\": 0,\n    \"10\": 0,\n    \"11\": 0,\n    \"12\": 0,\n    \"13\": 0,\n    \"14\": 0,\n    \"15\": 0,\n    \"16\": 0,\n    \"17\": 0,\n    \"18\": 0,\n    \"19\": 0,\n    \"20\": 0,\n    \"21\": 0,\n    \"22\": 0,\n    \"23\": 0,\n    \"24\": 0,\n    \"25\": 0,\n    \"26\": 0,\n    \"27\": 0,\n    \"28\": 0,\n    \"29\": 0,\n    \"30\": 0.01225,\n    \"31\": 0,\n    \"32\": 0.00613,\n    \"33\": 0,\n    \"34\": 0,\n    \"35\": 0,\n    \"36\": 0,\n    \"37\": 0.00613,\n    \"38\": 0,\n    \"39\": 0,\n    \"40\": 0,\n    \"41\": 0,\n    \"42\": 0,\n    \"43\": 0,\n    \"44\": 0,\n    \"45\": 0,\n    \"46\": 0.00613,\n    \"47\": 0,\n    \"48\": 0.01225,\n    \"49\": 0.01838,\n    \"50\": 0,\n    \"51\": 0,\n    \"52\": 0.12865,\n    \"53\": 0,\n    \"54\": 0,\n    \"55\": 0,\n    \"56\": 0.0245,\n    \"57\": 0,\n    \"58\": 0.00613,\n    \"59\": 0,\n    \"60\": 0.01225,\n    \"61\": 0,\n    \"62\": 0,\n    \"63\": 0,\n    \"64\": 0.00613,\n    \"65\": 0.00613,\n    \"66\": 0.00613,\n    \"67\": 0.00613,\n    \"68\": 0.03676,\n    \"69\": 0,\n    \"70\": 0.00613,\n    \"71\": 0.01225,\n    \"72\": 0.07351,\n    \"73\": 0.01225,\n    \"74\": 0.01225,\n    \"75\": 0.00613,\n    \"76\": 0.06739,\n    \"77\": 0.00613,\n    \"78\": 0.12865,\n    \"79\": 0.01225,\n    \"80\": 0.10414,\n    \"81\": 0.06126,\n    \"82\": 0.11027,\n    \"83\": 2.39527,\n    \"84\": 1.62339,\n    \"85\": 0.01838,\n    \"86\": 0,\n    \"3.5\": 0,\n    \"3.6\": 0\n  },\n  D: {\n    \"4\": 0,\n    \"5\": 0,\n    \"6\": 0,\n    \"7\": 0,\n    \"8\": 0,\n    \"9\": 0,\n    \"10\": 0,\n    \"11\": 0,\n    \"12\": 0,\n    \"13\": 0,\n    \"14\": 0,\n    \"15\": 0,\n    \"16\": 0,\n    \"17\": 0,\n    \"18\": 0,\n    \"19\": 0,\n    \"20\": 0,\n    \"21\": 0,\n    \"22\": 0,\n    \"23\": 0,\n    \"24\": 0,\n    \"25\": 0,\n    \"26\": 0,\n    \"27\": 0,\n    \"28\": 0,\n    \"29\": 0,\n    \"30\": 0,\n    \"31\": 0.01225,\n    \"32\": 0,\n    \"33\": 0,\n    \"34\": 0,\n    \"35\": 0,\n    \"36\": 0,\n    \"37\": 0,\n    \"38\": 0.00613,\n    \"39\": 0,\n    \"40\": 0.01225,\n    \"41\": 0.00613,\n    \"42\": 0,\n    \"43\": 0,\n    \"44\": 0,\n    \"45\": 0,\n    \"46\": 0.03063,\n    \"47\": 0,\n    \"48\": 0.00613,\n    \"49\": 0.3063,\n    \"50\": 0,\n    \"51\": 0,\n    \"52\": 0,\n    \"53\": 0.01838,\n    \"54\": 0,\n    \"55\": 0,\n    \"56\": 0,\n    \"57\": 0.01225,\n    \"58\": 0.00613,\n    \"59\": 0,\n    \"60\": 0,\n    \"61\": 0.07351,\n    \"62\": 0,\n    \"63\": 0.00613,\n    \"64\": 0.00613,\n    \"65\": 0.00613,\n    \"66\": 0.01838,\n    \"67\": 0.01838,\n    \"68\": 0.00613,\n    \"69\": 0.04901,\n    \"70\": 0.01838,\n    \"71\": 0.03063,\n    \"72\": 0.0245,\n    \"73\": 0.01838,\n    \"74\": 0.0245,\n    \"75\": 0.03063,\n    \"76\": 0.01838,\n    \"77\": 0.01838,\n    \"78\": 0.04901,\n    \"79\": 0.07351,\n    \"80\": 0.07351,\n    \"81\": 0.05513,\n    \"83\": 0.06739,\n    \"84\": 0.20216,\n    \"85\": 0.19603,\n    \"86\": 3.80425,\n    \"87\": 19.75635,\n    \"88\": 0.0245,\n    \"89\": 0.01838,\n    \"90\": 0\n  },\n  F: {\n    \"9\": 0,\n    \"11\": 0,\n    \"12\": 0,\n    \"15\": 0,\n    \"16\": 0,\n    \"17\": 0,\n    \"18\": 0,\n    \"19\": 0,\n    \"20\": 0,\n    \"21\": 0,\n    \"22\": 0,\n    \"23\": 0,\n    \"24\": 0,\n    \"25\": 0,\n    \"26\": 0,\n    \"27\": 0,\n    \"28\": 0,\n    \"29\": 0,\n    \"30\": 0,\n    \"31\": 0,\n    \"32\": 0,\n    \"33\": 0,\n    \"34\": 0,\n    \"35\": 0,\n    \"36\": 0.00613,\n    \"37\": 0,\n    \"38\": 0,\n    \"39\": 0,\n    \"40\": 0,\n    \"41\": 0,\n    \"42\": 0,\n    \"43\": 0,\n    \"44\": 0,\n    \"45\": 0,\n    \"46\": 0,\n    \"47\": 0,\n    \"48\": 0,\n    \"49\": 0,\n    \"50\": 0,\n    \"51\": 0,\n    \"52\": 0,\n    \"53\": 0,\n    \"54\": 0,\n    \"55\": 0.00613,\n    \"56\": 0,\n    \"57\": 0,\n    \"58\": 0.00613,\n    \"60\": 0,\n    \"62\": 0,\n    \"63\": 0,\n    \"64\": 0,\n    \"65\": 0,\n    \"66\": 0,\n    \"67\": 0,\n    \"68\": 0,\n    \"69\": 0,\n    \"70\": 0,\n    \"71\": 0.26342,\n    \"72\": 0.97403,\n    \"9.5-9.6\": 0,\n    \"10.0-10.1\": 0,\n    \"10.5\": 0,\n    \"10.6\": 0,\n    \"11.1\": 0,\n    \"11.5\": 0,\n    \"11.6\": 0,\n    \"12.1\": 0\n  },\n  E: {\n    \"4\": 0,\n    \"5\": 0,\n    \"6\": 0,\n    \"7\": 0,\n    \"8\": 0,\n    \"9\": 0,\n    \"10\": 0,\n    \"11\": 0.01225,\n    \"12\": 0.01838,\n    \"13\": 0.06739,\n    \"14\": 1.44574,\n    _: \"0\",\n    \"3.1\": 0,\n    \"3.2\": 0,\n    \"5.1\": 0.00613,\n    \"6.1\": 0,\n    \"7.1\": 0,\n    \"9.1\": 0,\n    \"10.1\": 0.0245,\n    \"11.1\": 0.05513,\n    \"12.1\": 0.11639,\n    \"13.1\": 0.43495\n  },\n  G: {\n    \"8\": 0,\n    \"3.2\": 0,\n    \"4.0-4.1\": 0,\n    \"4.2-4.3\": 0,\n    \"5.0-5.1\": 0,\n    \"6.0-6.1\": 0,\n    \"7.0-7.1\": 0.02232,\n    \"8.1-8.4\": 0.0271,\n    \"9.0-9.2\": 0.0271,\n    \"9.3\": 0.0813,\n    \"10.0-10.2\": 0.01275,\n    \"10.3\": 0.1594,\n    \"11.0-11.2\": 0.05739,\n    \"11.3-11.4\": 0.09883,\n    \"12.0-12.1\": 0.11477,\n    \"12.2-12.4\": 0.86079,\n    \"13.0-13.1\": 0.06376,\n    \"13.2\": 0.06695,\n    \"13.3\": 0.40329,\n    \"13.4-13.7\": 1.81722,\n    \"14.0-14.3\": 12.09405\n  },\n  B: {\n    \"12\": 0,\n    \"13\": 0,\n    \"14\": 0.00613,\n    \"15\": 0.00613,\n    \"16\": 0.01225,\n    \"17\": 0.00613,\n    \"18\": 0.07351,\n    \"79\": 0,\n    \"80\": 0,\n    \"81\": 0,\n    \"83\": 0,\n    \"84\": 0.00613,\n    \"85\": 0.01225,\n    \"86\": 0.07351,\n    \"87\": 2.16248\n  },\n  I: {\n    \"3\": 0,\n    \"4\": 0.0026,\n    \"81\": 0,\n    \"2.1\": 0,\n    \"2.2\": 0,\n    \"2.3\": 0,\n    \"4.1\": 0.01559,\n    \"4.2-4.3\": 0.02599,\n    \"4.4\": 0,\n    \"4.4.3-4.4.4\": 0.19231\n  },\n  P: {\n    \"4\": 0.09181,\n    \"5.0-5.4\": 0,\n    \"6.2-6.4\": 0,\n    \"7.2-7.4\": 0.0102,\n    \"8.2\": 0,\n    \"9.2\": 0.0408,\n    \"10.1\": 0.0408,\n    \"11.1-11.2\": 0.14281,\n    \"12.0\": 0.57125,\n    \"13.0\": 3.46832\n  },\n  K: {\n    _: \"0 10 11 12 11.1 11.5 12.1\"\n  },\n  A: {\n    \"6\": 0,\n    \"7\": 0,\n    \"8\": 0.01875,\n    \"9\": 0,\n    \"10\": 0.00625,\n    \"11\": 0.2813,\n    \"5.5\": 0\n  },\n  N: {\n    \"10\": 0,\n    \"11\": 0\n  },\n  J: {\n    \"7\": 0,\n    \"10\": 0\n  },\n  O: {\n    \"0\": 0.09298\n  },\n  H: {\n    \"0\": 0.35943\n  },\n  L: {\n    \"0\": 38.58282\n  },\n  S: {\n    \"2.5\": 0\n  },\n  R: {\n    _: \"0\"\n  },\n  M: {\n    \"0\": 0.25956\n  },\n  Q: {\n    \"10.4\": 0\n  }\n};","map":{"version":3,"sources":["/Users/bruceseymour/ra-video/client/node_modules/caniuse-lite/data/regions/LV.js"],"names":["module","exports","C","D","F","E","_","G","B","I","P","K","A","N","J","O","H","L","S","R","M","Q"],