{"ast":null,"code":"module.exports = {\n  C: {\n    \"2\": 0.0295,\n    \"3\": 0.02212,\n    \"4\": 0.00737,\n    \"5\": 0.00737,\n    \"6\": 0,\n    \"7\": 0,\n    \"8\": 0,\n    \"9\": 0,\n    \"10\": 0,\n    \"11\": 0,\n    \"12\": 0,\n    \"13\": 0,\n    \"14\": 0,\n    \"15\": 0,\n    \"16\": 0,\n    \"17\": 0,\n    \"18\": 0,\n    \"19\": 0,\n    \"20\": 0,\n    \"21\": 0,\n    \"22\": 0,\n    \"23\": 0,\n    \"24\": 0,\n    \"25\": 0,\n    \"26\": 0,\n    \"27\": 0,\n    \"28\": 0,\n    \"29\": 0,\n    \"30\": 0.00737,\n    \"31\": 0,\n    \"32\": 0,\n    \"33\": 0,\n    \"34\": 0,\n    \"35\": 0,\n    \"36\": 0,\n    \"37\": 0,\n    \"38\": 0,\n    \"39\": 0,\n    \"40\": 0.00737,\n    \"41\": 0,\n    \"42\": 0,\n    \"43\": 0,\n    \"44\": 0.00737,\n    \"45\": 0.0295,\n    \"46\": 0,\n    \"47\": 0.00737,\n    \"48\": 0.00737,\n    \"49\": 0.00737,\n    \"50\": 0.01475,\n    \"51\": 0.00737,\n    \"52\": 0.1696,\n    \"53\": 0.00737,\n    \"54\": 0.01475,\n    \"55\": 0.00737,\n    \"56\": 0.14011,\n    \"57\": 0.00737,\n    \"58\": 0.00737,\n    \"59\": 0,\n    \"60\": 0.02212,\n    \"61\": 0.01475,\n    \"62\": 0.00737,\n    \"63\": 0.01475,\n    \"64\": 0.01475,\n    \"65\": 0.01475,\n    \"66\": 0.01475,\n    \"67\": 0.00737,\n    \"68\": 0.0295,\n    \"69\": 0.00737,\n    \"70\": 0.01475,\n    \"71\": 0.00737,\n    \"72\": 0.02212,\n    \"73\": 0,\n    \"74\": 0.0295,\n    \"75\": 0.00737,\n    \"76\": 0.00737,\n    \"77\": 0.01475,\n    \"78\": 0.08849,\n    \"79\": 0.02212,\n    \"80\": 0.06637,\n    \"81\": 0.05162,\n    \"82\": 0.05899,\n    \"83\": 0.98074,\n    \"84\": 0.67103,\n    \"85\": 0.00737,\n    \"86\": 0,\n    \"3.5\": 0.00737,\n    \"3.6\": 0.02212\n  },\n  D: {\n    \"4\": 0.0295,\n    \"5\": 0.00737,\n    \"6\": 0,\n    \"7\": 0,\n    \"8\": 0,\n    \"9\": 0,\n    \"10\": 0.00737,\n    \"11\": 0,\n    \"12\": 0,\n    \"13\": 0,\n    \"14\": 0,\n    \"15\": 0,\n    \"16\": 0,\n    \"17\": 0,\n    \"18\": 0.00737,\n    \"19\": 0,\n    \"20\": 0,\n    \"21\": 0,\n    \"22\": 0,\n    \"23\": 0,\n    \"24\": 0,\n    \"25\": 0,\n    \"26\": 0.00737,\n    \"27\": 0,\n    \"28\": 0,\n    \"29\": 0,\n    \"30\": 0,\n    \"31\": 0,\n    \"32\": 0,\n    \"33\": 0,\n    \"34\": 0,\n    \"35\": 0,\n    \"36\": 0,\n    \"37\": 0,\n    \"38\": 0.00737,\n    \"39\": 0,\n    \"40\": 0.00737,\n    \"41\": 0.00737,\n    \"42\": 0,\n    \"43\": 0,\n    \"44\": 0,\n    \"45\": 0,\n    \"46\": 0,\n    \"47\": 0.00737,\n    \"48\": 0.02212,\n    \"49\": 0.29496,\n    \"50\": 0,\n    \"51\": 0.07374,\n    \"52\": 0,\n    \"53\": 0.01475,\n    \"54\": 0.00737,\n    \"55\": 0.00737,\n    \"56\": 0.00737,\n    \"57\": 0.00737,\n    \"58\": 0.00737,\n    \"59\": 0.03687,\n    \"60\": 0.00737,\n    \"61\": 0.08111,\n    \"62\": 0.00737,\n    \"63\": 0.01475,\n    \"64\": 0.02212,\n    \"65\": 0.00737,\n    \"66\": 0.00737,\n    \"67\": 0.0295,\n    \"68\": 0.01475,\n    \"69\": 0.23597,\n    \"70\": 0.08111,\n    \"71\": 0.12536,\n    \"72\": 0.11061,\n    \"73\": 0.06637,\n    \"74\": 1.49692,\n    \"75\": 0.0295,\n    \"76\": 0.08111,\n    \"77\": 0.02212,\n    \"78\": 1.05448,\n    \"79\": 1.62965,\n    \"80\": 0.99549,\n    \"81\": 1.22408,\n    \"83\": 1.22408,\n    \"84\": 1.41581,\n    \"85\": 8.08928,\n    \"86\": 3.05284,\n    \"87\": 13.99585,\n    \"88\": 0.02212,\n    \"89\": 0.0295,\n    \"90\": 0\n  },\n  F: {\n    \"9\": 0,\n    \"11\": 0.00737,\n    \"12\": 0,\n    \"15\": 0,\n    \"16\": 0,\n    \"17\": 0,\n    \"18\": 0,\n    \"19\": 0,\n    \"20\": 0,\n    \"21\": 0,\n    \"22\": 0,\n    \"23\": 0,\n    \"24\": 0,\n    \"25\": 0,\n    \"26\": 0,\n    \"27\": 0,\n    \"28\": 0.00737,\n    \"29\": 0,\n    \"30\": 0,\n    \"31\": 0,\n    \"32\": 0,\n    \"33\": 0,\n    \"34\": 0,\n    \"35\": 0,\n    \"36\": 0.05162,\n    \"37\": 0,\n    \"38\": 0,\n    \"39\": 0,\n    \"40\": 0,\n    \"41\": 0,\n    \"42\": 0,\n    \"43\": 0,\n    \"44\": 0,\n    \"45\": 0,\n    \"46\": 0,\n    \"47\": 0.00737,\n    \"48\": 0,\n    \"49\": 0,\n    \"50\": 0.00737,\n    \"51\": 0.00737,\n    \"52\": 0,\n    \"53\": 0.00737,\n    \"54\": 0.00737,\n    \"55\": 0.00737,\n    \"56\": 0.00737,\n    \"57\": 0.00737,\n    \"58\": 0.01475,\n    \"60\": 0.01475,\n    \"62\": 0,\n    \"63\": 0,\n    \"64\": 0,\n    \"65\": 0,\n    \"66\": 0,\n    \"67\": 0.01475,\n    \"68\": 0.02212,\n    \"69\": 0.00737,\n    \"70\": 0.01475,\n    \"71\": 0.58255,\n    \"72\": 2.00573,\n    \"9.5-9.6\": 0.00737,\n    \"10.0-10.1\": 0,\n    \"10.5\": 0,\n    \"10.6\": 0,\n    \"11.1\": 0,\n    \"11.5\": 0,\n    \"11.6\": 0,\n    \"12.1\": 0.02212\n  },\n  E: {\n    \"4\": 0.00737,\n    \"5\": 0.00737,\n    \"6\": 0,\n    \"7\": 0,\n    \"8\": 0,\n    \"9\": 0,\n    \"10\": 0,\n    \"11\": 0.00737,\n    \"12\": 0.01475,\n    \"13\": 0.11061,\n    \"14\": 0.92912,\n    _: \"0\",\n    \"3.1\": 0.00737,\n    \"3.2\": 0,\n    \"5.1\": 0.34658,\n    \"6.1\": 0,\n    \"7.1\": 0,\n    \"9.1\": 0.00737,\n    \"10.1\": 0.00737,\n    \"11.1\": 0.0295,\n    \"12.1\": 0.05899,\n    \"13.1\": 0.31708\n  },\n  G: {\n    \"8\": 0.00106,\n    \"3.2\": 0,\n    \"4.0-4.1\": 0,\n    \"4.2-4.3\": 0,\n    \"5.0-5.1\": 0.00425,\n    \"6.0-6.1\": 0.01063,\n    \"7.0-7.1\": 0.01808,\n    \"8.1-8.4\": 0.0202,\n    \"9.0-9.2\": 0.03403,\n    \"9.3\": 0.13611,\n    \"10.0-10.2\": 0.03084,\n    \"10.3\": 0.17439,\n    \"11.0-11.2\": 0.07869,\n    \"11.3-11.4\": 0.12016,\n    \"12.0-12.1\": 0.15206,\n    \"12.2-12.4\": 0.91238,\n    \"13.0-13.1\": 0.1074,\n    \"13.2\": 0.05211,\n    \"13.3\": 0.32965,\n    \"13.4-13.7\": 1.31327,\n    \"14.0-14.3\": 7.11508\n  },\n  B: {\n    \"12\": 0,\n    \"13\": 0.00737,\n    \"14\": 0.00737,\n    \"15\": 0.00737,\n    \"16\": 0.00737,\n    \"17\": 0.01475,\n    \"18\": 0.12536,\n    \"79\": 0,\n    \"80\": 0.00737,\n    \"81\": 0,\n    \"83\": 0.00737,\n    \"84\": 0.01475,\n    \"85\": 0.01475,\n    \"86\": 0.02212,\n    \"87\": 0.87013\n  },\n  I: {\n    \"3\": 0,\n    \"4\": 0.0024,\n    \"81\": 0,\n    \"2.1\": 0,\n    \"2.2\": 0,\n    \"2.3\": 0,\n    \"4.1\": 0.0072,\n    \"4.2-4.3\": 0.02879,\n    \"4.4\": 0,\n    \"4.4.3-4.4.4\": 0.15837\n  },\n  P: {\n    \"4\": 0.06179,\n    \"5.0-5.4\": 0.0103,\n    \"6.2-6.4\": 0,\n    \"7.2-7.4\": 0.03089,\n    \"8.2\": 0.0103,\n    \"9.2\": 0.0206,\n    \"10.1\": 0.0206,\n    \"11.1-11.2\": 0.06179,\n    \"12.0\": 0.16477,\n    \"13.0\": 0.66937\n  },\n  K: {\n    _: \"0 10 11 12 11.1 11.5 12.1\"\n  },\n  A: {\n    \"6\": 0.00831,\n    \"7\": 0.00831,\n    \"8\": 0.05816,\n    \"9\": 0.01662,\n    \"10\": 0.01662,\n    \"11\": 0.48191,\n    \"5.5\": 0\n  },\n  N: {\n    \"10\": 0,\n    \"11\": 0\n  },\n  J: {\n    \"7\": 0,\n    \"10\": 0\n  },\n  O: {\n    \"0\": 0.27836\n  },\n  H: {\n    \"0\": 0.47236\n  },\n  L: {\n    \"0\": 27.8736\n  },\n  S: {\n    \"2.5\": 0\n  },\n  R: {\n    _: \"0\"\n  },\n  M: {\n    \"0\": 0.11554\n  },\n  Q: {\n    \"10.4\": 0.01313\n  }\n};","map":{"version":3,"sources":["/Users/bruceseymour/ra-video/client/node_modules/caniuse-lite/data/regions/RU.js"],"names":["module","exports","C","D","F","E","_","G","B","I","P","K","A","N","J","O","H","L","S","R","M","Q"],