{"ast":null,"code":"module.exports = {\n  C: {\n    \"52\": 0.01881,\n    \"63\": 0.0094,\n    \"64\": 0.0047,\n    \"65\": 0.0094,\n    \"66\": 0.0047,\n    \"72\": 0.0047,\n    \"78\": 0.01881,\n    \"79\": 0.0094,\n    \"80\": 0.0094,\n    \"81\": 0.01411,\n    \"82\": 0.01411,\n    \"83\": 0.34795,\n    \"84\": 0.26331,\n    \"85\": 0.0094,\n    \"86\": 0.0047,\n    _: \"2 3 4 5 6 7 8 9 10 11 12 13 14 15 16 17 18 19 20 21 22 23 24 25 26 27 28 29 30 31 32 33 34 35 36 37 38 39 40 41 42 43 44 45 46 47 48 49 50 51 53 54 55 56 57 58 59 60 61 62 67 68 69 70 71 73 74 75 76 77 3.5 3.6\"\n  },\n  D: {\n    \"31\": 0.4655,\n    \"42\": 0.03291,\n    \"49\": 0.07053,\n    \"53\": 0.0047,\n    \"56\": 0.0094,\n    \"59\": 0.0047,\n    \"62\": 0.0047,\n    \"63\": 0.0094,\n    \"64\": 0.0094,\n    \"65\": 0.0094,\n    \"66\": 0.0047,\n    \"67\": 0.0094,\n    \"68\": 0.07523,\n    \"69\": 0.01411,\n    \"70\": 0.05172,\n    \"71\": 0.06113,\n    \"72\": 0.05172,\n    \"73\": 0.03291,\n    \"74\": 0.02351,\n    \"75\": 0.01411,\n    \"76\": 0.01881,\n    \"77\": 0.13636,\n    \"78\": 0.02351,\n    \"79\": 0.03762,\n    \"80\": 0.08934,\n    \"81\": 0.04702,\n    \"83\": 0.08464,\n    \"84\": 0.11755,\n    \"85\": 0.14576,\n    \"86\": 4.35875,\n    \"87\": 24.53974,\n    \"88\": 0.01411,\n    \"89\": 0.0094,\n    _: \"4 5 6 7 8 9 10 11 12 13 14 15 16 17 18 19 20 21 22 23 24 25 26 27 28 29 30 32 33 34 35 36 37 38 39 40 41 43 44 45 46 47 48 50 51 52 54 55 57 58 60 61 90\"\n  },\n  F: {\n    \"58\": 0.0094,\n    \"71\": 0.0047,\n    \"72\": 0.12225,\n    _: \"9 11 12 15 16 17 18 19 20 21 22 23 24 25 26 27 28 29 30 31 32 33 34 35 36 37 38 39 40 41 42 43 44 45 46 47 48 49 50 51 52 53 54 55 56 57 60 62 63 64 65 66 67 68 69 70 9.5-9.6 10.5 10.6 11.1 11.5 11.6 12.1\",\n    \"10.0-10.1\": 0\n  },\n  E: {\n    \"4\": 0,\n    \"8\": 0.01411,\n    \"12\": 0.0094,\n    \"13\": 0.04232,\n    \"14\": 0.78053,\n    _: \"0 5 6 7 9 10 11 3.1 3.2 5.1 6.1 7.1 9.1 10.1\",\n    \"11.1\": 0.01881,\n    \"12.1\": 0.03291,\n    \"13.1\": 0.18338\n  },\n  G: {\n    \"8\": 0,\n    \"3.2\": 0,\n    \"4.0-4.1\": 0,\n    \"4.2-4.3\": 0,\n    \"5.0-5.1\": 0,\n    \"6.0-6.1\": 0.0024,\n    \"7.0-7.1\": 0.0012,\n    \"8.1-8.4\": 0,\n    \"9.0-9.2\": 0.14644,\n    \"9.3\": 0.02521,\n    \"10.0-10.2\": 0.0048,\n    \"10.3\": 0.018,\n    \"11.0-11.2\": 0.02281,\n    \"11.3-11.4\": 0.02641,\n    \"12.0-12.1\": 0.05041,\n    \"12.2-12.4\": 0.23766,\n    \"13.0-13.1\": 0.14524,\n    \"13.2\": 0.02641,\n    \"13.3\": 0.19205,\n    \"13.4-13.7\": 1.10308,\n    \"14.0-14.3\": 9.99256\n  },\n  B: {\n    \"13\": 0.0047,\n    \"14\": 0.0094,\n    \"15\": 0.0047,\n    \"16\": 0.0094,\n    \"17\": 0.02351,\n    \"18\": 0.14106,\n    \"84\": 0.01411,\n    \"85\": 0.01411,\n    \"86\": 0.12225,\n    \"87\": 4.91359,\n    _: \"12 79 80 81 83\"\n  },\n  I: {\n    \"3\": 0,\n    \"4\": 0,\n    \"81\": 0,\n    \"2.1\": 0,\n    \"2.2\": 0,\n    \"2.3\": 0,\n    \"4.1\": 0,\n    \"4.2-4.3\": 0.00408,\n    \"4.4\": 0,\n    \"4.4.3-4.4.4\": 0.02771\n  },\n  P: {\n    \"4\": 2.30036,\n    \"5.0-5.4\": 0.03043,\n    \"6.2-6.4\": 0.03095,\n    \"7.2-7.4\": 0.02028,\n    \"8.2\": 0.04057,\n    \"9.2\": 0.12171,\n    \"10.1\": 0.15213,\n    \"11.1-11.2\": 0.24341,\n    \"12.0\": 1.16636,\n    \"13.0\": 11.36945\n  },\n  K: {\n    _: \"0 10 11 12 11.1 11.5 12.1\"\n  },\n  A: {\n    \"6\": 0.00479,\n    \"8\": 0.01917,\n    \"9\": 0.03355,\n    \"10\": 0.01438,\n    \"11\": 5.85262,\n    _: \"7 5.5\"\n  },\n  N: {\n    \"10\": 0,\n    \"11\": 0\n  },\n  J: {\n    \"7\": 0,\n    \"10\": 0\n  },\n  O: {\n    \"0\": 0.10066\n  },\n  H: {\n    \"0\": 0.16552\n  },\n  L: {\n    \"0\": 20.98128\n  },\n  S: {\n    \"2.5\": 0\n  },\n  R: {\n    _: \"0\"\n  },\n  M: {\n    \"0\": 0.14305\n  },\n  Q: {\n    \"10.4\": 0.01589\n  }\n};","map":{"version":3,"sources":["/Users/bruceseymour/ra-video/client/node_modules/caniuse-lite/data/regions/KR.js"],"names":["module","exports","C","_","D","F","E","G","B","I","P","K","A","N","J","O","H","L","S","R","M","Q"],"mappings":"AAAAA,MAAM,CAACC,OAAP,GAAe;AAACC,EAAAA,CAAC,EAAC;AAAC,UAAK,OAAN;AAAc,UAAK,MAAnB;AAA0B,UAAK,MAA/B;AAAsC,UAAK,MAA3C;AAAkD,UAAK,MAAvD;AAA8D,UAAK,MAAnE;AAA0E,UAAK,OAA/E;AAAuF,UAAK,MAA5F;AAAmG,UAAK,MAAxG;AAA+G,UAAK,OAApH;AAA4H,UAAK,OAAjI;AAAyI,UAAK,OAA9I;AAAsJ,UAAK,OAA3J;AAAmK,UAAK,MAAxK;AAA+K,UAAK,MAApL;AAA2LC,IAAAA,CAAC,EAAC;AAA7L,GAAH;AAAqZC,EAAAA,CAAC,EAAC;AAAC,UAAK,MAAN;AAAa,UAAK,OAAlB;AAA0B,UAAK,OAA/B;AAAuC,UAAK,MAA5C;AAAmD,UAAK,MAAxD;AAA+D,UAAK,MAApE;AAA2E,UAAK,MAAhF;AAAuF,UAAK,MAA5F;AAAmG,UAAK,MAAxG;AAA+G,UAAK,MAApH;AAA2H,UAAK,MAAhI;AAAuI,UAAK,MAA5I;AAAmJ,UAAK,OAAxJ;AAAgK,UAAK,OAArK;AAA6K,UAAK,OAAlL;AAA0L,UAAK,OAA/L;AAAuM,UAAK,OAA5M;AAAoN,UAAK,OAAzN;AAAiO,UAAK,OAAtO;AAA8O,UAAK,OAAnP;AAA2P,UAAK,OAAhQ;AAAwQ,UAAK,OAA7Q;AAAqR,UAAK,OAA1R;AAAkS,UAAK,OAAvS;AAA+S,UAAK,OAApT;AAA4T,UAAK,OAAjU;AAAyU,UAAK,OAA9U;AAAsV,UAAK,OAA3V;AAAmW,UAAK,OAAxW;AAAgX,UAAK,OAArX;AAA6X,UAAK,QAAlY;AAA2Y,UAAK,OAAhZ;AAAwZ,UAAK,MAA7Z;AAAoaD,IAAAA,CAAC,EAAC;AAAta,GAAvZ;AAAy9BE,EAAAA,CAAC,EAAC;AAAC,UAAK,MAAN;AAAa,UAAK,MAAlB;AAAyB,UAAK,OAA9B;AAAsCF,IAAAA,CAAC,EAAC,8MAAxC;AAAuP,iBAAY;AAAnQ,GAA39B;AAAiuCG,EAAAA,CAAC,EAAC;AAAC,SAAI,CAAL;AAAO,SAAI,OAAX;AAAmB,UAAK,MAAxB;AAA+B,UAAK,OAApC;AAA4C,UAAK,OAAjD;AAAyDH,IAAAA,CAAC,EAAC,8CAA3D;AAA0G,YAAO,OAAjH;AAAyH,YAAO,OAAhI;AAAwI,YAAO;AAA/I,GAAnuC;AAA23CI,EAAAA,CAAC,EAAC;AAAC,SAAI,CAAL;AAAO,WAAM,CAAb;AAAe,eAAU,CAAzB;AAA2B,eAAU,CAArC;AAAuC,eAAU,CAAjD;AAAmD,eAAU,MAA7D;AAAoE,eAAU,MAA9E;AAAqF,eAAU,CAA/F;AAAiG,eAAU,OAA3G;AAAmH,WAAM,OAAzH;AAAiI,iBAAY,MAA7I;AAAoJ,YAAO,KAA3J;AAAiK,iBAAY,OAA7K;AAAqL,iBAAY,OAAjM;AAAyM,iBAAY,OAArN;AAA6N,iBAAY,OAAzO;AAAiP,iBAAY,OAA7P;AAAqQ,YAAO,OAA5Q;AAAoR,YAAO,OAA3R;AAAmS,iBAAY,OAA/S;AAAuT,iBAAY;AAAnU,GAA73C;AAAysDC,EAAAA,CAAC,EAAC;AAAC,UAAK,MAAN;AAAa,UAAK,MAAlB;AAAyB,UAAK,MAA9B;AAAqC,UAAK,MAA1C;AAAiD,UAAK,OAAtD;AAA8D,UAAK,OAAnE;AAA2E,UAAK,OAAhF;AAAwF,UAAK,OAA7F;AAAqG,UAAK,OAA1G;AAAkH,UAAK,OAAvH;AAA+HL,IAAAA,CAAC,EAAC;AAAjI,GAA3sD;AAA81DM,EAAAA,CAAC,EAAC;AAAC,SAAI,CAAL;AAAO,SAAI,CAAX;AAAa,UAAK,CAAlB;AAAoB,WAAM,CAA1B;AAA4B,WAAM,CAAlC;AAAoC,WAAM,CAA1C;AAA4C,WAAM,CAAlD;AAAoD,eAAU,OAA9D;AAAsE,WAAM,CAA5E;AAA8E,mBAAc;AAA5F,GAAh2D;AAAq8DC,EAAAA,CAAC,EAAC;AAAC,SAAI,OAAL;AAAa,eAAU,OAAvB;AAA+B,eAAU,OAAzC;AAAiD,eAAU,OAA3D;AAAmE,WAAM,OAAzE;AAAiF,WAAM,OAAvF;AAA+F,YAAO,OAAtG;AAA8G,iBAAY,OAA1H;AAAkI,YAAO,OAAzI;AAAiJ,YAAO;AAAxJ,GAAv8D;AAAymEC,EAAAA,CAAC,EAAC;AAACR,IAAAA,CAAC,EAAC;AAAH,GAA3mE;AAA2oES,EAAAA,CAAC,EAAC;AAAC,SAAI,OAAL;AAAa,SAAI,OAAjB;AAAyB,SAAI,OAA7B;AAAqC,UAAK,OAA1C;AAAkD,UAAK,OAAvD;AAA+DT,IAAAA,CAAC,EAAC;AAAjE,GAA7oE;AAAutEU,EAAAA,CAAC,EAAC;AAAC,UAAK,CAAN;AAAQ,UAAK;AAAb,GAAztE;AAAyuEC,EAAAA,CAAC,EAAC;AAAC,SAAI,CAAL;AAAO,UAAK;AAAZ,GAA3uE;AAA0vEC,EAAAA,CAAC,EAAC;AAAC,SAAI;AAAL,GAA5vE;AAA0wEC,EAAAA,CAAC,EAAC;AAAC,SAAI;AAAL,GAA5wE;AAA0xEC,EAAAA,CAAC,EAAC;AAAC,SAAI;AAAL,GAA5xE;AAA2yEC,EAAAA,CAAC,EAAC;AAAC,WAAM;AAAP,GAA7yE;AAAuzEC,EAAAA,CAAC,EAAC;AAAChB,IAAAA,CAAC,EAAC;AAAH,GAAzzE;AAAi0EiB,EAAAA,CAAC,EAAC;AAAC,SAAI;AAAL,GAAn0E;AAAi1EC,EAAAA,CAAC,EAAC;AAAC,YAAO;AAAR;AAAn1E,CAAf",