{"ast":null,"code":"module.exports = {\n  C: {\n    \"2\": 0,\n    \"3\": 0.00616,\n    \"4\": 0,\n    \"5\": 0,\n    \"6\": 0.00616,\n    \"7\": 0,\n    \"8\": 0,\n    \"9\": 0,\n    \"10\": 0,\n    \"11\": 0,\n    \"12\": 0,\n    \"13\": 0,\n    \"14\": 0,\n    \"15\": 0.00616,\n    \"16\": 0,\n    \"17\": 0.00616,\n    \"18\": 0,\n    \"19\": 0,\n    \"20\": 0,\n    \"21\": 0.00616,\n    \"22\": 0,\n    \"23\": 0,\n    \"24\": 0,\n    \"25\": 0,\n    \"26\": 0,\n    \"27\": 0,\n    \"28\": 0.00616,\n    \"29\": 0.03694,\n    \"30\": 0.01231,\n    \"31\": 0,\n    \"32\": 0.00616,\n    \"33\": 0.00616,\n    \"34\": 0,\n    \"35\": 0,\n    \"36\": 0,\n    \"37\": 0.01231,\n    \"38\": 0,\n    \"39\": 0,\n    \"40\": 0,\n    \"41\": 0.00616,\n    \"42\": 0,\n    \"43\": 0.00616,\n    \"44\": 0.00616,\n    \"45\": 0.00616,\n    \"46\": 0.00616,\n    \"47\": 0.03079,\n    \"48\": 0.03694,\n    \"49\": 0.03694,\n    \"50\": 0.00616,\n    \"51\": 0.00616,\n    \"52\": 0.1724,\n    \"53\": 0,\n    \"54\": 0.00616,\n    \"55\": 0,\n    \"56\": 0.06773,\n    \"57\": 0.00616,\n    \"58\": 0.00616,\n    \"59\": 0.00616,\n    \"60\": 0.01847,\n    \"61\": 0.01231,\n    \"62\": 0.00616,\n    \"63\": 0.01231,\n    \"64\": 0.00616,\n    \"65\": 0.02463,\n    \"66\": 0.02463,\n    \"67\": 0.03694,\n    \"68\": 0.14161,\n    \"69\": 0.01231,\n    \"70\": 0.03694,\n    \"71\": 0.10467,\n    \"72\": 0.10467,\n    \"73\": 0.01231,\n    \"74\": 0.00616,\n    \"75\": 0.10467,\n    \"76\": 0.03694,\n    \"77\": 0.15393,\n    \"78\": 0.38789,\n    \"79\": 0.04926,\n    \"80\": 0.05541,\n    \"81\": 0.12314,\n    \"82\": 0.35095,\n    \"83\": 4.04515,\n    \"84\": 2.05644,\n    \"85\": 0.03694,\n    \"86\": 0.00616,\n    \"3.5\": 0,\n    \"3.6\": 0\n  },\n  D: {\n    \"4\": 0,\n    \"5\": 0,\n    \"6\": 0,\n    \"7\": 0,\n    \"8\": 0,\n    \"9\": 0,\n    \"10\": 0,\n    \"11\": 0.00616,\n    \"12\": 0,\n    \"13\": 0,\n    \"14\": 0,\n    \"15\": 0,\n    \"16\": 0,\n    \"17\": 0,\n    \"18\": 0,\n    \"19\": 0,\n    \"20\": 0,\n    \"21\": 0,\n    \"22\": 0,\n    \"23\": 0,\n    \"24\": 0.01231,\n    \"25\": 0.00616,\n    \"26\": 0,\n    \"27\": 0,\n    \"28\": 0,\n    \"29\": 0.00616,\n    \"30\": 0,\n    \"31\": 0,\n    \"32\": 0.00616,\n    \"33\": 0,\n    \"34\": 0.00616,\n    \"35\": 0,\n    \"36\": 0.00616,\n    \"37\": 0,\n    \"38\": 0,\n    \"39\": 0,\n    \"40\": 0.02463,\n    \"41\": 0,\n    \"42\": 0.00616,\n    \"43\": 0.01231,\n    \"44\": 0,\n    \"45\": 0,\n    \"46\": 0,\n    \"47\": 0,\n    \"48\": 0,\n    \"49\": 0.15393,\n    \"50\": 0,\n    \"51\": 0.00616,\n    \"52\": 0,\n    \"53\": 0,\n    \"54\": 0,\n    \"55\": 0.09236,\n    \"56\": 0,\n    \"57\": 0.02463,\n    \"58\": 0.04926,\n    \"59\": 0,\n    \"60\": 0.03079,\n    \"61\": 0.00616,\n    \"62\": 0.01847,\n    \"63\": 0.01231,\n    \"64\": 0.03079,\n    \"65\": 0.03694,\n    \"66\": 0.01231,\n    \"67\": 0.01231,\n    \"68\": 0.01231,\n    \"69\": 0.01847,\n    \"70\": 0.09236,\n    \"71\": 0.0862,\n    \"72\": 0.0431,\n    \"73\": 0.03079,\n    \"74\": 0.03079,\n    \"75\": 0.03079,\n    \"76\": 0.07388,\n    \"77\": 0.0862,\n    \"78\": 0.06157,\n    \"79\": 0.4433,\n    \"80\": 0.48025,\n    \"81\": 0.2155,\n    \"83\": 0.17855,\n    \"84\": 0.22165,\n    \"85\": 0.71421,\n    \"86\": 2.80144,\n    \"87\": 15.33709,\n    \"88\": 0.05541,\n    \"89\": 0.01847,\n    \"90\": 0\n  },\n  F: {\n    \"9\": 0,\n    \"11\": 0,\n    \"12\": 0,\n    \"15\": 0,\n    \"16\": 0,\n    \"17\": 0,\n    \"18\": 0.01231,\n    \"19\": 0.00616,\n    \"20\": 0,\n    \"21\": 0,\n    \"22\": 0,\n    \"23\": 0,\n    \"24\": 0.01231,\n    \"25\": 0,\n    \"26\": 0.0431,\n    \"27\": 0.01231,\n    \"28\": 0.02463,\n    \"29\": 0.00616,\n    \"30\": 0.01231,\n    \"31\": 0.00616,\n    \"32\": 0.02463,\n    \"33\": 0.01847,\n    \"34\": 0.00616,\n    \"35\": 0.00616,\n    \"36\": 0.00616,\n    \"37\": 0.00616,\n    \"38\": 0.03079,\n    \"39\": 0,\n    \"40\": 0,\n    \"41\": 0,\n    \"42\": 0.01847,\n    \"43\": 0,\n    \"44\": 0.00616,\n    \"45\": 0.01231,\n    \"46\": 0.03079,\n    \"47\": 0.01847,\n    \"48\": 0,\n    \"49\": 0,\n    \"50\": 0.09851,\n    \"51\": 0.17855,\n    \"52\": 0,\n    \"53\": 0.09851,\n    \"54\": 0.00616,\n    \"55\": 0,\n    \"56\": 0.02463,\n    \"57\": 0.01231,\n    \"58\": 0,\n    \"60\": 0.00616,\n    \"62\": 0.00616,\n    \"63\": 0,\n    \"64\": 0,\n    \"65\": 0.01847,\n    \"66\": 0.00616,\n    \"67\": 0,\n    \"68\": 0.00616,\n    \"69\": 0.00616,\n    \"70\": 0.02463,\n    \"71\": 0.11083,\n    \"72\": 1.18214,\n    \"9.5-9.6\": 0,\n    \"10.0-10.1\": 0,\n    \"10.5\": 0,\n    \"10.6\": 0,\n    \"11.1\": 0,\n    \"11.5\": 0,\n    \"11.6\": 0,\n    \"12.1\": 0.06157\n  },\n  E: {\n    \"4\": 0.00616,\n    \"5\": 0,\n    \"6\": 0.01231,\n    \"7\": 0,\n    \"8\": 0,\n    \"9\": 0,\n    \"10\": 0,\n    \"11\": 0,\n    \"12\": 0.01847,\n    \"13\": 0.04926,\n    \"14\": 0.26475,\n    _: \"0\",\n    \"3.1\": 0,\n    \"3.2\": 0,\n    \"5.1\": 0,\n    \"6.1\": 0,\n    \"7.1\": 0,\n    \"9.1\": 0,\n    \"10.1\": 0,\n    \"11.1\": 0.01847,\n    \"12.1\": 0.01231,\n    \"13.1\": 0.09851\n  },\n  G: {\n    \"8\": 0.00043,\n    \"3.2\": 0,\n    \"4.0-4.1\": 0.00428,\n    \"4.2-4.3\": 0.00086,\n    \"5.0-5.1\": 0.01455,\n    \"6.0-6.1\": 0.00728,\n    \"7.0-7.1\": 0.23969,\n    \"8.1-8.4\": 0.00128,\n    \"9.0-9.2\": 0.00728,\n    \"9.3\": 0.16949,\n    \"10.0-10.2\": 0.12027,\n    \"10.3\": 0.12798,\n    \"11.0-11.2\": 0.02525,\n    \"11.3-11.4\": 0.03125,\n    \"12.0-12.1\": 0.10786,\n    \"12.2-12.4\": 0.67327,\n    \"13.0-13.1\": 0.04494,\n    \"13.2\": 0.03595,\n    \"13.3\": 0.12883,\n    \"13.4-13.7\": 0.36681,\n    \"14.0-14.3\": 2.14606\n  },\n  B: {\n    \"12\": 0.00616,\n    \"13\": 0.01231,\n    \"14\": 0.03079,\n    \"15\": 0.03079,\n    \"16\": 0.01847,\n    \"17\": 0.05541,\n    \"18\": 0.13545,\n    \"79\": 0,\n    \"80\": 0,\n    \"81\": 0.00616,\n    \"83\": 0,\n    \"84\": 0.01847,\n    \"85\": 0.01847,\n    \"86\": 0.07388,\n    \"87\": 1.37301\n  },\n  I: {\n    \"3\": 0,\n    \"4\": 0.00314,\n    \"81\": 0,\n    \"2.1\": 0,\n    \"2.2\": 0,\n    \"2.3\": 0.00052,\n    \"4.1\": 0.03032,\n    \"4.2-4.3\": 0.05594,\n    \"4.4\": 0,\n    \"4.4.3-4.4.4\": 0.32309\n  },\n  P: {\n    \"4\": 0.09292,\n    \"5.0-5.4\": 0,\n    \"6.2-6.4\": 0,\n    \"7.2-7.4\": 0.03097,\n    \"8.2\": 0,\n    \"9.2\": 0.02065,\n    \"10.1\": 0.0413,\n    \"11.1-11.2\": 0.0413,\n    \"12.0\": 0.39231,\n    \"13.0\": 0.59879\n  },\n  K: {\n    _: \"0 10 11 12 11.1 11.5 12.1\"\n  },\n  A: {\n    \"6\": 0,\n    \"7\": 0,\n    \"8\": 0.11666,\n    \"9\": 0.01555,\n    \"10\": 0.02333,\n    \"11\": 0.28776,\n    \"5.5\": 0\n  },\n  N: {\n    \"10\": 0.02306,\n    \"11\": 0\n  },\n  J: {\n    \"7\": 0,\n    \"10\": 0.00384\n  },\n  O: {\n    \"0\": 2.6632\n  },\n  H: {\n    \"0\": 8.69555\n  },\n  L: {\n    \"0\": 37.68739\n  },\n  S: {\n    \"2.5\": 0.13451\n  },\n  R: {\n    _: \"0\"\n  },\n  M: {\n    \"0\": 0.46885\n  },\n  Q: {\n    \"10.4\": 0.06533\n  }\n};","map":{"version":3,"sources":["/Users/bruceseymour/ra-video/client/node_modules/caniuse-lite/data/regions/MG.js"],"names":["module","exports","C","D","F","E","_","G","B","I","P","K","A","N","J","O","H","L","S","R","M","Q"],