{"ast":null,"code":"module.exports = {\n  C: {\n    \"2\": 0,\n    \"3\": 0,\n    \"4\": 0.00134,\n    \"5\": 0,\n    \"6\": 0,\n    \"7\": 0,\n    \"8\": 0,\n    \"9\": 0,\n    \"10\": 0.00268,\n    \"11\": 0,\n    \"12\": 0,\n    \"13\": 0,\n    \"14\": 0,\n    \"15\": 0,\n    \"16\": 0.00134,\n    \"17\": 0.00268,\n    \"18\": 0.00134,\n    \"19\": 0,\n    \"20\": 0,\n    \"21\": 0,\n    \"22\": 0,\n    \"23\": 0,\n    \"24\": 0,\n    \"25\": 0,\n    \"26\": 0.00803,\n    \"27\": 0,\n    \"28\": 0,\n    \"29\": 0,\n    \"30\": 0,\n    \"31\": 0,\n    \"32\": 0,\n    \"33\": 0,\n    \"34\": 0,\n    \"35\": 0,\n    \"36\": 0,\n    \"37\": 0,\n    \"38\": 0,\n    \"39\": 0,\n    \"40\": 0,\n    \"41\": 0,\n    \"42\": 0,\n    \"43\": 0,\n    \"44\": 0,\n    \"45\": 0,\n    \"46\": 0.00134,\n    \"47\": 0,\n    \"48\": 0,\n    \"49\": 0,\n    \"50\": 0,\n    \"51\": 0.00268,\n    \"52\": 0,\n    \"53\": 0,\n    \"54\": 0,\n    \"55\": 0,\n    \"56\": 0,\n    \"57\": 0,\n    \"58\": 0,\n    \"59\": 0,\n    \"60\": 0,\n    \"61\": 0,\n    \"62\": 0,\n    \"63\": 0,\n    \"64\": 0,\n    \"65\": 0.00402,\n    \"66\": 0,\n    \"67\": 0,\n    \"68\": 0.00268,\n    \"69\": 0,\n    \"70\": 0.00134,\n    \"71\": 0,\n    \"72\": 0,\n    \"73\": 0.00134,\n    \"74\": 0,\n    \"75\": 0.00268,\n    \"76\": 0,\n    \"77\": 0,\n    \"78\": 0.00134,\n    \"79\": 0,\n    \"80\": 0,\n    \"81\": 0.00134,\n    \"82\": 0,\n    \"83\": 0.00402,\n    \"84\": 0.00134,\n    \"85\": 0,\n    \"86\": 0,\n    \"3.5\": 0,\n    \"3.6\": 0\n  },\n  D: {\n    \"4\": 0,\n    \"5\": 0,\n    \"6\": 0,\n    \"7\": 0,\n    \"8\": 0,\n    \"9\": 0,\n    \"10\": 0,\n    \"11\": 0.00402,\n    \"12\": 0,\n    \"13\": 0,\n    \"14\": 0,\n    \"15\": 0,\n    \"16\": 0,\n    \"17\": 0,\n    \"18\": 0,\n    \"19\": 0,\n    \"20\": 0.00134,\n    \"21\": 0,\n    \"22\": 0,\n    \"23\": 0,\n    \"24\": 0.00134,\n    \"25\": 0,\n    \"26\": 0,\n    \"27\": 0,\n    \"28\": 0,\n    \"29\": 0.00402,\n    \"30\": 0.00134,\n    \"31\": 0.00536,\n    \"32\": 0,\n    \"33\": 0,\n    \"34\": 0.00402,\n    \"35\": 0,\n    \"36\": 0,\n    \"37\": 0.00134,\n    \"38\": 0.00402,\n    \"39\": 0.00134,\n    \"40\": 0.00402,\n    \"41\": 0,\n    \"42\": 0,\n    \"43\": 0.00134,\n    \"44\": 0,\n    \"45\": 0,\n    \"46\": 0.00134,\n    \"47\": 0.00268,\n    \"48\": 0.00268,\n    \"49\": 0.01607,\n    \"50\": 0.00134,\n    \"51\": 0.00134,\n    \"52\": 0.01205,\n    \"53\": 0.00134,\n    \"54\": 0,\n    \"55\": 0,\n    \"56\": 0,\n    \"57\": 0.00268,\n    \"58\": 0.00134,\n    \"59\": 0,\n    \"60\": 0.00134,\n    \"61\": 0,\n    \"62\": 0,\n    \"63\": 0,\n    \"64\": 0.00134,\n    \"65\": 0.00268,\n    \"66\": 0,\n    \"67\": 0.00268,\n    \"68\": 0.00134,\n    \"69\": 0.00536,\n    \"70\": 0.00134,\n    \"71\": 0.00536,\n    \"72\": 0.00134,\n    \"73\": 0.00134,\n    \"74\": 0.00134,\n    \"75\": 0.00134,\n    \"76\": 0.00134,\n    \"77\": 0.00402,\n    \"78\": 0.0067,\n    \"79\": 0.00536,\n    \"80\": 0.00402,\n    \"81\": 0.02276,\n    \"83\": 0.00402,\n    \"84\": 0.00803,\n    \"85\": 0.02812,\n    \"86\": 0.12854,\n    \"87\": 0.77394,\n    \"88\": 0,\n    \"89\": 0,\n    \"90\": 0\n  },\n  F: {\n    \"9\": 0,\n    \"11\": 0,\n    \"12\": 0.00134,\n    \"15\": 0,\n    \"16\": 0,\n    \"17\": 0,\n    \"18\": 0.00134,\n    \"19\": 0,\n    \"20\": 0,\n    \"21\": 0,\n    \"22\": 0.00134,\n    \"23\": 0,\n    \"24\": 0,\n    \"25\": 0,\n    \"26\": 0,\n    \"27\": 0,\n    \"28\": 0,\n    \"29\": 0,\n    \"30\": 0,\n    \"31\": 0,\n    \"32\": 0.00134,\n    \"33\": 0.00402,\n    \"34\": 0,\n    \"35\": 0,\n    \"36\": 0.00268,\n    \"37\": 0.00268,\n    \"38\": 0.00134,\n    \"39\": 0,\n    \"40\": 0,\n    \"41\": 0,\n    \"42\": 0,\n    \"43\": 0.00268,\n    \"44\": 0,\n    \"45\": 0,\n    \"46\": 0.00134,\n    \"47\": 0,\n    \"48\": 0,\n    \"49\": 0,\n    \"50\": 0,\n    \"51\": 0.00402,\n    \"52\": 0,\n    \"53\": 0.00536,\n    \"54\": 0,\n    \"55\": 0,\n    \"56\": 0.00268,\n    \"57\": 0,\n    \"58\": 0,\n    \"60\": 0.00268,\n    \"62\": 0,\n    \"63\": 0,\n    \"64\": 0.00134,\n    \"65\": 0,\n    \"66\": 0.00134,\n    \"67\": 0,\n    \"68\": 0,\n    \"69\": 0.00402,\n    \"70\": 0,\n    \"71\": 0,\n    \"72\": 0.00134,\n    \"9.5-9.6\": 0,\n    \"10.0-10.1\": 0,\n    \"10.5\": 0,\n    \"10.6\": 0,\n    \"11.1\": 0.00134,\n    \"11.5\": 0,\n    \"11.6\": 0.00268,\n    \"12.1\": 0\n  },\n  E: {\n    \"4\": 0,\n    \"5\": 0,\n    \"6\": 0,\n    \"7\": 0,\n    \"8\": 0,\n    \"9\": 0,\n    \"10\": 0,\n    \"11\": 0,\n    \"12\": 0,\n    \"13\": 0.00134,\n    \"14\": 0.00268,\n    _: \"0\",\n    \"3.1\": 0,\n    \"3.2\": 0,\n    \"5.1\": 0,\n    \"6.1\": 0,\n    \"7.1\": 0,\n    \"9.1\": 0,\n    \"10.1\": 0,\n    \"11.1\": 0,\n    \"12.1\": 0,\n    \"13.1\": 0\n  },\n  G: {\n    \"8\": 0.00121,\n    \"3.2\": 0,\n    \"4.0-4.1\": 0.0006,\n    \"4.2-4.3\": 0.00242,\n    \"5.0-5.1\": 0.01149,\n    \"6.0-6.1\": 0.00726,\n    \"7.0-7.1\": 0.546,\n    \"8.1-8.4\": 0.27149,\n    \"9.0-9.2\": 0.33921,\n    \"9.3\": 0.41841,\n    \"10.0-10.2\": 0.22674,\n    \"10.3\": 0.43293,\n    \"11.0-11.2\": 0.45409,\n    \"11.3-11.4\": 0.22674,\n    \"12.0-12.1\": 0.27814,\n    \"12.2-12.4\": 1.11073,\n    \"13.0-13.1\": 0.08646,\n    \"13.2\": 0.0387,\n    \"13.3\": 0.24488,\n    \"13.4-13.7\": 0.47646,\n    \"14.0-14.3\": 0.84106\n  },\n  B: {\n    \"12\": 0.00268,\n    \"13\": 0.00268,\n    \"14\": 0.00134,\n    \"15\": 0.00134,\n    \"16\": 0,\n    \"17\": 0,\n    \"18\": 0.00134,\n    \"79\": 0,\n    \"80\": 0,\n    \"81\": 0,\n    \"83\": 0,\n    \"84\": 0,\n    \"85\": 0,\n    \"86\": 0,\n    \"87\": 0.0067\n  },\n  I: {\n    \"3\": 0,\n    \"4\": 0.00175,\n    \"81\": 0,\n    \"2.1\": 0,\n    \"2.2\": 0,\n    \"2.3\": 0,\n    \"4.1\": 0.03666,\n    \"4.2-4.3\": 0.10369,\n    \"4.4\": 0,\n    \"4.4.3-4.4.4\": 0.41791\n  },\n  P: {\n    \"4\": 11.0196,\n    \"5.0-5.4\": 0.63691,\n    \"6.2-6.4\": 0.33362,\n    \"7.2-7.4\": 1.50635,\n    \"8.2\": 0.1011,\n    \"9.2\": 0.99075,\n    \"10.1\": 0.43472,\n    \"11.1-11.2\": 1.91074,\n    \"12.0\": 1.96129,\n    \"13.0\": 3.46763\n  },\n  K: {\n    _: \"0 10 11 12 11.1 11.5 12.1\"\n  },\n  A: {\n    \"6\": 0,\n    \"7\": 0,\n    \"8\": 0.00405,\n    \"9\": 0.01756,\n    \"10\": 0,\n    \"11\": 0.13237,\n    \"5.5\": 0\n  },\n  N: {\n    \"10\": 0,\n    \"11\": 0\n  },\n  J: {\n    \"7\": 0,\n    \"10\": 0.06929\n  },\n  O: {\n    \"0\": 1.80149\n  },\n  H: {\n    \"0\": 0.26239\n  },\n  L: {\n    \"0\": 63.85751\n  },\n  S: {\n    \"2.5\": 0\n  },\n  R: {\n    _: \"0\"\n  },\n  M: {\n    \"0\": 0.01732\n  },\n  Q: {\n    \"10.4\": 0.02598\n  }\n};","map":{"version":3,"sources":["/Users/bruceseymour/ra-video/client/node_modules/caniuse-lite/data/regions/TM.js"],"names":["module","exports","C","D","F","E","_","G","B","I","P","K","A","N","J","O","H","L","S","R","M","Q"],