{"ast":null,"code":"module.exports = {\n  C: {\n    \"2\": 0,\n    \"3\": 0,\n    \"4\": 0,\n    \"5\": 0,\n    \"6\": 0,\n    \"7\": 0,\n    \"8\": 0,\n    \"9\": 0,\n    \"10\": 0,\n    \"11\": 0,\n    \"12\": 0,\n    \"13\": 0,\n    \"14\": 0,\n    \"15\": 0,\n    \"16\": 0,\n    \"17\": 0,\n    \"18\": 0,\n    \"19\": 0,\n    \"20\": 0.01,\n    \"21\": 0,\n    \"22\": 0,\n    \"23\": 0,\n    \"24\": 0,\n    \"25\": 0,\n    \"26\": 0.005,\n    \"27\": 0,\n    \"28\": 0.005,\n    \"29\": 0,\n    \"30\": 0.005,\n    \"31\": 0,\n    \"32\": 0,\n    \"33\": 0,\n    \"34\": 0,\n    \"35\": 0.005,\n    \"36\": 0,\n    \"37\": 0,\n    \"38\": 0,\n    \"39\": 0,\n    \"40\": 0,\n    \"41\": 0.02001,\n    \"42\": 0,\n    \"43\": 0.005,\n    \"44\": 0,\n    \"45\": 0.005,\n    \"46\": 0,\n    \"47\": 0.01,\n    \"48\": 0.005,\n    \"49\": 0.005,\n    \"50\": 0,\n    \"51\": 0,\n    \"52\": 0.005,\n    \"53\": 0,\n    \"54\": 0,\n    \"55\": 0.005,\n    \"56\": 0.005,\n    \"57\": 0,\n    \"58\": 0,\n    \"59\": 0,\n    \"60\": 0.005,\n    \"61\": 0,\n    \"62\": 0,\n    \"63\": 0,\n    \"64\": 0,\n    \"65\": 0,\n    \"66\": 0,\n    \"67\": 0,\n    \"68\": 0.02501,\n    \"69\": 0,\n    \"70\": 0,\n    \"71\": 0.005,\n    \"72\": 0.01,\n    \"73\": 0,\n    \"74\": 0,\n    \"75\": 0,\n    \"76\": 0,\n    \"77\": 0.005,\n    \"78\": 0.04002,\n    \"79\": 0.005,\n    \"80\": 0.005,\n    \"81\": 0.01501,\n    \"82\": 0.02001,\n    \"83\": 0.48519,\n    \"84\": 0.28011,\n    \"85\": 0.005,\n    \"86\": 0,\n    \"3.5\": 0,\n    \"3.6\": 0\n  },\n  D: {\n    \"4\": 0,\n    \"5\": 0,\n    \"6\": 0,\n    \"7\": 0,\n    \"8\": 0,\n    \"9\": 0,\n    \"10\": 0,\n    \"11\": 0.005,\n    \"12\": 0,\n    \"13\": 0,\n    \"14\": 0,\n    \"15\": 0,\n    \"16\": 0,\n    \"17\": 0,\n    \"18\": 0,\n    \"19\": 0,\n    \"20\": 0,\n    \"21\": 0,\n    \"22\": 0,\n    \"23\": 0,\n    \"24\": 0,\n    \"25\": 0.01,\n    \"26\": 0.02001,\n    \"27\": 0,\n    \"28\": 0,\n    \"29\": 0,\n    \"30\": 0,\n    \"31\": 0,\n    \"32\": 0,\n    \"33\": 0.01,\n    \"34\": 0,\n    \"35\": 0.005,\n    \"36\": 0.005,\n    \"37\": 0,\n    \"38\": 0.02001,\n    \"39\": 0.005,\n    \"40\": 0.04502,\n    \"41\": 0,\n    \"42\": 0.02501,\n    \"43\": 0.11004,\n    \"44\": 0.005,\n    \"45\": 0,\n    \"46\": 0.02501,\n    \"47\": 0.01,\n    \"48\": 0.005,\n    \"49\": 0.05502,\n    \"50\": 0.005,\n    \"51\": 0.005,\n    \"52\": 0,\n    \"53\": 0.01501,\n    \"54\": 0.005,\n    \"55\": 0.005,\n    \"56\": 0.005,\n    \"57\": 0.01,\n    \"58\": 0.02001,\n    \"59\": 0.005,\n    \"60\": 0.005,\n    \"61\": 0.005,\n    \"62\": 0.005,\n    \"63\": 0.07503,\n    \"64\": 0.005,\n    \"65\": 0.01501,\n    \"66\": 0.01,\n    \"67\": 0.02001,\n    \"68\": 0.01,\n    \"69\": 0.01501,\n    \"70\": 0.03501,\n    \"71\": 0.03501,\n    \"72\": 0.02001,\n    \"73\": 0.01501,\n    \"74\": 0.01501,\n    \"75\": 0.01501,\n    \"76\": 0.01,\n    \"77\": 0.03501,\n    \"78\": 0.01,\n    \"79\": 0.19008,\n    \"80\": 0.15006,\n    \"81\": 0.03501,\n    \"83\": 0.04002,\n    \"84\": 0.12005,\n    \"85\": 0.12005,\n    \"86\": 2.70108,\n    \"87\": 11.34954,\n    \"88\": 0.03001,\n    \"89\": 0.005,\n    \"90\": 0\n  },\n  F: {\n    \"9\": 0,\n    \"11\": 0,\n    \"12\": 0,\n    \"15\": 0,\n    \"16\": 0,\n    \"17\": 0,\n    \"18\": 0,\n    \"19\": 0,\n    \"20\": 0.005,\n    \"21\": 0,\n    \"22\": 0,\n    \"23\": 0,\n    \"24\": 0,\n    \"25\": 0,\n    \"26\": 0,\n    \"27\": 0,\n    \"28\": 0.005,\n    \"29\": 0,\n    \"30\": 0,\n    \"31\": 0,\n    \"32\": 0,\n    \"33\": 0,\n    \"34\": 0.005,\n    \"35\": 0,\n    \"36\": 0.01501,\n    \"37\": 0.005,\n    \"38\": 0,\n    \"39\": 0,\n    \"40\": 0.005,\n    \"41\": 0,\n    \"42\": 0.01,\n    \"43\": 0,\n    \"44\": 0,\n    \"45\": 0.005,\n    \"46\": 0.005,\n    \"47\": 0.005,\n    \"48\": 0,\n    \"49\": 0,\n    \"50\": 0.01,\n    \"51\": 0.01,\n    \"52\": 0,\n    \"53\": 0,\n    \"54\": 0,\n    \"55\": 0,\n    \"56\": 0,\n    \"57\": 0,\n    \"58\": 0,\n    \"60\": 0.005,\n    \"62\": 0,\n    \"63\": 0.005,\n    \"64\": 0,\n    \"65\": 0,\n    \"66\": 0,\n    \"67\": 0,\n    \"68\": 0.005,\n    \"69\": 0,\n    \"70\": 0.005,\n    \"71\": 0.04502,\n    \"72\": 0.62025,\n    \"9.5-9.6\": 0,\n    \"10.0-10.1\": 0,\n    \"10.5\": 0,\n    \"10.6\": 0,\n    \"11.1\": 0,\n    \"11.5\": 0,\n    \"11.6\": 0,\n    \"12.1\": 0.02501\n  },\n  E: {\n    \"4\": 0,\n    \"5\": 0,\n    \"6\": 0,\n    \"7\": 0,\n    \"8\": 0.005,\n    \"9\": 0,\n    \"10\": 0,\n    \"11\": 0.005,\n    \"12\": 0.005,\n    \"13\": 0.02001,\n    \"14\": 0.29512,\n    _: \"0\",\n    \"3.1\": 0,\n    \"3.2\": 0,\n    \"5.1\": 0.005,\n    \"6.1\": 0,\n    \"7.1\": 0,\n    \"9.1\": 0.005,\n    \"10.1\": 0.02501,\n    \"11.1\": 0.03501,\n    \"12.1\": 0.02501,\n    \"13.1\": 0.11004\n  },\n  G: {\n    \"8\": 0.01033,\n    \"3.2\": 0.00282,\n    \"4.0-4.1\": 0,\n    \"4.2-4.3\": 0.00094,\n    \"5.0-5.1\": 0.01314,\n    \"6.0-6.1\": 0.00939,\n    \"7.0-7.1\": 0.44967,\n    \"8.1-8.4\": 0.06853,\n    \"9.0-9.2\": 0.01971,\n    \"9.3\": 0.55105,\n    \"10.0-10.2\": 0.01784,\n    \"10.3\": 0.43653,\n    \"11.0-11.2\": 0.22718,\n    \"11.3-11.4\": 0.18588,\n    \"12.0-12.1\": 0.21028,\n    \"12.2-12.4\": 1.64378,\n    \"13.0-13.1\": 0.05633,\n    \"13.2\": 0.0291,\n    \"13.3\": 0.31542,\n    \"13.4-13.7\": 0.98664,\n    \"14.0-14.3\": 4.08456\n  },\n  B: {\n    \"12\": 0.05502,\n    \"13\": 0.03001,\n    \"14\": 0.04502,\n    \"15\": 0.03001,\n    \"16\": 0.03501,\n    \"17\": 0.05002,\n    \"18\": 0.23009,\n    \"79\": 0,\n    \"80\": 0,\n    \"81\": 0,\n    \"83\": 0.01,\n    \"84\": 0.01501,\n    \"85\": 0.03001,\n    \"86\": 0.07003,\n    \"87\": 2.64106\n  },\n  I: {\n    \"3\": 0,\n    \"4\": 0.00877,\n    \"81\": 0,\n    \"2.1\": 0,\n    \"2.2\": 0,\n    \"2.3\": 0,\n    \"4.1\": 0.08688,\n    \"4.2-4.3\": 0.15384,\n    \"4.4\": 0,\n    \"4.4.3-4.4.4\": 0.59544\n  },\n  P: {\n    \"4\": 0.73632,\n    \"5.0-5.4\": 0.07159,\n    \"6.2-6.4\": 0.04091,\n    \"7.2-7.4\": 0.22499,\n    \"8.2\": 0.02045,\n    \"9.2\": 0.1534,\n    \"10.1\": 0.13295,\n    \"11.1-11.2\": 0.23521,\n    \"12.0\": 0.47043,\n    \"13.0\": 1.23743\n  },\n  K: {\n    _: \"0 10 11 12 11.1 11.5 12.1\"\n  },\n  A: {\n    \"6\": 0,\n    \"7\": 0,\n    \"8\": 0.03261,\n    \"9\": 0.00815,\n    \"10\": 0.00815,\n    \"11\": 0.61136,\n    \"5.5\": 0\n  },\n  N: {\n    \"10\": 0,\n    \"11\": 0\n  },\n  J: {\n    \"7\": 0,\n    \"10\": 0.02499\n  },\n  O: {\n    \"0\": 0.44482\n  },\n  H: {\n    \"0\": 4.84061\n  },\n  L: {\n    \"0\": 53.51888\n  },\n  S: {\n    \"2.5\": 0\n  },\n  R: {\n    _: \"0\"\n  },\n  M: {\n    \"0\": 0.09496\n  },\n  Q: {\n    \"10.4\": 0.09496\n  }\n};","map":{"version":3,"sources":["/Users/bruceseymour/ra-video/client/node_modules/caniuse-lite/data/regions/AO.js"],"names":["module","exports","C","D","F","E","_","G","B","I","P","K","A","N","J","O","H","L","S","R","M","Q"],