{"ast":null,"code":"module.exports = {\n  C: {\n    \"2\": 0,\n    \"3\": 0,\n    \"4\": 0,\n    \"5\": 0,\n    \"6\": 0,\n    \"7\": 0,\n    \"8\": 0,\n    \"9\": 0,\n    \"10\": 0,\n    \"11\": 0,\n    \"12\": 0,\n    \"13\": 0,\n    \"14\": 0,\n    \"15\": 0,\n    \"16\": 0,\n    \"17\": 0,\n    \"18\": 0,\n    \"19\": 0,\n    \"20\": 0.00503,\n    \"21\": 0,\n    \"22\": 0,\n    \"23\": 0,\n    \"24\": 0,\n    \"25\": 0.00503,\n    \"26\": 0.00503,\n    \"27\": 0.00503,\n    \"28\": 0,\n    \"29\": 0.01006,\n    \"30\": 0.01509,\n    \"31\": 0.01006,\n    \"32\": 0.01006,\n    \"33\": 0.01509,\n    \"34\": 0.01006,\n    \"35\": 0.02516,\n    \"36\": 0.00503,\n    \"37\": 0.01006,\n    \"38\": 0.03522,\n    \"39\": 0.01006,\n    \"40\": 0.00503,\n    \"41\": 0.00503,\n    \"42\": 0.01006,\n    \"43\": 0.02516,\n    \"44\": 0.01509,\n    \"45\": 0.00503,\n    \"46\": 0.00503,\n    \"47\": 0.0805,\n    \"48\": 0.02012,\n    \"49\": 0.01509,\n    \"50\": 0.00503,\n    \"51\": 0.00503,\n    \"52\": 0.27167,\n    \"53\": 0,\n    \"54\": 0.00503,\n    \"55\": 0.00503,\n    \"56\": 0.02516,\n    \"57\": 0.01509,\n    \"58\": 0.00503,\n    \"59\": 0.00503,\n    \"60\": 0.01006,\n    \"61\": 0.01006,\n    \"62\": 0.01006,\n    \"63\": 0.00503,\n    \"64\": 0.00503,\n    \"65\": 0.01509,\n    \"66\": 0.03522,\n    \"67\": 0.01006,\n    \"68\": 0.04528,\n    \"69\": 0.01006,\n    \"70\": 0.02516,\n    \"71\": 0.02516,\n    \"72\": 0.05534,\n    \"73\": 0.01006,\n    \"74\": 0.01006,\n    \"75\": 0.00503,\n    \"76\": 0.00503,\n    \"77\": 0.01006,\n    \"78\": 0.10062,\n    \"79\": 0.02516,\n    \"80\": 0.04528,\n    \"81\": 0.05534,\n    \"82\": 0.07547,\n    \"83\": 1.61495,\n    \"84\": 1.298,\n    \"85\": 0.14087,\n    \"86\": 0,\n    \"3.5\": 0,\n    \"3.6\": 0\n  },\n  D: {\n    \"4\": 0,\n    \"5\": 0,\n    \"6\": 0,\n    \"7\": 0,\n    \"8\": 0,\n    \"9\": 0,\n    \"10\": 0,\n    \"11\": 0.02012,\n    \"12\": 0,\n    \"13\": 0,\n    \"14\": 0,\n    \"15\": 0,\n    \"16\": 0,\n    \"17\": 0,\n    \"18\": 0,\n    \"19\": 0,\n    \"20\": 0,\n    \"21\": 0,\n    \"22\": 0,\n    \"23\": 0.00503,\n    \"24\": 0,\n    \"25\": 0,\n    \"26\": 0.00503,\n    \"27\": 0,\n    \"28\": 0.00503,\n    \"29\": 0,\n    \"30\": 0,\n    \"31\": 0.00503,\n    \"32\": 0.00503,\n    \"33\": 0.03522,\n    \"34\": 0.00503,\n    \"35\": 0,\n    \"36\": 0,\n    \"37\": 0.00503,\n    \"38\": 0.00503,\n    \"39\": 0,\n    \"40\": 0.14087,\n    \"41\": 0,\n    \"42\": 0.00503,\n    \"43\": 0.36223,\n    \"44\": 0,\n    \"45\": 0,\n    \"46\": 0.00503,\n    \"47\": 0,\n    \"48\": 0,\n    \"49\": 0.01509,\n    \"50\": 0.01006,\n    \"51\": 0.01509,\n    \"52\": 0,\n    \"53\": 0.05031,\n    \"54\": 0,\n    \"55\": 0.01006,\n    \"56\": 0.00503,\n    \"57\": 0.02012,\n    \"58\": 0.01006,\n    \"59\": 0.00503,\n    \"60\": 0.01006,\n    \"61\": 0.00503,\n    \"62\": 0.00503,\n    \"63\": 0.05031,\n    \"64\": 0.01006,\n    \"65\": 0.02012,\n    \"66\": 0.00503,\n    \"67\": 0.02516,\n    \"68\": 0.01006,\n    \"69\": 0.05031,\n    \"70\": 0.04528,\n    \"71\": 0.02012,\n    \"72\": 0.02012,\n    \"73\": 0.01509,\n    \"74\": 0.03019,\n    \"75\": 0.01006,\n    \"76\": 0.02012,\n    \"77\": 0.04528,\n    \"78\": 0.04025,\n    \"79\": 0.13584,\n    \"80\": 0.22136,\n    \"81\": 0.0654,\n    \"83\": 0.07547,\n    \"84\": 0.48298,\n    \"85\": 0.17105,\n    \"86\": 1.69545,\n    \"87\": 10.10225,\n    \"88\": 0.05534,\n    \"89\": 0.04528,\n    \"90\": 0\n  },\n  F: {\n    \"9\": 0,\n    \"11\": 0,\n    \"12\": 0.00503,\n    \"15\": 0,\n    \"16\": 0,\n    \"17\": 0,\n    \"18\": 0.00503,\n    \"19\": 0.00503,\n    \"20\": 0.02516,\n    \"21\": 0,\n    \"22\": 0,\n    \"23\": 0.00503,\n    \"24\": 0,\n    \"25\": 0,\n    \"26\": 0,\n    \"27\": 0.00503,\n    \"28\": 0.01006,\n    \"29\": 0.00503,\n    \"30\": 0.00503,\n    \"31\": 0,\n    \"32\": 0.00503,\n    \"33\": 0,\n    \"34\": 0,\n    \"35\": 0,\n    \"36\": 0.01006,\n    \"37\": 0.00503,\n    \"38\": 0,\n    \"39\": 0,\n    \"40\": 0.00503,\n    \"41\": 0,\n    \"42\": 0.01006,\n    \"43\": 0.01509,\n    \"44\": 0,\n    \"45\": 0.00503,\n    \"46\": 0.00503,\n    \"47\": 0.01509,\n    \"48\": 0,\n    \"49\": 0,\n    \"50\": 0.02012,\n    \"51\": 0.02012,\n    \"52\": 0,\n    \"53\": 0.01006,\n    \"54\": 0,\n    \"55\": 0,\n    \"56\": 0,\n    \"57\": 0.00503,\n    \"58\": 0.00503,\n    \"60\": 0.00503,\n    \"62\": 0,\n    \"63\": 0,\n    \"64\": 0,\n    \"65\": 0.00503,\n    \"66\": 0,\n    \"67\": 0.01006,\n    \"68\": 0.01006,\n    \"69\": 0,\n    \"70\": 0.01006,\n    \"71\": 0.05031,\n    \"72\": 1.45396,\n    \"9.5-9.6\": 0,\n    \"10.0-10.1\": 0,\n    \"10.5\": 0,\n    \"10.6\": 0,\n    \"11.1\": 0,\n    \"11.5\": 0,\n    \"11.6\": 0,\n    \"12.1\": 0.16099\n  },\n  E: {\n    \"4\": 0,\n    \"5\": 0,\n    \"6\": 0,\n    \"7\": 0,\n    \"8\": 0,\n    \"9\": 0,\n    \"10\": 0,\n    \"11\": 0,\n    \"12\": 0,\n    \"13\": 0.00503,\n    \"14\": 0.12578,\n    _: \"0\",\n    \"3.1\": 0,\n    \"3.2\": 0,\n    \"5.1\": 0.00503,\n    \"6.1\": 0,\n    \"7.1\": 0,\n    \"9.1\": 0,\n    \"10.1\": 0.00503,\n    \"11.1\": 0.00503,\n    \"12.1\": 0.04025,\n    \"13.1\": 0.04025\n  },\n  G: {\n    \"8\": 0,\n    \"3.2\": 0,\n    \"4.0-4.1\": 0,\n    \"4.2-4.3\": 0,\n    \"5.0-5.1\": 0.00836,\n    \"6.0-6.1\": 0.01018,\n    \"7.0-7.1\": 0.17414,\n    \"8.1-8.4\": 0.05053,\n    \"9.0-9.2\": 0.02254,\n    \"9.3\": 0.19923,\n    \"10.0-10.2\": 0.03054,\n    \"10.3\": 0.21995,\n    \"11.0-11.2\": 0.04944,\n    \"11.3-11.4\": 0.06071,\n    \"12.0-12.1\": 0.08471,\n    \"12.2-12.4\": 0.48608,\n    \"13.0-13.1\": 0.04763,\n    \"13.2\": 0.0229,\n    \"13.3\": 0.1018,\n    \"13.4-13.7\": 0.42282,\n    \"14.0-14.3\": 1.62402\n  },\n  B: {\n    \"12\": 0.09056,\n    \"13\": 0.05031,\n    \"14\": 0.02516,\n    \"15\": 0.02516,\n    \"16\": 0.03019,\n    \"17\": 0.04528,\n    \"18\": 0.22136,\n    \"79\": 0,\n    \"80\": 0.00503,\n    \"81\": 0.00503,\n    \"83\": 0.00503,\n    \"84\": 0.04528,\n    \"85\": 0.03522,\n    \"86\": 0.05534,\n    \"87\": 1.42377\n  },\n  I: {\n    \"3\": 0,\n    \"4\": 0.00277,\n    \"81\": 0,\n    \"2.1\": 0,\n    \"2.2\": 0,\n    \"2.3\": 0,\n    \"4.1\": 0.01387,\n    \"4.2-4.3\": 0.09087,\n    \"4.4\": 0,\n    \"4.4.3-4.4.4\": 0.47236\n  },\n  P: {\n    \"4\": 0.58632,\n    \"5.0-5.4\": 0.08229,\n    \"6.2-6.4\": 0.05143,\n    \"7.2-7.4\": 0.18515,\n    \"8.2\": 0.02057,\n    \"9.2\": 0.1543,\n    \"10.1\": 0.05143,\n    \"11.1-11.2\": 0.21601,\n    \"12.0\": 0.42174,\n    \"13.0\": 1.01835\n  },\n  K: {\n    _: \"0 10 11 12 11.1 11.5 12.1\"\n  },\n  A: {\n    \"6\": 0,\n    \"7\": 0,\n    \"8\": 0.01314,\n    \"9\": 0,\n    \"10\": 0,\n    \"11\": 0.30884,\n    \"5.5\": 0\n  },\n  N: {\n    \"10\": 0,\n    \"11\": 0\n  },\n  J: {\n    \"7\": 0,\n    \"10\": 0.00497\n  },\n  O: {\n    \"0\": 1.87828\n  },\n  H: {\n    \"0\": 11.1963\n  },\n  L: {\n    \"0\": 46.36383\n  },\n  S: {\n    \"2.5\": 0.00497\n  },\n  R: {\n    _: \"0\"\n  },\n  M: {\n    \"0\": 0.17888\n  },\n  Q: {\n    \"10.4\": 0.08447\n  }\n};","map":{"version":3,"sources":["/Users/bruceseymour/ra-video/client/node_modules/caniuse-lite/data/regions/ET.js"],"names":["module","exports","C","D","F","E","_","G","B","I","P","K","A","N","J","O","H","L","S","R","M","Q"],