{"ast":null,"code":"module.exports = {\n  C: {\n    \"2\": 0,\n    \"3\": 0,\n    \"4\": 0,\n    \"5\": 0,\n    \"6\": 0,\n    \"7\": 0,\n    \"8\": 0,\n    \"9\": 0,\n    \"10\": 0,\n    \"11\": 0,\n    \"12\": 0,\n    \"13\": 0,\n    \"14\": 0,\n    \"15\": 0,\n    \"16\": 0,\n    \"17\": 0,\n    \"18\": 0,\n    \"19\": 0,\n    \"20\": 0,\n    \"21\": 0,\n    \"22\": 0,\n    \"23\": 0.0029,\n    \"24\": 0,\n    \"25\": 0,\n    \"26\": 0.00869,\n    \"27\": 0,\n    \"28\": 0,\n    \"29\": 0,\n    \"30\": 0.01737,\n    \"31\": 0,\n    \"32\": 0.0029,\n    \"33\": 0,\n    \"34\": 0,\n    \"35\": 0,\n    \"36\": 0,\n    \"37\": 0,\n    \"38\": 0,\n    \"39\": 0,\n    \"40\": 0,\n    \"41\": 0.0029,\n    \"42\": 0,\n    \"43\": 0,\n    \"44\": 0,\n    \"45\": 0,\n    \"46\": 0,\n    \"47\": 0.0029,\n    \"48\": 0.0029,\n    \"49\": 0,\n    \"50\": 0,\n    \"51\": 0,\n    \"52\": 0.01158,\n    \"53\": 0,\n    \"54\": 0,\n    \"55\": 0,\n    \"56\": 0.0029,\n    \"57\": 0,\n    \"58\": 0,\n    \"59\": 0,\n    \"60\": 0.0029,\n    \"61\": 0,\n    \"62\": 0.0029,\n    \"63\": 0,\n    \"64\": 0,\n    \"65\": 0,\n    \"66\": 0,\n    \"67\": 0,\n    \"68\": 0.00869,\n    \"69\": 0,\n    \"70\": 0,\n    \"71\": 0,\n    \"72\": 0,\n    \"73\": 0,\n    \"74\": 0,\n    \"75\": 0,\n    \"76\": 0.0029,\n    \"77\": 0,\n    \"78\": 0.01158,\n    \"79\": 0.0029,\n    \"80\": 0.0029,\n    \"81\": 0.01158,\n    \"82\": 0.02606,\n    \"83\": 0.54426,\n    \"84\": 0.2895,\n    \"85\": 0.01158,\n    \"86\": 0,\n    \"3.5\": 0,\n    \"3.6\": 0\n  },\n  D: {\n    \"4\": 0,\n    \"5\": 0,\n    \"6\": 0,\n    \"7\": 0,\n    \"8\": 0,\n    \"9\": 0,\n    \"10\": 0,\n    \"11\": 0,\n    \"12\": 0,\n    \"13\": 0,\n    \"14\": 0,\n    \"15\": 0,\n    \"16\": 0,\n    \"17\": 0,\n    \"18\": 0,\n    \"19\": 0,\n    \"20\": 0,\n    \"21\": 0,\n    \"22\": 0,\n    \"23\": 0.0029,\n    \"24\": 0,\n    \"25\": 0.00579,\n    \"26\": 0,\n    \"27\": 0,\n    \"28\": 0,\n    \"29\": 0,\n    \"30\": 0,\n    \"31\": 0,\n    \"32\": 0,\n    \"33\": 0,\n    \"34\": 0,\n    \"35\": 0,\n    \"36\": 0,\n    \"37\": 0.00579,\n    \"38\": 0.00869,\n    \"39\": 0,\n    \"40\": 0.01158,\n    \"41\": 0,\n    \"42\": 0,\n    \"43\": 0.00579,\n    \"44\": 0,\n    \"45\": 0,\n    \"46\": 0,\n    \"47\": 0,\n    \"48\": 0,\n    \"49\": 0.01448,\n    \"50\": 0.0029,\n    \"51\": 0.0029,\n    \"52\": 0,\n    \"53\": 0,\n    \"54\": 0,\n    \"55\": 0,\n    \"56\": 0,\n    \"57\": 0,\n    \"58\": 0.0029,\n    \"59\": 0,\n    \"60\": 0,\n    \"61\": 0,\n    \"62\": 0,\n    \"63\": 0,\n    \"64\": 0,\n    \"65\": 0,\n    \"66\": 0,\n    \"67\": 0.0029,\n    \"68\": 0,\n    \"69\": 0.00579,\n    \"70\": 0.01737,\n    \"71\": 0.00869,\n    \"72\": 0.0029,\n    \"73\": 0,\n    \"74\": 0.0029,\n    \"75\": 0.26345,\n    \"76\": 0.00579,\n    \"77\": 0.01158,\n    \"78\": 0.0029,\n    \"79\": 0.01158,\n    \"80\": 0.00579,\n    \"81\": 0.02316,\n    \"83\": 0.00869,\n    \"84\": 0.03474,\n    \"85\": 0.04343,\n    \"86\": 0.44294,\n    \"87\": 2.63735,\n    \"88\": 0,\n    \"89\": 0,\n    \"90\": 0\n  },\n  F: {\n    \"9\": 0,\n    \"11\": 0,\n    \"12\": 0,\n    \"15\": 0,\n    \"16\": 0,\n    \"17\": 0,\n    \"18\": 0,\n    \"19\": 0,\n    \"20\": 0,\n    \"21\": 0,\n    \"22\": 0,\n    \"23\": 0.00579,\n    \"24\": 0,\n    \"25\": 0,\n    \"26\": 0,\n    \"27\": 0,\n    \"28\": 0,\n    \"29\": 0,\n    \"30\": 0,\n    \"31\": 0,\n    \"32\": 0,\n    \"33\": 0,\n    \"34\": 0,\n    \"35\": 0,\n    \"36\": 0,\n    \"37\": 0.0029,\n    \"38\": 0,\n    \"39\": 0,\n    \"40\": 0,\n    \"41\": 0,\n    \"42\": 0,\n    \"43\": 0.02895,\n    \"44\": 0,\n    \"45\": 0,\n    \"46\": 0.0029,\n    \"47\": 0,\n    \"48\": 0,\n    \"49\": 0,\n    \"50\": 0.0029,\n    \"51\": 0.0029,\n    \"52\": 0,\n    \"53\": 0,\n    \"54\": 0,\n    \"55\": 0,\n    \"56\": 0,\n    \"57\": 0,\n    \"58\": 0,\n    \"60\": 0,\n    \"62\": 0.0029,\n    \"63\": 0,\n    \"64\": 0,\n    \"65\": 0,\n    \"66\": 0,\n    \"67\": 0,\n    \"68\": 0,\n    \"69\": 0,\n    \"70\": 0,\n    \"71\": 0,\n    \"72\": 0.39662,\n    \"9.5-9.6\": 0,\n    \"10.0-10.1\": 0,\n    \"10.5\": 0,\n    \"10.6\": 0,\n    \"11.1\": 0,\n    \"11.5\": 0,\n    \"11.6\": 0,\n    \"12.1\": 0.0029\n  },\n  E: {\n    \"4\": 0,\n    \"5\": 0,\n    \"6\": 0,\n    \"7\": 0,\n    \"8\": 0,\n    \"9\": 0,\n    \"10\": 0,\n    \"11\": 0,\n    \"12\": 0,\n    \"13\": 0.0029,\n    \"14\": 0.02606,\n    _: \"0\",\n    \"3.1\": 0,\n    \"3.2\": 0,\n    \"5.1\": 0.0579,\n    \"6.1\": 0,\n    \"7.1\": 0,\n    \"9.1\": 0,\n    \"10.1\": 0.0029,\n    \"11.1\": 0,\n    \"12.1\": 0,\n    \"13.1\": 0.00579\n  },\n  G: {\n    \"8\": 0,\n    \"3.2\": 0,\n    \"4.0-4.1\": 0,\n    \"4.2-4.3\": 0,\n    \"5.0-5.1\": 0,\n    \"6.0-6.1\": 0,\n    \"7.0-7.1\": 0.014,\n    \"8.1-8.4\": 0.00663,\n    \"9.0-9.2\": 0,\n    \"9.3\": 0.05233,\n    \"10.0-10.2\": 0.01032,\n    \"10.3\": 1.38198,\n    \"11.0-11.2\": 0.08697,\n    \"11.3-11.4\": 0.014,\n    \"12.0-12.1\": 0.02064,\n    \"12.2-12.4\": 0.82182,\n    \"13.0-13.1\": 0.08402,\n    \"13.2\": 0,\n    \"13.3\": 0.15331,\n    \"13.4-13.7\": 2.47503,\n    \"14.0-14.3\": 2.16547\n  },\n  B: {\n    \"12\": 0.03764,\n    \"13\": 0.01158,\n    \"14\": 0.00579,\n    \"15\": 0.01737,\n    \"16\": 0.0029,\n    \"17\": 0.01737,\n    \"18\": 0.02027,\n    \"79\": 0,\n    \"80\": 0,\n    \"81\": 0,\n    \"83\": 0,\n    \"84\": 0.00579,\n    \"85\": 0.00579,\n    \"86\": 0.01158,\n    \"87\": 0.20555\n  },\n  I: {\n    \"3\": 0,\n    \"4\": 0,\n    \"81\": 0,\n    \"2.1\": 0,\n    \"2.2\": 0,\n    \"2.3\": 0,\n    \"4.1\": 0.00728,\n    \"4.2-4.3\": 0.01091,\n    \"4.4\": 0,\n    \"4.4.3-4.4.4\": 0.48024\n  },\n  P: {\n    \"4\": 0.50274,\n    \"5.0-5.4\": 0.07038,\n    \"6.2-6.4\": 0.07038,\n    \"7.2-7.4\": 0.55301,\n    \"8.2\": 0.02011,\n    \"9.2\": 0.30164,\n    \"10.1\": 0.16088,\n    \"11.1-11.2\": 0.40219,\n    \"12.0\": 0.33181,\n    \"13.0\": 0.37202\n  },\n  K: {\n    _: \"0 10 11 12 11.1 11.5 12.1\"\n  },\n  A: {\n    \"6\": 0,\n    \"7\": 0,\n    \"8\": 0.0029,\n    \"9\": 0.00579,\n    \"10\": 0,\n    \"11\": 0.02895,\n    \"5.5\": 0\n  },\n  N: {\n    \"10\": 0,\n    \"11\": 0\n  },\n  J: {\n    \"7\": 0,\n    \"10\": 0\n  },\n  O: {\n    \"0\": 0.61814\n  },\n  H: {\n    \"0\": 0.92154\n  },\n  L: {\n    \"0\": 79.42184\n  },\n  S: {\n    \"2.5\": 0.01421\n  },\n  R: {\n    _: \"0\"\n  },\n  M: {\n    \"0\": 0.11368\n  },\n  Q: {\n    \"10.4\": 0.02842\n  }\n};","map":{"version":3,"sources":["/Users/bruceseymour/ra-video/client/node_modules/caniuse-lite/data/regions/KM.js"],"names":["module","exports","C","D","F","E","_","G","B","I","P","K","A","N","J","O","H","L","S","R","M","Q"],