{"ast":null,"code":"module.exports = {\n  C: {\n    \"2\": 0,\n    \"3\": 0,\n    \"4\": 0,\n    \"5\": 0,\n    \"6\": 0,\n    \"7\": 0,\n    \"8\": 0,\n    \"9\": 0,\n    \"10\": 0,\n    \"11\": 0,\n    \"12\": 0,\n    \"13\": 0,\n    \"14\": 0,\n    \"15\": 0,\n    \"16\": 0,\n    \"17\": 0,\n    \"18\": 0,\n    \"19\": 0,\n    \"20\": 0,\n    \"21\": 0,\n    \"22\": 0,\n    \"23\": 0,\n    \"24\": 0,\n    \"25\": 0,\n    \"26\": 0,\n    \"27\": 0,\n    \"28\": 0,\n    \"29\": 0,\n    \"30\": 0.00286,\n    \"31\": 0,\n    \"32\": 0,\n    \"33\": 0,\n    \"34\": 0,\n    \"35\": 0,\n    \"36\": 0,\n    \"37\": 0,\n    \"38\": 0,\n    \"39\": 0,\n    \"40\": 0,\n    \"41\": 0,\n    \"42\": 0,\n    \"43\": 0,\n    \"44\": 0,\n    \"45\": 0,\n    \"46\": 0,\n    \"47\": 0,\n    \"48\": 0,\n    \"49\": 0,\n    \"50\": 0,\n    \"51\": 0,\n    \"52\": 0.00286,\n    \"53\": 0,\n    \"54\": 0,\n    \"55\": 0,\n    \"56\": 0,\n    \"57\": 0,\n    \"58\": 0,\n    \"59\": 0,\n    \"60\": 0,\n    \"61\": 0,\n    \"62\": 0,\n    \"63\": 0,\n    \"64\": 0,\n    \"65\": 0,\n    \"66\": 0,\n    \"67\": 0,\n    \"68\": 0.00286,\n    \"69\": 0,\n    \"70\": 0,\n    \"71\": 0,\n    \"72\": 0,\n    \"73\": 0,\n    \"74\": 0,\n    \"75\": 0,\n    \"76\": 0,\n    \"77\": 0,\n    \"78\": 0.00573,\n    \"79\": 0,\n    \"80\": 0.02004,\n    \"81\": 0.00573,\n    \"82\": 0.01145,\n    \"83\": 0.1861,\n    \"84\": 0.10879,\n    \"85\": 0.00286,\n    \"86\": 0,\n    \"3.5\": 0,\n    \"3.6\": 0\n  },\n  D: {\n    \"4\": 0,\n    \"5\": 0,\n    \"6\": 0,\n    \"7\": 0,\n    \"8\": 0,\n    \"9\": 0,\n    \"10\": 0,\n    \"11\": 0,\n    \"12\": 0,\n    \"13\": 0,\n    \"14\": 0,\n    \"15\": 0,\n    \"16\": 0,\n    \"17\": 0,\n    \"18\": 0,\n    \"19\": 0,\n    \"20\": 0,\n    \"21\": 0,\n    \"22\": 0,\n    \"23\": 0,\n    \"24\": 0,\n    \"25\": 0,\n    \"26\": 0,\n    \"27\": 0,\n    \"28\": 0,\n    \"29\": 0,\n    \"30\": 0,\n    \"31\": 0,\n    \"32\": 0,\n    \"33\": 0,\n    \"34\": 0.00286,\n    \"35\": 0,\n    \"36\": 0,\n    \"37\": 0,\n    \"38\": 0.00573,\n    \"39\": 0,\n    \"40\": 0,\n    \"41\": 0,\n    \"42\": 0,\n    \"43\": 0.00286,\n    \"44\": 0,\n    \"45\": 0,\n    \"46\": 0,\n    \"47\": 0,\n    \"48\": 0,\n    \"49\": 0.01432,\n    \"50\": 0,\n    \"51\": 0,\n    \"52\": 0,\n    \"53\": 0.01145,\n    \"54\": 0,\n    \"55\": 0,\n    \"56\": 0.00286,\n    \"57\": 0,\n    \"58\": 0,\n    \"59\": 0,\n    \"60\": 0,\n    \"61\": 0.00286,\n    \"62\": 0.00286,\n    \"63\": 0.00573,\n    \"64\": 0,\n    \"65\": 0.00286,\n    \"66\": 0.00286,\n    \"67\": 0.00573,\n    \"68\": 0.00859,\n    \"69\": 0.00286,\n    \"70\": 0.00286,\n    \"71\": 0.00573,\n    \"72\": 0.00286,\n    \"73\": 0.00286,\n    \"74\": 0.00573,\n    \"75\": 0.00286,\n    \"76\": 0.00573,\n    \"77\": 0.00859,\n    \"78\": 0.00573,\n    \"79\": 0.01145,\n    \"80\": 0.01718,\n    \"81\": 0.02004,\n    \"83\": 0.05726,\n    \"84\": 0.02863,\n    \"85\": 0.09448,\n    \"86\": 0.84459,\n    \"87\": 4.80411,\n    \"88\": 0.00573,\n    \"89\": 0.00573,\n    \"90\": 0\n  },\n  F: {\n    \"9\": 0,\n    \"11\": 0,\n    \"12\": 0,\n    \"15\": 0,\n    \"16\": 0,\n    \"17\": 0,\n    \"18\": 0,\n    \"19\": 0,\n    \"20\": 0,\n    \"21\": 0,\n    \"22\": 0,\n    \"23\": 0,\n    \"24\": 0,\n    \"25\": 0,\n    \"26\": 0,\n    \"27\": 0,\n    \"28\": 0,\n    \"29\": 0,\n    \"30\": 0,\n    \"31\": 0,\n    \"32\": 0,\n    \"33\": 0,\n    \"34\": 0,\n    \"35\": 0,\n    \"36\": 0,\n    \"37\": 0,\n    \"38\": 0,\n    \"39\": 0,\n    \"40\": 0,\n    \"41\": 0,\n    \"42\": 0,\n    \"43\": 0,\n    \"44\": 0,\n    \"45\": 0,\n    \"46\": 0,\n    \"47\": 0,\n    \"48\": 0,\n    \"49\": 0,\n    \"50\": 0,\n    \"51\": 0,\n    \"52\": 0,\n    \"53\": 0,\n    \"54\": 0,\n    \"55\": 0,\n    \"56\": 0,\n    \"57\": 0,\n    \"58\": 0,\n    \"60\": 0,\n    \"62\": 0.00286,\n    \"63\": 0,\n    \"64\": 0,\n    \"65\": 0,\n    \"66\": 0,\n    \"67\": 0,\n    \"68\": 0.00286,\n    \"69\": 0,\n    \"70\": 0.00286,\n    \"71\": 0.01432,\n    \"72\": 0.01432,\n    \"9.5-9.6\": 0,\n    \"10.0-10.1\": 0,\n    \"10.5\": 0,\n    \"10.6\": 0,\n    \"11.1\": 0,\n    \"11.5\": 0,\n    \"11.6\": 0,\n    \"12.1\": 0\n  },\n  E: {\n    \"4\": 0,\n    \"5\": 0,\n    \"6\": 0,\n    \"7\": 0,\n    \"8\": 0,\n    \"9\": 0,\n    \"10\": 0,\n    \"11\": 0,\n    \"12\": 0.00286,\n    \"13\": 0.03436,\n    \"14\": 0.48957,\n    _: \"0\",\n    \"3.1\": 0,\n    \"3.2\": 0,\n    \"5.1\": 0.02577,\n    \"6.1\": 0,\n    \"7.1\": 0,\n    \"9.1\": 0,\n    \"10.1\": 0.00573,\n    \"11.1\": 0.00859,\n    \"12.1\": 0.01718,\n    \"13.1\": 0.14029\n  },\n  G: {\n    \"8\": 0,\n    \"3.2\": 0,\n    \"4.0-4.1\": 0,\n    \"4.2-4.3\": 0,\n    \"5.0-5.1\": 0.00398,\n    \"6.0-6.1\": 0.01591,\n    \"7.0-7.1\": 0.04375,\n    \"8.1-8.4\": 0.01591,\n    \"9.0-9.2\": 0.01591,\n    \"9.3\": 0.3142,\n    \"10.0-10.2\": 0.0517,\n    \"10.3\": 0.14318,\n    \"11.0-11.2\": 0.13125,\n    \"11.3-11.4\": 0.21079,\n    \"12.0-12.1\": 0.33409,\n    \"12.2-12.4\": 2.5693,\n    \"13.0-13.1\": 0.50909,\n    \"13.2\": 0.32216,\n    \"13.3\": 1.44374,\n    \"13.4-13.7\": 6.01757,\n    \"14.0-14.3\": 27.51456\n  },\n  B: {\n    \"12\": 0.00286,\n    \"13\": 0.00286,\n    \"14\": 0.00573,\n    \"15\": 0.00286,\n    \"16\": 0.00286,\n    \"17\": 0.00573,\n    \"18\": 0.04008,\n    \"79\": 0,\n    \"80\": 0,\n    \"81\": 0,\n    \"83\": 0,\n    \"84\": 0.00286,\n    \"85\": 0.00286,\n    \"86\": 0.01432,\n    \"87\": 0.54397\n  },\n  I: {\n    \"3\": 0,\n    \"4\": 0.00139,\n    \"81\": 0,\n    \"2.1\": 0,\n    \"2.2\": 0,\n    \"2.3\": 0,\n    \"4.1\": 0.00139,\n    \"4.2-4.3\": 0.00694,\n    \"4.4\": 0,\n    \"4.4.3-4.4.4\": 0.08746\n  },\n  P: {\n    \"4\": 0.14467,\n    \"5.0-5.4\": 0.01033,\n    \"6.2-6.4\": 0.01033,\n    \"7.2-7.4\": 0.08267,\n    \"8.2\": 0.01033,\n    \"9.2\": 0.11367,\n    \"10.1\": 0.062,\n    \"11.1-11.2\": 0.18601,\n    \"12.0\": 0.38235,\n    \"13.0\": 1.97375\n  },\n  K: {\n    _: \"0 10 11 12 11.1 11.5 12.1\"\n  },\n  A: {\n    \"6\": 0,\n    \"7\": 0,\n    \"8\": 0.00308,\n    \"9\": 0,\n    \"10\": 0,\n    \"11\": 0.16011,\n    \"5.5\": 0\n  },\n  N: {\n    \"10\": 0,\n    \"11\": 0\n  },\n  J: {\n    \"7\": 0,\n    \"10\": 0\n  },\n  O: {\n    \"0\": 1.69147\n  },\n  H: {\n    \"0\": 0.10811\n  },\n  L: {\n    \"0\": 45.7519\n  },\n  S: {\n    \"2.5\": 0\n  },\n  R: {\n    _: \"0\"\n  },\n  M: {\n    \"0\": 0.09992\n  },\n  Q: {\n    \"10.4\": 0\n  }\n};","map":{"version":3,"sources":["/Users/bruceseymour/ra-video/client/node_modules/caniuse-lite/data/regions/SA.js"],"names":["module","exports","C","D","F","E","_","G","B","I","P","K","A","N","J","O","H","L","S","R","M","Q"],