{"ast":null,"code":"module.exports = {\n  C: {\n    \"2\": 0,\n    \"3\": 0,\n    \"4\": 0,\n    \"5\": 0,\n    \"6\": 0,\n    \"7\": 0,\n    \"8\": 0,\n    \"9\": 0,\n    \"10\": 0,\n    \"11\": 0,\n    \"12\": 0.00263,\n    \"13\": 0.00263,\n    \"14\": 0,\n    \"15\": 0,\n    \"16\": 0,\n    \"17\": 0,\n    \"18\": 0,\n    \"19\": 0.00525,\n    \"20\": 0.00263,\n    \"21\": 0.00263,\n    \"22\": 0,\n    \"23\": 0.00263,\n    \"24\": 0,\n    \"25\": 0,\n    \"26\": 0,\n    \"27\": 0,\n    \"28\": 0,\n    \"29\": 0,\n    \"30\": 0.00263,\n    \"31\": 0.00525,\n    \"32\": 0,\n    \"33\": 0,\n    \"34\": 0.00263,\n    \"35\": 0.00263,\n    \"36\": 0.00525,\n    \"37\": 0.00788,\n    \"38\": 0,\n    \"39\": 0,\n    \"40\": 0.00263,\n    \"41\": 0.01839,\n    \"42\": 0.00263,\n    \"43\": 0.01314,\n    \"44\": 0.00263,\n    \"45\": 0.00788,\n    \"46\": 0,\n    \"47\": 0.02627,\n    \"48\": 0.01576,\n    \"49\": 0.00788,\n    \"50\": 0,\n    \"51\": 0,\n    \"52\": 0.00525,\n    \"53\": 0.00263,\n    \"54\": 0.00263,\n    \"55\": 0,\n    \"56\": 0.01051,\n    \"57\": 0.04203,\n    \"58\": 0.00263,\n    \"59\": 0,\n    \"60\": 0.00525,\n    \"61\": 0.01051,\n    \"62\": 0,\n    \"63\": 0,\n    \"64\": 0.00263,\n    \"65\": 0.00263,\n    \"66\": 0.00263,\n    \"67\": 0.01314,\n    \"68\": 0.00788,\n    \"69\": 0.00263,\n    \"70\": 0.00263,\n    \"71\": 0.01051,\n    \"72\": 0.01314,\n    \"73\": 0.00263,\n    \"74\": 0,\n    \"75\": 0.00263,\n    \"76\": 0,\n    \"77\": 0.00788,\n    \"78\": 0.03415,\n    \"79\": 0.02364,\n    \"80\": 0.03152,\n    \"81\": 0.03415,\n    \"82\": 0.06305,\n    \"83\": 0.75658,\n    \"84\": 0.35465,\n    \"85\": 0.04466,\n    \"86\": 0,\n    \"3.5\": 0,\n    \"3.6\": 0\n  },\n  D: {\n    \"4\": 0,\n    \"5\": 0,\n    \"6\": 0,\n    \"7\": 0,\n    \"8\": 0,\n    \"9\": 0,\n    \"10\": 0,\n    \"11\": 0,\n    \"12\": 0,\n    \"13\": 0,\n    \"14\": 0,\n    \"15\": 0,\n    \"16\": 0,\n    \"17\": 0,\n    \"18\": 0,\n    \"19\": 0,\n    \"20\": 0,\n    \"21\": 0,\n    \"22\": 0,\n    \"23\": 0,\n    \"24\": 0,\n    \"25\": 0.00263,\n    \"26\": 0,\n    \"27\": 0,\n    \"28\": 0,\n    \"29\": 0,\n    \"30\": 0,\n    \"31\": 0.00788,\n    \"32\": 0,\n    \"33\": 0.00263,\n    \"34\": 0,\n    \"35\": 0,\n    \"36\": 0,\n    \"37\": 0,\n    \"38\": 0.00263,\n    \"39\": 0,\n    \"40\": 0.00263,\n    \"41\": 0,\n    \"42\": 0,\n    \"43\": 0.0289,\n    \"44\": 0.00263,\n    \"45\": 0,\n    \"46\": 0.00263,\n    \"47\": 0,\n    \"48\": 0,\n    \"49\": 0.06305,\n    \"50\": 0,\n    \"51\": 0,\n    \"52\": 0,\n    \"53\": 0,\n    \"54\": 0,\n    \"55\": 0,\n    \"56\": 0,\n    \"57\": 0,\n    \"58\": 0.00525,\n    \"59\": 0.00263,\n    \"60\": 0,\n    \"61\": 0,\n    \"62\": 0.00263,\n    \"63\": 0.00525,\n    \"64\": 0.00263,\n    \"65\": 0.01051,\n    \"66\": 0.00263,\n    \"67\": 0.00788,\n    \"68\": 0.00263,\n    \"69\": 0.00788,\n    \"70\": 0.00263,\n    \"71\": 0.00525,\n    \"72\": 0,\n    \"73\": 0.00263,\n    \"74\": 0.00263,\n    \"75\": 0,\n    \"76\": 0,\n    \"77\": 0,\n    \"78\": 0,\n    \"79\": 0.01051,\n    \"80\": 0.01051,\n    \"81\": 0.00263,\n    \"83\": 0.00263,\n    \"84\": 0.03678,\n    \"85\": 0.03415,\n    \"86\": 0.7487,\n    \"87\": 2.57183,\n    \"88\": 0.00263,\n    \"89\": 0,\n    \"90\": 0\n  },\n  F: {\n    \"9\": 0,\n    \"11\": 0,\n    \"12\": 0,\n    \"15\": 0,\n    \"16\": 0,\n    \"17\": 0,\n    \"18\": 0,\n    \"19\": 0,\n    \"20\": 0,\n    \"21\": 0,\n    \"22\": 0.00263,\n    \"23\": 0,\n    \"24\": 0,\n    \"25\": 0,\n    \"26\": 0,\n    \"27\": 0,\n    \"28\": 0,\n    \"29\": 0,\n    \"30\": 0.00263,\n    \"31\": 0,\n    \"32\": 0,\n    \"33\": 0,\n    \"34\": 0.00263,\n    \"35\": 0,\n    \"36\": 0,\n    \"37\": 0.08406,\n    \"38\": 0,\n    \"39\": 0,\n    \"40\": 0,\n    \"41\": 0,\n    \"42\": 0,\n    \"43\": 0,\n    \"44\": 0,\n    \"45\": 0,\n    \"46\": 0,\n    \"47\": 0,\n    \"48\": 0,\n    \"49\": 0,\n    \"50\": 0.00263,\n    \"51\": 0.00263,\n    \"52\": 0,\n    \"53\": 0,\n    \"54\": 0.00525,\n    \"55\": 0.00788,\n    \"56\": 0,\n    \"57\": 0.00263,\n    \"58\": 0,\n    \"60\": 0.00525,\n    \"62\": 0,\n    \"63\": 0,\n    \"64\": 0,\n    \"65\": 0,\n    \"66\": 0,\n    \"67\": 0,\n    \"68\": 0,\n    \"69\": 0,\n    \"70\": 0.00525,\n    \"71\": 0.00263,\n    \"72\": 0.08406,\n    \"9.5-9.6\": 0,\n    \"10.0-10.1\": 0,\n    \"10.5\": 0,\n    \"10.6\": 0,\n    \"11.1\": 0,\n    \"11.5\": 0,\n    \"11.6\": 0,\n    \"12.1\": 0.00525\n  },\n  E: {\n    \"4\": 0,\n    \"5\": 0,\n    \"6\": 0,\n    \"7\": 0,\n    \"8\": 0.00788,\n    \"9\": 0,\n    \"10\": 0,\n    \"11\": 0,\n    \"12\": 0.00525,\n    \"13\": 0.00263,\n    \"14\": 0.03152,\n    _: \"0\",\n    \"3.1\": 0,\n    \"3.2\": 0,\n    \"5.1\": 0.11559,\n    \"6.1\": 0,\n    \"7.1\": 0,\n    \"9.1\": 0.00788,\n    \"10.1\": 0.01051,\n    \"11.1\": 0.00525,\n    \"12.1\": 0.01051,\n    \"13.1\": 0.03152\n  },\n  G: {\n    \"8\": 0,\n    \"3.2\": 0,\n    \"4.0-4.1\": 0,\n    \"4.2-4.3\": 0,\n    \"5.0-5.1\": 0.00089,\n    \"6.0-6.1\": 0.00089,\n    \"7.0-7.1\": 0.00981,\n    \"8.1-8.4\": 0.00847,\n    \"9.0-9.2\": 0.0785,\n    \"9.3\": 0.13916,\n    \"10.0-10.2\": 0.09277,\n    \"10.3\": 0.11017,\n    \"11.0-11.2\": 0.10035,\n    \"11.3-11.4\": 0.2239,\n    \"12.0-12.1\": 0.25423,\n    \"12.2-12.4\": 0.99372,\n    \"13.0-13.1\": 0.20249,\n    \"13.2\": 0.06155,\n    \"13.3\": 0.44735,\n    \"13.4-13.7\": 0.62576,\n    \"14.0-14.3\": 1.10255\n  },\n  B: {\n    \"12\": 0.00525,\n    \"13\": 0.00525,\n    \"14\": 0.00263,\n    \"15\": 0.02102,\n    \"16\": 0.00263,\n    \"17\": 0.01576,\n    \"18\": 0.03941,\n    \"79\": 0,\n    \"80\": 0,\n    \"81\": 0,\n    \"83\": 0,\n    \"84\": 0,\n    \"85\": 0.00263,\n    \"86\": 0.03415,\n    \"87\": 0.31787\n  },\n  I: {\n    \"3\": 0,\n    \"4\": 0.00331,\n    \"81\": 0,\n    \"2.1\": 0,\n    \"2.2\": 0,\n    \"2.3\": 0,\n    \"4.1\": 0.01766,\n    \"4.2-4.3\": 0.02649,\n    \"4.4\": 0,\n    \"4.4.3-4.4.4\": 0.19975\n  },\n  P: {\n    \"4\": 2.01518,\n    \"5.0-5.4\": 0.08101,\n    \"6.2-6.4\": 0.06076,\n    \"7.2-7.4\": 0.73924,\n    \"8.2\": 0.05063,\n    \"9.2\": 0.17215,\n    \"10.1\": 0.18228,\n    \"11.1-11.2\": 0.26329,\n    \"12.0\": 0.25316,\n    \"13.0\": 0.3038\n  },\n  K: {\n    _: \"0 10 11 12 11.1 11.5 12.1\"\n  },\n  A: {\n    \"6\": 0,\n    \"7\": 0,\n    \"8\": 0.01899,\n    \"9\": 0,\n    \"10\": 0,\n    \"11\": 0.23058,\n    \"5.5\": 0\n  },\n  N: {\n    \"10\": 0,\n    \"11\": 0\n  },\n  J: {\n    \"7\": 0,\n    \"10\": 0\n  },\n  O: {\n    \"0\": 1.04697\n  },\n  H: {\n    \"0\": 2.65949\n  },\n  L: {\n    \"0\": 78.6622\n  },\n  S: {\n    \"2.5\": 0\n  },\n  R: {\n    _: \"0\"\n  },\n  M: {\n    \"0\": 0.02212\n  },\n  Q: {\n    \"10.4\": 0.00737\n  }\n};","map":{"version":3,"sources":["/Users/bruceseymour/ra-video/client/node_modules/caniuse-lite/data/regions/TL.js"],"names":["module","exports","C","D","F","E","_","G","B","I","P","K","A","N","J","O","H","L","S","R","M","Q"],