{"ast":null,"code":"module.exports = {\n  C: {\n    \"2\": 0,\n    \"3\": 0,\n    \"4\": 0,\n    \"5\": 0,\n    \"6\": 0,\n    \"7\": 0,\n    \"8\": 0,\n    \"9\": 0,\n    \"10\": 0,\n    \"11\": 0,\n    \"12\": 0,\n    \"13\": 0,\n    \"14\": 0,\n    \"15\": 0,\n    \"16\": 0,\n    \"17\": 0,\n    \"18\": 0,\n    \"19\": 0,\n    \"20\": 0,\n    \"21\": 0,\n    \"22\": 0,\n    \"23\": 0,\n    \"24\": 0,\n    \"25\": 0,\n    \"26\": 0,\n    \"27\": 0,\n    \"28\": 0,\n    \"29\": 0,\n    \"30\": 0,\n    \"31\": 0,\n    \"32\": 0,\n    \"33\": 0,\n    \"34\": 0,\n    \"35\": 0,\n    \"36\": 0,\n    \"37\": 0,\n    \"38\": 0,\n    \"39\": 0,\n    \"40\": 0,\n    \"41\": 0,\n    \"42\": 0,\n    \"43\": 0,\n    \"44\": 0,\n    \"45\": 0,\n    \"46\": 0,\n    \"47\": 0.00468,\n    \"48\": 0.03275,\n    \"49\": 0,\n    \"50\": 0.00468,\n    \"51\": 0.00468,\n    \"52\": 0.18248,\n    \"53\": 0,\n    \"54\": 0.00468,\n    \"55\": 0,\n    \"56\": 0.00936,\n    \"57\": 0.00468,\n    \"58\": 0.00468,\n    \"59\": 0,\n    \"60\": 0.01404,\n    \"61\": 0,\n    \"62\": 0,\n    \"63\": 0,\n    \"64\": 0,\n    \"65\": 0.00468,\n    \"66\": 0.00936,\n    \"67\": 0.00468,\n    \"68\": 0.06083,\n    \"69\": 0.00468,\n    \"70\": 0.00468,\n    \"71\": 0.00468,\n    \"72\": 0.01872,\n    \"73\": 0.00468,\n    \"74\": 0.00468,\n    \"75\": 0.00468,\n    \"76\": 0.01404,\n    \"77\": 0.00936,\n    \"78\": 0.07954,\n    \"79\": 0.01404,\n    \"80\": 0.01872,\n    \"81\": 0.05147,\n    \"82\": 0.08422,\n    \"83\": 2.28335,\n    \"84\": 1.55811,\n    \"85\": 0.00936,\n    \"86\": 0,\n    \"3.5\": 0,\n    \"3.6\": 0\n  },\n  D: {\n    \"4\": 0,\n    \"5\": 0,\n    \"6\": 0,\n    \"7\": 0,\n    \"8\": 0,\n    \"9\": 0,\n    \"10\": 0,\n    \"11\": 0,\n    \"12\": 0,\n    \"13\": 0,\n    \"14\": 0,\n    \"15\": 0,\n    \"16\": 0,\n    \"17\": 0,\n    \"18\": 0,\n    \"19\": 0,\n    \"20\": 0,\n    \"21\": 0,\n    \"22\": 0,\n    \"23\": 0,\n    \"24\": 0,\n    \"25\": 0,\n    \"26\": 0,\n    \"27\": 0,\n    \"28\": 0,\n    \"29\": 0,\n    \"30\": 0,\n    \"31\": 0,\n    \"32\": 0,\n    \"33\": 0,\n    \"34\": 0.00468,\n    \"35\": 0.00468,\n    \"36\": 0,\n    \"37\": 0,\n    \"38\": 0.00468,\n    \"39\": 0,\n    \"40\": 0.00468,\n    \"41\": 0,\n    \"42\": 0,\n    \"43\": 0.00468,\n    \"44\": 0,\n    \"45\": 0,\n    \"46\": 0.00468,\n    \"47\": 0,\n    \"48\": 0,\n    \"49\": 0.14037,\n    \"50\": 0,\n    \"51\": 0,\n    \"52\": 0,\n    \"53\": 0.00468,\n    \"54\": 0,\n    \"55\": 0,\n    \"56\": 0.00468,\n    \"57\": 0,\n    \"58\": 0.00936,\n    \"59\": 0.00468,\n    \"60\": 0,\n    \"61\": 0.01404,\n    \"62\": 0.00468,\n    \"63\": 0.0234,\n    \"64\": 0.00468,\n    \"65\": 0.00468,\n    \"66\": 0.00468,\n    \"67\": 0.00468,\n    \"68\": 0.00468,\n    \"69\": 0.00468,\n    \"70\": 0.01404,\n    \"71\": 0.01872,\n    \"72\": 0.00936,\n    \"73\": 0.00936,\n    \"74\": 0.02807,\n    \"75\": 0.01404,\n    \"76\": 0.01872,\n    \"77\": 0.00936,\n    \"78\": 0.01404,\n    \"79\": 0.09826,\n    \"80\": 0.02807,\n    \"81\": 0.06551,\n    \"83\": 0.05147,\n    \"84\": 0.05615,\n    \"85\": 0.07954,\n    \"86\": 1.74059,\n    \"87\": 9.42819,\n    \"88\": 0.00468,\n    \"89\": 0.00468,\n    \"90\": 0\n  },\n  F: {\n    \"9\": 0,\n    \"11\": 0,\n    \"12\": 0,\n    \"15\": 0,\n    \"16\": 0,\n    \"17\": 0,\n    \"18\": 0,\n    \"19\": 0,\n    \"20\": 0,\n    \"21\": 0,\n    \"22\": 0,\n    \"23\": 0,\n    \"24\": 0,\n    \"25\": 0,\n    \"26\": 0,\n    \"27\": 0,\n    \"28\": 0,\n    \"29\": 0,\n    \"30\": 0,\n    \"31\": 0,\n    \"32\": 0,\n    \"33\": 0,\n    \"34\": 0,\n    \"35\": 0,\n    \"36\": 0.0234,\n    \"37\": 0,\n    \"38\": 0,\n    \"39\": 0,\n    \"40\": 0,\n    \"41\": 0,\n    \"42\": 0,\n    \"43\": 0,\n    \"44\": 0,\n    \"45\": 0,\n    \"46\": 0,\n    \"47\": 0,\n    \"48\": 0,\n    \"49\": 0,\n    \"50\": 0.00468,\n    \"51\": 0.01404,\n    \"52\": 0,\n    \"53\": 0.00468,\n    \"54\": 0.00468,\n    \"55\": 0,\n    \"56\": 0,\n    \"57\": 0,\n    \"58\": 0,\n    \"60\": 0.00468,\n    \"62\": 0,\n    \"63\": 0,\n    \"64\": 0,\n    \"65\": 0,\n    \"66\": 0,\n    \"67\": 0,\n    \"68\": 0.00468,\n    \"69\": 0,\n    \"70\": 0.00468,\n    \"71\": 0.57552,\n    \"72\": 1.31948,\n    \"9.5-9.6\": 0,\n    \"10.0-10.1\": 0,\n    \"10.5\": 0,\n    \"10.6\": 0,\n    \"11.1\": 0,\n    \"11.5\": 0,\n    \"11.6\": 0,\n    \"12.1\": 0.00468\n  },\n  E: {\n    \"4\": 0,\n    \"5\": 0,\n    \"6\": 0,\n    \"7\": 0,\n    \"8\": 0,\n    \"9\": 0,\n    \"10\": 0,\n    \"11\": 0,\n    \"12\": 0.00468,\n    \"13\": 0.01872,\n    \"14\": 0.34625,\n    _: \"0\",\n    \"3.1\": 0,\n    \"3.2\": 0,\n    \"5.1\": 0,\n    \"6.1\": 0,\n    \"7.1\": 0,\n    \"9.1\": 0,\n    \"10.1\": 0,\n    \"11.1\": 0.01404,\n    \"12.1\": 0.01872,\n    \"13.1\": 0.10294\n  },\n  G: {\n    \"8\": 0,\n    \"3.2\": 0,\n    \"4.0-4.1\": 0,\n    \"4.2-4.3\": 0,\n    \"5.0-5.1\": 0.00195,\n    \"6.0-6.1\": 0.00146,\n    \"7.0-7.1\": 0.00536,\n    \"8.1-8.4\": 0.00049,\n    \"9.0-9.2\": 0.00341,\n    \"9.3\": 0.0614,\n    \"10.0-10.2\": 0.00828,\n    \"10.3\": 0.07358,\n    \"11.0-11.2\": 0.03313,\n    \"11.3-11.4\": 0.03703,\n    \"12.0-12.1\": 0.03801,\n    \"12.2-12.4\": 0.38885,\n    \"13.0-13.1\": 0.02826,\n    \"13.2\": 0.04386,\n    \"13.3\": 0.1111,\n    \"13.4-13.7\": 0.498,\n    \"14.0-14.3\": 3.52838\n  },\n  B: {\n    \"12\": 0,\n    \"13\": 0,\n    \"14\": 0.00936,\n    \"15\": 0.01872,\n    \"16\": 0.00468,\n    \"17\": 0.0234,\n    \"18\": 0.06083,\n    \"79\": 0,\n    \"80\": 0,\n    \"81\": 0,\n    \"83\": 0,\n    \"84\": 0.00468,\n    \"85\": 0.00936,\n    \"86\": 0.04211,\n    \"87\": 1.63297\n  },\n  I: {\n    \"3\": 0,\n    \"4\": 0.00365,\n    \"81\": 0,\n    \"2.1\": 0,\n    \"2.2\": 0,\n    \"2.3\": 0,\n    \"4.1\": 0.03043,\n    \"4.2-4.3\": 0.02921,\n    \"4.4\": 0,\n    \"4.4.3-4.4.4\": 0.09799\n  },\n  P: {\n    \"4\": 0.19379,\n    \"5.0-5.4\": 0.0204,\n    \"6.2-6.4\": 0.0102,\n    \"7.2-7.4\": 0.0612,\n    \"8.2\": 0.0204,\n    \"9.2\": 0.153,\n    \"10.1\": 0.0816,\n    \"11.1-11.2\": 0.30599,\n    \"12.0\": 0.49979,\n    \"13.0\": 2.70292\n  },\n  K: {\n    _: \"0 10 11 12 11.1 11.5 12.1\"\n  },\n  A: {\n    \"6\": 0,\n    \"7\": 0,\n    \"8\": 0,\n    \"9\": 0,\n    \"10\": 0,\n    \"11\": 0.14037,\n    \"5.5\": 0\n  },\n  N: {\n    \"10\": 0,\n    \"11\": 0\n  },\n  J: {\n    \"7\": 0,\n    \"10\": 0.00532\n  },\n  O: {\n    \"0\": 0.03193\n  },\n  H: {\n    \"0\": 1.18887\n  },\n  L: {\n    \"0\": 65.15411\n  },\n  S: {\n    \"2.5\": 0\n  },\n  R: {\n    _: \"0\"\n  },\n  M: {\n    \"0\": 0.26073\n  },\n  Q: {\n    \"10.4\": 0\n  }\n};","map":{"version":3,"sources":["/Users/bruceseymour/ra-video/client/node_modules/caniuse-lite/data/regions/PL.js"],"names":["module","exports","C","D","F","E","_","G","B","I","P","K","A","N","J","O","H","L","S","R","M","Q"],