{"ast":null,"code":"module.exports = {\n  C: {\n    \"2\": 0,\n    \"3\": 0,\n    \"4\": 0,\n    \"5\": 0,\n    \"6\": 0,\n    \"7\": 0,\n    \"8\": 0,\n    \"9\": 0,\n    \"10\": 0,\n    \"11\": 0,\n    \"12\": 0,\n    \"13\": 0,\n    \"14\": 0,\n    \"15\": 0,\n    \"16\": 0,\n    \"17\": 0,\n    \"18\": 0,\n    \"19\": 0,\n    \"20\": 0,\n    \"21\": 0,\n    \"22\": 0,\n    \"23\": 0,\n    \"24\": 0,\n    \"25\": 0,\n    \"26\": 0,\n    \"27\": 0,\n    \"28\": 0,\n    \"29\": 0,\n    \"30\": 0,\n    \"31\": 0,\n    \"32\": 0,\n    \"33\": 0,\n    \"34\": 0,\n    \"35\": 0,\n    \"36\": 0.0131,\n    \"37\": 0,\n    \"38\": 0,\n    \"39\": 0,\n    \"40\": 0,\n    \"41\": 0,\n    \"42\": 0,\n    \"43\": 0.00328,\n    \"44\": 0,\n    \"45\": 0,\n    \"46\": 0,\n    \"47\": 0.00328,\n    \"48\": 0.00328,\n    \"49\": 0.00655,\n    \"50\": 0.00328,\n    \"51\": 0,\n    \"52\": 0.01638,\n    \"53\": 0,\n    \"54\": 0,\n    \"55\": 0,\n    \"56\": 0.00328,\n    \"57\": 0,\n    \"58\": 0.00328,\n    \"59\": 0.00328,\n    \"60\": 0.00328,\n    \"61\": 0,\n    \"62\": 0.00328,\n    \"63\": 0.00328,\n    \"64\": 0.0131,\n    \"65\": 0.00328,\n    \"66\": 0.00328,\n    \"67\": 0.00328,\n    \"68\": 0.00983,\n    \"69\": 0.00328,\n    \"70\": 0.00328,\n    \"71\": 0.00328,\n    \"72\": 0.01638,\n    \"73\": 0.00328,\n    \"74\": 0.00328,\n    \"75\": 0.00328,\n    \"76\": 0.00328,\n    \"77\": 0.00655,\n    \"78\": 0.02293,\n    \"79\": 0.00655,\n    \"80\": 0.00983,\n    \"81\": 0.02293,\n    \"82\": 0.03276,\n    \"83\": 0.80262,\n    \"84\": 0.50778,\n    \"85\": 0.01966,\n    \"86\": 0,\n    \"3.5\": 0,\n    \"3.6\": 0\n  },\n  D: {\n    \"4\": 0,\n    \"5\": 0,\n    \"6\": 0,\n    \"7\": 0,\n    \"8\": 0,\n    \"9\": 0,\n    \"10\": 0,\n    \"11\": 0,\n    \"12\": 0,\n    \"13\": 0,\n    \"14\": 0,\n    \"15\": 0,\n    \"16\": 0,\n    \"17\": 0,\n    \"18\": 0,\n    \"19\": 0,\n    \"20\": 0,\n    \"21\": 0,\n    \"22\": 0,\n    \"23\": 0,\n    \"24\": 0,\n    \"25\": 0.00328,\n    \"26\": 0,\n    \"27\": 0,\n    \"28\": 0,\n    \"29\": 0,\n    \"30\": 0,\n    \"31\": 0,\n    \"32\": 0,\n    \"33\": 0,\n    \"34\": 0,\n    \"35\": 0,\n    \"36\": 0,\n    \"37\": 0,\n    \"38\": 0.00328,\n    \"39\": 0,\n    \"40\": 0,\n    \"41\": 0.00328,\n    \"42\": 0,\n    \"43\": 0,\n    \"44\": 0,\n    \"45\": 0,\n    \"46\": 0,\n    \"47\": 0,\n    \"48\": 0,\n    \"49\": 0.02948,\n    \"50\": 0,\n    \"51\": 0,\n    \"52\": 0,\n    \"53\": 0.00328,\n    \"54\": 0,\n    \"55\": 0,\n    \"56\": 0.00328,\n    \"57\": 0,\n    \"58\": 0.00655,\n    \"59\": 0,\n    \"60\": 0.00328,\n    \"61\": 0.01966,\n    \"62\": 0.00328,\n    \"63\": 0.01638,\n    \"64\": 0.00328,\n    \"65\": 0.00328,\n    \"66\": 0.00328,\n    \"67\": 0.00655,\n    \"68\": 0.00328,\n    \"69\": 0.00655,\n    \"70\": 0.00983,\n    \"71\": 0.03276,\n    \"72\": 0.00655,\n    \"73\": 0.00655,\n    \"74\": 0.00983,\n    \"75\": 0.00983,\n    \"76\": 0.00655,\n    \"77\": 0.00655,\n    \"78\": 0.0131,\n    \"79\": 0.02293,\n    \"80\": 0.03931,\n    \"81\": 0.01638,\n    \"83\": 0.02621,\n    \"84\": 0.05569,\n    \"85\": 0.06552,\n    \"86\": 1.1335,\n    \"87\": 5.21867,\n    \"88\": 0.00655,\n    \"89\": 0.00328,\n    \"90\": 0\n  },\n  F: {\n    \"9\": 0,\n    \"11\": 0,\n    \"12\": 0,\n    \"15\": 0,\n    \"16\": 0,\n    \"17\": 0,\n    \"18\": 0,\n    \"19\": 0,\n    \"20\": 0,\n    \"21\": 0,\n    \"22\": 0,\n    \"23\": 0,\n    \"24\": 0,\n    \"25\": 0,\n    \"26\": 0,\n    \"27\": 0,\n    \"28\": 0.00328,\n    \"29\": 0,\n    \"30\": 0,\n    \"31\": 0,\n    \"32\": 0,\n    \"33\": 0,\n    \"34\": 0,\n    \"35\": 0,\n    \"36\": 0,\n    \"37\": 0.04586,\n    \"38\": 0,\n    \"39\": 0,\n    \"40\": 0,\n    \"41\": 0,\n    \"42\": 0,\n    \"43\": 0,\n    \"44\": 0,\n    \"45\": 0.00328,\n    \"46\": 0.00655,\n    \"47\": 0.00328,\n    \"48\": 0,\n    \"49\": 0,\n    \"50\": 0.02621,\n    \"51\": 0.03604,\n    \"52\": 0,\n    \"53\": 0,\n    \"54\": 0,\n    \"55\": 0.00328,\n    \"56\": 0,\n    \"57\": 0.0131,\n    \"58\": 0,\n    \"60\": 0,\n    \"62\": 0,\n    \"63\": 0,\n    \"64\": 0,\n    \"65\": 0,\n    \"66\": 0,\n    \"67\": 0,\n    \"68\": 0,\n    \"69\": 0,\n    \"70\": 0,\n    \"71\": 0.0131,\n    \"72\": 0.10483,\n    \"9.5-9.6\": 0,\n    \"10.0-10.1\": 0,\n    \"10.5\": 0,\n    \"10.6\": 0,\n    \"11.1\": 0,\n    \"11.5\": 0,\n    \"11.6\": 0,\n    \"12.1\": 0\n  },\n  E: {\n    \"4\": 0,\n    \"5\": 0,\n    \"6\": 0,\n    \"7\": 0,\n    \"8\": 0,\n    \"9\": 0,\n    \"10\": 0,\n    \"11\": 0.00328,\n    \"12\": 0.00655,\n    \"13\": 0.0131,\n    \"14\": 0.12776,\n    _: \"0\",\n    \"3.1\": 0,\n    \"3.2\": 0,\n    \"5.1\": 0.72072,\n    \"6.1\": 0,\n    \"7.1\": 0,\n    \"9.1\": 0,\n    \"10.1\": 0.00328,\n    \"11.1\": 0.00655,\n    \"12.1\": 0.01638,\n    \"13.1\": 0.06224\n  },\n  G: {\n    \"8\": 0,\n    \"3.2\": 0,\n    \"4.0-4.1\": 0,\n    \"4.2-4.3\": 0.00185,\n    \"5.0-5.1\": 0.00247,\n    \"6.0-6.1\": 0.03333,\n    \"7.0-7.1\": 0.0037,\n    \"8.1-8.4\": 0.00185,\n    \"9.0-9.2\": 0.0037,\n    \"9.3\": 0.04629,\n    \"10.0-10.2\": 0.01234,\n    \"10.3\": 0.07222,\n    \"11.0-11.2\": 0.04259,\n    \"11.3-11.4\": 0.07777,\n    \"12.0-12.1\": 0.07283,\n    \"12.2-12.4\": 0.81785,\n    \"13.0-13.1\": 0.07901,\n    \"13.2\": 0.0321,\n    \"13.3\": 0.26109,\n    \"13.4-13.7\": 0.86476,\n    \"14.0-14.3\": 3.72629\n  },\n  B: {\n    \"12\": 0,\n    \"13\": 0,\n    \"14\": 0,\n    \"15\": 0,\n    \"16\": 0,\n    \"17\": 0.00328,\n    \"18\": 0.00983,\n    \"79\": 0,\n    \"80\": 0,\n    \"81\": 0,\n    \"83\": 0,\n    \"84\": 0,\n    \"85\": 0.00328,\n    \"86\": 0.00983,\n    \"87\": 0.37674\n  },\n  I: {\n    \"3\": 0,\n    \"4\": 0,\n    \"81\": 0,\n    \"2.1\": 0,\n    \"2.2\": 0,\n    \"2.3\": 0,\n    \"4.1\": 0.00751,\n    \"4.2-4.3\": 0.03755,\n    \"4.4\": 0,\n    \"4.4.3-4.4.4\": 0.22529\n  },\n  P: {\n    \"4\": 0.62462,\n    \"5.0-5.4\": 0.02015,\n    \"6.2-6.4\": 0.0403,\n    \"7.2-7.4\": 0.09067,\n    \"8.2\": 0.03022,\n    \"9.2\": 0.14104,\n    \"10.1\": 0.10075,\n    \"11.1-11.2\": 0.25186,\n    \"12.0\": 0.49365,\n    \"13.0\": 1.15857\n  },\n  K: {\n    _: \"0 10 11 12 11.1 11.5 12.1\"\n  },\n  A: {\n    \"6\": 0,\n    \"7\": 0,\n    \"8\": 0.00374,\n    \"9\": 0,\n    \"10\": 0,\n    \"11\": 0.02246,\n    \"5.5\": 0\n  },\n  N: {\n    \"10\": 0,\n    \"11\": 0.0269\n  },\n  J: {\n    \"7\": 0,\n    \"10\": 0.00672\n  },\n  O: {\n    \"0\": 1.96341\n  },\n  H: {\n    \"0\": 1.75697\n  },\n  L: {\n    \"0\": 73.74258\n  },\n  S: {\n    \"2.5\": 0\n  },\n  R: {\n    _: \"0\"\n  },\n  M: {\n    \"0\": 0.13448\n  },\n  Q: {\n    \"10.4\": 0.00672\n  }\n};","map":{"version":3,"sources":["/Users/bruceseymour/ra-video/client/node_modules/caniuse-lite/data/regions/ID.js"],"names":["module","exports","C","D","F","E","_","G","B","I","P","K","A","N","J","O","H","L","S","R","M","Q"],