{"ast":null,"code":"module.exports = {\n  C: {\n    \"2\": 0,\n    \"3\": 0,\n    \"4\": 0,\n    \"5\": 0,\n    \"6\": 0,\n    \"7\": 0,\n    \"8\": 0,\n    \"9\": 0,\n    \"10\": 0,\n    \"11\": 0,\n    \"12\": 0,\n    \"13\": 0,\n    \"14\": 0,\n    \"15\": 0,\n    \"16\": 0,\n    \"17\": 0,\n    \"18\": 0,\n    \"19\": 0,\n    \"20\": 0,\n    \"21\": 0,\n    \"22\": 0,\n    \"23\": 0,\n    \"24\": 0,\n    \"25\": 0,\n    \"26\": 0,\n    \"27\": 0,\n    \"28\": 0,\n    \"29\": 0.00143,\n    \"30\": 0.00143,\n    \"31\": 0,\n    \"32\": 0,\n    \"33\": 0.00143,\n    \"34\": 0.00572,\n    \"35\": 0.00286,\n    \"36\": 0,\n    \"37\": 0,\n    \"38\": 0,\n    \"39\": 0,\n    \"40\": 0,\n    \"41\": 0.00143,\n    \"42\": 0,\n    \"43\": 0.00143,\n    \"44\": 0.00143,\n    \"45\": 0.00143,\n    \"46\": 0,\n    \"47\": 0.00429,\n    \"48\": 0.00143,\n    \"49\": 0.00143,\n    \"50\": 0.00143,\n    \"51\": 0.00143,\n    \"52\": 0.01429,\n    \"53\": 0,\n    \"54\": 0.00143,\n    \"55\": 0.00143,\n    \"56\": 0.00286,\n    \"57\": 0.00143,\n    \"58\": 0,\n    \"59\": 0,\n    \"60\": 0,\n    \"61\": 0,\n    \"62\": 0.00143,\n    \"63\": 0.00143,\n    \"64\": 0.00143,\n    \"65\": 0,\n    \"66\": 0.00286,\n    \"67\": 0.00143,\n    \"68\": 0.01286,\n    \"69\": 0.00286,\n    \"70\": 0.00143,\n    \"71\": 0,\n    \"72\": 0.00572,\n    \"73\": 0.00143,\n    \"74\": 0,\n    \"75\": 0.00143,\n    \"76\": 0,\n    \"77\": 0.00143,\n    \"78\": 0.01143,\n    \"79\": 0.00286,\n    \"80\": 0.00429,\n    \"81\": 0.01143,\n    \"82\": 0.01572,\n    \"83\": 0.26008,\n    \"84\": 0.08574,\n    \"85\": 0.00286,\n    \"86\": 0,\n    \"3.5\": 0,\n    \"3.6\": 0\n  },\n  D: {\n    \"4\": 0,\n    \"5\": 0,\n    \"6\": 0,\n    \"7\": 0,\n    \"8\": 0,\n    \"9\": 0,\n    \"10\": 0,\n    \"11\": 0.00143,\n    \"12\": 0,\n    \"13\": 0,\n    \"14\": 0,\n    \"15\": 0,\n    \"16\": 0,\n    \"17\": 0,\n    \"18\": 0,\n    \"19\": 0,\n    \"20\": 0,\n    \"21\": 0,\n    \"22\": 0.00143,\n    \"23\": 0,\n    \"24\": 0,\n    \"25\": 0,\n    \"26\": 0,\n    \"27\": 0.00143,\n    \"28\": 0.00143,\n    \"29\": 0.00143,\n    \"30\": 0,\n    \"31\": 0,\n    \"32\": 0,\n    \"33\": 0.00143,\n    \"34\": 0,\n    \"35\": 0.00143,\n    \"36\": 0.00143,\n    \"37\": 0,\n    \"38\": 0,\n    \"39\": 0,\n    \"40\": 0.00572,\n    \"41\": 0.00143,\n    \"42\": 0.00286,\n    \"43\": 0.01,\n    \"44\": 0,\n    \"45\": 0,\n    \"46\": 0.00143,\n    \"47\": 0,\n    \"48\": 0.00143,\n    \"49\": 0.00286,\n    \"50\": 0,\n    \"51\": 0,\n    \"52\": 0,\n    \"53\": 0,\n    \"54\": 0,\n    \"55\": 0.00286,\n    \"56\": 0.00143,\n    \"57\": 0.00143,\n    \"58\": 0.00286,\n    \"59\": 0,\n    \"60\": 0.00143,\n    \"61\": 0.00143,\n    \"62\": 0.00143,\n    \"63\": 0.00429,\n    \"64\": 0.00286,\n    \"65\": 0.00143,\n    \"66\": 0,\n    \"67\": 0.00143,\n    \"68\": 0.00143,\n    \"69\": 0.00572,\n    \"70\": 0.00715,\n    \"71\": 0.00286,\n    \"72\": 0.00143,\n    \"73\": 0.00143,\n    \"74\": 0.00143,\n    \"75\": 0.00143,\n    \"76\": 0.00286,\n    \"77\": 0.00143,\n    \"78\": 0.00572,\n    \"79\": 0.01286,\n    \"80\": 0.01429,\n    \"81\": 0.01,\n    \"83\": 0.00572,\n    \"84\": 0.00572,\n    \"85\": 0.01572,\n    \"86\": 0.14004,\n    \"87\": 0.49729,\n    \"88\": 0,\n    \"89\": 0,\n    \"90\": 0\n  },\n  F: {\n    \"9\": 0,\n    \"11\": 0,\n    \"12\": 0,\n    \"15\": 0.00286,\n    \"16\": 0.00143,\n    \"17\": 0,\n    \"18\": 0.00143,\n    \"19\": 0.00143,\n    \"20\": 0.00143,\n    \"21\": 0,\n    \"22\": 0,\n    \"23\": 0.00143,\n    \"24\": 0.01286,\n    \"25\": 0,\n    \"26\": 0.01286,\n    \"27\": 0.00286,\n    \"28\": 0.01572,\n    \"29\": 0,\n    \"30\": 0.00715,\n    \"31\": 0.00143,\n    \"32\": 0.00572,\n    \"33\": 0.00429,\n    \"34\": 0,\n    \"35\": 0.00143,\n    \"36\": 0,\n    \"37\": 0.00143,\n    \"38\": 0.00715,\n    \"39\": 0,\n    \"40\": 0,\n    \"41\": 0.00143,\n    \"42\": 0.00143,\n    \"43\": 0,\n    \"44\": 0,\n    \"45\": 0.00143,\n    \"46\": 0.00572,\n    \"47\": 0.00857,\n    \"48\": 0,\n    \"49\": 0,\n    \"50\": 0.01143,\n    \"51\": 0.01715,\n    \"52\": 0,\n    \"53\": 0.00857,\n    \"54\": 0.00286,\n    \"55\": 0.00286,\n    \"56\": 0.00143,\n    \"57\": 0,\n    \"58\": 0.00143,\n    \"60\": 0.01143,\n    \"62\": 0,\n    \"63\": 0,\n    \"64\": 0,\n    \"65\": 0,\n    \"66\": 0,\n    \"67\": 0,\n    \"68\": 0,\n    \"69\": 0,\n    \"70\": 0,\n    \"71\": 0.00286,\n    \"72\": 0.09146,\n    \"9.5-9.6\": 0,\n    \"10.0-10.1\": 0,\n    \"10.5\": 0,\n    \"10.6\": 0,\n    \"11.1\": 0,\n    \"11.5\": 0,\n    \"11.6\": 0,\n    \"12.1\": 0.00429\n  },\n  E: {\n    \"4\": 0,\n    \"5\": 0,\n    \"6\": 0,\n    \"7\": 0,\n    \"8\": 0,\n    \"9\": 0,\n    \"10\": 0,\n    \"11\": 0,\n    \"12\": 0,\n    \"13\": 0.00572,\n    \"14\": 0.01858,\n    _: \"0\",\n    \"3.1\": 0,\n    \"3.2\": 0,\n    \"5.1\": 0.28723,\n    \"6.1\": 0,\n    \"7.1\": 0,\n    \"9.1\": 0,\n    \"10.1\": 0,\n    \"11.1\": 0.00143,\n    \"12.1\": 0.00143,\n    \"13.1\": 0.00572\n  },\n  G: {\n    \"8\": 0,\n    \"3.2\": 0,\n    \"4.0-4.1\": 0,\n    \"4.2-4.3\": 0.00153,\n    \"5.0-5.1\": 0.00203,\n    \"6.0-6.1\": 0.00407,\n    \"7.0-7.1\": 0.04374,\n    \"8.1-8.4\": 0.00865,\n    \"9.0-9.2\": 0.01577,\n    \"9.3\": 0.11393,\n    \"10.0-10.2\": 0.02797,\n    \"10.3\": 0.11597,\n    \"11.0-11.2\": 0.11953,\n    \"11.3-11.4\": 0.18158,\n    \"12.0-12.1\": 0.21007,\n    \"12.2-12.4\": 0.99692,\n    \"13.0-13.1\": 0.16988,\n    \"13.2\": 0.06816,\n    \"13.3\": 0.33214,\n    \"13.4-13.7\": 0.69835,\n    \"14.0-14.3\": 1.95112\n  },\n  B: {\n    \"12\": 0.00429,\n    \"13\": 0.00143,\n    \"14\": 0.00572,\n    \"15\": 0.00286,\n    \"16\": 0.00143,\n    \"17\": 0.00572,\n    \"18\": 0.01715,\n    \"79\": 0,\n    \"80\": 0,\n    \"81\": 0,\n    \"83\": 0,\n    \"84\": 0.00143,\n    \"85\": 0.00143,\n    \"86\": 0.00715,\n    \"87\": 0.07002\n  },\n  I: {\n    \"3\": 0,\n    \"4\": 0.00139,\n    \"81\": 0,\n    \"2.1\": 0,\n    \"2.2\": 0,\n    \"2.3\": 0,\n    \"4.1\": 0.00742,\n    \"4.2-4.3\": 0.04172,\n    \"4.4\": 0,\n    \"4.4.3-4.4.4\": 0.24662\n  },\n  P: {\n    \"4\": 2.34643,\n    \"5.0-5.4\": 0.12189,\n    \"6.2-6.4\": 0.24379,\n    \"7.2-7.4\": 0.48757,\n    \"8.2\": 0.0711,\n    \"9.2\": 0.42662,\n    \"10.1\": 0.20315,\n    \"11.1-11.2\": 0.65009,\n    \"12.0\": 0.90404,\n    \"13.0\": 0.96498\n  },\n  K: {\n    _: \"0 10 11 12 11.1 11.5 12.1\"\n  },\n  A: {\n    \"6\": 0,\n    \"7\": 0,\n    \"8\": 0.00196,\n    \"9\": 0.00196,\n    \"10\": 0,\n    \"11\": 0.06467,\n    \"5.5\": 0\n  },\n  N: {\n    \"10\": 0,\n    \"11\": 0\n  },\n  J: {\n    \"7\": 0,\n    \"10\": 0.00857\n  },\n  O: {\n    \"0\": 1.83419\n  },\n  H: {\n    \"0\": 9.16124\n  },\n  L: {\n    \"0\": 71.75813\n  },\n  S: {\n    \"2.5\": 0.00857\n  },\n  R: {\n    _: \"0\"\n  },\n  M: {\n    \"0\": 0.23142\n  },\n  Q: {\n    \"10.4\": 0.08571\n  }\n};","map":{"version":3,"sources":["/Users/bruceseymour/ra-video/client/node_modules/caniuse-lite/data/regions/SD.js"],"names":["module","exports","C","D","F","E","_","G","B","I","P","K","A","N","J","O","H","L","S","R","M","Q"],