{"ast":null,"code":"module.exports = {\n  C: {\n    \"2\": 0,\n    \"3\": 0,\n    \"4\": 0,\n    \"5\": 0,\n    \"6\": 0,\n    \"7\": 0,\n    \"8\": 0,\n    \"9\": 0,\n    \"10\": 0,\n    \"11\": 0,\n    \"12\": 0,\n    \"13\": 0,\n    \"14\": 0,\n    \"15\": 0,\n    \"16\": 0,\n    \"17\": 0,\n    \"18\": 0,\n    \"19\": 0.00331,\n    \"20\": 0,\n    \"21\": 0,\n    \"22\": 0,\n    \"23\": 0,\n    \"24\": 0,\n    \"25\": 0,\n    \"26\": 0,\n    \"27\": 0,\n    \"28\": 0,\n    \"29\": 0,\n    \"30\": 0.00331,\n    \"31\": 0,\n    \"32\": 0,\n    \"33\": 0,\n    \"34\": 0,\n    \"35\": 0,\n    \"36\": 0,\n    \"37\": 0,\n    \"38\": 0,\n    \"39\": 0,\n    \"40\": 0,\n    \"41\": 0,\n    \"42\": 0,\n    \"43\": 0,\n    \"44\": 0,\n    \"45\": 0,\n    \"46\": 0,\n    \"47\": 0,\n    \"48\": 0,\n    \"49\": 0,\n    \"50\": 0,\n    \"51\": 0.00331,\n    \"52\": 0.00992,\n    \"53\": 0,\n    \"54\": 0,\n    \"55\": 0,\n    \"56\": 0,\n    \"57\": 0.00331,\n    \"58\": 0,\n    \"59\": 0,\n    \"60\": 0,\n    \"61\": 0,\n    \"62\": 0,\n    \"63\": 0,\n    \"64\": 0,\n    \"65\": 0.00331,\n    \"66\": 0.00331,\n    \"67\": 0,\n    \"68\": 0.00661,\n    \"69\": 0,\n    \"70\": 0,\n    \"71\": 0,\n    \"72\": 0.00661,\n    \"73\": 0,\n    \"74\": 0,\n    \"75\": 0,\n    \"76\": 0,\n    \"77\": 0.00992,\n    \"78\": 0.01653,\n    \"79\": 0,\n    \"80\": 0.00331,\n    \"81\": 0.00661,\n    \"82\": 0.12893,\n    \"83\": 0.28762,\n    \"84\": 0.16861,\n    \"85\": 0.00331,\n    \"86\": 0,\n    \"3.5\": 0,\n    \"3.6\": 0\n  },\n  D: {\n    \"4\": 0,\n    \"5\": 0,\n    \"6\": 0,\n    \"7\": 0,\n    \"8\": 0,\n    \"9\": 0,\n    \"10\": 0,\n    \"11\": 0,\n    \"12\": 0,\n    \"13\": 0,\n    \"14\": 0,\n    \"15\": 0,\n    \"16\": 0,\n    \"17\": 0,\n    \"18\": 0,\n    \"19\": 0,\n    \"20\": 0,\n    \"21\": 0,\n    \"22\": 0,\n    \"23\": 0,\n    \"24\": 0,\n    \"25\": 0,\n    \"26\": 0,\n    \"27\": 0,\n    \"28\": 0,\n    \"29\": 0,\n    \"30\": 0,\n    \"31\": 0,\n    \"32\": 0,\n    \"33\": 0,\n    \"34\": 0,\n    \"35\": 0,\n    \"36\": 0,\n    \"37\": 0,\n    \"38\": 0.00331,\n    \"39\": 0,\n    \"40\": 0.00331,\n    \"41\": 0,\n    \"42\": 0,\n    \"43\": 0.00331,\n    \"44\": 0,\n    \"45\": 0,\n    \"46\": 0,\n    \"47\": 0,\n    \"48\": 0,\n    \"49\": 0.03967,\n    \"50\": 0,\n    \"51\": 0,\n    \"52\": 0,\n    \"53\": 0.00992,\n    \"54\": 0,\n    \"55\": 0,\n    \"56\": 0,\n    \"57\": 0,\n    \"58\": 0.00331,\n    \"59\": 0,\n    \"60\": 0,\n    \"61\": 0.00331,\n    \"62\": 0,\n    \"63\": 0.00992,\n    \"64\": 0,\n    \"65\": 0.00661,\n    \"66\": 0,\n    \"67\": 0.01653,\n    \"68\": 0.00331,\n    \"69\": 0.00331,\n    \"70\": 0.01322,\n    \"71\": 0.00661,\n    \"72\": 0.00661,\n    \"73\": 0.00331,\n    \"74\": 0.00992,\n    \"75\": 0.00331,\n    \"76\": 0.00331,\n    \"77\": 0.00331,\n    \"78\": 0.00331,\n    \"79\": 0.01322,\n    \"80\": 0.0562,\n    \"81\": 0.03637,\n    \"83\": 0.02645,\n    \"84\": 0.03637,\n    \"85\": 0.0562,\n    \"86\": 1.36538,\n    \"87\": 5.52102,\n    \"88\": 0.00661,\n    \"89\": 0.01653,\n    \"90\": 0\n  },\n  F: {\n    \"9\": 0,\n    \"11\": 0,\n    \"12\": 0,\n    \"15\": 0,\n    \"16\": 0,\n    \"17\": 0,\n    \"18\": 0,\n    \"19\": 0,\n    \"20\": 0,\n    \"21\": 0,\n    \"22\": 0,\n    \"23\": 0,\n    \"24\": 0,\n    \"25\": 0,\n    \"26\": 0,\n    \"27\": 0,\n    \"28\": 0,\n    \"29\": 0,\n    \"30\": 0,\n    \"31\": 0,\n    \"32\": 0,\n    \"33\": 0,\n    \"34\": 0,\n    \"35\": 0,\n    \"36\": 0,\n    \"37\": 0,\n    \"38\": 0,\n    \"39\": 0,\n    \"40\": 0,\n    \"41\": 0,\n    \"42\": 0,\n    \"43\": 0,\n    \"44\": 0,\n    \"45\": 0,\n    \"46\": 0,\n    \"47\": 0,\n    \"48\": 0,\n    \"49\": 0,\n    \"50\": 0,\n    \"51\": 0,\n    \"52\": 0,\n    \"53\": 0,\n    \"54\": 0,\n    \"55\": 0,\n    \"56\": 0,\n    \"57\": 0,\n    \"58\": 0,\n    \"60\": 0,\n    \"62\": 0,\n    \"63\": 0,\n    \"64\": 0,\n    \"65\": 0,\n    \"66\": 0,\n    \"67\": 0,\n    \"68\": 0,\n    \"69\": 0,\n    \"70\": 0,\n    \"71\": 0.02975,\n    \"72\": 0.12232,\n    \"9.5-9.6\": 0,\n    \"10.0-10.1\": 0,\n    \"10.5\": 0,\n    \"10.6\": 0,\n    \"11.1\": 0,\n    \"11.5\": 0,\n    \"11.6\": 0,\n    \"12.1\": 0\n  },\n  E: {\n    \"4\": 0,\n    \"5\": 0,\n    \"6\": 0,\n    \"7\": 0,\n    \"8\": 0,\n    \"9\": 0,\n    \"10\": 0.00331,\n    \"11\": 0.00661,\n    \"12\": 0.01322,\n    \"13\": 0.03306,\n    \"14\": 0.42317,\n    _: \"0\",\n    \"3.1\": 0,\n    \"3.2\": 0,\n    \"5.1\": 0.91907,\n    \"6.1\": 0,\n    \"7.1\": 0,\n    \"9.1\": 0.00331,\n    \"10.1\": 0.00992,\n    \"11.1\": 0.02314,\n    \"12.1\": 0.07273,\n    \"13.1\": 0.15869\n  },\n  G: {\n    \"8\": 0,\n    \"3.2\": 0,\n    \"4.0-4.1\": 0,\n    \"4.2-4.3\": 0,\n    \"5.0-5.1\": 0.00434,\n    \"6.0-6.1\": 0.00289,\n    \"7.0-7.1\": 0.06652,\n    \"8.1-8.4\": 0.05061,\n    \"9.0-9.2\": 0.04049,\n    \"9.3\": 0.16631,\n    \"10.0-10.2\": 0.03181,\n    \"10.3\": 0.17643,\n    \"11.0-11.2\": 0.11424,\n    \"11.3-11.4\": 0.19234,\n    \"12.0-12.1\": 0.14172,\n    \"12.2-12.4\": 1.80188,\n    \"13.0-13.1\": 0.08388,\n    \"13.2\": 0.05206,\n    \"13.3\": 0.48156,\n    \"13.4-13.7\": 1.86118,\n    \"14.0-14.3\": 9.09908\n  },\n  B: {\n    \"12\": 0.00331,\n    \"13\": 0.00331,\n    \"14\": 0.00331,\n    \"15\": 0.00661,\n    \"16\": 0.00331,\n    \"17\": 0.00992,\n    \"18\": 0.04628,\n    \"79\": 0,\n    \"80\": 0,\n    \"81\": 0,\n    \"83\": 0,\n    \"84\": 0.00331,\n    \"85\": 0.00331,\n    \"86\": 0.01653,\n    \"87\": 0.52235\n  },\n  I: {\n    \"3\": 0,\n    \"4\": 0,\n    \"81\": 0,\n    \"2.1\": 0,\n    \"2.2\": 0,\n    \"2.3\": 0,\n    \"4.1\": 0.0035,\n    \"4.2-4.3\": 0.01137,\n    \"4.4\": 0,\n    \"4.4.3-4.4.4\": 0.12819\n  },\n  P: {\n    \"4\": 0.33741,\n    \"5.0-5.4\": 0.02045,\n    \"6.2-6.4\": 0.02045,\n    \"7.2-7.4\": 0.34763,\n    \"8.2\": 0.06135,\n    \"9.2\": 0.26583,\n    \"10.1\": 0.13292,\n    \"11.1-11.2\": 0.57257,\n    \"12.0\": 1.01222,\n    \"13.0\": 6.18576\n  },\n  K: {\n    _: \"0 10 11 12 11.1 11.5 12.1\"\n  },\n  A: {\n    \"6\": 0,\n    \"7\": 0,\n    \"8\": 0.00331,\n    \"9\": 0,\n    \"10\": 0,\n    \"11\": 0.09587,\n    \"5.5\": 0\n  },\n  N: {\n    \"10\": 0,\n    \"11\": 0\n  },\n  J: {\n    \"7\": 0,\n    \"10\": 0.00669\n  },\n  O: {\n    \"0\": 0.30123\n  },\n  H: {\n    \"0\": 0.19646\n  },\n  L: {\n    \"0\": 61.98735\n  },\n  S: {\n    \"2.5\": 0\n  },\n  R: {\n    _: \"0\"\n  },\n  M: {\n    \"0\": 0.12719\n  },\n  Q: {\n    \"10.4\": 0\n  }\n};","map":{"version":3,"sources":["/Users/bruceseymour/ra-video/client/node_modules/caniuse-lite/data/regions/LB.js"],"names":["module","exports","C","D","F","E","_","G","B","I","P","K","A","N","J","O","H","L","S","R","M","Q"],