{"ast":null,"code":"module.exports = {\n  C: {\n    \"2\": 0,\n    \"3\": 0,\n    \"4\": 0,\n    \"5\": 0.00319,\n    \"6\": 0,\n    \"7\": 0,\n    \"8\": 0,\n    \"9\": 0,\n    \"10\": 0,\n    \"11\": 0,\n    \"12\": 0,\n    \"13\": 0,\n    \"14\": 0,\n    \"15\": 0,\n    \"16\": 0,\n    \"17\": 0.00638,\n    \"18\": 0,\n    \"19\": 0,\n    \"20\": 0,\n    \"21\": 0,\n    \"22\": 0,\n    \"23\": 0,\n    \"24\": 0,\n    \"25\": 0,\n    \"26\": 0,\n    \"27\": 0,\n    \"28\": 0,\n    \"29\": 0,\n    \"30\": 0,\n    \"31\": 0.00319,\n    \"32\": 0,\n    \"33\": 0,\n    \"34\": 0,\n    \"35\": 0,\n    \"36\": 0,\n    \"37\": 0.00638,\n    \"38\": 0,\n    \"39\": 0,\n    \"40\": 0.00319,\n    \"41\": 0,\n    \"42\": 0,\n    \"43\": 0.00319,\n    \"44\": 0.00638,\n    \"45\": 0.00638,\n    \"46\": 0,\n    \"47\": 0.00319,\n    \"48\": 0.00638,\n    \"49\": 0.00638,\n    \"50\": 0.00638,\n    \"51\": 0.00319,\n    \"52\": 0.00638,\n    \"53\": 0.00319,\n    \"54\": 0,\n    \"55\": 0,\n    \"56\": 0.21366,\n    \"57\": 0.00638,\n    \"58\": 0.00319,\n    \"59\": 0,\n    \"60\": 0,\n    \"61\": 0.00319,\n    \"62\": 0,\n    \"63\": 0,\n    \"64\": 0,\n    \"65\": 0,\n    \"66\": 0,\n    \"67\": 0,\n    \"68\": 0.02232,\n    \"69\": 0.00319,\n    \"70\": 0,\n    \"71\": 0,\n    \"72\": 0.00957,\n    \"73\": 0.00319,\n    \"74\": 0,\n    \"75\": 0,\n    \"76\": 0.05421,\n    \"77\": 0.00957,\n    \"78\": 0.01276,\n    \"79\": 0.00319,\n    \"80\": 0.05421,\n    \"81\": 0.00638,\n    \"82\": 0.0287,\n    \"83\": 0.76855,\n    \"84\": 0.44646,\n    \"85\": 0.02232,\n    \"86\": 0,\n    \"3.5\": 0,\n    \"3.6\": 0\n  },\n  D: {\n    \"4\": 0,\n    \"5\": 0,\n    \"6\": 0,\n    \"7\": 0,\n    \"8\": 0,\n    \"9\": 0,\n    \"10\": 0,\n    \"11\": 0,\n    \"12\": 0,\n    \"13\": 0,\n    \"14\": 0,\n    \"15\": 0,\n    \"16\": 0,\n    \"17\": 0,\n    \"18\": 0,\n    \"19\": 0,\n    \"20\": 0,\n    \"21\": 0,\n    \"22\": 0,\n    \"23\": 0.00319,\n    \"24\": 0.00638,\n    \"25\": 0,\n    \"26\": 0.00319,\n    \"27\": 0,\n    \"28\": 0,\n    \"29\": 0,\n    \"30\": 0,\n    \"31\": 0,\n    \"32\": 0,\n    \"33\": 0,\n    \"34\": 0,\n    \"35\": 0,\n    \"36\": 0,\n    \"37\": 0,\n    \"38\": 0,\n    \"39\": 0,\n    \"40\": 0.00319,\n    \"41\": 0,\n    \"42\": 0,\n    \"43\": 0.01276,\n    \"44\": 0,\n    \"45\": 0,\n    \"46\": 0,\n    \"47\": 0,\n    \"48\": 0,\n    \"49\": 0.00319,\n    \"50\": 0,\n    \"51\": 0.00319,\n    \"52\": 0,\n    \"53\": 0,\n    \"54\": 0,\n    \"55\": 0.00319,\n    \"56\": 0,\n    \"57\": 0,\n    \"58\": 0,\n    \"59\": 0.00638,\n    \"60\": 0.00319,\n    \"61\": 0,\n    \"62\": 0,\n    \"63\": 0.00638,\n    \"64\": 0,\n    \"65\": 0.00319,\n    \"66\": 0,\n    \"67\": 0.01276,\n    \"68\": 0.00319,\n    \"69\": 0.0287,\n    \"70\": 0.00319,\n    \"71\": 0.03827,\n    \"72\": 0,\n    \"73\": 0.00319,\n    \"74\": 0.00638,\n    \"75\": 0.00638,\n    \"76\": 0.03827,\n    \"77\": 0.00319,\n    \"78\": 0.00319,\n    \"79\": 0.18815,\n    \"80\": 0.01276,\n    \"81\": 0.04784,\n    \"83\": 0.01595,\n    \"84\": 0.02232,\n    \"85\": 0.06697,\n    \"86\": 0.91524,\n    \"87\": 4.29877,\n    \"88\": 0.00319,\n    \"89\": 0.00638,\n    \"90\": 0\n  },\n  F: {\n    \"9\": 0,\n    \"11\": 0,\n    \"12\": 0,\n    \"15\": 0,\n    \"16\": 0,\n    \"17\": 0,\n    \"18\": 0,\n    \"19\": 0,\n    \"20\": 0,\n    \"21\": 0,\n    \"22\": 0,\n    \"23\": 0.00638,\n    \"24\": 0.04465,\n    \"25\": 0,\n    \"26\": 0.04146,\n    \"27\": 0.00638,\n    \"28\": 0.10524,\n    \"29\": 0.00319,\n    \"30\": 0.04784,\n    \"31\": 0.00638,\n    \"32\": 0.01913,\n    \"33\": 0.00638,\n    \"34\": 0,\n    \"35\": 0.00957,\n    \"36\": 0.00638,\n    \"37\": 0,\n    \"38\": 0.00319,\n    \"39\": 0,\n    \"40\": 0,\n    \"41\": 0,\n    \"42\": 0.00638,\n    \"43\": 0,\n    \"44\": 0.00319,\n    \"45\": 0.00319,\n    \"46\": 0.04784,\n    \"47\": 0.17221,\n    \"48\": 0,\n    \"49\": 0,\n    \"50\": 0.22004,\n    \"51\": 0.21366,\n    \"52\": 0,\n    \"53\": 0.00319,\n    \"54\": 0.00319,\n    \"55\": 0,\n    \"56\": 0,\n    \"57\": 0,\n    \"58\": 0,\n    \"60\": 0.00638,\n    \"62\": 0,\n    \"63\": 0,\n    \"64\": 0,\n    \"65\": 0,\n    \"66\": 0,\n    \"67\": 0,\n    \"68\": 0.00319,\n    \"69\": 0,\n    \"70\": 0,\n    \"71\": 0.00957,\n    \"72\": 0.40181,\n    \"9.5-9.6\": 0,\n    \"10.0-10.1\": 0,\n    \"10.5\": 0,\n    \"10.6\": 0,\n    \"11.1\": 0,\n    \"11.5\": 0.00319,\n    \"11.6\": 0,\n    \"12.1\": 0.02551\n  },\n  E: {\n    \"4\": 0,\n    \"5\": 0,\n    \"6\": 0,\n    \"7\": 0,\n    \"8\": 0,\n    \"9\": 0,\n    \"10\": 0,\n    \"11\": 0,\n    \"12\": 0,\n    \"13\": 0.01276,\n    \"14\": 0.07335,\n    _: \"0\",\n    \"3.1\": 0,\n    \"3.2\": 0,\n    \"5.1\": 0.03827,\n    \"6.1\": 0,\n    \"7.1\": 0,\n    \"9.1\": 0,\n    \"10.1\": 0.00319,\n    \"11.1\": 0.00319,\n    \"12.1\": 0.03508,\n    \"13.1\": 0.01913\n  },\n  G: {\n    \"8\": 0,\n    \"3.2\": 0,\n    \"4.0-4.1\": 0,\n    \"4.2-4.3\": 0,\n    \"5.0-5.1\": 0.00218,\n    \"6.0-6.1\": 0.15337,\n    \"7.0-7.1\": 0.02556,\n    \"8.1-8.4\": 0,\n    \"9.0-9.2\": 0,\n    \"9.3\": 0.02556,\n    \"10.0-10.2\": 0.00436,\n    \"10.3\": 0.05206,\n    \"11.0-11.2\": 0.02089,\n    \"11.3-11.4\": 0.04427,\n    \"12.0-12.1\": 0.04208,\n    \"12.2-12.4\": 0.66617,\n    \"13.0-13.1\": 0.06453,\n    \"13.2\": 0.04115,\n    \"13.3\": 0.16865,\n    \"13.4-13.7\": 0.3666,\n    \"14.0-14.3\": 1.42992\n  },\n  B: {\n    \"12\": 0.01276,\n    \"13\": 0.00638,\n    \"14\": 0.01276,\n    \"15\": 0.00638,\n    \"16\": 0.00638,\n    \"17\": 0.03508,\n    \"18\": 0.0861,\n    \"79\": 0,\n    \"80\": 0,\n    \"81\": 0,\n    \"83\": 0,\n    \"84\": 0.00638,\n    \"85\": 0.00957,\n    \"86\": 0.01595,\n    \"87\": 0.6091\n  },\n  I: {\n    \"3\": 0,\n    \"4\": 0,\n    \"81\": 0,\n    \"2.1\": 0,\n    \"2.2\": 0,\n    \"2.3\": 0,\n    \"4.1\": 0.00253,\n    \"4.2-4.3\": 0.01216,\n    \"4.4\": 0,\n    \"4.4.3-4.4.4\": 0.2072\n  },\n  P: {\n    \"4\": 0.24952,\n    \"5.0-5.4\": 0.02994,\n    \"6.2-6.4\": 0.09981,\n    \"7.2-7.4\": 0.05989,\n    \"8.2\": 0.00998,\n    \"9.2\": 0.0499,\n    \"10.1\": 0.01996,\n    \"11.1-11.2\": 0.12975,\n    \"12.0\": 0.27947,\n    \"13.0\": 0.65874\n  },\n  K: {\n    _: \"0 10 11 12 11.1 11.5 12.1\"\n  },\n  A: {\n    \"6\": 0,\n    \"7\": 0,\n    \"8\": 0.00319,\n    \"9\": 0,\n    \"10\": 0.00319,\n    \"11\": 0.16902,\n    \"5.5\": 0\n  },\n  N: {\n    \"10\": 0,\n    \"11\": 0\n  },\n  J: {\n    \"7\": 0,\n    \"10\": 0.00681\n  },\n  O: {\n    \"0\": 0.42909\n  },\n  H: {\n    \"0\": 22.72351\n  },\n  L: {\n    \"0\": 52.2635\n  },\n  S: {\n    \"2.5\": 0.03406\n  },\n  R: {\n    _: \"0\"\n  },\n  M: {\n    \"0\": 0.0613\n  },\n  Q: {\n    \"10.4\": 0.38142\n  }\n};","map":{"version":3,"sources":["/Users/bruceseymour/ra-video/client/node_modules/caniuse-lite/data/regions/BI.js"],"names":["module","exports","C","D","F","E","_","G","B","I","P","K","A","N","J","O","H","L","S","R","M","Q"],