{"ast":null,"code":"module.exports = {\n  C: {\n    \"2\": 0,\n    \"3\": 0,\n    \"4\": 0,\n    \"5\": 0,\n    \"6\": 0,\n    \"7\": 0,\n    \"8\": 0,\n    \"9\": 0,\n    \"10\": 0,\n    \"11\": 0,\n    \"12\": 0,\n    \"13\": 0,\n    \"14\": 0,\n    \"15\": 0,\n    \"16\": 0,\n    \"17\": 0.00258,\n    \"18\": 0,\n    \"19\": 0,\n    \"20\": 0,\n    \"21\": 0,\n    \"22\": 0,\n    \"23\": 0,\n    \"24\": 0,\n    \"25\": 0.00258,\n    \"26\": 0,\n    \"27\": 0,\n    \"28\": 0,\n    \"29\": 0.02067,\n    \"30\": 0,\n    \"31\": 0,\n    \"32\": 0,\n    \"33\": 0,\n    \"34\": 0,\n    \"35\": 0,\n    \"36\": 0,\n    \"37\": 0,\n    \"38\": 0,\n    \"39\": 0,\n    \"40\": 0,\n    \"41\": 0,\n    \"42\": 0,\n    \"43\": 0.00517,\n    \"44\": 0,\n    \"45\": 0,\n    \"46\": 0,\n    \"47\": 0,\n    \"48\": 0,\n    \"49\": 0,\n    \"50\": 0,\n    \"51\": 0,\n    \"52\": 0.00517,\n    \"53\": 0,\n    \"54\": 0,\n    \"55\": 0.00258,\n    \"56\": 0,\n    \"57\": 0,\n    \"58\": 0.00258,\n    \"59\": 0,\n    \"60\": 0,\n    \"61\": 0,\n    \"62\": 0,\n    \"63\": 0,\n    \"64\": 0,\n    \"65\": 0,\n    \"66\": 0,\n    \"67\": 0,\n    \"68\": 0.00258,\n    \"69\": 0.00517,\n    \"70\": 0,\n    \"71\": 0,\n    \"72\": 0.00775,\n    \"73\": 0,\n    \"74\": 0,\n    \"75\": 0,\n    \"76\": 0,\n    \"77\": 0,\n    \"78\": 0.01034,\n    \"79\": 0.00517,\n    \"80\": 0,\n    \"81\": 0.02842,\n    \"82\": 0.00258,\n    \"83\": 0.47804,\n    \"84\": 0.21447,\n    \"85\": 0.00775,\n    \"86\": 0,\n    \"3.5\": 0,\n    \"3.6\": 0\n  },\n  D: {\n    \"4\": 0,\n    \"5\": 0,\n    \"6\": 0,\n    \"7\": 0,\n    \"8\": 0,\n    \"9\": 0,\n    \"10\": 0,\n    \"11\": 0,\n    \"12\": 0,\n    \"13\": 0,\n    \"14\": 0,\n    \"15\": 0,\n    \"16\": 0,\n    \"17\": 0,\n    \"18\": 0,\n    \"19\": 0,\n    \"20\": 0,\n    \"21\": 0,\n    \"22\": 0,\n    \"23\": 0,\n    \"24\": 0.00258,\n    \"25\": 0,\n    \"26\": 0.00258,\n    \"27\": 0,\n    \"28\": 0,\n    \"29\": 0,\n    \"30\": 0,\n    \"31\": 0,\n    \"32\": 0,\n    \"33\": 0,\n    \"34\": 0,\n    \"35\": 0,\n    \"36\": 0,\n    \"37\": 0.00258,\n    \"38\": 0.00258,\n    \"39\": 0.00258,\n    \"40\": 0.00258,\n    \"41\": 0,\n    \"42\": 0,\n    \"43\": 0,\n    \"44\": 0,\n    \"45\": 0,\n    \"46\": 0,\n    \"47\": 0,\n    \"48\": 0,\n    \"49\": 0.00775,\n    \"50\": 0,\n    \"51\": 0,\n    \"52\": 0,\n    \"53\": 0,\n    \"54\": 0,\n    \"55\": 0.00258,\n    \"56\": 0,\n    \"57\": 0,\n    \"58\": 0,\n    \"59\": 0.0646,\n    \"60\": 0,\n    \"61\": 0,\n    \"62\": 0,\n    \"63\": 0.00258,\n    \"64\": 0,\n    \"65\": 0,\n    \"66\": 0.00517,\n    \"67\": 0,\n    \"68\": 0,\n    \"69\": 0.00258,\n    \"70\": 0,\n    \"71\": 0,\n    \"72\": 0.00258,\n    \"73\": 0,\n    \"74\": 0.00258,\n    \"75\": 0.00258,\n    \"76\": 0.00258,\n    \"77\": 0.0155,\n    \"78\": 0.00258,\n    \"79\": 0.0155,\n    \"80\": 0.01809,\n    \"81\": 0.01034,\n    \"83\": 0.00775,\n    \"84\": 0.06977,\n    \"85\": 0.01034,\n    \"86\": 0.53747,\n    \"87\": 3.90701,\n    \"88\": 0.00258,\n    \"89\": 0.00517,\n    \"90\": 0\n  },\n  F: {\n    \"9\": 0,\n    \"11\": 0,\n    \"12\": 0,\n    \"15\": 0,\n    \"16\": 0,\n    \"17\": 0,\n    \"18\": 0,\n    \"19\": 0,\n    \"20\": 0,\n    \"21\": 0,\n    \"22\": 0,\n    \"23\": 0,\n    \"24\": 0,\n    \"25\": 0,\n    \"26\": 0,\n    \"27\": 0,\n    \"28\": 0,\n    \"29\": 0,\n    \"30\": 0,\n    \"31\": 0,\n    \"32\": 0,\n    \"33\": 0,\n    \"34\": 0,\n    \"35\": 0,\n    \"36\": 0,\n    \"37\": 0,\n    \"38\": 0,\n    \"39\": 0,\n    \"40\": 0,\n    \"41\": 0,\n    \"42\": 0,\n    \"43\": 0,\n    \"44\": 0,\n    \"45\": 0,\n    \"46\": 0,\n    \"47\": 0,\n    \"48\": 0,\n    \"49\": 0,\n    \"50\": 0.00258,\n    \"51\": 0.00517,\n    \"52\": 0,\n    \"53\": 0,\n    \"54\": 0,\n    \"55\": 0.00258,\n    \"56\": 0,\n    \"57\": 0,\n    \"58\": 0,\n    \"60\": 0,\n    \"62\": 0,\n    \"63\": 0,\n    \"64\": 0,\n    \"65\": 0,\n    \"66\": 0,\n    \"67\": 0,\n    \"68\": 0,\n    \"69\": 0,\n    \"70\": 0,\n    \"71\": 0,\n    \"72\": 0.0646,\n    \"9.5-9.6\": 0,\n    \"10.0-10.1\": 0,\n    \"10.5\": 0,\n    \"10.6\": 0,\n    \"11.1\": 0,\n    \"11.5\": 0,\n    \"11.6\": 0,\n    \"12.1\": 0.00517\n  },\n  E: {\n    \"4\": 0,\n    \"5\": 0,\n    \"6\": 0,\n    \"7\": 0,\n    \"8\": 0,\n    \"9\": 0,\n    \"10\": 0,\n    \"11\": 0,\n    \"12\": 0,\n    \"13\": 0.0155,\n    \"14\": 0.0801,\n    _: \"0\",\n    \"3.1\": 0,\n    \"3.2\": 0,\n    \"5.1\": 0,\n    \"6.1\": 0,\n    \"7.1\": 0,\n    \"9.1\": 0,\n    \"10.1\": 0,\n    \"11.1\": 0.00258,\n    \"12.1\": 0,\n    \"13.1\": 0.05685\n  },\n  G: {\n    \"8\": 0,\n    \"3.2\": 0,\n    \"4.0-4.1\": 0.00085,\n    \"4.2-4.3\": 0,\n    \"5.0-5.1\": 0.00085,\n    \"6.0-6.1\": 0.00683,\n    \"7.0-7.1\": 0.02218,\n    \"8.1-8.4\": 0.00256,\n    \"9.0-9.2\": 0.00768,\n    \"9.3\": 0.0256,\n    \"10.0-10.2\": 0.00085,\n    \"10.3\": 0.07252,\n    \"11.0-11.2\": 0.07508,\n    \"11.3-11.4\": 0.12712,\n    \"12.0-12.1\": 0.03669,\n    \"12.2-12.4\": 0.93594,\n    \"13.0-13.1\": 0.82844,\n    \"13.2\": 0.03839,\n    \"13.3\": 0.21585,\n    \"13.4-13.7\": 2.66619,\n    \"14.0-14.3\": 3.41528\n  },\n  B: {\n    \"12\": 0.00517,\n    \"13\": 0,\n    \"14\": 0.01034,\n    \"15\": 0.00775,\n    \"16\": 0.00517,\n    \"17\": 0.00517,\n    \"18\": 0.03101,\n    \"79\": 0,\n    \"80\": 0,\n    \"81\": 0,\n    \"83\": 0,\n    \"84\": 0.00517,\n    \"85\": 0.00517,\n    \"86\": 0.01034,\n    \"87\": 0.36434\n  },\n  I: {\n    \"3\": 0,\n    \"4\": 0.00286,\n    \"81\": 0,\n    \"2.1\": 0,\n    \"2.2\": 0,\n    \"2.3\": 0,\n    \"4.1\": 0,\n    \"4.2-4.3\": 0.01287,\n    \"4.4\": 0,\n    \"4.4.3-4.4.4\": 0.21303\n  },\n  P: {\n    \"4\": 0.81108,\n    \"5.0-5.4\": 0.04055,\n    \"6.2-6.4\": 0.06083,\n    \"7.2-7.4\": 0.97329,\n    \"8.2\": 0.02028,\n    \"9.2\": 0.28388,\n    \"10.1\": 0.11152,\n    \"11.1-11.2\": 0.5272,\n    \"12.0\": 1.41938,\n    \"13.0\": 4.25815\n  },\n  K: {\n    _: \"0 10 11 12 11.1 11.5 12.1\"\n  },\n  A: {\n    \"6\": 0,\n    \"7\": 0,\n    \"8\": 0,\n    \"9\": 0,\n    \"10\": 0,\n    \"11\": 0.07494,\n    \"5.5\": 0\n  },\n  N: {\n    \"10\": 0,\n    \"11\": 0\n  },\n  J: {\n    \"7\": 0,\n    \"10\": 0\n  },\n  O: {\n    \"0\": 1.83175\n  },\n  H: {\n    \"0\": 0.73018\n  },\n  L: {\n    \"0\": 68.54983\n  },\n  S: {\n    \"2.5\": 0.00742\n  },\n  R: {\n    _: \"0\"\n  },\n  M: {\n    \"0\": 0.14832\n  },\n  Q: {\n    \"10.4\": 1.72051\n  }\n};","map":{"version":3,"sources":["/Users/bruceseymour/ra-video/client/node_modules/caniuse-lite/data/regions/DJ.js"],"names":["module","exports","C","D","F","E","_","G","B","I","P","K","A","N","J","O","H","L","S","R","M","Q"],