{"ast":null,"code":"module.exports = {\n  C: {\n    \"2\": 0,\n    \"3\": 0,\n    \"4\": 0,\n    \"5\": 0,\n    \"6\": 0,\n    \"7\": 0,\n    \"8\": 0,\n    \"9\": 0,\n    \"10\": 0,\n    \"11\": 0,\n    \"12\": 0,\n    \"13\": 0,\n    \"14\": 0,\n    \"15\": 0,\n    \"16\": 0,\n    \"17\": 0,\n    \"18\": 0,\n    \"19\": 0,\n    \"20\": 0,\n    \"21\": 0,\n    \"22\": 0,\n    \"23\": 0,\n    \"24\": 0,\n    \"25\": 0,\n    \"26\": 0,\n    \"27\": 0,\n    \"28\": 0,\n    \"29\": 0,\n    \"30\": 0,\n    \"31\": 0,\n    \"32\": 0,\n    \"33\": 0,\n    \"34\": 0,\n    \"35\": 0,\n    \"36\": 0,\n    \"37\": 0,\n    \"38\": 0,\n    \"39\": 0,\n    \"40\": 0,\n    \"41\": 0,\n    \"42\": 0,\n    \"43\": 0,\n    \"44\": 0,\n    \"45\": 0,\n    \"46\": 0,\n    \"47\": 0,\n    \"48\": 0,\n    \"49\": 0,\n    \"50\": 0,\n    \"51\": 0,\n    \"52\": 0.00485,\n    \"53\": 0,\n    \"54\": 0,\n    \"55\": 0.0097,\n    \"56\": 0,\n    \"57\": 0,\n    \"58\": 0,\n    \"59\": 0,\n    \"60\": 0,\n    \"61\": 0,\n    \"62\": 0,\n    \"63\": 0,\n    \"64\": 0,\n    \"65\": 0,\n    \"66\": 0,\n    \"67\": 0,\n    \"68\": 0.01455,\n    \"69\": 0,\n    \"70\": 0,\n    \"71\": 0,\n    \"72\": 0.00485,\n    \"73\": 0,\n    \"74\": 0,\n    \"75\": 0,\n    \"76\": 0,\n    \"77\": 0,\n    \"78\": 0.0194,\n    \"79\": 0.00485,\n    \"80\": 0.0194,\n    \"81\": 0.02425,\n    \"82\": 0.0194,\n    \"83\": 0.48015,\n    \"84\": 0.3007,\n    \"85\": 0.00485,\n    \"86\": 0,\n    \"3.5\": 0,\n    \"3.6\": 0\n  },\n  D: {\n    \"4\": 0,\n    \"5\": 0,\n    \"6\": 0,\n    \"7\": 0,\n    \"8\": 0,\n    \"9\": 0,\n    \"10\": 0,\n    \"11\": 0.00485,\n    \"12\": 0,\n    \"13\": 0,\n    \"14\": 0,\n    \"15\": 0,\n    \"16\": 0,\n    \"17\": 0,\n    \"18\": 0,\n    \"19\": 0,\n    \"20\": 0,\n    \"21\": 0,\n    \"22\": 0.00485,\n    \"23\": 0,\n    \"24\": 0,\n    \"25\": 0,\n    \"26\": 0,\n    \"27\": 0,\n    \"28\": 0.00485,\n    \"29\": 0,\n    \"30\": 0,\n    \"31\": 0,\n    \"32\": 0,\n    \"33\": 0,\n    \"34\": 0,\n    \"35\": 0,\n    \"36\": 0,\n    \"37\": 0,\n    \"38\": 0.00485,\n    \"39\": 0,\n    \"40\": 0,\n    \"41\": 0,\n    \"42\": 0.00485,\n    \"43\": 0.00485,\n    \"44\": 0,\n    \"45\": 0,\n    \"46\": 0,\n    \"47\": 0.00485,\n    \"48\": 0,\n    \"49\": 0.04365,\n    \"50\": 0,\n    \"51\": 0,\n    \"52\": 0,\n    \"53\": 0.02425,\n    \"54\": 0,\n    \"55\": 0.0097,\n    \"56\": 0,\n    \"57\": 0.00485,\n    \"58\": 0.00485,\n    \"59\": 0.00485,\n    \"60\": 0,\n    \"61\": 0.01455,\n    \"62\": 0,\n    \"63\": 0.01455,\n    \"64\": 0.00485,\n    \"65\": 0.0097,\n    \"66\": 0,\n    \"67\": 0.00485,\n    \"68\": 0.00485,\n    \"69\": 0.02425,\n    \"70\": 0.02425,\n    \"71\": 0.01455,\n    \"72\": 0.0097,\n    \"73\": 0.00485,\n    \"74\": 0.0097,\n    \"75\": 0.0388,\n    \"76\": 0.1164,\n    \"77\": 0.02425,\n    \"78\": 0.01455,\n    \"79\": 0.06305,\n    \"80\": 0.07275,\n    \"81\": 0.05335,\n    \"83\": 0.0291,\n    \"84\": 0.20855,\n    \"85\": 0.13095,\n    \"86\": 2.5511,\n    \"87\": 10.97555,\n    \"88\": 0.03395,\n    \"89\": 0.0194,\n    \"90\": 0\n  },\n  F: {\n    \"9\": 0,\n    \"11\": 0,\n    \"12\": 0,\n    \"15\": 0,\n    \"16\": 0,\n    \"17\": 0,\n    \"18\": 0,\n    \"19\": 0,\n    \"20\": 0,\n    \"21\": 0,\n    \"22\": 0,\n    \"23\": 0,\n    \"24\": 0,\n    \"25\": 0,\n    \"26\": 0,\n    \"27\": 0,\n    \"28\": 0,\n    \"29\": 0,\n    \"30\": 0,\n    \"31\": 0,\n    \"32\": 0,\n    \"33\": 0,\n    \"34\": 0,\n    \"35\": 0,\n    \"36\": 0,\n    \"37\": 0,\n    \"38\": 0,\n    \"39\": 0,\n    \"40\": 0,\n    \"41\": 0,\n    \"42\": 0,\n    \"43\": 0,\n    \"44\": 0,\n    \"45\": 0,\n    \"46\": 0,\n    \"47\": 0,\n    \"48\": 0,\n    \"49\": 0,\n    \"50\": 0,\n    \"51\": 0.0097,\n    \"52\": 0,\n    \"53\": 0,\n    \"54\": 0,\n    \"55\": 0,\n    \"56\": 0,\n    \"57\": 0,\n    \"58\": 0,\n    \"60\": 0,\n    \"62\": 0,\n    \"63\": 0,\n    \"64\": 0,\n    \"65\": 0,\n    \"66\": 0,\n    \"67\": 0,\n    \"68\": 0,\n    \"69\": 0,\n    \"70\": 0,\n    \"71\": 0.09215,\n    \"72\": 0.24735,\n    \"9.5-9.6\": 0,\n    \"10.0-10.1\": 0,\n    \"10.5\": 0,\n    \"10.6\": 0,\n    \"11.1\": 0,\n    \"11.5\": 0,\n    \"11.6\": 0,\n    \"12.1\": 0\n  },\n  E: {\n    \"4\": 0,\n    \"5\": 0,\n    \"6\": 0,\n    \"7\": 0,\n    \"8\": 0,\n    \"9\": 0,\n    \"10\": 0,\n    \"11\": 0,\n    \"12\": 0.03395,\n    \"13\": 0.0582,\n    \"14\": 0.70325,\n    _: \"0\",\n    \"3.1\": 0,\n    \"3.2\": 0,\n    \"5.1\": 0.05335,\n    \"6.1\": 0,\n    \"7.1\": 0,\n    \"9.1\": 0.00485,\n    \"10.1\": 0.0097,\n    \"11.1\": 0.0194,\n    \"12.1\": 0.03395,\n    \"13.1\": 0.26675\n  },\n  G: {\n    \"8\": 0,\n    \"3.2\": 0.00516,\n    \"4.0-4.1\": 0,\n    \"4.2-4.3\": 0,\n    \"5.0-5.1\": 0.01204,\n    \"6.0-6.1\": 0.00172,\n    \"7.0-7.1\": 0.40065,\n    \"8.1-8.4\": 0.00172,\n    \"9.0-9.2\": 0.00172,\n    \"9.3\": 0.22526,\n    \"10.0-10.2\": 0.00344,\n    \"10.3\": 0.23042,\n    \"11.0-11.2\": 0.13068,\n    \"11.3-11.4\": 0.06534,\n    \"12.0-12.1\": 0.2029,\n    \"12.2-12.4\": 1.26729,\n    \"13.0-13.1\": 0.07394,\n    \"13.2\": 0.02407,\n    \"13.3\": 0.46599,\n    \"13.4-13.7\": 1.90008,\n    \"14.0-14.3\": 12.09517\n  },\n  B: {\n    \"12\": 0.00485,\n    \"13\": 0.01455,\n    \"14\": 0.0097,\n    \"15\": 0.0485,\n    \"16\": 0.03395,\n    \"17\": 0.03395,\n    \"18\": 0.1358,\n    \"79\": 0,\n    \"80\": 0.0097,\n    \"81\": 0,\n    \"83\": 0,\n    \"84\": 0.00485,\n    \"85\": 0.0097,\n    \"86\": 0.04365,\n    \"87\": 2.3959\n  },\n  I: {\n    \"3\": 0,\n    \"4\": 0.02442,\n    \"81\": 0,\n    \"2.1\": 0,\n    \"2.2\": 0,\n    \"2.3\": 0,\n    \"4.1\": 0.01831,\n    \"4.2-4.3\": 0.10377,\n    \"4.4\": 0,\n    \"4.4.3-4.4.4\": 1.35515\n  },\n  P: {\n    \"4\": 0.13889,\n    \"5.0-5.4\": 0.03205,\n    \"6.2-6.4\": 0,\n    \"7.2-7.4\": 0.203,\n    \"8.2\": 0.01068,\n    \"9.2\": 0.17094,\n    \"10.1\": 0.03205,\n    \"11.1-11.2\": 0.25642,\n    \"12.0\": 0.70514,\n    \"13.0\": 3.32272\n  },\n  K: {\n    _: \"0 10 11 12 11.1 11.5 12.1\"\n  },\n  A: {\n    \"6\": 0,\n    \"7\": 0,\n    \"8\": 0.0383,\n    \"9\": 0.00547,\n    \"10\": 0.00547,\n    \"11\": 0.16415,\n    \"5.5\": 0\n  },\n  N: {\n    \"10\": 0,\n    \"11\": 0\n  },\n  J: {\n    \"7\": 0,\n    \"10\": 0.00515\n  },\n  O: {\n    \"0\": 0.5665\n  },\n  H: {\n    \"0\": 0.24378\n  },\n  L: {\n    \"0\": 52.5326\n  },\n  S: {\n    \"2.5\": 0.00515\n  },\n  R: {\n    _: \"0\"\n  },\n  M: {\n    \"0\": 0.1339\n  },\n  Q: {\n    \"10.4\": 0\n  }\n};","map":{"version":3,"sources":["/Users/bruceseymour/ra-video/client/node_modules/caniuse-lite/data/regions/JM.js"],"names":["module","exports","C","D","F","E","_","G","B","I","P","K","A","N","J","O","H","L","S","R","M","Q"],