{"ast":null,"code":"module.exports = {\n  C: {\n    \"2\": 0,\n    \"3\": 0,\n    \"4\": 0,\n    \"5\": 0,\n    \"6\": 0,\n    \"7\": 0,\n    \"8\": 0,\n    \"9\": 0,\n    \"10\": 0,\n    \"11\": 0,\n    \"12\": 0,\n    \"13\": 0,\n    \"14\": 0,\n    \"15\": 0,\n    \"16\": 0,\n    \"17\": 0,\n    \"18\": 0,\n    \"19\": 0,\n    \"20\": 0,\n    \"21\": 0,\n    \"22\": 0,\n    \"23\": 0,\n    \"24\": 0,\n    \"25\": 0,\n    \"26\": 0,\n    \"27\": 0,\n    \"28\": 0,\n    \"29\": 0,\n    \"30\": 0,\n    \"31\": 0,\n    \"32\": 0,\n    \"33\": 0,\n    \"34\": 0,\n    \"35\": 0,\n    \"36\": 0,\n    \"37\": 0,\n    \"38\": 0,\n    \"39\": 0,\n    \"40\": 0,\n    \"41\": 0,\n    \"42\": 0.0023,\n    \"43\": 0.0023,\n    \"44\": 0,\n    \"45\": 0,\n    \"46\": 0,\n    \"47\": 0.0023,\n    \"48\": 0.0023,\n    \"49\": 0,\n    \"50\": 0,\n    \"51\": 0,\n    \"52\": 0.00921,\n    \"53\": 0,\n    \"54\": 0,\n    \"55\": 0,\n    \"56\": 0.0023,\n    \"57\": 0,\n    \"58\": 0,\n    \"59\": 0,\n    \"60\": 0,\n    \"61\": 0,\n    \"62\": 0,\n    \"63\": 0,\n    \"64\": 0,\n    \"65\": 0,\n    \"66\": 0.0023,\n    \"67\": 0,\n    \"68\": 0.00691,\n    \"69\": 0,\n    \"70\": 0,\n    \"71\": 0,\n    \"72\": 0.0023,\n    \"73\": 0,\n    \"74\": 0,\n    \"75\": 0,\n    \"76\": 0,\n    \"77\": 0.0023,\n    \"78\": 0.00691,\n    \"79\": 0.0023,\n    \"80\": 0.0023,\n    \"81\": 0.00691,\n    \"82\": 0.01151,\n    \"83\": 0.16344,\n    \"84\": 0.13121,\n    \"85\": 0.01151,\n    \"86\": 0,\n    \"3.5\": 0,\n    \"3.6\": 0\n  },\n  D: {\n    \"4\": 0,\n    \"5\": 0,\n    \"6\": 0,\n    \"7\": 0,\n    \"8\": 0,\n    \"9\": 0,\n    \"10\": 0,\n    \"11\": 0,\n    \"12\": 0,\n    \"13\": 0,\n    \"14\": 0,\n    \"15\": 0,\n    \"16\": 0,\n    \"17\": 0,\n    \"18\": 0,\n    \"19\": 0,\n    \"20\": 0,\n    \"21\": 0,\n    \"22\": 0,\n    \"23\": 0,\n    \"24\": 0,\n    \"25\": 0,\n    \"26\": 0,\n    \"27\": 0,\n    \"28\": 0,\n    \"29\": 0,\n    \"30\": 0,\n    \"31\": 0,\n    \"32\": 0,\n    \"33\": 0,\n    \"34\": 0,\n    \"35\": 0,\n    \"36\": 0,\n    \"37\": 0,\n    \"38\": 0,\n    \"39\": 0,\n    \"40\": 0,\n    \"41\": 0,\n    \"42\": 0,\n    \"43\": 0,\n    \"44\": 0,\n    \"45\": 0,\n    \"46\": 0,\n    \"47\": 0,\n    \"48\": 0.0023,\n    \"49\": 0.01381,\n    \"50\": 0,\n    \"51\": 0,\n    \"52\": 0,\n    \"53\": 0,\n    \"54\": 0,\n    \"55\": 0.0023,\n    \"56\": 0.0023,\n    \"57\": 0,\n    \"58\": 0.0023,\n    \"59\": 0,\n    \"60\": 0,\n    \"61\": 0.0046,\n    \"62\": 0,\n    \"63\": 0.0046,\n    \"64\": 0.0023,\n    \"65\": 0.0023,\n    \"66\": 0.0023,\n    \"67\": 0.0023,\n    \"68\": 0.0023,\n    \"69\": 0.0023,\n    \"70\": 0.0046,\n    \"71\": 0.01381,\n    \"72\": 0.0023,\n    \"73\": 0.0023,\n    \"74\": 0.00921,\n    \"75\": 0.0023,\n    \"76\": 0.0023,\n    \"77\": 0.0046,\n    \"78\": 0.00691,\n    \"79\": 0.00921,\n    \"80\": 0.01842,\n    \"81\": 0.01381,\n    \"83\": 0.02072,\n    \"84\": 0.02532,\n    \"85\": 0.03683,\n    \"86\": 0.61694,\n    \"87\": 3.453,\n    \"88\": 0.01151,\n    \"89\": 0.0046,\n    \"90\": 0\n  },\n  F: {\n    \"9\": 0,\n    \"11\": 0,\n    \"12\": 0,\n    \"15\": 0,\n    \"16\": 0,\n    \"17\": 0,\n    \"18\": 0,\n    \"19\": 0,\n    \"20\": 0,\n    \"21\": 0,\n    \"22\": 0,\n    \"23\": 0,\n    \"24\": 0,\n    \"25\": 0,\n    \"26\": 0,\n    \"27\": 0,\n    \"28\": 0.0023,\n    \"29\": 0,\n    \"30\": 0,\n    \"31\": 0,\n    \"32\": 0,\n    \"33\": 0,\n    \"34\": 0,\n    \"35\": 0,\n    \"36\": 0,\n    \"37\": 0.00921,\n    \"38\": 0,\n    \"39\": 0,\n    \"40\": 0,\n    \"41\": 0,\n    \"42\": 0,\n    \"43\": 0,\n    \"44\": 0,\n    \"45\": 0.0023,\n    \"46\": 0.0046,\n    \"47\": 0.0023,\n    \"48\": 0,\n    \"49\": 0,\n    \"50\": 0.02762,\n    \"51\": 0.03683,\n    \"52\": 0.02532,\n    \"53\": 0,\n    \"54\": 0.0023,\n    \"55\": 0.00691,\n    \"56\": 0,\n    \"57\": 0,\n    \"58\": 0,\n    \"60\": 0.0046,\n    \"62\": 0,\n    \"63\": 0,\n    \"64\": 0,\n    \"65\": 0,\n    \"66\": 0,\n    \"67\": 0,\n    \"68\": 0,\n    \"69\": 0,\n    \"70\": 0,\n    \"71\": 0.0046,\n    \"72\": 0.04144,\n    \"9.5-9.6\": 0,\n    \"10.0-10.1\": 0,\n    \"10.5\": 0,\n    \"10.6\": 0,\n    \"11.1\": 0,\n    \"11.5\": 0,\n    \"11.6\": 0,\n    \"12.1\": 0\n  },\n  E: {\n    \"4\": 0,\n    \"5\": 0,\n    \"6\": 0,\n    \"7\": 0,\n    \"8\": 0,\n    \"9\": 0,\n    \"10\": 0,\n    \"11\": 0,\n    \"12\": 0,\n    \"13\": 0.0046,\n    \"14\": 0.05985,\n    _: \"0\",\n    \"3.1\": 0,\n    \"3.2\": 0,\n    \"5.1\": 0.01611,\n    \"6.1\": 0,\n    \"7.1\": 0,\n    \"9.1\": 0,\n    \"10.1\": 0,\n    \"11.1\": 0.0023,\n    \"12.1\": 0.0023,\n    \"13.1\": 0.01842\n  },\n  G: {\n    \"8\": 0.00136,\n    \"3.2\": 0,\n    \"4.0-4.1\": 0,\n    \"4.2-4.3\": 0.00091,\n    \"5.0-5.1\": 0.00091,\n    \"6.0-6.1\": 0.00068,\n    \"7.0-7.1\": 0.00705,\n    \"8.1-8.4\": 0.00114,\n    \"9.0-9.2\": 0.00136,\n    \"9.3\": 0.0166,\n    \"10.0-10.2\": 0.005,\n    \"10.3\": 0.01887,\n    \"11.0-11.2\": 0.07344,\n    \"11.3-11.4\": 0.02637,\n    \"12.0-12.1\": 0.02865,\n    \"12.2-12.4\": 0.27033,\n    \"13.0-13.1\": 0.02433,\n    \"13.2\": 0.01387,\n    \"13.3\": 0.06616,\n    \"13.4-13.7\": 0.26101,\n    \"14.0-14.3\": 1.44124\n  },\n  B: {\n    \"12\": 0.0023,\n    \"13\": 0,\n    \"14\": 0.0023,\n    \"15\": 0.0023,\n    \"16\": 0.0023,\n    \"17\": 0.0023,\n    \"18\": 0.00921,\n    \"79\": 0,\n    \"80\": 0,\n    \"81\": 0,\n    \"83\": 0,\n    \"84\": 0,\n    \"85\": 0.0023,\n    \"86\": 0.00691,\n    \"87\": 0.17265\n  },\n  I: {\n    \"3\": 0,\n    \"4\": 0,\n    \"81\": 0,\n    \"2.1\": 0,\n    \"2.2\": 0,\n    \"2.3\": 0,\n    \"4.1\": 0.00315,\n    \"4.2-4.3\": 0.00472,\n    \"4.4\": 0,\n    \"4.4.3-4.4.4\": 0.06134\n  },\n  P: {\n    \"4\": 0.36464,\n    \"5.0-5.4\": 0.01013,\n    \"6.2-6.4\": 0.03039,\n    \"7.2-7.4\": 0.12155,\n    \"8.2\": 0.02026,\n    \"9.2\": 0.10129,\n    \"10.1\": 0.04052,\n    \"11.1-11.2\": 0.18232,\n    \"12.0\": 0.27348,\n    \"13.0\": 0.58748\n  },\n  K: {\n    _: \"0 10 11 12 11.1 11.5 12.1\"\n  },\n  A: {\n    \"6\": 0,\n    \"7\": 0,\n    \"8\": 0.0023,\n    \"9\": 0,\n    \"10\": 0,\n    \"11\": 0.02302,\n    \"5.5\": 0\n  },\n  N: {\n    \"10\": 0,\n    \"11\": 0\n  },\n  J: {\n    \"7\": 0,\n    \"10\": 0\n  },\n  O: {\n    \"0\": 5.32702\n  },\n  H: {\n    \"0\": 3.47636\n  },\n  L: {\n    \"0\": 78.32447\n  },\n  S: {\n    \"2.5\": 0.58505\n  },\n  R: {\n    _: \"0\"\n  },\n  M: {\n    \"0\": 0.14626\n  },\n  Q: {\n    \"10.4\": 0\n  }\n};","map":{"version":3,"sources":["/Users/bruceseymour/ra-video/client/node_modules/caniuse-lite/data/regions/IN.js"],"names":["module","exports","C","D","F","E","_","G","B","I","P","K","A","N","J","O","H","L","S","R","M","Q"],