{"ast":null,"code":"module.exports = {\n  C: {\n    \"2\": 0,\n    \"3\": 0,\n    \"4\": 0,\n    \"5\": 0,\n    \"6\": 0,\n    \"7\": 0,\n    \"8\": 0,\n    \"9\": 0,\n    \"10\": 0,\n    \"11\": 0,\n    \"12\": 0,\n    \"13\": 0,\n    \"14\": 0,\n    \"15\": 0,\n    \"16\": 0,\n    \"17\": 0,\n    \"18\": 0,\n    \"19\": 0,\n    \"20\": 0,\n    \"21\": 0,\n    \"22\": 0,\n    \"23\": 0,\n    \"24\": 0,\n    \"25\": 0,\n    \"26\": 0,\n    \"27\": 0,\n    \"28\": 0,\n    \"29\": 0,\n    \"30\": 0,\n    \"31\": 0,\n    \"32\": 0,\n    \"33\": 0,\n    \"34\": 0,\n    \"35\": 0,\n    \"36\": 0,\n    \"37\": 0,\n    \"38\": 0,\n    \"39\": 0,\n    \"40\": 0,\n    \"41\": 0,\n    \"42\": 0,\n    \"43\": 0,\n    \"44\": 0,\n    \"45\": 0.00529,\n    \"46\": 0,\n    \"47\": 0,\n    \"48\": 0.00529,\n    \"49\": 0,\n    \"50\": 0,\n    \"51\": 0,\n    \"52\": 0.01588,\n    \"53\": 0,\n    \"54\": 0,\n    \"55\": 0,\n    \"56\": 0,\n    \"57\": 0,\n    \"58\": 0,\n    \"59\": 0,\n    \"60\": 0,\n    \"61\": 0,\n    \"62\": 0,\n    \"63\": 0,\n    \"64\": 0.00529,\n    \"65\": 0,\n    \"66\": 0,\n    \"67\": 0,\n    \"68\": 0.01059,\n    \"69\": 0.01059,\n    \"70\": 0,\n    \"71\": 0,\n    \"72\": 0,\n    \"73\": 0,\n    \"74\": 0,\n    \"75\": 0,\n    \"76\": 0.00529,\n    \"77\": 0.00529,\n    \"78\": 0.04234,\n    \"79\": 0.00529,\n    \"80\": 0.00529,\n    \"81\": 0.00529,\n    \"82\": 0.02647,\n    \"83\": 0.88922,\n    \"84\": 0.43403,\n    \"85\": 0,\n    \"86\": 0,\n    \"3.5\": 0,\n    \"3.6\": 0\n  },\n  D: {\n    \"4\": 0,\n    \"5\": 0,\n    \"6\": 0,\n    \"7\": 0,\n    \"8\": 0,\n    \"9\": 0,\n    \"10\": 0,\n    \"11\": 0,\n    \"12\": 0,\n    \"13\": 0,\n    \"14\": 0,\n    \"15\": 0,\n    \"16\": 0,\n    \"17\": 0,\n    \"18\": 0,\n    \"19\": 0,\n    \"20\": 0,\n    \"21\": 0,\n    \"22\": 0,\n    \"23\": 0,\n    \"24\": 0,\n    \"25\": 0,\n    \"26\": 0,\n    \"27\": 0,\n    \"28\": 0,\n    \"29\": 0,\n    \"30\": 0,\n    \"31\": 0,\n    \"32\": 0,\n    \"33\": 0,\n    \"34\": 0,\n    \"35\": 0,\n    \"36\": 0,\n    \"37\": 0,\n    \"38\": 0.00529,\n    \"39\": 0.00529,\n    \"40\": 0,\n    \"41\": 0,\n    \"42\": 0,\n    \"43\": 0,\n    \"44\": 0,\n    \"45\": 0,\n    \"46\": 0,\n    \"47\": 0.00529,\n    \"48\": 0,\n    \"49\": 0.13233,\n    \"50\": 0,\n    \"51\": 0,\n    \"52\": 0,\n    \"53\": 0.02647,\n    \"54\": 0,\n    \"55\": 0.00529,\n    \"56\": 0.00529,\n    \"57\": 0,\n    \"58\": 0.00529,\n    \"59\": 0,\n    \"60\": 0,\n    \"61\": 0,\n    \"62\": 0,\n    \"63\": 0.00529,\n    \"64\": 0,\n    \"65\": 0.00529,\n    \"66\": 0.00529,\n    \"67\": 0.00529,\n    \"68\": 0.00529,\n    \"69\": 0,\n    \"70\": 0.00529,\n    \"71\": 0.01588,\n    \"72\": 0,\n    \"73\": 0,\n    \"74\": 0.00529,\n    \"75\": 0.01588,\n    \"76\": 0.05293,\n    \"77\": 0,\n    \"78\": 0.00529,\n    \"79\": 0.01059,\n    \"80\": 0.06352,\n    \"81\": 0.04234,\n    \"83\": 0.02647,\n    \"84\": 0.05293,\n    \"85\": 0.09527,\n    \"86\": 3.20756,\n    \"87\": 12.0257,\n    \"88\": 0.01059,\n    \"89\": 0.00529,\n    \"90\": 0\n  },\n  F: {\n    \"9\": 0,\n    \"11\": 0,\n    \"12\": 0,\n    \"15\": 0,\n    \"16\": 0,\n    \"17\": 0,\n    \"18\": 0,\n    \"19\": 0,\n    \"20\": 0,\n    \"21\": 0,\n    \"22\": 0,\n    \"23\": 0,\n    \"24\": 0,\n    \"25\": 0,\n    \"26\": 0,\n    \"27\": 0,\n    \"28\": 0,\n    \"29\": 0,\n    \"30\": 0,\n    \"31\": 0,\n    \"32\": 0,\n    \"33\": 0,\n    \"34\": 0,\n    \"35\": 0,\n    \"36\": 0,\n    \"37\": 0,\n    \"38\": 0,\n    \"39\": 0,\n    \"40\": 0,\n    \"41\": 0,\n    \"42\": 0,\n    \"43\": 0,\n    \"44\": 0,\n    \"45\": 0,\n    \"46\": 0,\n    \"47\": 0,\n    \"48\": 0,\n    \"49\": 0,\n    \"50\": 0,\n    \"51\": 0,\n    \"52\": 0,\n    \"53\": 0,\n    \"54\": 0,\n    \"55\": 0,\n    \"56\": 0,\n    \"57\": 0,\n    \"58\": 0,\n    \"60\": 0,\n    \"62\": 0,\n    \"63\": 0,\n    \"64\": 0,\n    \"65\": 0,\n    \"66\": 0,\n    \"67\": 0,\n    \"68\": 0,\n    \"69\": 0,\n    \"70\": 0,\n    \"71\": 0.10586,\n    \"72\": 0.27524,\n    \"9.5-9.6\": 0,\n    \"10.0-10.1\": 0,\n    \"10.5\": 0,\n    \"10.6\": 0,\n    \"11.1\": 0,\n    \"11.5\": 0,\n    \"11.6\": 0,\n    \"12.1\": 0\n  },\n  E: {\n    \"4\": 0,\n    \"5\": 0,\n    \"6\": 0,\n    \"7\": 0,\n    \"8\": 0,\n    \"9\": 0,\n    \"10\": 0,\n    \"11\": 0,\n    \"12\": 0.01059,\n    \"13\": 0.23819,\n    \"14\": 1.87372,\n    _: \"0\",\n    \"3.1\": 0,\n    \"3.2\": 0,\n    \"5.1\": 0.01588,\n    \"6.1\": 0.01059,\n    \"7.1\": 0,\n    \"9.1\": 0.00529,\n    \"10.1\": 0.00529,\n    \"11.1\": 0.06352,\n    \"12.1\": 0.08469,\n    \"13.1\": 0.47637\n  },\n  G: {\n    \"8\": 0,\n    \"3.2\": 0.00573,\n    \"4.0-4.1\": 0,\n    \"4.2-4.3\": 0,\n    \"5.0-5.1\": 0.18526,\n    \"6.0-6.1\": 0.00382,\n    \"7.0-7.1\": 0.04011,\n    \"8.1-8.4\": 0.00382,\n    \"9.0-9.2\": 0.01337,\n    \"9.3\": 0.20627,\n    \"10.0-10.2\": 0.0382,\n    \"10.3\": 0.27121,\n    \"11.0-11.2\": 0.02101,\n    \"11.3-11.4\": 0.0573,\n    \"12.0-12.1\": 0.04775,\n    \"12.2-12.4\": 1.73228,\n    \"13.0-13.1\": 0.04011,\n    \"13.2\": 0.01337,\n    \"13.3\": 0.51758,\n    \"13.4-13.7\": 1.51646,\n    \"14.0-14.3\": 14.30704\n  },\n  B: {\n    \"12\": 0.01059,\n    \"13\": 0,\n    \"14\": 0.00529,\n    \"15\": 0.00529,\n    \"16\": 0.01059,\n    \"17\": 0.02647,\n    \"18\": 0.20643,\n    \"79\": 0,\n    \"80\": 0.00529,\n    \"81\": 0,\n    \"83\": 0,\n    \"84\": 0,\n    \"85\": 0.05293,\n    \"86\": 0.04764,\n    \"87\": 3.90094\n  },\n  I: {\n    \"3\": 0,\n    \"4\": 0.02836,\n    \"81\": 0,\n    \"2.1\": 0,\n    \"2.2\": 0,\n    \"2.3\": 0,\n    \"4.1\": 0.02836,\n    \"4.2-4.3\": 0.1347,\n    \"4.4\": 0,\n    \"4.4.3-4.4.4\": 1.88584\n  },\n  P: {\n    \"4\": 0.19744,\n    \"5.0-5.4\": 0,\n    \"6.2-6.4\": 0,\n    \"7.2-7.4\": 0.21938,\n    \"8.2\": 0,\n    \"9.2\": 0.06581,\n    \"10.1\": 0.04388,\n    \"11.1-11.2\": 0.31811,\n    \"12.0\": 0.63621,\n    \"13.0\": 4.7277\n  },\n  K: {\n    _: \"0 10 11 12 11.1 11.5 12.1\"\n  },\n  A: {\n    \"6\": 0,\n    \"7\": 0,\n    \"8\": 0,\n    \"9\": 0.00529,\n    \"10\": 0.00529,\n    \"11\": 0.38639,\n    \"5.5\": 0\n  },\n  N: {\n    \"10\": 0,\n    \"11\": 0\n  },\n  J: {\n    \"7\": 0,\n    \"10\": 0.00471\n  },\n  O: {\n    \"0\": 0.06119\n  },\n  H: {\n    \"0\": 0.09804\n  },\n  L: {\n    \"0\": 43.58302\n  },\n  S: {\n    \"2.5\": 0\n  },\n  R: {\n    _: \"0\"\n  },\n  M: {\n    \"0\": 0.17887\n  },\n  Q: {\n    \"10.4\": 0\n  }\n};","map":{"version":3,"sources":["/Users/bruceseymour/ra-video/client/node_modules/caniuse-lite/data/regions/BB.js"],"names":["module","exports","C","D","F","E","_","G","B","I","P","K","A","N","J","O","H","L","S","R","M","Q"],