{"ast":null,"code":"module.exports = {\n  C: {\n    \"2\": 0,\n    \"3\": 0,\n    \"4\": 0,\n    \"5\": 0,\n    \"6\": 0,\n    \"7\": 0,\n    \"8\": 0,\n    \"9\": 0,\n    \"10\": 0,\n    \"11\": 0,\n    \"12\": 0,\n    \"13\": 0,\n    \"14\": 0,\n    \"15\": 0,\n    \"16\": 0,\n    \"17\": 0,\n    \"18\": 0,\n    \"19\": 0,\n    \"20\": 0,\n    \"21\": 0,\n    \"22\": 0,\n    \"23\": 0,\n    \"24\": 0,\n    \"25\": 0,\n    \"26\": 0,\n    \"27\": 0,\n    \"28\": 0,\n    \"29\": 0,\n    \"30\": 0.0163,\n    \"31\": 0,\n    \"32\": 0,\n    \"33\": 0,\n    \"34\": 0,\n    \"35\": 0,\n    \"36\": 0,\n    \"37\": 0,\n    \"38\": 0,\n    \"39\": 0,\n    \"40\": 0.00543,\n    \"41\": 0,\n    \"42\": 0,\n    \"43\": 0,\n    \"44\": 0,\n    \"45\": 0.01086,\n    \"46\": 0.00543,\n    \"47\": 0.00543,\n    \"48\": 0.0163,\n    \"49\": 0.00543,\n    \"50\": 0.00543,\n    \"51\": 0.0163,\n    \"52\": 0.08148,\n    \"53\": 0,\n    \"54\": 0.00543,\n    \"55\": 0.00543,\n    \"56\": 0.02173,\n    \"57\": 0.00543,\n    \"58\": 0.00543,\n    \"59\": 0.00543,\n    \"60\": 0.0163,\n    \"61\": 0.00543,\n    \"62\": 0.00543,\n    \"63\": 0.00543,\n    \"64\": 0.01086,\n    \"65\": 0.01086,\n    \"66\": 0.01086,\n    \"67\": 0.00543,\n    \"68\": 0.07605,\n    \"69\": 0.01086,\n    \"70\": 0.00543,\n    \"71\": 0.00543,\n    \"72\": 0.02716,\n    \"73\": 0.00543,\n    \"74\": 0.00543,\n    \"75\": 0.00543,\n    \"76\": 0.01086,\n    \"77\": 0.04889,\n    \"78\": 0.22814,\n    \"79\": 0.05975,\n    \"80\": 0.04889,\n    \"81\": 0.07062,\n    \"82\": 0.17926,\n    \"83\": 3.24834,\n    \"84\": 2.09675,\n    \"85\": 0.01086,\n    \"86\": 0.00543,\n    \"3.5\": 0,\n    \"3.6\": 0\n  },\n  D: {\n    \"4\": 0,\n    \"5\": 0,\n    \"6\": 0,\n    \"7\": 0,\n    \"8\": 0,\n    \"9\": 0,\n    \"10\": 0,\n    \"11\": 0,\n    \"12\": 0,\n    \"13\": 0,\n    \"14\": 0,\n    \"15\": 0,\n    \"16\": 0,\n    \"17\": 0,\n    \"18\": 0,\n    \"19\": 0,\n    \"20\": 0,\n    \"21\": 0,\n    \"22\": 0,\n    \"23\": 0,\n    \"24\": 0,\n    \"25\": 0,\n    \"26\": 0,\n    \"27\": 0,\n    \"28\": 0,\n    \"29\": 0.00543,\n    \"30\": 0,\n    \"31\": 0,\n    \"32\": 0,\n    \"33\": 0,\n    \"34\": 0,\n    \"35\": 0,\n    \"36\": 0,\n    \"37\": 0,\n    \"38\": 0.00543,\n    \"39\": 0,\n    \"40\": 0,\n    \"41\": 0.00543,\n    \"42\": 0,\n    \"43\": 0,\n    \"44\": 0,\n    \"45\": 0,\n    \"46\": 0,\n    \"47\": 0.00543,\n    \"48\": 0.00543,\n    \"49\": 0.13037,\n    \"50\": 0.00543,\n    \"51\": 0.01086,\n    \"52\": 0.00543,\n    \"53\": 0.01086,\n    \"54\": 0.00543,\n    \"55\": 0.00543,\n    \"56\": 0.01086,\n    \"57\": 0.00543,\n    \"58\": 0.00543,\n    \"59\": 0.00543,\n    \"60\": 0.01086,\n    \"61\": 0.02716,\n    \"62\": 0,\n    \"63\": 0.01086,\n    \"64\": 0.00543,\n    \"65\": 0.10864,\n    \"66\": 0.02173,\n    \"67\": 0.01086,\n    \"68\": 0.01086,\n    \"69\": 0.03259,\n    \"70\": 0.04346,\n    \"71\": 0.09778,\n    \"72\": 0.04889,\n    \"73\": 0.02716,\n    \"74\": 0.0163,\n    \"75\": 0.29876,\n    \"76\": 0.03259,\n    \"77\": 0.0163,\n    \"78\": 0.03802,\n    \"79\": 0.03802,\n    \"80\": 0.1195,\n    \"81\": 0.05975,\n    \"83\": 0.07605,\n    \"84\": 0.11407,\n    \"85\": 0.20642,\n    \"86\": 1.80342,\n    \"87\": 9.67982,\n    \"88\": 0.02173,\n    \"89\": 0.00543,\n    \"90\": 0\n  },\n  F: {\n    \"9\": 0,\n    \"11\": 0,\n    \"12\": 0,\n    \"15\": 0,\n    \"16\": 0,\n    \"17\": 0,\n    \"18\": 0,\n    \"19\": 0,\n    \"20\": 0,\n    \"21\": 0,\n    \"22\": 0,\n    \"23\": 0,\n    \"24\": 0,\n    \"25\": 0,\n    \"26\": 0,\n    \"27\": 0,\n    \"28\": 0,\n    \"29\": 0,\n    \"30\": 0,\n    \"31\": 0,\n    \"32\": 0,\n    \"33\": 0,\n    \"34\": 0,\n    \"35\": 0,\n    \"36\": 0.00543,\n    \"37\": 0,\n    \"38\": 0,\n    \"39\": 0,\n    \"40\": 0,\n    \"41\": 0,\n    \"42\": 0,\n    \"43\": 0,\n    \"44\": 0,\n    \"45\": 0,\n    \"46\": 0.00543,\n    \"47\": 0,\n    \"48\": 0,\n    \"49\": 0,\n    \"50\": 0,\n    \"51\": 0.00543,\n    \"52\": 0,\n    \"53\": 0,\n    \"54\": 0,\n    \"55\": 0,\n    \"56\": 0,\n    \"57\": 0.00543,\n    \"58\": 0.00543,\n    \"60\": 0,\n    \"62\": 0,\n    \"63\": 0.00543,\n    \"64\": 0,\n    \"65\": 0,\n    \"66\": 0,\n    \"67\": 0,\n    \"68\": 0.00543,\n    \"69\": 0,\n    \"70\": 0.00543,\n    \"71\": 0.37481,\n    \"72\": 0.86369,\n    \"9.5-9.6\": 0,\n    \"10.0-10.1\": 0,\n    \"10.5\": 0,\n    \"10.6\": 0,\n    \"11.1\": 0,\n    \"11.5\": 0,\n    \"11.6\": 0,\n    \"12.1\": 0.00543\n  },\n  G: {\n    \"8\": 0.00489,\n    \"3.2\": 0,\n    \"4.0-4.1\": 0,\n    \"4.2-4.3\": 0,\n    \"5.0-5.1\": 0.022,\n    \"6.0-6.1\": 0.00978,\n    \"7.0-7.1\": 0.02934,\n    \"8.1-8.4\": 0.01467,\n    \"9.0-9.2\": 0.01467,\n    \"9.3\": 0.29335,\n    \"10.0-10.2\": 0.02689,\n    \"10.3\": 0.26402,\n    \"11.0-11.2\": 0.09289,\n    \"11.3-11.4\": 0.14179,\n    \"12.0-12.1\": 0.11245,\n    \"12.2-12.4\": 1.34208,\n    \"13.0-13.1\": 0.09045,\n    \"13.2\": 0.04156,\n    \"13.3\": 0.32513,\n    \"13.4-13.7\": 2.0608,\n    \"14.0-14.2\": 19.49811\n  },\n  E: {\n    \"4\": 0,\n    \"5\": 0,\n    \"6\": 0,\n    \"7\": 0.00543,\n    \"8\": 0.00543,\n    \"9\": 0,\n    \"10\": 0.00543,\n    \"11\": 0.01086,\n    \"12\": 0.02173,\n    \"13\": 0.10864,\n    \"14\": 2.31946,\n    _: \"0\",\n    \"3.1\": 0,\n    \"3.2\": 0,\n    \"5.1\": 0.00543,\n    \"6.1\": 0,\n    \"7.1\": 0,\n    \"9.1\": 0.00543,\n    \"10.1\": 0.02173,\n    \"11.1\": 0.11407,\n    \"12.1\": 0.10321,\n    \"13.1\": 0.61382\n  },\n  B: {\n    \"12\": 0.02716,\n    \"13\": 0,\n    \"14\": 0.00543,\n    \"15\": 0.00543,\n    \"16\": 0.00543,\n    \"17\": 0.02716,\n    \"18\": 0.17926,\n    \"79\": 0,\n    \"80\": 0.00543,\n    \"81\": 0.00543,\n    \"83\": 0.00543,\n    \"84\": 0.0163,\n    \"85\": 0.02173,\n    \"86\": 0.09234,\n    \"87\": 2.73773\n  },\n  P: {\n    \"4\": 0.21833,\n    \"5.0-5.4\": 0.0104,\n    \"6.2-6.4\": 0,\n    \"7.2-7.4\": 0.03119,\n    \"8.2\": 0.02079,\n    \"9.2\": 0.07278,\n    \"10.1\": 0.04159,\n    \"11.1-11.2\": 0.12476,\n    \"12.0\": 0.36388,\n    \"13.0\": 4.91764\n  },\n  I: {\n    \"3\": 0,\n    \"4\": 0.00981,\n    \"81\": 0,\n    \"2.1\": 0,\n    \"2.2\": 0,\n    \"2.3\": 0,\n    \"4.1\": 0.01716,\n    \"4.2-4.3\": 0.04903,\n    \"4.4\": 0,\n    \"4.4.3-4.4.4\": 0.28437\n  },\n  K: {\n    _: \"0 10 11 12 11.1 11.5 12.1\"\n  },\n  A: {\n    \"6\": 0.08033,\n    \"7\": 0.01148,\n    \"8\": 0.02869,\n    \"9\": 0.01148,\n    \"10\": 0.01148,\n    \"11\": 0.67135,\n    \"5.5\": 0\n  },\n  J: {\n    \"7\": 0,\n    \"10\": 0.00457\n  },\n  N: {\n    \"10\": 0,\n    \"11\": 0\n  },\n  S: {\n    \"2.5\": 0\n  },\n  R: {\n    _: \"0\"\n  },\n  M: {\n    \"0\": 0.75372\n  },\n  Q: {\n    \"10.4\": 0.0137\n  },\n  O: {\n    \"0\": 0.2284\n  },\n  H: {\n    \"0\": 0.38057\n  },\n  L: {\n    \"0\": 35.52558\n  }\n};","map":{"version":3,"sources":["/Users/bruceseymour/ra-video/client/node_modules/caniuse-lite/data/regions/DE.js"],"names":["module","exports","C","D","F","G","E","_","B","P","I","K","A","J","N","S","R","M","Q","O","H","L"],