{"ast":null,"code":"module.exports = {\n  C: {\n    \"2\": 0,\n    \"3\": 0,\n    \"4\": 0.00428,\n    \"5\": 0.00428,\n    \"6\": 0,\n    \"7\": 0,\n    \"8\": 0,\n    \"9\": 0,\n    \"10\": 0,\n    \"11\": 0,\n    \"12\": 0,\n    \"13\": 0,\n    \"14\": 0,\n    \"15\": 0.01285,\n    \"16\": 0,\n    \"17\": 0.03855,\n    \"18\": 0,\n    \"19\": 0,\n    \"20\": 0,\n    \"21\": 0,\n    \"22\": 0,\n    \"23\": 0,\n    \"24\": 0,\n    \"25\": 0,\n    \"26\": 0,\n    \"27\": 0,\n    \"28\": 0,\n    \"29\": 0,\n    \"30\": 0.00428,\n    \"31\": 0,\n    \"32\": 0,\n    \"33\": 0,\n    \"34\": 0,\n    \"35\": 0.00428,\n    \"36\": 0,\n    \"37\": 0,\n    \"38\": 0,\n    \"39\": 0,\n    \"40\": 0,\n    \"41\": 0,\n    \"42\": 0,\n    \"43\": 0,\n    \"44\": 0,\n    \"45\": 0,\n    \"46\": 0,\n    \"47\": 0,\n    \"48\": 0,\n    \"49\": 0,\n    \"50\": 0,\n    \"51\": 0,\n    \"52\": 0.09851,\n    \"53\": 0,\n    \"54\": 0,\n    \"55\": 0,\n    \"56\": 0,\n    \"57\": 0,\n    \"58\": 0,\n    \"59\": 0,\n    \"60\": 0,\n    \"61\": 0,\n    \"62\": 0,\n    \"63\": 0,\n    \"64\": 0,\n    \"65\": 0.00428,\n    \"66\": 0,\n    \"67\": 0.00428,\n    \"68\": 0.00428,\n    \"69\": 0,\n    \"70\": 0,\n    \"71\": 0.00428,\n    \"72\": 0.00857,\n    \"73\": 0,\n    \"74\": 0,\n    \"75\": 0,\n    \"76\": 0,\n    \"77\": 0,\n    \"78\": 0.02142,\n    \"79\": 0.00428,\n    \"80\": 0.00428,\n    \"81\": 0.00857,\n    \"82\": 0.01713,\n    \"83\": 0.24841,\n    \"84\": 0.23128,\n    \"85\": 0.00428,\n    \"86\": 0,\n    \"3.5\": 0,\n    \"3.6\": 0\n  },\n  D: {\n    \"4\": 0,\n    \"5\": 0,\n    \"6\": 0,\n    \"7\": 0,\n    \"8\": 0,\n    \"9\": 0,\n    \"10\": 0,\n    \"11\": 0,\n    \"12\": 0,\n    \"13\": 0,\n    \"14\": 0,\n    \"15\": 0,\n    \"16\": 0,\n    \"17\": 0,\n    \"18\": 0.00428,\n    \"19\": 0,\n    \"20\": 0,\n    \"21\": 0,\n    \"22\": 0,\n    \"23\": 0.02142,\n    \"24\": 0.04711,\n    \"25\": 0.02142,\n    \"26\": 0.00428,\n    \"27\": 0.00428,\n    \"28\": 0,\n    \"29\": 0,\n    \"30\": 0,\n    \"31\": 0,\n    \"32\": 0,\n    \"33\": 0,\n    \"34\": 0,\n    \"35\": 0.00428,\n    \"36\": 0,\n    \"37\": 0,\n    \"38\": 0,\n    \"39\": 0,\n    \"40\": 0.02142,\n    \"41\": 0,\n    \"42\": 0,\n    \"43\": 0.00428,\n    \"44\": 0.02998,\n    \"45\": 0.00428,\n    \"46\": 0.00428,\n    \"47\": 0.00857,\n    \"48\": 0,\n    \"49\": 0.28696,\n    \"50\": 0,\n    \"51\": 0,\n    \"52\": 0,\n    \"53\": 0.00428,\n    \"54\": 0.00428,\n    \"55\": 0.00428,\n    \"56\": 0.00428,\n    \"57\": 0,\n    \"58\": 0.00428,\n    \"59\": 0.00857,\n    \"60\": 0,\n    \"61\": 0,\n    \"62\": 0.01713,\n    \"63\": 0,\n    \"64\": 0.00428,\n    \"65\": 0.00428,\n    \"66\": 0.00857,\n    \"67\": 0.00428,\n    \"68\": 0.00857,\n    \"69\": 0.00428,\n    \"70\": 0.13706,\n    \"71\": 0.0257,\n    \"72\": 0.00428,\n    \"73\": 0.01713,\n    \"74\": 0.00857,\n    \"75\": 0.00857,\n    \"76\": 0.00428,\n    \"77\": 0.0257,\n    \"78\": 0.41117,\n    \"79\": 0.0257,\n    \"80\": 0.04283,\n    \"81\": 0.681,\n    \"83\": 0.03855,\n    \"84\": 0.3769,\n    \"85\": 0.08566,\n    \"86\": 1.54616,\n    \"87\": 6.79712,\n    \"88\": 0.00857,\n    \"89\": 0.00857,\n    \"90\": 0\n  },\n  F: {\n    \"9\": 0,\n    \"11\": 0,\n    \"12\": 0,\n    \"15\": 0,\n    \"16\": 0,\n    \"17\": 0,\n    \"18\": 0.00428,\n    \"19\": 0,\n    \"20\": 0,\n    \"21\": 0.00428,\n    \"22\": 0,\n    \"23\": 0,\n    \"24\": 0,\n    \"25\": 0,\n    \"26\": 0,\n    \"27\": 0.0514,\n    \"28\": 0.01285,\n    \"29\": 0,\n    \"30\": 0.00428,\n    \"31\": 0,\n    \"32\": 0.00857,\n    \"33\": 0.00428,\n    \"34\": 0,\n    \"35\": 0.00428,\n    \"36\": 0.00857,\n    \"37\": 0.00428,\n    \"38\": 0.00428,\n    \"39\": 0,\n    \"40\": 0,\n    \"41\": 0,\n    \"42\": 0.00428,\n    \"43\": 0,\n    \"44\": 0,\n    \"45\": 0.00428,\n    \"46\": 0.00857,\n    \"47\": 0.00428,\n    \"48\": 0.00428,\n    \"49\": 0,\n    \"50\": 0.01713,\n    \"51\": 0.05568,\n    \"52\": 0,\n    \"53\": 0.01713,\n    \"54\": 0.00428,\n    \"55\": 0,\n    \"56\": 0,\n    \"57\": 0.00428,\n    \"58\": 0.00428,\n    \"60\": 0.01285,\n    \"62\": 0.00428,\n    \"63\": 0.00428,\n    \"64\": 0.00428,\n    \"65\": 0,\n    \"66\": 0,\n    \"67\": 0,\n    \"68\": 0.02142,\n    \"69\": 0,\n    \"70\": 0.00428,\n    \"71\": 0.09423,\n    \"72\": 0.6039,\n    \"9.5-9.6\": 0,\n    \"10.0-10.1\": 0,\n    \"10.5\": 0,\n    \"10.6\": 0,\n    \"11.1\": 0,\n    \"11.5\": 0,\n    \"11.6\": 0,\n    \"12.1\": 0.02142\n  },\n  E: {\n    \"4\": 0,\n    \"5\": 0,\n    \"6\": 0,\n    \"7\": 0,\n    \"8\": 0.00857,\n    \"9\": 0,\n    \"10\": 0,\n    \"11\": 0,\n    \"12\": 0,\n    \"13\": 0.01285,\n    \"14\": 0.15847,\n    _: \"0\",\n    \"3.1\": 0,\n    \"3.2\": 0,\n    \"5.1\": 3.21653,\n    \"6.1\": 0,\n    \"7.1\": 0,\n    \"9.1\": 0,\n    \"10.1\": 0.00428,\n    \"11.1\": 0.00428,\n    \"12.1\": 0.00428,\n    \"13.1\": 0.09851\n  },\n  G: {\n    \"8\": 0.00139,\n    \"3.2\": 0.00209,\n    \"4.0-4.1\": 0,\n    \"4.2-4.3\": 0,\n    \"5.0-5.1\": 0.00557,\n    \"6.0-6.1\": 0.00696,\n    \"7.0-7.1\": 0.05498,\n    \"8.1-8.4\": 0.00974,\n    \"9.0-9.2\": 0.00626,\n    \"9.3\": 0.11969,\n    \"10.0-10.2\": 0.03201,\n    \"10.3\": 0.11134,\n    \"11.0-11.2\": 0.14753,\n    \"11.3-11.4\": 0.11065,\n    \"12.0-12.1\": 0.12457,\n    \"12.2-12.4\": 1.78566,\n    \"13.0-13.1\": 0.15797,\n    \"13.2\": 0.21503,\n    \"13.3\": 0.43285,\n    \"13.4-13.7\": 0.7119,\n    \"14.0-14.3\": 2.90884\n  },\n  B: {\n    \"12\": 0,\n    \"13\": 0,\n    \"14\": 0.00428,\n    \"15\": 0.00857,\n    \"16\": 0.00857,\n    \"17\": 0.00428,\n    \"18\": 0.04283,\n    \"79\": 0,\n    \"80\": 0,\n    \"81\": 0,\n    \"83\": 0,\n    \"84\": 0.00428,\n    \"85\": 0,\n    \"86\": 0.01285,\n    \"87\": 0.2527\n  },\n  I: {\n    \"3\": 0,\n    \"4\": 0.00192,\n    \"81\": 0,\n    \"2.1\": 0,\n    \"2.2\": 0,\n    \"2.3\": 0,\n    \"4.1\": 0.00769,\n    \"4.2-4.3\": 0.01777,\n    \"4.4\": 0,\n    \"4.4.3-4.4.4\": 0.13403\n  },\n  P: {\n    \"4\": 1.4458,\n    \"5.0-5.4\": 0.18199,\n    \"6.2-6.4\": 0.16177,\n    \"7.2-7.4\": 0.53586,\n    \"8.2\": 0.08088,\n    \"9.2\": 0.49542,\n    \"10.1\": 0.22243,\n    \"11.1-11.2\": 0.65718,\n    \"12.0\": 0.5763,\n    \"13.0\": 0.97061\n  },\n  K: {\n    _: \"0 10 11 12 11.1 11.5 12.1\"\n  },\n  A: {\n    \"6\": 0,\n    \"7\": 0,\n    \"8\": 0.0207,\n    \"9\": 0.0069,\n    \"10\": 0.0207,\n    \"11\": 0.20011,\n    \"5.5\": 0\n  },\n  N: {\n    \"10\": 0,\n    \"11\": 0\n  },\n  J: {\n    \"7\": 0,\n    \"10\": 0\n  },\n  O: {\n    \"0\": 2.96712\n  },\n  H: {\n    \"0\": 4.29751\n  },\n  L: {\n    \"0\": 55.15764\n  },\n  S: {\n    \"2.5\": 0\n  },\n  R: {\n    _: \"0\"\n  },\n  M: {\n    \"0\": 0.05717\n  },\n  Q: {\n    \"10.4\": 0.25727\n  }\n};","map":{"version":3,"sources":["/Users/bruceseymour/ra-video/client/node_modules/caniuse-lite/data/regions/TJ.js"],"names":["module","exports","C","D","F","E","_","G","B","I","P","K","A","N","J","O","H","L","S","R","M","Q"],