{"ast":null,"code":"module.exports = {\n  C: {\n    \"2\": 0,\n    \"3\": 0,\n    \"4\": 0,\n    \"5\": 0,\n    \"6\": 0,\n    \"7\": 0,\n    \"8\": 0,\n    \"9\": 0,\n    \"10\": 0,\n    \"11\": 0,\n    \"12\": 0,\n    \"13\": 0,\n    \"14\": 0,\n    \"15\": 0,\n    \"16\": 0,\n    \"17\": 0,\n    \"18\": 0,\n    \"19\": 0,\n    \"20\": 0,\n    \"21\": 0,\n    \"22\": 0,\n    \"23\": 0,\n    \"24\": 0,\n    \"25\": 0,\n    \"26\": 0,\n    \"27\": 0,\n    \"28\": 0,\n    \"29\": 0,\n    \"30\": 0.00485,\n    \"31\": 0,\n    \"32\": 0,\n    \"33\": 0.00485,\n    \"34\": 0,\n    \"35\": 0,\n    \"36\": 0,\n    \"37\": 0,\n    \"38\": 0,\n    \"39\": 0,\n    \"40\": 0,\n    \"41\": 0,\n    \"42\": 0,\n    \"43\": 0,\n    \"44\": 0,\n    \"45\": 0,\n    \"46\": 0,\n    \"47\": 0.00969,\n    \"48\": 0.01454,\n    \"49\": 0,\n    \"50\": 0,\n    \"51\": 0,\n    \"52\": 0.07271,\n    \"53\": 0,\n    \"54\": 0,\n    \"55\": 0,\n    \"56\": 0.00485,\n    \"57\": 0.00485,\n    \"58\": 0,\n    \"59\": 0,\n    \"60\": 0,\n    \"61\": 0,\n    \"62\": 0,\n    \"63\": 0,\n    \"64\": 0.00485,\n    \"65\": 0,\n    \"66\": 0.00485,\n    \"67\": 0.00485,\n    \"68\": 0.02908,\n    \"69\": 0,\n    \"70\": 0.00485,\n    \"71\": 0.00485,\n    \"72\": 0.02424,\n    \"73\": 0,\n    \"74\": 0.00485,\n    \"75\": 0.00485,\n    \"76\": 0.00485,\n    \"77\": 0.00485,\n    \"78\": 0.07755,\n    \"79\": 0.00969,\n    \"80\": 0.01454,\n    \"81\": 0.03878,\n    \"82\": 0.07755,\n    \"83\": 1.22144,\n    \"84\": 1.80308,\n    \"85\": 0.01939,\n    \"86\": 0,\n    \"3.5\": 0,\n    \"3.6\": 0\n  },\n  D: {\n    \"4\": 0,\n    \"5\": 0,\n    \"6\": 0,\n    \"7\": 0,\n    \"8\": 0,\n    \"9\": 0,\n    \"10\": 0,\n    \"11\": 0,\n    \"12\": 0,\n    \"13\": 0,\n    \"14\": 0,\n    \"15\": 0,\n    \"16\": 0,\n    \"17\": 0,\n    \"18\": 0,\n    \"19\": 0,\n    \"20\": 0,\n    \"21\": 0,\n    \"22\": 0,\n    \"23\": 0,\n    \"24\": 0,\n    \"25\": 0,\n    \"26\": 0,\n    \"27\": 0,\n    \"28\": 0,\n    \"29\": 0,\n    \"30\": 0,\n    \"31\": 0,\n    \"32\": 0,\n    \"33\": 0,\n    \"34\": 0,\n    \"35\": 0,\n    \"36\": 0,\n    \"37\": 0,\n    \"38\": 0.00485,\n    \"39\": 0.00485,\n    \"40\": 0.00485,\n    \"41\": 0,\n    \"42\": 0,\n    \"43\": 0.09209,\n    \"44\": 0,\n    \"45\": 0,\n    \"46\": 0,\n    \"47\": 0.00485,\n    \"48\": 0.00485,\n    \"49\": 0.11633,\n    \"50\": 0,\n    \"51\": 0,\n    \"52\": 0,\n    \"53\": 0.00969,\n    \"54\": 0,\n    \"55\": 0.00485,\n    \"56\": 0.00485,\n    \"57\": 0,\n    \"58\": 0.00485,\n    \"59\": 0,\n    \"60\": 0,\n    \"61\": 0,\n    \"62\": 0.00485,\n    \"63\": 0.00969,\n    \"64\": 0.00485,\n    \"65\": 0.00969,\n    \"66\": 0.00485,\n    \"67\": 0.00485,\n    \"68\": 0.00485,\n    \"69\": 0.00485,\n    \"70\": 0.00485,\n    \"71\": 0.01454,\n    \"72\": 0.00969,\n    \"73\": 0.00969,\n    \"74\": 0.00485,\n    \"75\": 0.05332,\n    \"76\": 0.00969,\n    \"77\": 0.10663,\n    \"78\": 0.01939,\n    \"79\": 0.04362,\n    \"80\": 0.04847,\n    \"81\": 0.19873,\n    \"83\": 0.03878,\n    \"84\": 0.04847,\n    \"85\": 0.0824,\n    \"86\": 1.71584,\n    \"87\": 13.27109,\n    \"88\": 0.01454,\n    \"89\": 0.00485,\n    \"90\": 0\n  },\n  F: {\n    \"9\": 0,\n    \"11\": 0,\n    \"12\": 0,\n    \"15\": 0,\n    \"16\": 0,\n    \"17\": 0,\n    \"18\": 0,\n    \"19\": 0,\n    \"20\": 0,\n    \"21\": 0,\n    \"22\": 0,\n    \"23\": 0,\n    \"24\": 0,\n    \"25\": 0,\n    \"26\": 0,\n    \"27\": 0,\n    \"28\": 0,\n    \"29\": 0,\n    \"30\": 0,\n    \"31\": 0,\n    \"32\": 0.00485,\n    \"33\": 0,\n    \"34\": 0,\n    \"35\": 0,\n    \"36\": 0.00969,\n    \"37\": 0,\n    \"38\": 0,\n    \"39\": 0,\n    \"40\": 0,\n    \"41\": 0,\n    \"42\": 0,\n    \"43\": 0,\n    \"44\": 0,\n    \"45\": 0,\n    \"46\": 0,\n    \"47\": 0,\n    \"48\": 0,\n    \"49\": 0,\n    \"50\": 0,\n    \"51\": 0.00485,\n    \"52\": 0,\n    \"53\": 0,\n    \"54\": 0,\n    \"55\": 0,\n    \"56\": 0,\n    \"57\": 0,\n    \"58\": 0,\n    \"60\": 0,\n    \"62\": 0,\n    \"63\": 0,\n    \"64\": 0,\n    \"65\": 0,\n    \"66\": 0,\n    \"67\": 0,\n    \"68\": 0,\n    \"69\": 0,\n    \"70\": 0,\n    \"71\": 0.05332,\n    \"72\": 0.36353,\n    \"9.5-9.6\": 0,\n    \"10.0-10.1\": 0,\n    \"10.5\": 0,\n    \"10.6\": 0,\n    \"11.1\": 0,\n    \"11.5\": 0,\n    \"11.6\": 0,\n    \"12.1\": 0\n  },\n  E: {\n    \"4\": 0,\n    \"5\": 0,\n    \"6\": 0,\n    \"7\": 0,\n    \"8\": 0,\n    \"9\": 0,\n    \"10\": 0,\n    \"11\": 0,\n    \"12\": 0.00485,\n    \"13\": 0.01939,\n    \"14\": 0.47985,\n    _: \"0\",\n    \"3.1\": 0,\n    \"3.2\": 0,\n    \"5.1\": 0,\n    \"6.1\": 0,\n    \"7.1\": 0,\n    \"9.1\": 0,\n    \"10.1\": 0.00969,\n    \"11.1\": 0.01939,\n    \"12.1\": 0.03393,\n    \"13.1\": 0.13087\n  },\n  G: {\n    \"8\": 0,\n    \"3.2\": 0,\n    \"4.0-4.1\": 0,\n    \"4.2-4.3\": 0,\n    \"5.0-5.1\": 0.00341,\n    \"6.0-6.1\": 0,\n    \"7.0-7.1\": 0.01022,\n    \"8.1-8.4\": 0.01817,\n    \"9.0-9.2\": 0.00568,\n    \"9.3\": 0.16235,\n    \"10.0-10.2\": 0.02611,\n    \"10.3\": 0.18165,\n    \"11.0-11.2\": 0.07493,\n    \"11.3-11.4\": 0.08061,\n    \"12.0-12.1\": 0.11694,\n    \"12.2-12.4\": 0.73229,\n    \"13.0-13.1\": 0.07834,\n    \"13.2\": 0.03179,\n    \"13.3\": 0.24523,\n    \"13.4-13.7\": 1.29995,\n    \"14.0-14.3\": 8.25838\n  },\n  B: {\n    \"12\": 0,\n    \"13\": 0,\n    \"14\": 0.00485,\n    \"15\": 0.00969,\n    \"16\": 0.00969,\n    \"17\": 0.01939,\n    \"18\": 0.06301,\n    \"79\": 0,\n    \"80\": 0,\n    \"81\": 0,\n    \"83\": 0,\n    \"84\": 0.00485,\n    \"85\": 0.00485,\n    \"86\": 0.02424,\n    \"87\": 1.10027\n  },\n  I: {\n    \"3\": 0,\n    \"4\": 0,\n    \"81\": 0,\n    \"2.1\": 0,\n    \"2.2\": 0,\n    \"2.3\": 0,\n    \"4.1\": 0.00383,\n    \"4.2-4.3\": 0.0134,\n    \"4.4\": 0,\n    \"4.4.3-4.4.4\": 0.0967\n  },\n  P: {\n    \"4\": 0.10235,\n    \"5.0-5.4\": 0.01023,\n    \"6.2-6.4\": 0,\n    \"7.2-7.4\": 0.0307,\n    \"8.2\": 0.02047,\n    \"9.2\": 0.08188,\n    \"10.1\": 0.08188,\n    \"11.1-11.2\": 0.17399,\n    \"12.0\": 0.48102,\n    \"13.0\": 4.18594\n  },\n  K: {\n    _: \"0 10 11 12 11.1 11.5 12.1\"\n  },\n  A: {\n    \"6\": 0,\n    \"7\": 0,\n    \"8\": 0,\n    \"9\": 0,\n    \"10\": 0,\n    \"11\": 0.45562,\n    \"5.5\": 0\n  },\n  N: {\n    \"10\": 0,\n    \"11\": 0\n  },\n  J: {\n    \"7\": 0,\n    \"10\": 0\n  },\n  O: {\n    \"0\": 0.05153\n  },\n  H: {\n    \"0\": 0.40004\n  },\n  L: {\n    \"0\": 56.84433\n  },\n  S: {\n    \"2.5\": 0\n  },\n  R: {\n    _: \"0\"\n  },\n  M: {\n    \"0\": 0.30403\n  },\n  Q: {\n    \"10.4\": 0\n  }\n};","map":{"version":3,"sources":["/Users/bruceseymour/ra-video/client/node_modules/caniuse-lite/data/regions/HR.js"],"names":["module","exports","C","D","F","E","_","G","B","I","P","K","A","N","J","O","H","L","S","R","M","Q"],