{"ast":null,"code":"module.exports = {\n  C: {\n    \"2\": 0,\n    \"3\": 0,\n    \"4\": 0,\n    \"5\": 0,\n    \"6\": 0,\n    \"7\": 0,\n    \"8\": 0,\n    \"9\": 0,\n    \"10\": 0,\n    \"11\": 0,\n    \"12\": 0,\n    \"13\": 0,\n    \"14\": 0,\n    \"15\": 0,\n    \"16\": 0,\n    \"17\": 0,\n    \"18\": 0,\n    \"19\": 0,\n    \"20\": 0,\n    \"21\": 0,\n    \"22\": 0,\n    \"23\": 0,\n    \"24\": 0,\n    \"25\": 0,\n    \"26\": 0,\n    \"27\": 0,\n    \"28\": 0,\n    \"29\": 0,\n    \"30\": 0,\n    \"31\": 0,\n    \"32\": 0,\n    \"33\": 0,\n    \"34\": 0,\n    \"35\": 0.00319,\n    \"36\": 0,\n    \"37\": 0,\n    \"38\": 0.00319,\n    \"39\": 0,\n    \"40\": 0,\n    \"41\": 0,\n    \"42\": 0,\n    \"43\": 0,\n    \"44\": 0,\n    \"45\": 0,\n    \"46\": 0,\n    \"47\": 0.00319,\n    \"48\": 0,\n    \"49\": 0,\n    \"50\": 0,\n    \"51\": 0,\n    \"52\": 0.01597,\n    \"53\": 0,\n    \"54\": 0,\n    \"55\": 0,\n    \"56\": 0,\n    \"57\": 0.00319,\n    \"58\": 0,\n    \"59\": 0,\n    \"60\": 0,\n    \"61\": 0,\n    \"62\": 0,\n    \"63\": 0,\n    \"64\": 0,\n    \"65\": 0,\n    \"66\": 0.00639,\n    \"67\": 0,\n    \"68\": 0.01597,\n    \"69\": 0,\n    \"70\": 0,\n    \"71\": 0.00319,\n    \"72\": 0.00319,\n    \"73\": 0,\n    \"74\": 0,\n    \"75\": 0,\n    \"76\": 0,\n    \"77\": 0.00958,\n    \"78\": 0.01597,\n    \"79\": 0.00319,\n    \"80\": 0.00319,\n    \"81\": 0.01597,\n    \"82\": 0.01597,\n    \"83\": 0.35123,\n    \"84\": 0.18839,\n    \"85\": 0.00639,\n    \"86\": 0,\n    \"3.5\": 0,\n    \"3.6\": 0\n  },\n  D: {\n    \"4\": 0,\n    \"5\": 0,\n    \"6\": 0,\n    \"7\": 0,\n    \"8\": 0,\n    \"9\": 0,\n    \"10\": 0,\n    \"11\": 0,\n    \"12\": 0,\n    \"13\": 0,\n    \"14\": 0,\n    \"15\": 0,\n    \"16\": 0,\n    \"17\": 0,\n    \"18\": 0,\n    \"19\": 0,\n    \"20\": 0,\n    \"21\": 0,\n    \"22\": 0,\n    \"23\": 0,\n    \"24\": 0,\n    \"25\": 0,\n    \"26\": 0,\n    \"27\": 0,\n    \"28\": 0,\n    \"29\": 0,\n    \"30\": 0,\n    \"31\": 0,\n    \"32\": 0,\n    \"33\": 0.02235,\n    \"34\": 0,\n    \"35\": 0.00319,\n    \"36\": 0.00319,\n    \"37\": 0,\n    \"38\": 0.00319,\n    \"39\": 0,\n    \"40\": 0.03193,\n    \"41\": 0,\n    \"42\": 0.00639,\n    \"43\": 0.04151,\n    \"44\": 0,\n    \"45\": 0,\n    \"46\": 0.00319,\n    \"47\": 0,\n    \"48\": 0,\n    \"49\": 0.02554,\n    \"50\": 0,\n    \"51\": 0,\n    \"52\": 0,\n    \"53\": 0,\n    \"54\": 0,\n    \"55\": 0.02554,\n    \"56\": 0,\n    \"57\": 0,\n    \"58\": 0.00319,\n    \"59\": 0,\n    \"60\": 0.00319,\n    \"61\": 0,\n    \"62\": 0.00319,\n    \"63\": 0.01277,\n    \"64\": 0.00319,\n    \"65\": 0.00639,\n    \"66\": 0,\n    \"67\": 0.00958,\n    \"68\": 0.00319,\n    \"69\": 0.00958,\n    \"70\": 0.00958,\n    \"71\": 0.01277,\n    \"72\": 0.00958,\n    \"73\": 0.00319,\n    \"74\": 0.00958,\n    \"75\": 0.00958,\n    \"76\": 0.00319,\n    \"77\": 0.00958,\n    \"78\": 0.00639,\n    \"79\": 0.03512,\n    \"80\": 0.05109,\n    \"81\": 0.02554,\n    \"83\": 0.03832,\n    \"84\": 0.02235,\n    \"85\": 0.0447,\n    \"86\": 0.85253,\n    \"87\": 3.89865,\n    \"88\": 0.00639,\n    \"89\": 0.00958,\n    \"90\": 0\n  },\n  F: {\n    \"9\": 0,\n    \"11\": 0,\n    \"12\": 0,\n    \"15\": 0,\n    \"16\": 0,\n    \"17\": 0,\n    \"18\": 0,\n    \"19\": 0,\n    \"20\": 0,\n    \"21\": 0,\n    \"22\": 0,\n    \"23\": 0,\n    \"24\": 0.00958,\n    \"25\": 0.00319,\n    \"26\": 0.02554,\n    \"27\": 0.00639,\n    \"28\": 0.04151,\n    \"29\": 0,\n    \"30\": 0.02554,\n    \"31\": 0.00639,\n    \"32\": 0.05428,\n    \"33\": 0.01597,\n    \"34\": 0,\n    \"35\": 0.12453,\n    \"36\": 0.00319,\n    \"37\": 0.00319,\n    \"38\": 0.02874,\n    \"39\": 0,\n    \"40\": 0,\n    \"41\": 0,\n    \"42\": 0.02874,\n    \"43\": 0,\n    \"44\": 0.00319,\n    \"45\": 0.01277,\n    \"46\": 0.09898,\n    \"47\": 0.06705,\n    \"48\": 0,\n    \"49\": 0,\n    \"50\": 0.23309,\n    \"51\": 0.45979,\n    \"52\": 0,\n    \"53\": 0.03832,\n    \"54\": 0.00319,\n    \"55\": 0,\n    \"56\": 0,\n    \"57\": 0.00639,\n    \"58\": 0,\n    \"60\": 0.01277,\n    \"62\": 0,\n    \"63\": 0,\n    \"64\": 0,\n    \"65\": 0,\n    \"66\": 0,\n    \"67\": 0,\n    \"68\": 0.00319,\n    \"69\": 0,\n    \"70\": 0.00319,\n    \"71\": 0.01916,\n    \"72\": 0.35123,\n    \"9.5-9.6\": 0,\n    \"10.0-10.1\": 0,\n    \"10.5\": 0,\n    \"10.6\": 0,\n    \"11.1\": 0,\n    \"11.5\": 0,\n    \"11.6\": 0,\n    \"12.1\": 0.01916\n  },\n  E: {\n    \"4\": 0,\n    \"5\": 0,\n    \"6\": 0,\n    \"7\": 0,\n    \"8\": 0,\n    \"9\": 0,\n    \"10\": 0,\n    \"11\": 0,\n    \"12\": 0.00319,\n    \"13\": 0.00958,\n    \"14\": 0.08621,\n    _: \"0\",\n    \"3.1\": 0,\n    \"3.2\": 0,\n    \"5.1\": 0.03193,\n    \"6.1\": 0,\n    \"7.1\": 0,\n    \"9.1\": 0,\n    \"10.1\": 0.00319,\n    \"11.1\": 0.00639,\n    \"12.1\": 0.00639,\n    \"13.1\": 0.04151\n  },\n  G: {\n    \"8\": 0.0012,\n    \"3.2\": 0,\n    \"4.0-4.1\": 0,\n    \"4.2-4.3\": 0.0024,\n    \"5.0-5.1\": 0.0006,\n    \"6.0-6.1\": 0.00719,\n    \"7.0-7.1\": 0.02216,\n    \"8.1-8.4\": 0.00898,\n    \"9.0-9.2\": 0.00479,\n    \"9.3\": 0.08443,\n    \"10.0-10.2\": 0.01138,\n    \"10.3\": 0.27426,\n    \"11.0-11.2\": 0.1018,\n    \"11.3-11.4\": 0.08383,\n    \"12.0-12.1\": 0.11258,\n    \"12.2-12.4\": 1.08266,\n    \"13.0-13.1\": 0.06886,\n    \"13.2\": 0.01916,\n    \"13.3\": 0.28683,\n    \"13.4-13.7\": 0.86888,\n    \"14.0-14.3\": 2.92822\n  },\n  B: {\n    \"12\": 0.00639,\n    \"13\": 0.00319,\n    \"14\": 0.00319,\n    \"15\": 0.00639,\n    \"16\": 0.00958,\n    \"17\": 0.01597,\n    \"18\": 0.06386,\n    \"79\": 0,\n    \"80\": 0,\n    \"81\": 0.00319,\n    \"83\": 0,\n    \"84\": 0.00319,\n    \"85\": 0.00319,\n    \"86\": 0.01916,\n    \"87\": 0.48534\n  },\n  I: {\n    \"3\": 0,\n    \"4\": 0.00149,\n    \"81\": 0,\n    \"2.1\": 0,\n    \"2.2\": 0,\n    \"2.3\": 0,\n    \"4.1\": 0.00896,\n    \"4.2-4.3\": 0.02016,\n    \"4.4\": 0,\n    \"4.4.3-4.4.4\": 0.23217\n  },\n  P: {\n    \"4\": 1.06085,\n    \"5.0-5.4\": 0.0306,\n    \"6.2-6.4\": 0.0408,\n    \"7.2-7.4\": 0.20401,\n    \"8.2\": 0.0102,\n    \"9.2\": 0.14281,\n    \"10.1\": 0.0918,\n    \"11.1-11.2\": 0.24481,\n    \"12.0\": 0.55083,\n    \"13.0\": 1.10166\n  },\n  K: {\n    _: \"0 10 11 12 11.1 11.5 12.1\"\n  },\n  A: {\n    \"6\": 0,\n    \"7\": 0,\n    \"8\": 0.00851,\n    \"9\": 0,\n    \"10\": 0,\n    \"11\": 0.23415,\n    \"5.5\": 0\n  },\n  N: {\n    \"10\": 0,\n    \"11\": 0\n  },\n  J: {\n    \"7\": 0,\n    \"10\": 0.06807\n  },\n  O: {\n    \"0\": 0.73516\n  },\n  H: {\n    \"0\": 12.43775\n  },\n  L: {\n    \"0\": 62.68545\n  },\n  S: {\n    \"2.5\": 0.00681\n  },\n  R: {\n    _: \"0\"\n  },\n  M: {\n    \"0\": 0.06126\n  },\n  Q: {\n    \"10.4\": 0.05446\n  }\n};","map":{"version":3,"sources":["/Users/bruceseymour/ra-video/client/node_modules/caniuse-lite/data/regions/MZ.js"],"names":["module","exports","C","D","F","E","_","G","B","I","P","K","A","N","J","O","H","L","S","R","M","Q"],