{"ast":null,"code":"module.exports = {\n  C: {\n    \"2\": 0,\n    \"3\": 0,\n    \"4\": 0,\n    \"5\": 0,\n    \"6\": 0,\n    \"7\": 0,\n    \"8\": 0,\n    \"9\": 0,\n    \"10\": 0,\n    \"11\": 0,\n    \"12\": 0.00612,\n    \"13\": 0.00612,\n    \"14\": 0,\n    \"15\": 0,\n    \"16\": 0.00612,\n    \"17\": 0.00612,\n    \"18\": 0,\n    \"19\": 0.00612,\n    \"20\": 0.00612,\n    \"21\": 0.00612,\n    \"22\": 0.00612,\n    \"23\": 0.00612,\n    \"24\": 0.00612,\n    \"25\": 0.00612,\n    \"26\": 0.01225,\n    \"27\": 0.01225,\n    \"28\": 0.00612,\n    \"29\": 0.01225,\n    \"30\": 0.01837,\n    \"31\": 0.01837,\n    \"32\": 0.01837,\n    \"33\": 0,\n    \"34\": 0,\n    \"35\": 0,\n    \"36\": 0.00612,\n    \"37\": 0.00612,\n    \"38\": 0.00612,\n    \"39\": 0,\n    \"40\": 0,\n    \"41\": 0,\n    \"42\": 0,\n    \"43\": 0,\n    \"44\": 0,\n    \"45\": 0,\n    \"46\": 0,\n    \"47\": 0.00612,\n    \"48\": 0.01225,\n    \"49\": 0,\n    \"50\": 0.01837,\n    \"51\": 0.00612,\n    \"52\": 0.10409,\n    \"53\": 0,\n    \"54\": 0,\n    \"55\": 0.00612,\n    \"56\": 0.03062,\n    \"57\": 0,\n    \"58\": 0.00612,\n    \"59\": 0,\n    \"60\": 0.01837,\n    \"61\": 0.00612,\n    \"62\": 0.00612,\n    \"63\": 0.00612,\n    \"64\": 0,\n    \"65\": 0.01225,\n    \"66\": 0.01225,\n    \"67\": 0.00612,\n    \"68\": 0.03674,\n    \"69\": 0.00612,\n    \"70\": 0.00612,\n    \"71\": 0.00612,\n    \"72\": 0.01837,\n    \"73\": 0,\n    \"74\": 0.00612,\n    \"75\": 0.00612,\n    \"76\": 0.02449,\n    \"77\": 0.01225,\n    \"78\": 0.07348,\n    \"79\": 0.01225,\n    \"80\": 0.01837,\n    \"81\": 0.04286,\n    \"82\": 0.10409,\n    \"83\": 2.43695,\n    \"84\": 1.79404,\n    \"85\": 0.01837,\n    \"86\": 0,\n    \"3.5\": 0,\n    \"3.6\": 0\n  },\n  D: {\n    \"4\": 0,\n    \"5\": 0,\n    \"6\": 0,\n    \"7\": 0,\n    \"8\": 0,\n    \"9\": 0,\n    \"10\": 0,\n    \"11\": 0,\n    \"12\": 0,\n    \"13\": 0,\n    \"14\": 0,\n    \"15\": 0,\n    \"16\": 0,\n    \"17\": 0,\n    \"18\": 0,\n    \"19\": 0,\n    \"20\": 0,\n    \"21\": 0,\n    \"22\": 0,\n    \"23\": 0,\n    \"24\": 0,\n    \"25\": 0,\n    \"26\": 0,\n    \"27\": 0,\n    \"28\": 0,\n    \"29\": 0,\n    \"30\": 0,\n    \"31\": 0,\n    \"32\": 0,\n    \"33\": 0,\n    \"34\": 0,\n    \"35\": 0,\n    \"36\": 0,\n    \"37\": 0,\n    \"38\": 0.01837,\n    \"39\": 0,\n    \"40\": 0,\n    \"41\": 0.00612,\n    \"42\": 0,\n    \"43\": 0,\n    \"44\": 0,\n    \"45\": 0,\n    \"46\": 0,\n    \"47\": 0,\n    \"48\": 0.00612,\n    \"49\": 0.25104,\n    \"50\": 0,\n    \"51\": 0,\n    \"52\": 0.00612,\n    \"53\": 0.01225,\n    \"54\": 0,\n    \"55\": 0.00612,\n    \"56\": 0.06123,\n    \"57\": 0.01225,\n    \"58\": 0.01225,\n    \"59\": 0.00612,\n    \"60\": 0.01837,\n    \"61\": 0.04898,\n    \"62\": 0.00612,\n    \"63\": 0.01837,\n    \"64\": 0.01837,\n    \"65\": 0.01837,\n    \"66\": 0.01225,\n    \"67\": 0.00612,\n    \"68\": 0.00612,\n    \"69\": 0.02449,\n    \"70\": 0.03674,\n    \"71\": 0.03062,\n    \"72\": 0.03674,\n    \"73\": 0.03062,\n    \"74\": 0.05511,\n    \"75\": 0.02449,\n    \"76\": 0.02449,\n    \"77\": 0.01837,\n    \"78\": 0.03062,\n    \"79\": 0.09797,\n    \"80\": 0.11634,\n    \"81\": 0.06735,\n    \"83\": 0.08572,\n    \"84\": 0.30003,\n    \"85\": 0.20206,\n    \"86\": 3.55746,\n    \"87\": 19.69769,\n    \"88\": 0.01837,\n    \"89\": 0.00612,\n    \"90\": 0\n  },\n  F: {\n    \"9\": 0,\n    \"11\": 0,\n    \"12\": 0,\n    \"15\": 0,\n    \"16\": 0,\n    \"17\": 0,\n    \"18\": 0,\n    \"19\": 0,\n    \"20\": 0,\n    \"21\": 0,\n    \"22\": 0,\n    \"23\": 0,\n    \"24\": 0,\n    \"25\": 0,\n    \"26\": 0,\n    \"27\": 0,\n    \"28\": 0,\n    \"29\": 0,\n    \"30\": 0,\n    \"31\": 0,\n    \"32\": 0,\n    \"33\": 0,\n    \"34\": 0,\n    \"35\": 0,\n    \"36\": 0.01225,\n    \"37\": 0.00612,\n    \"38\": 0,\n    \"39\": 0,\n    \"40\": 0,\n    \"41\": 0,\n    \"42\": 0,\n    \"43\": 0,\n    \"44\": 0,\n    \"45\": 0,\n    \"46\": 0,\n    \"47\": 0.00612,\n    \"48\": 0,\n    \"49\": 0,\n    \"50\": 0,\n    \"51\": 0,\n    \"52\": 0,\n    \"53\": 0,\n    \"54\": 0,\n    \"55\": 0,\n    \"56\": 0.00612,\n    \"57\": 0,\n    \"58\": 0,\n    \"60\": 0,\n    \"62\": 0,\n    \"63\": 0,\n    \"64\": 0,\n    \"65\": 0.01225,\n    \"66\": 0,\n    \"67\": 0,\n    \"68\": 0.00612,\n    \"69\": 0.00612,\n    \"70\": 0.00612,\n    \"71\": 0.32452,\n    \"72\": 1.15725,\n    \"9.5-9.6\": 0,\n    \"10.0-10.1\": 0,\n    \"10.5\": 0,\n    \"10.6\": 0,\n    \"11.1\": 0,\n    \"11.5\": 0,\n    \"11.6\": 0,\n    \"12.1\": 0.00612\n  },\n  E: {\n    \"4\": 0,\n    \"5\": 0,\n    \"6\": 0,\n    \"7\": 0,\n    \"8\": 0,\n    \"9\": 0,\n    \"10\": 0,\n    \"11\": 0.00612,\n    \"12\": 0.01225,\n    \"13\": 0.08572,\n    \"14\": 1.08989,\n    _: \"0\",\n    \"3.1\": 0,\n    \"3.2\": 0,\n    \"5.1\": 0.00612,\n    \"6.1\": 0,\n    \"7.1\": 0,\n    \"9.1\": 0.00612,\n    \"10.1\": 0.01837,\n    \"11.1\": 0.04286,\n    \"12.1\": 0.08572,\n    \"13.1\": 0.35513\n  },\n  G: {\n    \"8\": 0.00155,\n    \"3.2\": 0,\n    \"4.0-4.1\": 0,\n    \"4.2-4.3\": 0,\n    \"5.0-5.1\": 0.00155,\n    \"6.0-6.1\": 0.0062,\n    \"7.0-7.1\": 0.00775,\n    \"8.1-8.4\": 0.031,\n    \"9.0-9.2\": 0.0558,\n    \"9.3\": 0.21547,\n    \"10.0-10.2\": 0.0217,\n    \"10.3\": 0.13021,\n    \"11.0-11.2\": 0.08836,\n    \"11.3-11.4\": 0.13486,\n    \"12.0-12.1\": 0.14881,\n    \"12.2-12.4\": 0.7456,\n    \"13.0-13.1\": 0.06665,\n    \"13.2\": 0.062,\n    \"13.3\": 0.29762,\n    \"13.4-13.7\": 1.87254,\n    \"14.0-14.3\": 11.5871\n  },\n  B: {\n    \"12\": 0,\n    \"13\": 0.01225,\n    \"14\": 0.02449,\n    \"15\": 0.01225,\n    \"16\": 0.01225,\n    \"17\": 0.01225,\n    \"18\": 0.11021,\n    \"79\": 0,\n    \"80\": 0,\n    \"81\": 0.00612,\n    \"83\": 0,\n    \"84\": 0.00612,\n    \"85\": 0.01837,\n    \"86\": 0.04286,\n    \"87\": 2.3696\n  },\n  I: {\n    \"3\": 0,\n    \"4\": 0.00417,\n    \"81\": 0,\n    \"2.1\": 0,\n    \"2.2\": 0,\n    \"2.3\": 0.00417,\n    \"4.1\": 0.00625,\n    \"4.2-4.3\": 0.03127,\n    \"4.4\": 0,\n    \"4.4.3-4.4.4\": 0.20638\n  },\n  P: {\n    \"4\": 0.09207,\n    \"5.0-5.4\": 0.02046,\n    \"6.2-6.4\": 0,\n    \"7.2-7.4\": 0.03069,\n    \"8.2\": 0,\n    \"9.2\": 0.05115,\n    \"10.1\": 0.04092,\n    \"11.1-11.2\": 0.11253,\n    \"12.0\": 0.39897,\n    \"13.0\": 3.3861\n  },\n  K: {\n    _: \"0 10 11 12 11.1 11.5 12.1\"\n  },\n  A: {\n    \"6\": 0.00627,\n    \"7\": 0,\n    \"8\": 0.02508,\n    \"9\": 0.01881,\n    \"10\": 0.01254,\n    \"11\": 0.46389,\n    \"5.5\": 0\n  },\n  N: {\n    \"10\": 0,\n    \"11\": 0.01551\n  },\n  J: {\n    \"7\": 0,\n    \"10\": 0\n  },\n  O: {\n    \"0\": 0.08142\n  },\n  H: {\n    \"0\": 0.22023\n  },\n  L: {\n    \"0\": 39.27803\n  },\n  S: {\n    \"2.5\": 0\n  },\n  R: {\n    _: \"0\"\n  },\n  M: {\n    \"0\": 0.29078\n  },\n  Q: {\n    \"10.4\": 0.01939\n  }\n};","map":{"version":3,"sources":["/Users/bruceseymour/ra-video/client/node_modules/caniuse-lite/data/regions/LT.js"],"names":["module","exports","C","D","F","E","_","G","B","I","P","K","A","N","J","O","H","L","S","R","M","Q"],