{"ast":null,"code":"module.exports = {\n  C: {\n    \"2\": 0,\n    \"3\": 0,\n    \"4\": 0,\n    \"5\": 0,\n    \"6\": 0,\n    \"7\": 0,\n    \"8\": 0,\n    \"9\": 0,\n    \"10\": 0,\n    \"11\": 0,\n    \"12\": 0,\n    \"13\": 0,\n    \"14\": 0,\n    \"15\": 0,\n    \"16\": 0,\n    \"17\": 0,\n    \"18\": 0,\n    \"19\": 0,\n    \"20\": 0,\n    \"21\": 0,\n    \"22\": 0,\n    \"23\": 0,\n    \"24\": 0,\n    \"25\": 0,\n    \"26\": 0,\n    \"27\": 0,\n    \"28\": 0,\n    \"29\": 0,\n    \"30\": 0.01094,\n    \"31\": 0,\n    \"32\": 0,\n    \"33\": 0,\n    \"34\": 0,\n    \"35\": 0,\n    \"36\": 0,\n    \"37\": 0,\n    \"38\": 0,\n    \"39\": 0,\n    \"40\": 0,\n    \"41\": 0,\n    \"42\": 0,\n    \"43\": 0.00547,\n    \"44\": 0,\n    \"45\": 0.00547,\n    \"46\": 0,\n    \"47\": 0.00547,\n    \"48\": 0.01094,\n    \"49\": 0,\n    \"50\": 0,\n    \"51\": 0,\n    \"52\": 0.06562,\n    \"53\": 0,\n    \"54\": 0,\n    \"55\": 0,\n    \"56\": 0.00547,\n    \"57\": 0.00547,\n    \"58\": 0,\n    \"59\": 0,\n    \"60\": 0.03281,\n    \"61\": 0.00547,\n    \"62\": 0.00547,\n    \"63\": 0,\n    \"64\": 0,\n    \"65\": 0.00547,\n    \"66\": 0.02187,\n    \"67\": 0.00547,\n    \"68\": 0.05468,\n    \"69\": 0.00547,\n    \"70\": 0.00547,\n    \"71\": 0.00547,\n    \"72\": 0.0164,\n    \"73\": 0.00547,\n    \"74\": 0.01094,\n    \"75\": 0.01094,\n    \"76\": 0.01094,\n    \"77\": 0.0164,\n    \"78\": 0.24059,\n    \"79\": 0.01094,\n    \"80\": 0.02187,\n    \"81\": 0.04921,\n    \"82\": 0.10389,\n    \"83\": 2.44966,\n    \"84\": 1.71695,\n    \"85\": 0.00547,\n    \"86\": 0,\n    \"3.5\": 0,\n    \"3.6\": 0\n  },\n  D: {\n    \"4\": 0,\n    \"5\": 0,\n    \"6\": 0,\n    \"7\": 0,\n    \"8\": 0,\n    \"9\": 0,\n    \"10\": 0,\n    \"11\": 0,\n    \"12\": 0,\n    \"13\": 0,\n    \"14\": 0,\n    \"15\": 0,\n    \"16\": 0,\n    \"17\": 0,\n    \"18\": 0,\n    \"19\": 0,\n    \"20\": 0,\n    \"21\": 0,\n    \"22\": 0,\n    \"23\": 0,\n    \"24\": 0,\n    \"25\": 0,\n    \"26\": 0,\n    \"27\": 0,\n    \"28\": 0,\n    \"29\": 0,\n    \"30\": 0,\n    \"31\": 0,\n    \"32\": 0,\n    \"33\": 0,\n    \"34\": 0.00547,\n    \"35\": 0,\n    \"36\": 0,\n    \"37\": 0,\n    \"38\": 0.0164,\n    \"39\": 0,\n    \"40\": 0.00547,\n    \"41\": 0,\n    \"42\": 0,\n    \"43\": 0,\n    \"44\": 0,\n    \"45\": 0,\n    \"46\": 0,\n    \"47\": 0.00547,\n    \"48\": 0,\n    \"49\": 0.1531,\n    \"50\": 0,\n    \"51\": 0,\n    \"52\": 0,\n    \"53\": 0.02187,\n    \"54\": 0,\n    \"55\": 0,\n    \"56\": 0,\n    \"57\": 0,\n    \"58\": 0,\n    \"59\": 0,\n    \"60\": 0.00547,\n    \"61\": 0.03828,\n    \"62\": 0.00547,\n    \"63\": 0.0164,\n    \"64\": 0.06015,\n    \"65\": 0.00547,\n    \"66\": 0,\n    \"67\": 0.01094,\n    \"68\": 0.01094,\n    \"69\": 0.01094,\n    \"70\": 0.14217,\n    \"71\": 0.0164,\n    \"72\": 0.07655,\n    \"73\": 0.01094,\n    \"74\": 0.00547,\n    \"75\": 0.0164,\n    \"76\": 0.01094,\n    \"77\": 0.01094,\n    \"78\": 0.0164,\n    \"79\": 0.14764,\n    \"80\": 0.09842,\n    \"81\": 0.04374,\n    \"83\": 0.05468,\n    \"84\": 0.09842,\n    \"85\": 0.09842,\n    \"86\": 2.26922,\n    \"87\": 11.6359,\n    \"88\": 0.01094,\n    \"89\": 0.00547,\n    \"90\": 0\n  },\n  F: {\n    \"9\": 0,\n    \"11\": 0,\n    \"12\": 0,\n    \"15\": 0,\n    \"16\": 0,\n    \"17\": 0,\n    \"18\": 0,\n    \"19\": 0,\n    \"20\": 0,\n    \"21\": 0,\n    \"22\": 0,\n    \"23\": 0,\n    \"24\": 0,\n    \"25\": 0,\n    \"26\": 0,\n    \"27\": 0,\n    \"28\": 0,\n    \"29\": 0,\n    \"30\": 0,\n    \"31\": 0,\n    \"32\": 0,\n    \"33\": 0,\n    \"34\": 0,\n    \"35\": 0,\n    \"36\": 0.00547,\n    \"37\": 0,\n    \"38\": 0,\n    \"39\": 0,\n    \"40\": 0.00547,\n    \"41\": 0,\n    \"42\": 0,\n    \"43\": 0,\n    \"44\": 0,\n    \"45\": 0,\n    \"46\": 0.00547,\n    \"47\": 0,\n    \"48\": 0,\n    \"49\": 0,\n    \"50\": 0,\n    \"51\": 0,\n    \"52\": 0,\n    \"53\": 0.00547,\n    \"54\": 0,\n    \"55\": 0,\n    \"56\": 0,\n    \"57\": 0,\n    \"58\": 0,\n    \"60\": 0,\n    \"62\": 0,\n    \"63\": 0,\n    \"64\": 0,\n    \"65\": 0,\n    \"66\": 0,\n    \"67\": 0.00547,\n    \"68\": 0,\n    \"69\": 0,\n    \"70\": 0,\n    \"71\": 0.28434,\n    \"72\": 0.69444,\n    \"9.5-9.6\": 0,\n    \"10.0-10.1\": 0,\n    \"10.5\": 0,\n    \"10.6\": 0,\n    \"11.1\": 0,\n    \"11.5\": 0,\n    \"11.6\": 0,\n    \"12.1\": 0.00547\n  },\n  E: {\n    \"4\": 0,\n    \"5\": 0,\n    \"6\": 0,\n    \"7\": 0,\n    \"8\": 0.00547,\n    \"9\": 0,\n    \"10\": 0.00547,\n    \"11\": 0.00547,\n    \"12\": 0.02187,\n    \"13\": 0.1367,\n    \"14\": 2.1708,\n    _: \"0\",\n    \"3.1\": 0,\n    \"3.2\": 0,\n    \"5.1\": 0,\n    \"6.1\": 0.00547,\n    \"7.1\": 0,\n    \"9.1\": 0.01094,\n    \"10.1\": 0.02187,\n    \"11.1\": 0.08749,\n    \"12.1\": 0.10936,\n    \"13.1\": 0.65069\n  },\n  G: {\n    \"8\": 0,\n    \"3.2\": 0,\n    \"4.0-4.1\": 0,\n    \"4.2-4.3\": 0,\n    \"5.0-5.1\": 0,\n    \"6.0-6.1\": 0.0025,\n    \"7.0-7.1\": 0.02004,\n    \"8.1-8.4\": 0.03005,\n    \"9.0-9.2\": 0.04007,\n    \"9.3\": 0.28051,\n    \"10.0-10.2\": 0.03005,\n    \"10.3\": 0.22792,\n    \"11.0-11.2\": 0.1077,\n    \"11.3-11.4\": 0.13775,\n    \"12.0-12.1\": 0.11521,\n    \"12.2-12.4\": 1.27483,\n    \"13.0-13.1\": 0.13024,\n    \"13.2\": 0.12773,\n    \"13.3\": 0.46084,\n    \"13.4-13.7\": 2.5697,\n    \"14.0-14.3\": 19.44053\n  },\n  B: {\n    \"12\": 0,\n    \"13\": 0,\n    \"14\": 0.00547,\n    \"15\": 0.01094,\n    \"16\": 0.00547,\n    \"17\": 0.0164,\n    \"18\": 0.15857,\n    \"79\": 0,\n    \"80\": 0.00547,\n    \"81\": 0,\n    \"83\": 0.00547,\n    \"84\": 0.02187,\n    \"85\": 0.0164,\n    \"86\": 0.11483,\n    \"87\": 3.04568\n  },\n  I: {\n    \"3\": 0,\n    \"4\": 0,\n    \"81\": 0,\n    \"2.1\": 0,\n    \"2.2\": 0,\n    \"2.3\": 0,\n    \"4.1\": 0.00616,\n    \"4.2-4.3\": 0.02054,\n    \"4.4\": 0,\n    \"4.4.3-4.4.4\": 0.23625\n  },\n  P: {\n    \"4\": 0.23887,\n    \"5.0-5.4\": 0,\n    \"6.2-6.4\": 0,\n    \"7.2-7.4\": 0.02077,\n    \"8.2\": 0.01039,\n    \"9.2\": 0.04154,\n    \"10.1\": 0.04154,\n    \"11.1-11.2\": 0.1454,\n    \"12.0\": 0.41542,\n    \"13.0\": 4.14379\n  },\n  K: {\n    _: \"0 10 11 12 11.1 11.5 12.1\"\n  },\n  A: {\n    \"6\": 0,\n    \"7\": 0,\n    \"8\": 0.00575,\n    \"9\": 0.00575,\n    \"10\": 0,\n    \"11\": 0.86884,\n    \"5.5\": 0\n  },\n  N: {\n    \"10\": 0,\n    \"11\": 0\n  },\n  J: {\n    \"7\": 0,\n    \"10\": 0\n  },\n  O: {\n    \"0\": 0.04079\n  },\n  H: {\n    \"0\": 0.20166\n  },\n  L: {\n    \"0\": 36.57275\n  },\n  S: {\n    \"2.5\": 0\n  },\n  R: {\n    _: \"0\"\n  },\n  M: {\n    \"0\": 0.50305\n  },\n  Q: {\n    \"10.4\": 0.00453\n  }\n};","map":{"version":3,"sources":["/Users/bruceseymour/ra-video/client/node_modules/caniuse-lite/data/regions/AT.js"],"names":["module","exports","C","D","F","E","_","G","B","I","P","K","A","N","J","O","H","L","S","R","M","Q"],