{"ast":null,"code":"module.exports = {\n  C: {\n    \"2\": 0,\n    \"3\": 0,\n    \"4\": 0,\n    \"5\": 0,\n    \"6\": 0,\n    \"7\": 0,\n    \"8\": 0,\n    \"9\": 0,\n    \"10\": 0,\n    \"11\": 0,\n    \"12\": 0,\n    \"13\": 0,\n    \"14\": 0,\n    \"15\": 0,\n    \"16\": 0,\n    \"17\": 0.01064,\n    \"18\": 0.01064,\n    \"19\": 0,\n    \"20\": 0,\n    \"21\": 0,\n    \"22\": 0,\n    \"23\": 0.00355,\n    \"24\": 0,\n    \"25\": 0,\n    \"26\": 0.00355,\n    \"27\": 0,\n    \"28\": 0,\n    \"29\": 0.00355,\n    \"30\": 0.00355,\n    \"31\": 0,\n    \"32\": 0,\n    \"33\": 0.00709,\n    \"34\": 0.05672,\n    \"35\": 0.00355,\n    \"36\": 0.01064,\n    \"37\": 0.01064,\n    \"38\": 0.02482,\n    \"39\": 0.01064,\n    \"40\": 0.02127,\n    \"41\": 0.01064,\n    \"42\": 0.00709,\n    \"43\": 0.01418,\n    \"44\": 0.00709,\n    \"45\": 0.03545,\n    \"46\": 0.02127,\n    \"47\": 0.04609,\n    \"48\": 0.01773,\n    \"49\": 0.02127,\n    \"50\": 0.08154,\n    \"51\": 0.00709,\n    \"52\": 0.12408,\n    \"53\": 0.01418,\n    \"54\": 0.24815,\n    \"55\": 0.03191,\n    \"56\": 0.039,\n    \"57\": 0.15953,\n    \"58\": 0.05318,\n    \"59\": 0.03545,\n    \"60\": 0.07445,\n    \"61\": 0.08154,\n    \"62\": 0.04963,\n    \"63\": 0.01773,\n    \"64\": 0.04254,\n    \"65\": 0.05318,\n    \"66\": 0.06381,\n    \"67\": 0.07799,\n    \"68\": 0.21625,\n    \"69\": 0.04963,\n    \"70\": 0.039,\n    \"71\": 0.039,\n    \"72\": 0.15953,\n    \"73\": 0.02482,\n    \"74\": 0.01773,\n    \"75\": 0.03191,\n    \"76\": 0.03191,\n    \"77\": 0.02482,\n    \"78\": 0.14889,\n    \"79\": 0.06027,\n    \"80\": 0.08508,\n    \"81\": 0.18789,\n    \"82\": 0.2836,\n    \"83\": 2.49214,\n    \"84\": 1.40737,\n    \"85\": 0.03191,\n    \"86\": 0.00709,\n    \"3.5\": 0,\n    \"3.6\": 0\n  },\n  D: {\n    \"4\": 0,\n    \"5\": 0,\n    \"6\": 0,\n    \"7\": 0,\n    \"8\": 0,\n    \"9\": 0,\n    \"10\": 0,\n    \"11\": 0.00355,\n    \"12\": 0,\n    \"13\": 0,\n    \"14\": 0,\n    \"15\": 0,\n    \"16\": 0,\n    \"17\": 0,\n    \"18\": 0,\n    \"19\": 0,\n    \"20\": 0,\n    \"21\": 0,\n    \"22\": 0,\n    \"23\": 0,\n    \"24\": 0,\n    \"25\": 0,\n    \"26\": 0,\n    \"27\": 0,\n    \"28\": 0,\n    \"29\": 0,\n    \"30\": 0,\n    \"31\": 0,\n    \"32\": 0,\n    \"33\": 0.00355,\n    \"34\": 0,\n    \"35\": 0,\n    \"36\": 0,\n    \"37\": 0,\n    \"38\": 0.00355,\n    \"39\": 0,\n    \"40\": 0.00355,\n    \"41\": 0,\n    \"42\": 0.00355,\n    \"43\": 0,\n    \"44\": 0,\n    \"45\": 0,\n    \"46\": 0.00355,\n    \"47\": 0,\n    \"48\": 0,\n    \"49\": 0.01773,\n    \"50\": 0.00355,\n    \"51\": 0,\n    \"52\": 0.00355,\n    \"53\": 0.00355,\n    \"54\": 0.00355,\n    \"55\": 0,\n    \"56\": 0,\n    \"57\": 0,\n    \"58\": 0.02836,\n    \"59\": 0,\n    \"60\": 0.01064,\n    \"61\": 0,\n    \"62\": 0.01064,\n    \"63\": 0.01418,\n    \"64\": 0.00709,\n    \"65\": 0,\n    \"66\": 0.00355,\n    \"67\": 0.02127,\n    \"68\": 0.00709,\n    \"69\": 0.00355,\n    \"70\": 0.01418,\n    \"71\": 0.02482,\n    \"72\": 0.00709,\n    \"73\": 0.01064,\n    \"74\": 0.01773,\n    \"75\": 0.01418,\n    \"76\": 0.01773,\n    \"77\": 0.02127,\n    \"78\": 0.01773,\n    \"79\": 0.03545,\n    \"80\": 0.3545,\n    \"81\": 0.02836,\n    \"83\": 0.04963,\n    \"84\": 0.05672,\n    \"85\": 0.11344,\n    \"86\": 0.56011,\n    \"87\": 2.0951,\n    \"88\": 0,\n    \"89\": 0.00355,\n    \"90\": 0\n  },\n  F: {\n    \"9\": 0,\n    \"11\": 0,\n    \"12\": 0,\n    \"15\": 0,\n    \"16\": 0,\n    \"17\": 0.01418,\n    \"18\": 0,\n    \"19\": 0,\n    \"20\": 0,\n    \"21\": 0,\n    \"22\": 0,\n    \"23\": 0,\n    \"24\": 0,\n    \"25\": 0,\n    \"26\": 0,\n    \"27\": 0,\n    \"28\": 0,\n    \"29\": 0.00709,\n    \"30\": 0,\n    \"31\": 0.02127,\n    \"32\": 0,\n    \"33\": 0,\n    \"34\": 0,\n    \"35\": 0,\n    \"36\": 0,\n    \"37\": 0,\n    \"38\": 0,\n    \"39\": 0,\n    \"40\": 0,\n    \"41\": 0,\n    \"42\": 0.00355,\n    \"43\": 0,\n    \"44\": 0,\n    \"45\": 0.00355,\n    \"46\": 0.00355,\n    \"47\": 0.00355,\n    \"48\": 0,\n    \"49\": 0.00355,\n    \"50\": 0.01418,\n    \"51\": 0.00709,\n    \"52\": 0,\n    \"53\": 0.00355,\n    \"54\": 0,\n    \"55\": 0.00709,\n    \"56\": 0,\n    \"57\": 0.00355,\n    \"58\": 0,\n    \"60\": 0.00709,\n    \"62\": 0,\n    \"63\": 0,\n    \"64\": 0,\n    \"65\": 0,\n    \"66\": 0,\n    \"67\": 0.00355,\n    \"68\": 0,\n    \"69\": 0.00709,\n    \"70\": 0.00355,\n    \"71\": 0.02836,\n    \"72\": 0.26588,\n    \"9.5-9.6\": 0,\n    \"10.0-10.1\": 0,\n    \"10.5\": 0,\n    \"10.6\": 0,\n    \"11.1\": 0,\n    \"11.5\": 0,\n    \"11.6\": 0,\n    \"12.1\": 0.00709\n  },\n  E: {\n    \"4\": 0,\n    \"5\": 0,\n    \"6\": 0,\n    \"7\": 0,\n    \"8\": 0,\n    \"9\": 0,\n    \"10\": 0.00355,\n    \"11\": 0,\n    \"12\": 0,\n    \"13\": 0.01064,\n    \"14\": 0.02836,\n    _: \"0\",\n    \"3.1\": 0,\n    \"3.2\": 0,\n    \"5.1\": 0.41831,\n    \"6.1\": 0,\n    \"7.1\": 0,\n    \"9.1\": 0,\n    \"10.1\": 0,\n    \"11.1\": 0.00355,\n    \"12.1\": 0.00355,\n    \"13.1\": 0.00709\n  },\n  G: {\n    \"8\": 0.0008,\n    \"3.2\": 0,\n    \"4.0-4.1\": 0,\n    \"4.2-4.3\": 0,\n    \"5.0-5.1\": 0.00961,\n    \"6.0-6.1\": 0.004,\n    \"7.0-7.1\": 0.16576,\n    \"8.1-8.4\": 0.01601,\n    \"9.0-9.2\": 0.02883,\n    \"9.3\": 0.19058,\n    \"10.0-10.2\": 0.05045,\n    \"10.3\": 0.15935,\n    \"11.0-11.2\": 0.11771,\n    \"11.3-11.4\": 0.16255,\n    \"12.0-12.1\": 0.70626,\n    \"12.2-12.4\": 1.51582,\n    \"13.0-13.1\": 0.23542,\n    \"13.2\": 0.19458,\n    \"13.3\": 0.72388,\n    \"13.4-13.7\": 1.09623,\n    \"14.0-14.3\": 2.60163\n  },\n  B: {\n    \"12\": 0.00709,\n    \"13\": 0.01064,\n    \"14\": 0.01064,\n    \"15\": 0.01064,\n    \"16\": 0.01418,\n    \"17\": 0.02482,\n    \"18\": 0.05672,\n    \"79\": 0,\n    \"80\": 0.00355,\n    \"81\": 0.00355,\n    \"83\": 0.00355,\n    \"84\": 0.05672,\n    \"85\": 0.00709,\n    \"86\": 0.01418,\n    \"87\": 0.23043\n  },\n  I: {\n    \"3\": 0,\n    \"4\": 0.00388,\n    \"81\": 0,\n    \"2.1\": 0,\n    \"2.2\": 0,\n    \"2.3\": 0,\n    \"4.1\": 0.01067,\n    \"4.2-4.3\": 0.08144,\n    \"4.4\": 0,\n    \"4.4.3-4.4.4\": 0.4111\n  },\n  P: {\n    \"4\": 0.5162,\n    \"5.0-5.4\": 0.06073,\n    \"6.2-6.4\": 0.08097,\n    \"7.2-7.4\": 0.31377,\n    \"8.2\": 0.03036,\n    \"9.2\": 0.31377,\n    \"10.1\": 0.26316,\n    \"11.1-11.2\": 0.25304,\n    \"12.0\": 0.5162,\n    \"13.0\": 0.62754\n  },\n  K: {\n    _: \"0 10 11 12 11.1 11.5 12.1\"\n  },\n  A: {\n    \"6\": 0,\n    \"7\": 0,\n    \"8\": 0.0041,\n    \"9\": 0,\n    \"10\": 0,\n    \"11\": 0.07389,\n    \"5.5\": 0\n  },\n  N: {\n    \"10\": 0,\n    \"11\": 0\n  },\n  J: {\n    \"7\": 0,\n    \"10\": 0.01291\n  },\n  O: {\n    \"0\": 0.26466\n  },\n  H: {\n    \"0\": 1.19168\n  },\n  L: {\n    \"0\": 71.72554\n  },\n  S: {\n    \"2.5\": 0\n  },\n  R: {\n    _: \"0\"\n  },\n  M: {\n    \"0\": 1.12963\n  },\n  Q: {\n    \"10.4\": 0.01937\n  }\n};","map":{"version":3,"sources":["/Users/bruceseymour/ra-video/client/node_modules/caniuse-lite/data/regions/CU.js"],"names":["module","exports","C","D","F","E","_","G","B","I","P","K","A","N","J","O","H","L","S","R","M","Q"],