{"ast":null,"code":"module.exports = {\n  C: {\n    \"2\": 0,\n    \"3\": 0,\n    \"4\": 0,\n    \"5\": 0,\n    \"6\": 0,\n    \"7\": 0,\n    \"8\": 0,\n    \"9\": 0,\n    \"10\": 0,\n    \"11\": 0,\n    \"12\": 0,\n    \"13\": 0,\n    \"14\": 0,\n    \"15\": 0,\n    \"16\": 0,\n    \"17\": 0,\n    \"18\": 0,\n    \"19\": 0,\n    \"20\": 0,\n    \"21\": 0,\n    \"22\": 0,\n    \"23\": 0,\n    \"24\": 0,\n    \"25\": 0,\n    \"26\": 0,\n    \"27\": 0,\n    \"28\": 0,\n    \"29\": 0,\n    \"30\": 0,\n    \"31\": 0,\n    \"32\": 0,\n    \"33\": 0,\n    \"34\": 0.00295,\n    \"35\": 0,\n    \"36\": 0.00295,\n    \"37\": 0,\n    \"38\": 0,\n    \"39\": 0,\n    \"40\": 0,\n    \"41\": 0,\n    \"42\": 0,\n    \"43\": 0.00884,\n    \"44\": 0.00295,\n    \"45\": 0.00295,\n    \"46\": 0,\n    \"47\": 0,\n    \"48\": 0.00295,\n    \"49\": 0,\n    \"50\": 0,\n    \"51\": 0,\n    \"52\": 0.00295,\n    \"53\": 0,\n    \"54\": 0,\n    \"55\": 0,\n    \"56\": 0.00884,\n    \"57\": 0,\n    \"58\": 0.00589,\n    \"59\": 0,\n    \"60\": 0,\n    \"61\": 0,\n    \"62\": 0,\n    \"63\": 0,\n    \"64\": 0,\n    \"65\": 0.00295,\n    \"66\": 0,\n    \"67\": 0,\n    \"68\": 0.00589,\n    \"69\": 0,\n    \"70\": 0,\n    \"71\": 0,\n    \"72\": 0.00295,\n    \"73\": 0,\n    \"74\": 0,\n    \"75\": 0,\n    \"76\": 0,\n    \"77\": 0,\n    \"78\": 0.02062,\n    \"79\": 0.00295,\n    \"80\": 0.00589,\n    \"81\": 0.00589,\n    \"82\": 0.02651,\n    \"83\": 0.50082,\n    \"84\": 0.43306,\n    \"85\": 0.05008,\n    \"86\": 0,\n    \"3.5\": 0,\n    \"3.6\": 0\n  },\n  D: {\n    \"4\": 0,\n    \"5\": 0,\n    \"6\": 0,\n    \"7\": 0,\n    \"8\": 0,\n    \"9\": 0,\n    \"10\": 0,\n    \"11\": 0,\n    \"12\": 0,\n    \"13\": 0,\n    \"14\": 0,\n    \"15\": 0,\n    \"16\": 0,\n    \"17\": 0,\n    \"18\": 0,\n    \"19\": 0.00295,\n    \"20\": 0,\n    \"21\": 0,\n    \"22\": 0,\n    \"23\": 0,\n    \"24\": 0,\n    \"25\": 0.00295,\n    \"26\": 0,\n    \"27\": 0,\n    \"28\": 0,\n    \"29\": 0,\n    \"30\": 0,\n    \"31\": 0,\n    \"32\": 0,\n    \"33\": 0,\n    \"34\": 0,\n    \"35\": 0,\n    \"36\": 0,\n    \"37\": 0,\n    \"38\": 0.00589,\n    \"39\": 0,\n    \"40\": 0.01178,\n    \"41\": 0,\n    \"42\": 0.00295,\n    \"43\": 0.00295,\n    \"44\": 0,\n    \"45\": 0,\n    \"46\": 0,\n    \"47\": 0.00295,\n    \"48\": 0,\n    \"49\": 0.04124,\n    \"50\": 0.00295,\n    \"51\": 0.00295,\n    \"52\": 0,\n    \"53\": 0.00884,\n    \"54\": 0.00295,\n    \"55\": 0.00295,\n    \"56\": 0.00295,\n    \"57\": 0,\n    \"58\": 0.00295,\n    \"59\": 0,\n    \"60\": 0.01768,\n    \"61\": 0,\n    \"62\": 0,\n    \"63\": 0.00884,\n    \"64\": 0.00589,\n    \"65\": 0.00295,\n    \"66\": 0,\n    \"67\": 0.00295,\n    \"68\": 0,\n    \"69\": 0.00295,\n    \"70\": 0,\n    \"71\": 0.00589,\n    \"72\": 0,\n    \"73\": 0,\n    \"74\": 0.00589,\n    \"75\": 0.00589,\n    \"76\": 0.0383,\n    \"77\": 0.00295,\n    \"78\": 0.00884,\n    \"79\": 0.01178,\n    \"80\": 0.04714,\n    \"81\": 0.03535,\n    \"83\": 0.00295,\n    \"84\": 0.01768,\n    \"85\": 0.81015,\n    \"86\": 0.60098,\n    \"87\": 2.76629,\n    \"88\": 0.01178,\n    \"89\": 0,\n    \"90\": 0\n  },\n  F: {\n    \"9\": 0,\n    \"11\": 0,\n    \"12\": 0,\n    \"15\": 0,\n    \"16\": 0,\n    \"17\": 0,\n    \"18\": 0,\n    \"19\": 0,\n    \"20\": 0,\n    \"21\": 0,\n    \"22\": 0,\n    \"23\": 0,\n    \"24\": 0,\n    \"25\": 0.00295,\n    \"26\": 0.00589,\n    \"27\": 0.00295,\n    \"28\": 0.01178,\n    \"29\": 0.00295,\n    \"30\": 0.01178,\n    \"31\": 0,\n    \"32\": 0.01178,\n    \"33\": 0.00884,\n    \"34\": 0,\n    \"35\": 0,\n    \"36\": 0,\n    \"37\": 0,\n    \"38\": 0.01473,\n    \"39\": 0.00295,\n    \"40\": 0,\n    \"41\": 0.00295,\n    \"42\": 0.01178,\n    \"43\": 0,\n    \"44\": 0,\n    \"45\": 0.00295,\n    \"46\": 0.01178,\n    \"47\": 0.02357,\n    \"48\": 0.00295,\n    \"49\": 0,\n    \"50\": 0.11489,\n    \"51\": 0.05303,\n    \"52\": 0,\n    \"53\": 0.00295,\n    \"54\": 0,\n    \"55\": 0,\n    \"56\": 0,\n    \"57\": 0,\n    \"58\": 0,\n    \"60\": 0,\n    \"62\": 0,\n    \"63\": 0,\n    \"64\": 0,\n    \"65\": 0,\n    \"66\": 0,\n    \"67\": 0,\n    \"68\": 0,\n    \"69\": 0,\n    \"70\": 0.00295,\n    \"71\": 0.00295,\n    \"72\": 0.37709,\n    \"9.5-9.6\": 0,\n    \"10.0-10.1\": 0,\n    \"10.5\": 0,\n    \"10.6\": 0,\n    \"11.1\": 0,\n    \"11.5\": 0,\n    \"11.6\": 0,\n    \"12.1\": 0.02651\n  },\n  E: {\n    \"4\": 0,\n    \"5\": 0,\n    \"6\": 0.00295,\n    \"7\": 0,\n    \"8\": 0,\n    \"9\": 0,\n    \"10\": 0,\n    \"11\": 0,\n    \"12\": 0,\n    \"13\": 0.26514,\n    \"14\": 0.11489,\n    _: \"0\",\n    \"3.1\": 0,\n    \"3.2\": 0,\n    \"5.1\": 0.07954,\n    \"6.1\": 0,\n    \"7.1\": 0,\n    \"9.1\": 0,\n    \"10.1\": 0.00295,\n    \"11.1\": 0.01178,\n    \"12.1\": 0.00295,\n    \"13.1\": 0.04124\n  },\n  G: {\n    \"8\": 0,\n    \"3.2\": 0,\n    \"4.0-4.1\": 0,\n    \"4.2-4.3\": 0,\n    \"5.0-5.1\": 0,\n    \"6.0-6.1\": 0,\n    \"7.0-7.1\": 0.04778,\n    \"8.1-8.4\": 0,\n    \"9.0-9.2\": 0.02457,\n    \"9.3\": 0.21981,\n    \"10.0-10.2\": 0.08192,\n    \"10.3\": 0.48057,\n    \"11.0-11.2\": 0.09147,\n    \"11.3-11.4\": 0.25667,\n    \"12.0-12.1\": 0.157,\n    \"12.2-12.4\": 2.36326,\n    \"13.0-13.1\": 0.12697,\n    \"13.2\": 0.05871,\n    \"13.3\": 1.52363,\n    \"13.4-13.7\": 1.74889,\n    \"14.0-14.3\": 6.38121\n  },\n  B: {\n    \"12\": 0.00884,\n    \"13\": 0.00295,\n    \"14\": 0.00295,\n    \"15\": 0.00884,\n    \"16\": 0.00589,\n    \"17\": 0.00589,\n    \"18\": 0.0383,\n    \"79\": 0,\n    \"80\": 0,\n    \"81\": 0,\n    \"83\": 0,\n    \"84\": 0.00295,\n    \"85\": 0.00295,\n    \"86\": 0.06481,\n    \"87\": 0.60098\n  },\n  I: {\n    \"3\": 0,\n    \"4\": 0,\n    \"81\": 0,\n    \"2.1\": 0,\n    \"2.2\": 0,\n    \"2.3\": 0,\n    \"4.1\": 0.04032,\n    \"4.2-4.3\": 0.06313,\n    \"4.4\": 0,\n    \"4.4.3-4.4.4\": 0.16021\n  },\n  P: {\n    \"4\": 0.85621,\n    \"5.0-5.4\": 0.09174,\n    \"6.2-6.4\": 0.04077,\n    \"7.2-7.4\": 0.48926,\n    \"8.2\": 0,\n    \"9.2\": 0.09174,\n    \"10.1\": 0.12232,\n    \"11.1-11.2\": 0.37714,\n    \"12.0\": 0.8664,\n    \"13.0\": 1.23335\n  },\n  K: {\n    _: \"0 10 11 12 11.1 11.5 12.1\"\n  },\n  A: {\n    \"6\": 0,\n    \"7\": 0,\n    \"8\": 0.01944,\n    \"9\": 0.01944,\n    \"10\": 0.01944,\n    \"11\": 0.23332,\n    \"5.5\": 0\n  },\n  N: {\n    \"10\": 0.01411,\n    \"11\": 0.02822\n  },\n  J: {\n    \"7\": 0,\n    \"10\": 0.01411\n  },\n  O: {\n    \"0\": 1.5942\n  },\n  H: {\n    \"0\": 7.61323\n  },\n  L: {\n    \"0\": 60.1228\n  },\n  S: {\n    \"2.5\": 0\n  },\n  R: {\n    _: \"0\"\n  },\n  M: {\n    \"0\": 0.07054\n  },\n  Q: {\n    \"10.4\": 0.00705\n  }\n};","map":{"version":3,"sources":["/Users/bruceseymour/ra-video/client/node_modules/caniuse-lite/data/regions/GM.js"],"names":["module","exports","C","D","F","E","_","G","B","I","P","K","A","N","J","O","H","L","S","R","M","Q"],