{"ast":null,"code":"module.exports = {\n  C: {\n    \"2\": 0,\n    \"3\": 0,\n    \"4\": 0,\n    \"5\": 0,\n    \"6\": 0,\n    \"7\": 0,\n    \"8\": 0,\n    \"9\": 0,\n    \"10\": 0,\n    \"11\": 0,\n    \"12\": 0,\n    \"13\": 0,\n    \"14\": 0,\n    \"15\": 0,\n    \"16\": 0,\n    \"17\": 0,\n    \"18\": 0,\n    \"19\": 0,\n    \"20\": 0,\n    \"21\": 0,\n    \"22\": 0,\n    \"23\": 0,\n    \"24\": 0,\n    \"25\": 0,\n    \"26\": 0,\n    \"27\": 0,\n    \"28\": 0,\n    \"29\": 0,\n    \"30\": 0.00999,\n    \"31\": 0,\n    \"32\": 0,\n    \"33\": 0,\n    \"34\": 0,\n    \"35\": 0,\n    \"36\": 0,\n    \"37\": 0,\n    \"38\": 0,\n    \"39\": 0,\n    \"40\": 0,\n    \"41\": 0,\n    \"42\": 0,\n    \"43\": 0,\n    \"44\": 0,\n    \"45\": 0,\n    \"46\": 0,\n    \"47\": 0,\n    \"48\": 0.005,\n    \"49\": 0,\n    \"50\": 0,\n    \"51\": 0,\n    \"52\": 0.02498,\n    \"53\": 0,\n    \"54\": 0,\n    \"55\": 0,\n    \"56\": 0.01998,\n    \"57\": 0,\n    \"58\": 0,\n    \"59\": 0.005,\n    \"60\": 0,\n    \"61\": 0,\n    \"62\": 0,\n    \"63\": 0,\n    \"64\": 0,\n    \"65\": 0.005,\n    \"66\": 0.005,\n    \"67\": 0,\n    \"68\": 0.01998,\n    \"69\": 0,\n    \"70\": 0,\n    \"71\": 0,\n    \"72\": 0.005,\n    \"73\": 0,\n    \"74\": 0,\n    \"75\": 0,\n    \"76\": 0,\n    \"77\": 0.00999,\n    \"78\": 0.09491,\n    \"79\": 0.005,\n    \"80\": 0.01998,\n    \"81\": 0.01998,\n    \"82\": 0.03996,\n    \"83\": 0.72927,\n    \"84\": 0.46953,\n    \"85\": 0.005,\n    \"86\": 0,\n    \"3.5\": 0,\n    \"3.6\": 0\n  },\n  D: {\n    \"4\": 0,\n    \"5\": 0,\n    \"6\": 0,\n    \"7\": 0,\n    \"8\": 0,\n    \"9\": 0,\n    \"10\": 0,\n    \"11\": 0,\n    \"12\": 0,\n    \"13\": 0,\n    \"14\": 0,\n    \"15\": 0,\n    \"16\": 0,\n    \"17\": 0,\n    \"18\": 0,\n    \"19\": 0,\n    \"20\": 0,\n    \"21\": 0,\n    \"22\": 0,\n    \"23\": 0,\n    \"24\": 0,\n    \"25\": 0,\n    \"26\": 0,\n    \"27\": 0,\n    \"28\": 0,\n    \"29\": 0,\n    \"30\": 0,\n    \"31\": 0,\n    \"32\": 0,\n    \"33\": 0,\n    \"34\": 0.005,\n    \"35\": 0,\n    \"36\": 0,\n    \"37\": 0,\n    \"38\": 0.005,\n    \"39\": 0,\n    \"40\": 0.07992,\n    \"41\": 0,\n    \"42\": 0,\n    \"43\": 0,\n    \"44\": 0,\n    \"45\": 0,\n    \"46\": 0,\n    \"47\": 0,\n    \"48\": 0,\n    \"49\": 0.1049,\n    \"50\": 0,\n    \"51\": 0,\n    \"52\": 0.005,\n    \"53\": 0.00999,\n    \"54\": 0,\n    \"55\": 0.005,\n    \"56\": 0.005,\n    \"57\": 0,\n    \"58\": 0.005,\n    \"59\": 0.005,\n    \"60\": 0.005,\n    \"61\": 0.00999,\n    \"62\": 0,\n    \"63\": 0.00999,\n    \"64\": 0.005,\n    \"65\": 0.01499,\n    \"66\": 0.02498,\n    \"67\": 0.01499,\n    \"68\": 0.005,\n    \"69\": 0.03996,\n    \"70\": 0.00999,\n    \"71\": 0.03497,\n    \"72\": 0.01499,\n    \"73\": 0.00999,\n    \"74\": 0.01499,\n    \"75\": 0.02498,\n    \"76\": 0.02997,\n    \"77\": 0.01499,\n    \"78\": 0.01998,\n    \"79\": 0.02997,\n    \"80\": 0.05495,\n    \"81\": 0.03996,\n    \"83\": 0.07992,\n    \"84\": 0.10989,\n    \"85\": 0.1998,\n    \"86\": 2.42757,\n    \"87\": 10.17981,\n    \"88\": 0.00999,\n    \"89\": 0.00999,\n    \"90\": 0\n  },\n  F: {\n    \"9\": 0,\n    \"11\": 0,\n    \"12\": 0,\n    \"15\": 0,\n    \"16\": 0,\n    \"17\": 0,\n    \"18\": 0,\n    \"19\": 0,\n    \"20\": 0,\n    \"21\": 0,\n    \"22\": 0,\n    \"23\": 0,\n    \"24\": 0,\n    \"25\": 0,\n    \"26\": 0,\n    \"27\": 0,\n    \"28\": 0,\n    \"29\": 0,\n    \"30\": 0,\n    \"31\": 0,\n    \"32\": 0,\n    \"33\": 0,\n    \"34\": 0,\n    \"35\": 0,\n    \"36\": 0,\n    \"37\": 0,\n    \"38\": 0,\n    \"39\": 0,\n    \"40\": 0,\n    \"41\": 0,\n    \"42\": 0,\n    \"43\": 0,\n    \"44\": 0,\n    \"45\": 0,\n    \"46\": 0,\n    \"47\": 0,\n    \"48\": 0,\n    \"49\": 0,\n    \"50\": 0,\n    \"51\": 0,\n    \"52\": 0,\n    \"53\": 0,\n    \"54\": 0,\n    \"55\": 0,\n    \"56\": 0,\n    \"57\": 0,\n    \"58\": 0,\n    \"60\": 0,\n    \"62\": 0,\n    \"63\": 0,\n    \"64\": 0,\n    \"65\": 0,\n    \"66\": 0,\n    \"67\": 0,\n    \"68\": 0,\n    \"69\": 0,\n    \"70\": 0,\n    \"71\": 0.06494,\n    \"72\": 0.1998,\n    \"9.5-9.6\": 0,\n    \"10.0-10.1\": 0,\n    \"10.5\": 0,\n    \"10.6\": 0,\n    \"11.1\": 0,\n    \"11.5\": 0,\n    \"11.6\": 0,\n    \"12.1\": 0.005\n  },\n  E: {\n    \"4\": 0,\n    \"5\": 0,\n    \"6\": 0,\n    \"7\": 0,\n    \"8\": 0.005,\n    \"9\": 0,\n    \"10\": 0,\n    \"11\": 0.01499,\n    \"12\": 0.01998,\n    \"13\": 0.16484,\n    \"14\": 2.95205,\n    _: \"0\",\n    \"3.1\": 0,\n    \"3.2\": 0,\n    \"5.1\": 0,\n    \"6.1\": 0,\n    \"7.1\": 0,\n    \"9.1\": 0.005,\n    \"10.1\": 0.02498,\n    \"11.1\": 0.07992,\n    \"12.1\": 0.12987,\n    \"13.1\": 0.81918\n  },\n  G: {\n    \"8\": 0.01896,\n    \"3.2\": 0,\n    \"4.0-4.1\": 0,\n    \"4.2-4.3\": 0,\n    \"5.0-5.1\": 0.00379,\n    \"6.0-6.1\": 0.01896,\n    \"7.0-7.1\": 0.03033,\n    \"8.1-8.4\": 0.04929,\n    \"9.0-9.2\": 0.03033,\n    \"9.3\": 0.70524,\n    \"10.0-10.2\": 0.05308,\n    \"10.3\": 0.68249,\n    \"11.0-11.2\": 0.13271,\n    \"11.3-11.4\": 0.21233,\n    \"12.0-12.1\": 0.182,\n    \"12.2-12.4\": 3.02191,\n    \"13.0-13.1\": 0.14408,\n    \"13.2\": 0.05308,\n    \"13.3\": 0.51566,\n    \"13.4-13.7\": 3.30249,\n    \"14.0-14.3\": 28.68347\n  },\n  B: {\n    \"12\": 0,\n    \"13\": 0.005,\n    \"14\": 0.005,\n    \"15\": 0.00999,\n    \"16\": 0.00999,\n    \"17\": 0.02997,\n    \"18\": 0.25974,\n    \"79\": 0,\n    \"80\": 0.005,\n    \"81\": 0.005,\n    \"83\": 0.005,\n    \"84\": 0.005,\n    \"85\": 0.01499,\n    \"86\": 0.05994,\n    \"87\": 2.5025\n  },\n  I: {\n    \"3\": 0,\n    \"4\": 0.11694,\n    \"81\": 0,\n    \"2.1\": 0,\n    \"2.2\": 0,\n    \"2.3\": 0,\n    \"4.1\": 0.0178,\n    \"4.2-4.3\": 0.04576,\n    \"4.4\": 0,\n    \"4.4.3-4.4.4\": 0.39405\n  },\n  P: {\n    \"4\": 0.0751,\n    \"5.0-5.4\": 0,\n    \"6.2-6.4\": 0,\n    \"7.2-7.4\": 0.01073,\n    \"8.2\": 0.01073,\n    \"9.2\": 0.04291,\n    \"10.1\": 0.03219,\n    \"11.1-11.2\": 0.09656,\n    \"12.0\": 0.31112,\n    \"13.0\": 3.90515\n  },\n  K: {\n    _: \"0 10 11 12 11.1 11.5 12.1\"\n  },\n  A: {\n    \"6\": 0.01073,\n    \"7\": 0,\n    \"8\": 0.00537,\n    \"9\": 0.00537,\n    \"10\": 0,\n    \"11\": 0.48303,\n    \"5.5\": 0\n  },\n  N: {\n    \"10\": 0,\n    \"11\": 0\n  },\n  J: {\n    \"7\": 0,\n    \"10\": 0.00501\n  },\n  O: {\n    \"0\": 0.16517\n  },\n  H: {\n    \"0\": 0.18954\n  },\n  L: {\n    \"0\": 30.35581\n  },\n  S: {\n    \"2.5\": 0\n  },\n  R: {\n    _: \"0\"\n  },\n  M: {\n    \"0\": 0.32032\n  },\n  Q: {\n    \"10.4\": 0.01001\n  }\n};","map":{"version":3,"sources":["/Users/bruceseymour/ra-video/client/node_modules/caniuse-lite/data/regions/GB.js"],"names":["module","exports","C","D","F","E","_","G","B","I","P","K","A","N","J","O","H","L","S","R","M","Q"],