{"ast":null,"code":"module.exports = {\n  C: {\n    \"2\": 0,\n    \"3\": 0,\n    \"4\": 0,\n    \"5\": 0,\n    \"6\": 0,\n    \"7\": 0,\n    \"8\": 0,\n    \"9\": 0,\n    \"10\": 0,\n    \"11\": 0,\n    \"12\": 0,\n    \"13\": 0,\n    \"14\": 0,\n    \"15\": 0,\n    \"16\": 0,\n    \"17\": 0,\n    \"18\": 0,\n    \"19\": 0,\n    \"20\": 0,\n    \"21\": 0,\n    \"22\": 0,\n    \"23\": 0,\n    \"24\": 0,\n    \"25\": 0,\n    \"26\": 0,\n    \"27\": 0,\n    \"28\": 0,\n    \"29\": 0,\n    \"30\": 0.00352,\n    \"31\": 0,\n    \"32\": 0,\n    \"33\": 0,\n    \"34\": 0,\n    \"35\": 0,\n    \"36\": 0,\n    \"37\": 0,\n    \"38\": 0,\n    \"39\": 0,\n    \"40\": 0,\n    \"41\": 0,\n    \"42\": 0,\n    \"43\": 0.00352,\n    \"44\": 0,\n    \"45\": 0,\n    \"46\": 0,\n    \"47\": 0.00704,\n    \"48\": 0.00352,\n    \"49\": 0,\n    \"50\": 0,\n    \"51\": 0,\n    \"52\": 0.01055,\n    \"53\": 0,\n    \"54\": 0,\n    \"55\": 0,\n    \"56\": 0.00352,\n    \"57\": 0,\n    \"58\": 0,\n    \"59\": 0,\n    \"60\": 0.00352,\n    \"61\": 0,\n    \"62\": 0.00352,\n    \"63\": 0,\n    \"64\": 0,\n    \"65\": 0.00352,\n    \"66\": 0,\n    \"67\": 0,\n    \"68\": 0.01055,\n    \"69\": 0,\n    \"70\": 0.00352,\n    \"71\": 0,\n    \"72\": 0.00704,\n    \"73\": 0,\n    \"74\": 0,\n    \"75\": 0,\n    \"76\": 0.00352,\n    \"77\": 0.00352,\n    \"78\": 0.01407,\n    \"79\": 0.00352,\n    \"80\": 0.00704,\n    \"81\": 0.01407,\n    \"82\": 0.02814,\n    \"83\": 0.41864,\n    \"84\": 0.3131,\n    \"85\": 0.01759,\n    \"86\": 0,\n    \"3.5\": 0,\n    \"3.6\": 0\n  },\n  D: {\n    \"4\": 0,\n    \"5\": 0,\n    \"6\": 0,\n    \"7\": 0,\n    \"8\": 0,\n    \"9\": 0,\n    \"10\": 0,\n    \"11\": 0.00352,\n    \"12\": 0,\n    \"13\": 0,\n    \"14\": 0,\n    \"15\": 0,\n    \"16\": 0,\n    \"17\": 0,\n    \"18\": 0,\n    \"19\": 0,\n    \"20\": 0,\n    \"21\": 0,\n    \"22\": 0,\n    \"23\": 0,\n    \"24\": 0,\n    \"25\": 0,\n    \"26\": 0,\n    \"27\": 0,\n    \"28\": 0,\n    \"29\": 0,\n    \"30\": 0,\n    \"31\": 0,\n    \"32\": 0,\n    \"33\": 0,\n    \"34\": 0,\n    \"35\": 0.00352,\n    \"36\": 0,\n    \"37\": 0,\n    \"38\": 0.00352,\n    \"39\": 0,\n    \"40\": 0.01055,\n    \"41\": 0,\n    \"42\": 0.00352,\n    \"43\": 0.00352,\n    \"44\": 0,\n    \"45\": 0,\n    \"46\": 0.00352,\n    \"47\": 0,\n    \"48\": 0,\n    \"49\": 0.02814,\n    \"50\": 0,\n    \"51\": 0.00352,\n    \"52\": 0.00352,\n    \"53\": 0.00352,\n    \"54\": 0,\n    \"55\": 0.00352,\n    \"56\": 0.00352,\n    \"57\": 0,\n    \"58\": 0.00704,\n    \"59\": 0.00352,\n    \"60\": 0.00704,\n    \"61\": 0.00704,\n    \"62\": 0,\n    \"63\": 0.01407,\n    \"64\": 0.01055,\n    \"65\": 0.00352,\n    \"66\": 0.00352,\n    \"67\": 0.00352,\n    \"68\": 0.00352,\n    \"69\": 0.00352,\n    \"70\": 0.01055,\n    \"71\": 0.00704,\n    \"72\": 0.01055,\n    \"73\": 0.00704,\n    \"74\": 0.01407,\n    \"75\": 0.00704,\n    \"76\": 0.00704,\n    \"77\": 0.00704,\n    \"78\": 0.01055,\n    \"79\": 0.04573,\n    \"80\": 0.07036,\n    \"81\": 0.0387,\n    \"83\": 0.03518,\n    \"84\": 0.04573,\n    \"85\": 0.08091,\n    \"86\": 1.24889,\n    \"87\": 6.91991,\n    \"88\": 0.01055,\n    \"89\": 0.00352,\n    \"90\": 0\n  },\n  F: {\n    \"9\": 0,\n    \"11\": 0,\n    \"12\": 0,\n    \"15\": 0,\n    \"16\": 0,\n    \"17\": 0,\n    \"18\": 0,\n    \"19\": 0,\n    \"20\": 0,\n    \"21\": 0,\n    \"22\": 0,\n    \"23\": 0,\n    \"24\": 0,\n    \"25\": 0,\n    \"26\": 0,\n    \"27\": 0,\n    \"28\": 0,\n    \"29\": 0,\n    \"30\": 0,\n    \"31\": 0,\n    \"32\": 0,\n    \"33\": 0,\n    \"34\": 0,\n    \"35\": 0,\n    \"36\": 0,\n    \"37\": 0.01759,\n    \"38\": 0,\n    \"39\": 0,\n    \"40\": 0,\n    \"41\": 0,\n    \"42\": 0,\n    \"43\": 0,\n    \"44\": 0,\n    \"45\": 0,\n    \"46\": 0.00704,\n    \"47\": 0.00352,\n    \"48\": 0,\n    \"49\": 0,\n    \"50\": 0.02463,\n    \"51\": 0.05277,\n    \"52\": 0,\n    \"53\": 0.00352,\n    \"54\": 0,\n    \"55\": 0.01055,\n    \"56\": 0,\n    \"57\": 0,\n    \"58\": 0,\n    \"60\": 0.00352,\n    \"62\": 0,\n    \"63\": 0,\n    \"64\": 0,\n    \"65\": 0,\n    \"66\": 0,\n    \"67\": 0,\n    \"68\": 0,\n    \"69\": 0,\n    \"70\": 0,\n    \"71\": 0.02111,\n    \"72\": 0.34125,\n    \"9.5-9.6\": 0,\n    \"10.0-10.1\": 0,\n    \"10.5\": 0,\n    \"10.6\": 0,\n    \"11.1\": 0,\n    \"11.5\": 0,\n    \"11.6\": 0,\n    \"12.1\": 0.00352\n  },\n  E: {\n    \"4\": 0,\n    \"5\": 0,\n    \"6\": 0,\n    \"7\": 0,\n    \"8\": 0,\n    \"9\": 0,\n    \"10\": 0,\n    \"11\": 0,\n    \"12\": 0,\n    \"13\": 0.01055,\n    \"14\": 0.09147,\n    _: \"0\",\n    \"3.1\": 0,\n    \"3.2\": 0,\n    \"5.1\": 0.07036,\n    \"6.1\": 0,\n    \"7.1\": 0,\n    \"9.1\": 0,\n    \"10.1\": 0.00352,\n    \"11.1\": 0.00352,\n    \"12.1\": 0.01055,\n    \"13.1\": 0.03518\n  },\n  G: {\n    \"8\": 0,\n    \"3.2\": 0,\n    \"4.0-4.1\": 0,\n    \"4.2-4.3\": 0.00191,\n    \"5.0-5.1\": 0.00127,\n    \"6.0-6.1\": 0.00318,\n    \"7.0-7.1\": 0.02166,\n    \"8.1-8.4\": 0.01911,\n    \"9.0-9.2\": 0.00764,\n    \"9.3\": 0.0828,\n    \"10.0-10.2\": 0.03057,\n    \"10.3\": 0.10509,\n    \"11.0-11.2\": 0.11274,\n    \"11.3-11.4\": 0.12229,\n    \"12.0-12.1\": 0.11274,\n    \"12.2-12.4\": 1.05092,\n    \"13.0-13.1\": 0.09426,\n    \"13.2\": 0.05541,\n    \"13.3\": 0.27579,\n    \"13.4-13.7\": 0.90315,\n    \"14.0-14.3\": 3.33046\n  },\n  B: {\n    \"12\": 0.00704,\n    \"13\": 0.00704,\n    \"14\": 0.00704,\n    \"15\": 0.00704,\n    \"16\": 0.00704,\n    \"17\": 0.00704,\n    \"18\": 0.04222,\n    \"79\": 0,\n    \"80\": 0.00352,\n    \"81\": 0.00352,\n    \"83\": 0,\n    \"84\": 0.00704,\n    \"85\": 0.00704,\n    \"86\": 0.03166,\n    \"87\": 1.27703\n  },\n  I: {\n    \"3\": 0,\n    \"4\": 0.00112,\n    \"81\": 0,\n    \"2.1\": 0,\n    \"2.2\": 0,\n    \"2.3\": 0,\n    \"4.1\": 0.00446,\n    \"4.2-4.3\": 0.01339,\n    \"4.4\": 0,\n    \"4.4.3-4.4.4\": 0.16455\n  },\n  P: {\n    \"4\": 1.38636,\n    \"5.0-5.4\": 0.0506,\n    \"6.2-6.4\": 0.10119,\n    \"7.2-7.4\": 0.58692,\n    \"8.2\": 0.08096,\n    \"9.2\": 0.37442,\n    \"10.1\": 0.16191,\n    \"11.1-11.2\": 0.73871,\n    \"12.0\": 0.78931,\n    \"13.0\": 1.356\n  },\n  K: {\n    _: \"0 10 11 12 11.1 11.5 12.1\"\n  },\n  A: {\n    \"6\": 0,\n    \"7\": 0,\n    \"8\": 0.01299,\n    \"9\": 0,\n    \"10\": 0,\n    \"11\": 0.0433,\n    \"5.5\": 0\n  },\n  N: {\n    \"10\": 0,\n    \"11\": 0.00648\n  },\n  J: {\n    \"7\": 0,\n    \"10\": 0.00648\n  },\n  O: {\n    \"0\": 2.76781\n  },\n  H: {\n    \"0\": 2.55902\n  },\n  L: {\n    \"0\": 66.296\n  },\n  S: {\n    \"2.5\": 0\n  },\n  R: {\n    _: \"0\"\n  },\n  M: {\n    \"0\": 0.11019\n  },\n  Q: {\n    \"10.4\": 0\n  }\n};","map":{"version":3,"sources":["/Users/bruceseymour/ra-video/client/node_modules/caniuse-lite/data/regions/LK.js"],"names":["module","exports","C","D","F","E","_","G","B","I","P","K","A","N","J","O","H","L","S","R","M","Q"],