{"ast":null,"code":"module.exports = {\n  C: {\n    \"2\": 0,\n    \"3\": 0,\n    \"4\": 0,\n    \"5\": 0,\n    \"6\": 0,\n    \"7\": 0,\n    \"8\": 0,\n    \"9\": 0,\n    \"10\": 0,\n    \"11\": 0,\n    \"12\": 0,\n    \"13\": 0,\n    \"14\": 0,\n    \"15\": 0,\n    \"16\": 0,\n    \"17\": 0,\n    \"18\": 0,\n    \"19\": 0,\n    \"20\": 0,\n    \"21\": 0,\n    \"22\": 0,\n    \"23\": 0,\n    \"24\": 0,\n    \"25\": 0,\n    \"26\": 0,\n    \"27\": 0,\n    \"28\": 0,\n    \"29\": 0,\n    \"30\": 0,\n    \"31\": 0,\n    \"32\": 0,\n    \"33\": 0,\n    \"34\": 0,\n    \"35\": 0,\n    \"36\": 0,\n    \"37\": 0,\n    \"38\": 0,\n    \"39\": 0,\n    \"40\": 0,\n    \"41\": 0,\n    \"42\": 0,\n    \"43\": 0.00179,\n    \"44\": 0,\n    \"45\": 0,\n    \"46\": 0,\n    \"47\": 0.00179,\n    \"48\": 0,\n    \"49\": 0,\n    \"50\": 0,\n    \"51\": 0,\n    \"52\": 0.00538,\n    \"53\": 0,\n    \"54\": 0,\n    \"55\": 0,\n    \"56\": 0.00179,\n    \"57\": 0,\n    \"58\": 0.00179,\n    \"59\": 0,\n    \"60\": 0,\n    \"61\": 0,\n    \"62\": 0.00179,\n    \"63\": 0,\n    \"64\": 0,\n    \"65\": 0,\n    \"66\": 0,\n    \"67\": 0.00179,\n    \"68\": 0.00358,\n    \"69\": 0,\n    \"70\": 0,\n    \"71\": 0.00358,\n    \"72\": 0.01254,\n    \"73\": 0.00538,\n    \"74\": 0.00538,\n    \"75\": 0.00538,\n    \"76\": 0.00717,\n    \"77\": 0.00358,\n    \"78\": 0.00717,\n    \"79\": 0.00538,\n    \"80\": 0.00896,\n    \"81\": 0.01075,\n    \"82\": 0.00896,\n    \"83\": 0.1577,\n    \"84\": 0.0681,\n    \"85\": 0.00179,\n    \"86\": 0,\n    \"3.5\": 0,\n    \"3.6\": 0\n  },\n  D: {\n    \"4\": 0,\n    \"5\": 0,\n    \"6\": 0,\n    \"7\": 0,\n    \"8\": 0,\n    \"9\": 0,\n    \"10\": 0,\n    \"11\": 0,\n    \"12\": 0,\n    \"13\": 0,\n    \"14\": 0,\n    \"15\": 0,\n    \"16\": 0,\n    \"17\": 0,\n    \"18\": 0,\n    \"19\": 0,\n    \"20\": 0,\n    \"21\": 0,\n    \"22\": 0,\n    \"23\": 0.00179,\n    \"24\": 0,\n    \"25\": 0.00179,\n    \"26\": 0,\n    \"27\": 0,\n    \"28\": 0.00179,\n    \"29\": 0,\n    \"30\": 0,\n    \"31\": 0,\n    \"32\": 0,\n    \"33\": 0.00538,\n    \"34\": 0,\n    \"35\": 0,\n    \"36\": 0,\n    \"37\": 0,\n    \"38\": 0.00179,\n    \"39\": 0,\n    \"40\": 0.00538,\n    \"41\": 0,\n    \"42\": 0,\n    \"43\": 0.00717,\n    \"44\": 0,\n    \"45\": 0,\n    \"46\": 0,\n    \"47\": 0.00179,\n    \"48\": 0,\n    \"49\": 0.00896,\n    \"50\": 0,\n    \"51\": 0,\n    \"52\": 0,\n    \"53\": 0.00179,\n    \"54\": 0.00179,\n    \"55\": 0.00179,\n    \"56\": 0.00179,\n    \"57\": 0,\n    \"58\": 0.00358,\n    \"59\": 0.00179,\n    \"60\": 0,\n    \"61\": 0.00179,\n    \"62\": 0,\n    \"63\": 0.00538,\n    \"64\": 0.00179,\n    \"65\": 0,\n    \"66\": 0,\n    \"67\": 0,\n    \"68\": 0,\n    \"69\": 0.00179,\n    \"70\": 0.00358,\n    \"71\": 0.00358,\n    \"72\": 0.00538,\n    \"73\": 0.00358,\n    \"74\": 0.00538,\n    \"75\": 0.00717,\n    \"76\": 0.00358,\n    \"77\": 0.00358,\n    \"78\": 0.00538,\n    \"79\": 0.01075,\n    \"80\": 0.01971,\n    \"81\": 0.03046,\n    \"83\": 0.01254,\n    \"84\": 0.01971,\n    \"85\": 0.03226,\n    \"86\": 0.39245,\n    \"87\": 1.50349,\n    \"88\": 0.00179,\n    \"89\": 0.00179,\n    \"90\": 0\n  },\n  F: {\n    \"9\": 0,\n    \"11\": 0,\n    \"12\": 0,\n    \"15\": 0,\n    \"16\": 0,\n    \"17\": 0,\n    \"18\": 0,\n    \"19\": 0,\n    \"20\": 0,\n    \"21\": 0,\n    \"22\": 0,\n    \"23\": 0,\n    \"24\": 0,\n    \"25\": 0,\n    \"26\": 0,\n    \"27\": 0,\n    \"28\": 0.00538,\n    \"29\": 0,\n    \"30\": 0.00179,\n    \"31\": 0.00538,\n    \"32\": 0.00179,\n    \"33\": 0.00179,\n    \"34\": 0,\n    \"35\": 0,\n    \"36\": 0,\n    \"37\": 0,\n    \"38\": 0.00179,\n    \"39\": 0,\n    \"40\": 0,\n    \"41\": 0,\n    \"42\": 0.00179,\n    \"43\": 0,\n    \"44\": 0,\n    \"45\": 0.00179,\n    \"46\": 0.00358,\n    \"47\": 0.00538,\n    \"48\": 0,\n    \"49\": 0,\n    \"50\": 0.01434,\n    \"51\": 0.04659,\n    \"52\": 0,\n    \"53\": 0,\n    \"54\": 0,\n    \"55\": 0,\n    \"56\": 0,\n    \"57\": 0.00358,\n    \"58\": 0.00358,\n    \"60\": 0.00358,\n    \"62\": 0.00358,\n    \"63\": 0.00358,\n    \"64\": 0.00358,\n    \"65\": 0.00358,\n    \"66\": 0.00358,\n    \"67\": 0.00358,\n    \"68\": 0.00538,\n    \"69\": 0,\n    \"70\": 0.00358,\n    \"71\": 0.00717,\n    \"72\": 0.12902,\n    \"9.5-9.6\": 0,\n    \"10.0-10.1\": 0,\n    \"10.5\": 0,\n    \"10.6\": 0,\n    \"11.1\": 0,\n    \"11.5\": 0,\n    \"11.6\": 0,\n    \"12.1\": 0.00179\n  },\n  E: {\n    \"4\": 0,\n    \"5\": 0,\n    \"6\": 0,\n    \"7\": 0,\n    \"8\": 0,\n    \"9\": 0,\n    \"10\": 0,\n    \"11\": 0,\n    \"12\": 0.00358,\n    \"13\": 0.01254,\n    \"14\": 0.03584,\n    _: \"0\",\n    \"3.1\": 0,\n    \"3.2\": 0,\n    \"5.1\": 0.09498,\n    \"6.1\": 0,\n    \"7.1\": 0,\n    \"9.1\": 0,\n    \"10.1\": 0,\n    \"11.1\": 0.00179,\n    \"12.1\": 0.00358,\n    \"13.1\": 0.02509\n  },\n  G: {\n    \"8\": 0.00587,\n    \"3.2\": 0,\n    \"4.0-4.1\": 0,\n    \"4.2-4.3\": 0,\n    \"5.0-5.1\": 0.00251,\n    \"6.0-6.1\": 0.01257,\n    \"7.0-7.1\": 0.0905,\n    \"8.1-8.4\": 0.03352,\n    \"9.0-9.2\": 0.01844,\n    \"9.3\": 0.25894,\n    \"10.0-10.2\": 0.04777,\n    \"10.3\": 0.25643,\n    \"11.0-11.2\": 0.11983,\n    \"11.3-11.4\": 0.16257,\n    \"12.0-12.1\": 0.1852,\n    \"12.2-12.4\": 1.46984,\n    \"13.0-13.1\": 0.15251,\n    \"13.2\": 0.05363,\n    \"13.3\": 0.3486,\n    \"13.4-13.7\": 1.09358,\n    \"14.0-14.3\": 4.03828\n  },\n  B: {\n    \"12\": 0,\n    \"13\": 0,\n    \"14\": 0.00179,\n    \"15\": 0.00179,\n    \"16\": 0.00179,\n    \"17\": 0.00358,\n    \"18\": 0.01613,\n    \"79\": 0.00358,\n    \"80\": 0.00358,\n    \"81\": 0.00358,\n    \"83\": 0.00358,\n    \"84\": 0.00358,\n    \"85\": 0.00358,\n    \"86\": 0.00358,\n    \"87\": 0.13798\n  },\n  I: {\n    \"3\": 0,\n    \"4\": 0.00067,\n    \"81\": 0,\n    \"2.1\": 0,\n    \"2.2\": 0,\n    \"2.3\": 0,\n    \"4.1\": 0.00467,\n    \"4.2-4.3\": 0.015,\n    \"4.4\": 0,\n    \"4.4.3-4.4.4\": 0.10297\n  },\n  P: {\n    \"4\": 0.64112,\n    \"5.0-5.4\": 0.05088,\n    \"6.2-6.4\": 0.20353,\n    \"7.2-7.4\": 0.67165,\n    \"8.2\": 0.07124,\n    \"9.2\": 0.44777,\n    \"10.1\": 0.3053,\n    \"11.1-11.2\": 0.73271,\n    \"12.0\": 1.39419,\n    \"13.0\": 2.73749\n  },\n  K: {\n    _: \"0 10 11 12 11.1 11.5 12.1\"\n  },\n  A: {\n    \"6\": 0,\n    \"7\": 0,\n    \"8\": 0.00187,\n    \"9\": 0,\n    \"10\": 0,\n    \"11\": 0.04114,\n    \"5.5\": 0\n  },\n  N: {\n    \"10\": 0,\n    \"11\": 0\n  },\n  J: {\n    \"7\": 0,\n    \"10\": 0\n  },\n  O: {\n    \"0\": 0.41861\n  },\n  H: {\n    \"0\": 3.17049\n  },\n  L: {\n    \"0\": 75.16246\n  },\n  S: {\n    \"2.5\": 0\n  },\n  R: {\n    _: \"0\"\n  },\n  M: {\n    \"0\": 0.11491\n  },\n  Q: {\n    \"10.4\": 0\n  }\n};","map":{"version":3,"sources":["/Users/bruceseymour/ra-video/client/node_modules/caniuse-lite/data/regions/LY.js"],"names":["module","exports","C","D","F","E","_","G","B","I","P","K","A","N","J","O","H","L","S","R","M","Q"],