{"ast":null,"code":"module.exports = {\n  C: {\n    \"2\": 0,\n    \"3\": 0,\n    \"4\": 0,\n    \"5\": 0,\n    \"6\": 0,\n    \"7\": 0,\n    \"8\": 0,\n    \"9\": 0,\n    \"10\": 0,\n    \"11\": 0,\n    \"12\": 0,\n    \"13\": 0,\n    \"14\": 0,\n    \"15\": 0,\n    \"16\": 0,\n    \"17\": 0,\n    \"18\": 0,\n    \"19\": 0,\n    \"20\": 0,\n    \"21\": 0,\n    \"22\": 0,\n    \"23\": 0,\n    \"24\": 0,\n    \"25\": 0,\n    \"26\": 0,\n    \"27\": 0,\n    \"28\": 0,\n    \"29\": 0,\n    \"30\": 0,\n    \"31\": 0,\n    \"32\": 0.00483,\n    \"33\": 0,\n    \"34\": 0,\n    \"35\": 0.00483,\n    \"36\": 0,\n    \"37\": 0,\n    \"38\": 0,\n    \"39\": 0,\n    \"40\": 0.00161,\n    \"41\": 0.00161,\n    \"42\": 0.00161,\n    \"43\": 0.00322,\n    \"44\": 0,\n    \"45\": 0,\n    \"46\": 0,\n    \"47\": 0.00322,\n    \"48\": 0.00161,\n    \"49\": 0.00161,\n    \"50\": 0.00161,\n    \"51\": 0,\n    \"52\": 0.00322,\n    \"53\": 0,\n    \"54\": 0.00644,\n    \"55\": 0,\n    \"56\": 0.00161,\n    \"57\": 0.00322,\n    \"58\": 0,\n    \"59\": 0,\n    \"60\": 0,\n    \"61\": 0.00161,\n    \"62\": 0.00161,\n    \"63\": 0.00161,\n    \"64\": 0,\n    \"65\": 0,\n    \"66\": 0,\n    \"67\": 0,\n    \"68\": 0.00483,\n    \"69\": 0,\n    \"70\": 0,\n    \"71\": 0,\n    \"72\": 0.00322,\n    \"73\": 0,\n    \"74\": 0,\n    \"75\": 0.00161,\n    \"76\": 0,\n    \"77\": 0.00161,\n    \"78\": 0.00483,\n    \"79\": 0.00161,\n    \"80\": 0.00161,\n    \"81\": 0.00483,\n    \"82\": 0.01448,\n    \"83\": 0.14642,\n    \"84\": 0.10459,\n    \"85\": 0.01448,\n    \"86\": 0,\n    \"3.5\": 0,\n    \"3.6\": 0\n  },\n  D: {\n    \"4\": 0,\n    \"5\": 0,\n    \"6\": 0,\n    \"7\": 0,\n    \"8\": 0,\n    \"9\": 0,\n    \"10\": 0,\n    \"11\": 0.01287,\n    \"12\": 0,\n    \"13\": 0,\n    \"14\": 0,\n    \"15\": 0,\n    \"16\": 0,\n    \"17\": 0,\n    \"18\": 0,\n    \"19\": 0,\n    \"20\": 0,\n    \"21\": 0,\n    \"22\": 0,\n    \"23\": 0,\n    \"24\": 0,\n    \"25\": 0,\n    \"26\": 0,\n    \"27\": 0,\n    \"28\": 0,\n    \"29\": 0,\n    \"30\": 0,\n    \"31\": 0,\n    \"32\": 0,\n    \"33\": 0.00322,\n    \"34\": 0,\n    \"35\": 0,\n    \"36\": 0,\n    \"37\": 0.00644,\n    \"38\": 0,\n    \"39\": 0,\n    \"40\": 0.01287,\n    \"41\": 0.00161,\n    \"42\": 0,\n    \"43\": 0.01287,\n    \"44\": 0.00161,\n    \"45\": 0,\n    \"46\": 0,\n    \"47\": 0,\n    \"48\": 0,\n    \"49\": 0.00322,\n    \"50\": 0.00161,\n    \"51\": 0.00161,\n    \"52\": 0,\n    \"53\": 0,\n    \"54\": 0,\n    \"55\": 0.00483,\n    \"56\": 0.00322,\n    \"57\": 0.00322,\n    \"58\": 0.00322,\n    \"59\": 0,\n    \"60\": 0,\n    \"61\": 0.00161,\n    \"62\": 0,\n    \"63\": 0.00805,\n    \"64\": 0.00322,\n    \"65\": 0,\n    \"66\": 0,\n    \"67\": 0.01448,\n    \"68\": 0.00483,\n    \"69\": 0.00965,\n    \"70\": 0.00483,\n    \"71\": 0.00161,\n    \"72\": 0.00161,\n    \"73\": 0.00161,\n    \"74\": 0.00322,\n    \"75\": 0.00161,\n    \"76\": 0.00161,\n    \"77\": 0.00161,\n    \"78\": 0.00161,\n    \"79\": 0.02092,\n    \"80\": 0.01448,\n    \"81\": 0.00805,\n    \"83\": 0.00644,\n    \"84\": 0.03057,\n    \"85\": 0.01287,\n    \"86\": 0.1963,\n    \"87\": 0.77393,\n    \"88\": 0.00161,\n    \"89\": 0,\n    \"90\": 0\n  },\n  F: {\n    \"9\": 0,\n    \"11\": 0,\n    \"12\": 0,\n    \"15\": 0.01126,\n    \"16\": 0.00322,\n    \"17\": 0.00161,\n    \"18\": 0.00322,\n    \"19\": 0.00161,\n    \"20\": 0.01287,\n    \"21\": 0.00161,\n    \"22\": 0,\n    \"23\": 0.00322,\n    \"24\": 0,\n    \"25\": 0,\n    \"26\": 0,\n    \"27\": 0.00161,\n    \"28\": 0.00644,\n    \"29\": 0.00161,\n    \"30\": 0.00322,\n    \"31\": 0,\n    \"32\": 0.00161,\n    \"33\": 0,\n    \"34\": 0,\n    \"35\": 0.00161,\n    \"36\": 0,\n    \"37\": 0.00161,\n    \"38\": 0.00322,\n    \"39\": 0,\n    \"40\": 0,\n    \"41\": 0,\n    \"42\": 0.02735,\n    \"43\": 0.00161,\n    \"44\": 0,\n    \"45\": 0.00483,\n    \"46\": 0.00322,\n    \"47\": 0.00161,\n    \"48\": 0,\n    \"49\": 0,\n    \"50\": 0.01126,\n    \"51\": 0.01287,\n    \"52\": 0,\n    \"53\": 0.00322,\n    \"54\": 0.00161,\n    \"55\": 0,\n    \"56\": 0.00965,\n    \"57\": 0,\n    \"58\": 0,\n    \"60\": 0.00322,\n    \"62\": 0,\n    \"63\": 0,\n    \"64\": 0,\n    \"65\": 0,\n    \"66\": 0,\n    \"67\": 0.00161,\n    \"68\": 0.00161,\n    \"69\": 0,\n    \"70\": 0,\n    \"71\": 0.00322,\n    \"72\": 0.11907,\n    \"9.5-9.6\": 0,\n    \"10.0-10.1\": 0,\n    \"10.5\": 0,\n    \"10.6\": 0,\n    \"11.1\": 0,\n    \"11.5\": 0,\n    \"11.6\": 0,\n    \"12.1\": 0.09815\n  },\n  E: {\n    \"4\": 0,\n    \"5\": 0,\n    \"6\": 0,\n    \"7\": 0,\n    \"8\": 0,\n    \"9\": 0,\n    \"10\": 0,\n    \"11\": 0,\n    \"12\": 0.00161,\n    \"13\": 0.00483,\n    \"14\": 0.02896,\n    _: \"0\",\n    \"3.1\": 0,\n    \"3.2\": 0,\n    \"5.1\": 0,\n    \"6.1\": 0,\n    \"7.1\": 0,\n    \"9.1\": 0,\n    \"10.1\": 0,\n    \"11.1\": 0.00161,\n    \"12.1\": 0.00644,\n    \"13.1\": 0.01448\n  },\n  G: {\n    \"8\": 0,\n    \"3.2\": 0,\n    \"4.0-4.1\": 0,\n    \"4.2-4.3\": 0,\n    \"5.0-5.1\": 0,\n    \"6.0-6.1\": 0.00458,\n    \"7.0-7.1\": 0.08332,\n    \"8.1-8.4\": 0.00687,\n    \"9.0-9.2\": 0.00641,\n    \"9.3\": 0.14191,\n    \"10.0-10.2\": 0.01396,\n    \"10.3\": 0.15313,\n    \"11.0-11.2\": 0.02129,\n    \"11.3-11.4\": 0.05402,\n    \"12.0-12.1\": 0.08972,\n    \"12.2-12.4\": 0.31816,\n    \"13.0-13.1\": 0.03525,\n    \"13.2\": 0.00938,\n    \"13.3\": 0.06798,\n    \"13.4-13.7\": 0.25636,\n    \"14.0-14.3\": 1.01307\n  },\n  B: {\n    \"12\": 0.00965,\n    \"13\": 0.00644,\n    \"14\": 0.00161,\n    \"15\": 0.00483,\n    \"16\": 0.01126,\n    \"17\": 0.00483,\n    \"18\": 0.01609,\n    \"79\": 0,\n    \"80\": 0,\n    \"81\": 0,\n    \"83\": 0,\n    \"84\": 0.00965,\n    \"85\": 0.00322,\n    \"86\": 0.00483,\n    \"87\": 0.18021\n  },\n  I: {\n    \"3\": 0,\n    \"4\": 0.01336,\n    \"81\": 0,\n    \"2.1\": 0,\n    \"2.2\": 0,\n    \"2.3\": 0,\n    \"4.1\": 0.01758,\n    \"4.2-4.3\": 0.10268,\n    \"4.4\": 0,\n    \"4.4.3-4.4.4\": 0.54085\n  },\n  P: {\n    \"4\": 1.43462,\n    \"5.0-5.4\": 0.11192,\n    \"6.2-6.4\": 0.10175,\n    \"7.2-7.4\": 0.53925,\n    \"8.2\": 0.0814,\n    \"9.2\": 0.35611,\n    \"10.1\": 0.11192,\n    \"11.1-11.2\": 0.27471,\n    \"12.0\": 0.42733,\n    \"13.0\": 0.77327\n  },\n  K: {\n    _: \"0 10 11 12 11.1 11.5 12.1\"\n  },\n  A: {\n    \"6\": 0,\n    \"7\": 0,\n    \"8\": 0,\n    \"9\": 0,\n    \"10\": 0,\n    \"11\": 0.03862,\n    \"5.5\": 0\n  },\n  N: {\n    \"10\": 0,\n    \"11\": 0.00839\n  },\n  J: {\n    \"7\": 0,\n    \"10\": 0.00839\n  },\n  O: {\n    \"0\": 2.55926\n  },\n  H: {\n    \"0\": 27.20839\n  },\n  L: {\n    \"0\": 51.70829\n  },\n  S: {\n    \"2.5\": 0\n  },\n  R: {\n    _: \"0\"\n  },\n  M: {\n    \"0\": 0.14265\n  },\n  Q: {\n    \"10.4\": 1.19991\n  }\n};","map":{"version":3,"sources":["/Users/bruceseymour/ra-video/client/node_modules/caniuse-lite/data/regions/ER.js"],"names":["module","exports","C","D","F","E","_","G","B","I","P","K","A","N","J","O","H","L","S","R","M","Q"],