{"ast":null,"code":"module.exports = {\n  C: {\n    \"2\": 0,\n    \"3\": 0,\n    \"4\": 0,\n    \"5\": 0,\n    \"6\": 0,\n    \"7\": 0,\n    \"8\": 0,\n    \"9\": 0,\n    \"10\": 0,\n    \"11\": 0,\n    \"12\": 0,\n    \"13\": 0,\n    \"14\": 0,\n    \"15\": 0,\n    \"16\": 0,\n    \"17\": 0,\n    \"18\": 0,\n    \"19\": 0,\n    \"20\": 0,\n    \"21\": 0,\n    \"22\": 0,\n    \"23\": 0,\n    \"24\": 0,\n    \"25\": 0,\n    \"26\": 0,\n    \"27\": 0,\n    \"28\": 0,\n    \"29\": 0,\n    \"30\": 0.00518,\n    \"31\": 0,\n    \"32\": 0,\n    \"33\": 0,\n    \"34\": 0,\n    \"35\": 0,\n    \"36\": 0,\n    \"37\": 0,\n    \"38\": 0,\n    \"39\": 0,\n    \"40\": 0,\n    \"41\": 0,\n    \"42\": 0,\n    \"43\": 0,\n    \"44\": 0,\n    \"45\": 0,\n    \"46\": 0,\n    \"47\": 0.00518,\n    \"48\": 0.01037,\n    \"49\": 0,\n    \"50\": 0,\n    \"51\": 0,\n    \"52\": 0.05702,\n    \"53\": 0,\n    \"54\": 0,\n    \"55\": 0,\n    \"56\": 0.02074,\n    \"57\": 0,\n    \"58\": 0,\n    \"59\": 0.00518,\n    \"60\": 0.00518,\n    \"61\": 0,\n    \"62\": 0,\n    \"63\": 0,\n    \"64\": 0,\n    \"65\": 0.00518,\n    \"66\": 0.00518,\n    \"67\": 0,\n    \"68\": 0.02074,\n    \"69\": 0.00518,\n    \"70\": 0,\n    \"71\": 0,\n    \"72\": 0.00518,\n    \"73\": 0,\n    \"74\": 0.00518,\n    \"75\": 0.00518,\n    \"76\": 0.00518,\n    \"77\": 0.00518,\n    \"78\": 0.09331,\n    \"79\": 0.00518,\n    \"80\": 0.01037,\n    \"81\": 0.02592,\n    \"82\": 0.05184,\n    \"83\": 1.22861,\n    \"84\": 0.79834,\n    \"85\": 0.00518,\n    \"86\": 0,\n    \"3.5\": 0,\n    \"3.6\": 0\n  },\n  D: {\n    \"4\": 0,\n    \"5\": 0,\n    \"6\": 0,\n    \"7\": 0,\n    \"8\": 0,\n    \"9\": 0,\n    \"10\": 0,\n    \"11\": 0,\n    \"12\": 0,\n    \"13\": 0,\n    \"14\": 0,\n    \"15\": 0,\n    \"16\": 0,\n    \"17\": 0,\n    \"18\": 0,\n    \"19\": 0,\n    \"20\": 0,\n    \"21\": 0,\n    \"22\": 0,\n    \"23\": 0,\n    \"24\": 0,\n    \"25\": 0,\n    \"26\": 0,\n    \"27\": 0,\n    \"28\": 0,\n    \"29\": 0,\n    \"30\": 0,\n    \"31\": 0,\n    \"32\": 0,\n    \"33\": 0,\n    \"34\": 0,\n    \"35\": 0,\n    \"36\": 0,\n    \"37\": 0.00518,\n    \"38\": 0.00518,\n    \"39\": 0,\n    \"40\": 0,\n    \"41\": 0,\n    \"42\": 0,\n    \"43\": 0,\n    \"44\": 0,\n    \"45\": 0,\n    \"46\": 0,\n    \"47\": 0.00518,\n    \"48\": 0,\n    \"49\": 0.1607,\n    \"50\": 0.05702,\n    \"51\": 0,\n    \"52\": 0.00518,\n    \"53\": 0.01037,\n    \"54\": 0,\n    \"55\": 0,\n    \"56\": 0.00518,\n    \"57\": 0,\n    \"58\": 0.00518,\n    \"59\": 0.00518,\n    \"60\": 0.00518,\n    \"61\": 0.02074,\n    \"62\": 0.00518,\n    \"63\": 0.01037,\n    \"64\": 0.00518,\n    \"65\": 0.01555,\n    \"66\": 0.0311,\n    \"67\": 0.01555,\n    \"68\": 0.00518,\n    \"69\": 0.0311,\n    \"70\": 0.01555,\n    \"71\": 0.02074,\n    \"72\": 0.01037,\n    \"73\": 0.01037,\n    \"74\": 0.02592,\n    \"75\": 0.01555,\n    \"76\": 0.01037,\n    \"77\": 0.02592,\n    \"78\": 0.02074,\n    \"79\": 0.02074,\n    \"80\": 0.05184,\n    \"81\": 0.05702,\n    \"83\": 0.04666,\n    \"84\": 0.06221,\n    \"85\": 0.10368,\n    \"86\": 2.65939,\n    \"87\": 14.36486,\n    \"88\": 0.01555,\n    \"89\": 0.00518,\n    \"90\": 0\n  },\n  F: {\n    \"9\": 0,\n    \"11\": 0,\n    \"12\": 0,\n    \"15\": 0,\n    \"16\": 0,\n    \"17\": 0,\n    \"18\": 0,\n    \"19\": 0,\n    \"20\": 0,\n    \"21\": 0,\n    \"22\": 0,\n    \"23\": 0,\n    \"24\": 0,\n    \"25\": 0,\n    \"26\": 0,\n    \"27\": 0,\n    \"28\": 0,\n    \"29\": 0,\n    \"30\": 0,\n    \"31\": 0,\n    \"32\": 0,\n    \"33\": 0,\n    \"34\": 0,\n    \"35\": 0,\n    \"36\": 0.00518,\n    \"37\": 0,\n    \"38\": 0,\n    \"39\": 0,\n    \"40\": 0,\n    \"41\": 0,\n    \"42\": 0,\n    \"43\": 0,\n    \"44\": 0,\n    \"45\": 0,\n    \"46\": 0,\n    \"47\": 0,\n    \"48\": 0,\n    \"49\": 0,\n    \"50\": 0,\n    \"51\": 0,\n    \"52\": 0,\n    \"53\": 0,\n    \"54\": 0,\n    \"55\": 0,\n    \"56\": 0,\n    \"57\": 0,\n    \"58\": 0,\n    \"60\": 0,\n    \"62\": 0,\n    \"63\": 0,\n    \"64\": 0,\n    \"65\": 0,\n    \"66\": 0,\n    \"67\": 0,\n    \"68\": 0,\n    \"69\": 0,\n    \"70\": 0,\n    \"71\": 0.08813,\n    \"72\": 0.31622,\n    \"9.5-9.6\": 0,\n    \"10.0-10.1\": 0,\n    \"10.5\": 0,\n    \"10.6\": 0,\n    \"11.1\": 0,\n    \"11.5\": 0,\n    \"11.6\": 0,\n    \"12.1\": 0\n  },\n  E: {\n    \"4\": 0,\n    \"5\": 0,\n    \"6\": 0,\n    \"7\": 0,\n    \"8\": 0,\n    \"9\": 0,\n    \"10\": 0,\n    \"11\": 0.00518,\n    \"12\": 0.01555,\n    \"13\": 0.0985,\n    \"14\": 1.77293,\n    _: \"0\",\n    \"3.1\": 0,\n    \"3.2\": 0,\n    \"5.1\": 0.00518,\n    \"6.1\": 0,\n    \"7.1\": 0,\n    \"9.1\": 0.00518,\n    \"10.1\": 0.02074,\n    \"11.1\": 0.07776,\n    \"12.1\": 0.09331,\n    \"13.1\": 0.53395\n  },\n  G: {\n    \"8\": 0.00389,\n    \"3.2\": 0,\n    \"4.0-4.1\": 0,\n    \"4.2-4.3\": 0,\n    \"5.0-5.1\": 0.00583,\n    \"6.0-6.1\": 0.00583,\n    \"7.0-7.1\": 0.02139,\n    \"8.1-8.4\": 0.01945,\n    \"9.0-9.2\": 0.02917,\n    \"9.3\": 0.28198,\n    \"10.0-10.2\": 0.03889,\n    \"10.3\": 0.25475,\n    \"11.0-11.2\": 0.12835,\n    \"11.3-11.4\": 0.17697,\n    \"12.0-12.1\": 0.15169,\n    \"12.2-12.4\": 1.33211,\n    \"13.0-13.1\": 0.1478,\n    \"13.2\": 0.06612,\n    \"13.3\": 0.37143,\n    \"13.4-13.7\": 1.86495,\n    \"14.0-14.3\": 14.5093\n  },\n  B: {\n    \"12\": 0,\n    \"13\": 0,\n    \"14\": 0.00518,\n    \"15\": 0.00518,\n    \"16\": 0.00518,\n    \"17\": 0.01037,\n    \"18\": 0.05184,\n    \"79\": 0,\n    \"80\": 0,\n    \"81\": 0,\n    \"83\": 0,\n    \"84\": 0.00518,\n    \"85\": 0.00518,\n    \"86\": 0.0311,\n    \"87\": 1.72109\n  },\n  I: {\n    \"3\": 0,\n    \"4\": 0,\n    \"81\": 0,\n    \"2.1\": 0,\n    \"2.2\": 0,\n    \"2.3\": 0,\n    \"4.1\": 0.0066,\n    \"4.2-4.3\": 0.02309,\n    \"4.4\": 0,\n    \"4.4.3-4.4.4\": 0.1666\n  },\n  P: {\n    \"4\": 0.14321,\n    \"5.0-5.4\": 0.01023,\n    \"6.2-6.4\": 0,\n    \"7.2-7.4\": 0.04092,\n    \"8.2\": 0.02046,\n    \"9.2\": 0.09206,\n    \"10.1\": 0.0716,\n    \"11.1-11.2\": 0.20458,\n    \"12.0\": 0.46031,\n    \"13.0\": 2.75164\n  },\n  K: {\n    _: \"0 10 11 12 11.1 11.5 12.1\"\n  },\n  A: {\n    \"6\": 0,\n    \"7\": 0,\n    \"8\": 0.01117,\n    \"9\": 0.00559,\n    \"10\": 0,\n    \"11\": 0.55866,\n    \"5.5\": 0\n  },\n  N: {\n    \"10\": 0,\n    \"11\": 0\n  },\n  J: {\n    \"7\": 0,\n    \"10\": 0\n  },\n  O: {\n    \"0\": 0.15893\n  },\n  H: {\n    \"0\": 0.1915\n  },\n  L: {\n    \"0\": 47.49139\n  },\n  S: {\n    \"2.5\": 0\n  },\n  R: {\n    _: \"0\"\n  },\n  M: {\n    \"0\": 0.23117\n  },\n  Q: {\n    \"10.4\": 0.03853\n  }\n};","map":{"version":3,"sources":["/Users/bruceseymour/ra-video/client/node_modules/caniuse-lite/data/regions/IT.js"],"names":["module","exports","C","D","F","E","_","G","B","I","P","K","A","N","J","O","H","L","S","R","M","Q"],