{"ast":null,"code":"module.exports = {\n  C: {\n    \"2\": 0,\n    \"3\": 0,\n    \"4\": 0,\n    \"5\": 0,\n    \"6\": 0,\n    \"7\": 0,\n    \"8\": 0,\n    \"9\": 0,\n    \"10\": 0,\n    \"11\": 0,\n    \"12\": 0,\n    \"13\": 0,\n    \"14\": 0,\n    \"15\": 0,\n    \"16\": 0,\n    \"17\": 0,\n    \"18\": 0,\n    \"19\": 0,\n    \"20\": 0,\n    \"21\": 0,\n    \"22\": 0,\n    \"23\": 0,\n    \"24\": 0,\n    \"25\": 0,\n    \"26\": 0,\n    \"27\": 0,\n    \"28\": 0,\n    \"29\": 0,\n    \"30\": 0.02777,\n    \"31\": 0,\n    \"32\": 0,\n    \"33\": 0,\n    \"34\": 0,\n    \"35\": 0,\n    \"36\": 0,\n    \"37\": 0,\n    \"38\": 0,\n    \"39\": 0,\n    \"40\": 0,\n    \"41\": 0,\n    \"42\": 0,\n    \"43\": 0,\n    \"44\": 0,\n    \"45\": 0.01111,\n    \"46\": 0,\n    \"47\": 0,\n    \"48\": 0.03332,\n    \"49\": 0,\n    \"50\": 0.00555,\n    \"51\": 0,\n    \"52\": 0.02777,\n    \"53\": 0.00555,\n    \"54\": 0,\n    \"55\": 0,\n    \"56\": 0.00555,\n    \"57\": 0,\n    \"58\": 0,\n    \"59\": 0,\n    \"60\": 0.02221,\n    \"61\": 0.00555,\n    \"62\": 0,\n    \"63\": 0.00555,\n    \"64\": 0,\n    \"65\": 0,\n    \"66\": 0.00555,\n    \"67\": 0,\n    \"68\": 0.24433,\n    \"69\": 0,\n    \"70\": 0,\n    \"71\": 0.00555,\n    \"72\": 0.02777,\n    \"73\": 0.00555,\n    \"74\": 0.00555,\n    \"75\": 0,\n    \"76\": 0,\n    \"77\": 0.01111,\n    \"78\": 0.25544,\n    \"79\": 0.01111,\n    \"80\": 0.06108,\n    \"81\": 0.05553,\n    \"82\": 2.33781,\n    \"83\": 1.92134,\n    \"84\": 1.40491,\n    \"85\": 0.00555,\n    \"86\": 0,\n    \"3.5\": 0,\n    \"3.6\": 0\n  },\n  D: {\n    \"4\": 0,\n    \"5\": 0,\n    \"6\": 0,\n    \"7\": 0,\n    \"8\": 0,\n    \"9\": 0,\n    \"10\": 0,\n    \"11\": 0,\n    \"12\": 0,\n    \"13\": 0,\n    \"14\": 0,\n    \"15\": 0,\n    \"16\": 0,\n    \"17\": 0,\n    \"18\": 0,\n    \"19\": 0,\n    \"20\": 0,\n    \"21\": 0,\n    \"22\": 0,\n    \"23\": 0,\n    \"24\": 0,\n    \"25\": 0,\n    \"26\": 0,\n    \"27\": 0,\n    \"28\": 0,\n    \"29\": 0,\n    \"30\": 0,\n    \"31\": 0,\n    \"32\": 0,\n    \"33\": 0,\n    \"34\": 0,\n    \"35\": 0,\n    \"36\": 0,\n    \"37\": 0,\n    \"38\": 0.02221,\n    \"39\": 0,\n    \"40\": 0.01111,\n    \"41\": 0,\n    \"42\": 0,\n    \"43\": 0,\n    \"44\": 0,\n    \"45\": 0,\n    \"46\": 0,\n    \"47\": 0,\n    \"48\": 0,\n    \"49\": 0.23878,\n    \"50\": 0,\n    \"51\": 0,\n    \"52\": 0,\n    \"53\": 0.02221,\n    \"54\": 0,\n    \"55\": 0,\n    \"56\": 0,\n    \"57\": 0.00555,\n    \"58\": 0.00555,\n    \"59\": 0.00555,\n    \"60\": 0,\n    \"61\": 0,\n    \"62\": 0.00555,\n    \"63\": 0,\n    \"64\": 0,\n    \"65\": 0.00555,\n    \"66\": 0.00555,\n    \"67\": 0.00555,\n    \"68\": 0.01111,\n    \"69\": 0.01666,\n    \"70\": 0.05553,\n    \"71\": 0.03887,\n    \"72\": 0.06664,\n    \"73\": 0.00555,\n    \"74\": 0.00555,\n    \"75\": 0.01111,\n    \"76\": 0.03332,\n    \"77\": 0.11661,\n    \"78\": 0.04442,\n    \"79\": 0.02777,\n    \"80\": 0.06664,\n    \"81\": 0.04998,\n    \"83\": 0.07219,\n    \"84\": 0.14438,\n    \"85\": 0.26654,\n    \"86\": 2.22675,\n    \"87\": 9.60669,\n    \"88\": 0.00555,\n    \"89\": 0.00555,\n    \"90\": 0\n  },\n  F: {\n    \"9\": 0,\n    \"11\": 0,\n    \"12\": 0,\n    \"15\": 0,\n    \"16\": 0,\n    \"17\": 0,\n    \"18\": 0,\n    \"19\": 0,\n    \"20\": 0,\n    \"21\": 0,\n    \"22\": 0,\n    \"23\": 0,\n    \"24\": 0,\n    \"25\": 0,\n    \"26\": 0,\n    \"27\": 0,\n    \"28\": 0,\n    \"29\": 0,\n    \"30\": 0,\n    \"31\": 0,\n    \"32\": 0,\n    \"33\": 0,\n    \"34\": 0,\n    \"35\": 0,\n    \"36\": 0,\n    \"37\": 0,\n    \"38\": 0,\n    \"39\": 0,\n    \"40\": 0,\n    \"41\": 0,\n    \"42\": 0,\n    \"43\": 0,\n    \"44\": 0,\n    \"45\": 0,\n    \"46\": 0,\n    \"47\": 0,\n    \"48\": 0,\n    \"49\": 0,\n    \"50\": 0,\n    \"51\": 0,\n    \"52\": 0,\n    \"53\": 0,\n    \"54\": 0,\n    \"55\": 0,\n    \"56\": 0.02777,\n    \"57\": 0,\n    \"58\": 0,\n    \"60\": 0,\n    \"62\": 0,\n    \"63\": 0,\n    \"64\": 0,\n    \"65\": 0,\n    \"66\": 0,\n    \"67\": 0,\n    \"68\": 0,\n    \"69\": 0,\n    \"70\": 0,\n    \"71\": 0.12217,\n    \"72\": 0.38871,\n    \"9.5-9.6\": 0,\n    \"10.0-10.1\": 0,\n    \"10.5\": 0,\n    \"10.6\": 0,\n    \"11.1\": 0,\n    \"11.5\": 0,\n    \"11.6\": 0,\n    \"12.1\": 0\n  },\n  E: {\n    \"4\": 0,\n    \"5\": 0,\n    \"6\": 0,\n    \"7\": 0,\n    \"8\": 0.01111,\n    \"9\": 0,\n    \"10\": 0,\n    \"11\": 0.00555,\n    \"12\": 0.05553,\n    \"13\": 0.17214,\n    \"14\": 4.18696,\n    _: \"0\",\n    \"3.1\": 0,\n    \"3.2\": 0,\n    \"5.1\": 0.00555,\n    \"6.1\": 0,\n    \"7.1\": 0,\n    \"9.1\": 0.00555,\n    \"10.1\": 0.04442,\n    \"11.1\": 0.11106,\n    \"12.1\": 0.22212,\n    \"13.1\": 1.205\n  },\n  G: {\n    \"8\": 0,\n    \"3.2\": 0,\n    \"4.0-4.1\": 0,\n    \"4.2-4.3\": 0,\n    \"5.0-5.1\": 0,\n    \"6.0-6.1\": 0.00696,\n    \"7.0-7.1\": 0,\n    \"8.1-8.4\": 0.01045,\n    \"9.0-9.2\": 0.04179,\n    \"9.3\": 0.3587,\n    \"10.0-10.2\": 0.08358,\n    \"10.3\": 0.57809,\n    \"11.0-11.2\": 0.09054,\n    \"11.3-11.4\": 0.13233,\n    \"12.0-12.1\": 0.14975,\n    \"12.2-12.4\": 1.75517,\n    \"13.0-13.1\": 0.32039,\n    \"13.2\": 0.04179,\n    \"13.3\": 0.58158,\n    \"13.4-13.7\": 3.84467,\n    \"14.0-14.3\": 26.78382\n  },\n  B: {\n    \"12\": 0,\n    \"13\": 0,\n    \"14\": 0,\n    \"15\": 0.00555,\n    \"16\": 0.01111,\n    \"17\": 0.01111,\n    \"18\": 0.24989,\n    \"79\": 0,\n    \"80\": 0,\n    \"81\": 0.00555,\n    \"83\": 0,\n    \"84\": 0.01111,\n    \"85\": 0.02777,\n    \"86\": 0.13327,\n    \"87\": 2.29339\n  },\n  I: {\n    \"3\": 0,\n    \"4\": 0.00721,\n    \"81\": 0,\n    \"2.1\": 0,\n    \"2.2\": 0,\n    \"2.3\": 0,\n    \"4.1\": 0.00721,\n    \"4.2-4.3\": 0.01622,\n    \"4.4\": 0,\n    \"4.4.3-4.4.4\": 0.25047\n  },\n  P: {\n    \"4\": 0.33347,\n    \"5.0-5.4\": 0,\n    \"6.2-6.4\": 0,\n    \"7.2-7.4\": 0.02084,\n    \"8.2\": 0.01042,\n    \"9.2\": 0.05211,\n    \"10.1\": 0.09379,\n    \"11.1-11.2\": 0.06253,\n    \"12.0\": 0.26053,\n    \"13.0\": 3.65779\n  },\n  K: {\n    _: \"0 10 11 12 11.1 11.5 12.1\"\n  },\n  A: {\n    \"6\": 0,\n    \"7\": 0,\n    \"8\": 0.00597,\n    \"9\": 0.00597,\n    \"10\": 0,\n    \"11\": 0.46562,\n    \"5.5\": 0\n  },\n  N: {\n    \"10\": 0,\n    \"11\": 0\n  },\n  J: {\n    \"7\": 0,\n    \"10\": 0.03113\n  },\n  O: {\n    \"0\": 0.20901\n  },\n  H: {\n    \"0\": 0.23998\n  },\n  L: {\n    \"0\": 26.31879\n  },\n  S: {\n    \"2.5\": 0\n  },\n  R: {\n    _: \"0\"\n  },\n  M: {\n    \"0\": 0.64926\n  },\n  Q: {\n    \"10.4\": 0.00445\n  }\n};","map":{"version":3,"sources":["/Users/bruceseymour/ra-video/client/node_modules/caniuse-lite/data/regions/LU.js"],"names":["module","exports","C","D","F","E","_","G","B","I","P","K","A","N","J","O","H","L","S","R","M","Q"],