{"ast":null,"code":"module.exports = {\n  C: {\n    \"2\": 0,\n    \"3\": 0,\n    \"4\": 0,\n    \"5\": 0,\n    \"6\": 0,\n    \"7\": 0,\n    \"8\": 0,\n    \"9\": 0,\n    \"10\": 0,\n    \"11\": 0,\n    \"12\": 0,\n    \"13\": 0,\n    \"14\": 0,\n    \"15\": 0,\n    \"16\": 0,\n    \"17\": 0,\n    \"18\": 0,\n    \"19\": 0,\n    \"20\": 0,\n    \"21\": 0,\n    \"22\": 0,\n    \"23\": 0,\n    \"24\": 0,\n    \"25\": 0,\n    \"26\": 0,\n    \"27\": 0.01168,\n    \"28\": 0,\n    \"29\": 0,\n    \"30\": 0.00584,\n    \"31\": 0,\n    \"32\": 0,\n    \"33\": 0,\n    \"34\": 0,\n    \"35\": 0,\n    \"36\": 0,\n    \"37\": 0.00584,\n    \"38\": 0,\n    \"39\": 0,\n    \"40\": 0,\n    \"41\": 0,\n    \"42\": 0,\n    \"43\": 0,\n    \"44\": 0,\n    \"45\": 0,\n    \"46\": 0,\n    \"47\": 0,\n    \"48\": 0.00584,\n    \"49\": 0,\n    \"50\": 0,\n    \"51\": 0,\n    \"52\": 0.04088,\n    \"53\": 0,\n    \"54\": 0.00584,\n    \"55\": 0.00584,\n    \"56\": 0.03504,\n    \"57\": 0,\n    \"58\": 0,\n    \"59\": 0.01168,\n    \"60\": 0.00584,\n    \"61\": 0.00584,\n    \"62\": 0.00584,\n    \"63\": 0.01168,\n    \"64\": 0.01752,\n    \"65\": 0.01168,\n    \"66\": 0.01168,\n    \"67\": 0.00584,\n    \"68\": 0.04672,\n    \"69\": 0,\n    \"70\": 0,\n    \"71\": 0,\n    \"72\": 0.01168,\n    \"73\": 0,\n    \"74\": 0,\n    \"75\": 0,\n    \"76\": 0,\n    \"77\": 0.01168,\n    \"78\": 0.22776,\n    \"79\": 0.01752,\n    \"80\": 0.03504,\n    \"81\": 0.0584,\n    \"82\": 0.15768,\n    \"83\": 2.08488,\n    \"84\": 1.38992,\n    \"85\": 0.01168,\n    \"86\": 0,\n    \"3.5\": 0,\n    \"3.6\": 0\n  },\n  D: {\n    \"4\": 0,\n    \"5\": 0,\n    \"6\": 0,\n    \"7\": 0,\n    \"8\": 0,\n    \"9\": 0,\n    \"10\": 0,\n    \"11\": 0,\n    \"12\": 0,\n    \"13\": 0,\n    \"14\": 0,\n    \"15\": 0,\n    \"16\": 0,\n    \"17\": 0,\n    \"18\": 0,\n    \"19\": 0,\n    \"20\": 0,\n    \"21\": 0,\n    \"22\": 0,\n    \"23\": 0,\n    \"24\": 0,\n    \"25\": 0,\n    \"26\": 0,\n    \"27\": 0,\n    \"28\": 0,\n    \"29\": 0,\n    \"30\": 0,\n    \"31\": 0,\n    \"32\": 0,\n    \"33\": 0,\n    \"34\": 0,\n    \"35\": 0,\n    \"36\": 0,\n    \"37\": 0,\n    \"38\": 0.00584,\n    \"39\": 0,\n    \"40\": 0,\n    \"41\": 0,\n    \"42\": 0,\n    \"43\": 0,\n    \"44\": 0,\n    \"45\": 0,\n    \"46\": 0,\n    \"47\": 0,\n    \"48\": 0,\n    \"49\": 0.14016,\n    \"50\": 0,\n    \"51\": 0,\n    \"52\": 0.0584,\n    \"53\": 0.01168,\n    \"54\": 0,\n    \"55\": 0,\n    \"56\": 0.00584,\n    \"57\": 0.01168,\n    \"58\": 0,\n    \"59\": 0.00584,\n    \"60\": 0.01752,\n    \"61\": 0.02336,\n    \"62\": 0.00584,\n    \"63\": 0.00584,\n    \"64\": 0.19272,\n    \"65\": 0.00584,\n    \"66\": 0.05256,\n    \"67\": 0.01752,\n    \"68\": 0.01168,\n    \"69\": 0.22776,\n    \"70\": 0.2336,\n    \"71\": 0.09344,\n    \"72\": 0.2628,\n    \"73\": 0.04672,\n    \"74\": 0.01168,\n    \"75\": 0.01752,\n    \"76\": 0.03504,\n    \"77\": 0.02336,\n    \"78\": 0.0292,\n    \"79\": 0.42632,\n    \"80\": 0.24528,\n    \"81\": 0.07008,\n    \"83\": 0.11096,\n    \"84\": 0.12264,\n    \"85\": 0.292,\n    \"86\": 3.55072,\n    \"87\": 15.98408,\n    \"88\": 0.04088,\n    \"89\": 0.00584,\n    \"90\": 0\n  },\n  F: {\n    \"9\": 0,\n    \"11\": 0,\n    \"12\": 0,\n    \"15\": 0,\n    \"16\": 0,\n    \"17\": 0,\n    \"18\": 0,\n    \"19\": 0,\n    \"20\": 0,\n    \"21\": 0,\n    \"22\": 0,\n    \"23\": 0,\n    \"24\": 0,\n    \"25\": 0,\n    \"26\": 0,\n    \"27\": 0,\n    \"28\": 0,\n    \"29\": 0,\n    \"30\": 0,\n    \"31\": 0,\n    \"32\": 0,\n    \"33\": 0,\n    \"34\": 0,\n    \"35\": 0,\n    \"36\": 0.00584,\n    \"37\": 0,\n    \"38\": 0,\n    \"39\": 0,\n    \"40\": 0,\n    \"41\": 0,\n    \"42\": 0,\n    \"43\": 0,\n    \"44\": 0,\n    \"45\": 0,\n    \"46\": 0,\n    \"47\": 0,\n    \"48\": 0,\n    \"49\": 0,\n    \"50\": 0,\n    \"51\": 0,\n    \"52\": 0,\n    \"53\": 0,\n    \"54\": 0,\n    \"55\": 0,\n    \"56\": 0,\n    \"57\": 0,\n    \"58\": 0.00584,\n    \"60\": 0,\n    \"62\": 0,\n    \"63\": 0,\n    \"64\": 0,\n    \"65\": 0,\n    \"66\": 0,\n    \"67\": 0,\n    \"68\": 0.00584,\n    \"69\": 0.00584,\n    \"70\": 0,\n    \"71\": 0.10512,\n    \"72\": 0.40296,\n    \"9.5-9.6\": 0,\n    \"10.0-10.1\": 0,\n    \"10.5\": 0,\n    \"10.6\": 0,\n    \"11.1\": 0,\n    \"11.5\": 0,\n    \"11.6\": 0,\n    \"12.1\": 0\n  },\n  E: {\n    \"4\": 0,\n    \"5\": 0,\n    \"6\": 0,\n    \"7\": 0,\n    \"8\": 0.00584,\n    \"9\": 0,\n    \"10\": 0,\n    \"11\": 0.00584,\n    \"12\": 0.01168,\n    \"13\": 0.15184,\n    \"14\": 2.00312,\n    _: \"0\",\n    \"3.1\": 0,\n    \"3.2\": 0,\n    \"5.1\": 0,\n    \"6.1\": 0,\n    \"7.1\": 0,\n    \"9.1\": 0.00584,\n    \"10.1\": 0.01752,\n    \"11.1\": 0.0876,\n    \"12.1\": 0.09928,\n    \"13.1\": 0.61904\n  },\n  G: {\n    \"8\": 0,\n    \"3.2\": 0,\n    \"4.0-4.1\": 0,\n    \"4.2-4.3\": 0.00428,\n    \"5.0-5.1\": 0,\n    \"6.0-6.1\": 0.01928,\n    \"7.0-7.1\": 0.00428,\n    \"8.1-8.4\": 0.0514,\n    \"9.0-9.2\": 0.15207,\n    \"9.3\": 0.18205,\n    \"10.0-10.2\": 0.02142,\n    \"10.3\": 0.29985,\n    \"11.0-11.2\": 0.08567,\n    \"11.3-11.4\": 0.23131,\n    \"12.0-12.1\": 0.20347,\n    \"12.2-12.4\": 1.32148,\n    \"13.0-13.1\": 0.08996,\n    \"13.2\": 0.06854,\n    \"13.3\": 0.50975,\n    \"13.4-13.7\": 2.82502,\n    \"14.0-14.3\": 15.32234\n  },\n  B: {\n    \"12\": 0,\n    \"13\": 0,\n    \"14\": 0.00584,\n    \"15\": 0.00584,\n    \"16\": 0.01168,\n    \"17\": 0.02336,\n    \"18\": 0.1168,\n    \"79\": 0,\n    \"80\": 0.00584,\n    \"81\": 0.01168,\n    \"83\": 0.00584,\n    \"84\": 0.00584,\n    \"85\": 0.02336,\n    \"86\": 0.0876,\n    \"87\": 1.86296\n  },\n  I: {\n    \"3\": 0,\n    \"4\": 0,\n    \"81\": 0,\n    \"2.1\": 0,\n    \"2.2\": 0,\n    \"2.3\": 0,\n    \"4.1\": 0.00653,\n    \"4.2-4.3\": 0.03919,\n    \"4.4\": 0,\n    \"4.4.3-4.4.4\": 0.12844\n  },\n  P: {\n    \"4\": 0.10407,\n    \"5.0-5.4\": 0.01041,\n    \"6.2-6.4\": 0,\n    \"7.2-7.4\": 0.03122,\n    \"8.2\": 0.01041,\n    \"9.2\": 0.11447,\n    \"10.1\": 0.06244,\n    \"11.1-11.2\": 0.1561,\n    \"12.0\": 0.52034,\n    \"13.0\": 2.20623\n  },\n  K: {\n    _: \"0 10 11 12 11.1 11.5 12.1\"\n  },\n  A: {\n    \"6\": 0.00599,\n    \"7\": 0,\n    \"8\": 0.02397,\n    \"9\": 0.01798,\n    \"10\": 0.04194,\n    \"11\": 0.37148,\n    \"5.5\": 0\n  },\n  N: {\n    \"10\": 0,\n    \"11\": 0\n  },\n  J: {\n    \"7\": 0,\n    \"10\": 0\n  },\n  O: {\n    \"0\": 0.13728\n  },\n  H: {\n    \"0\": 0.33083\n  },\n  L: {\n    \"0\": 38.35592\n  },\n  S: {\n    \"2.5\": 0.00832\n  },\n  R: {\n    _: \"0\"\n  },\n  M: {\n    \"0\": 0.52416\n  },\n  Q: {\n    \"10.4\": 0.00832\n  }\n};","map":{"version":3,"sources":["/Users/bruceseymour/ra-video/client/node_modules/caniuse-lite/data/regions/FI.js"],"names":["module","exports","C","D","F","E","_","G","B","I","P","K","A","N","J","O","H","L","S","R","M","Q"],