{"ast":null,"code":"module.exports = {\n  C: {\n    \"2\": 0.00575,\n    \"3\": 0,\n    \"4\": 0,\n    \"5\": 0,\n    \"6\": 0,\n    \"7\": 0,\n    \"8\": 0,\n    \"9\": 0,\n    \"10\": 0,\n    \"11\": 0,\n    \"12\": 0,\n    \"13\": 0,\n    \"14\": 0,\n    \"15\": 0,\n    \"16\": 0,\n    \"17\": 0,\n    \"18\": 0,\n    \"19\": 0,\n    \"20\": 0,\n    \"21\": 0,\n    \"22\": 0,\n    \"23\": 0,\n    \"24\": 0,\n    \"25\": 0,\n    \"26\": 0,\n    \"27\": 0,\n    \"28\": 0,\n    \"29\": 0,\n    \"30\": 0.01151,\n    \"31\": 0,\n    \"32\": 0,\n    \"33\": 0,\n    \"34\": 0,\n    \"35\": 0,\n    \"36\": 0,\n    \"37\": 0,\n    \"38\": 0,\n    \"39\": 0,\n    \"40\": 0,\n    \"41\": 0,\n    \"42\": 0,\n    \"43\": 0,\n    \"44\": 0,\n    \"45\": 0,\n    \"46\": 0,\n    \"47\": 0,\n    \"48\": 0.00575,\n    \"49\": 0,\n    \"50\": 0,\n    \"51\": 0,\n    \"52\": 0.02877,\n    \"53\": 0,\n    \"54\": 0,\n    \"55\": 0,\n    \"56\": 0.01726,\n    \"57\": 0,\n    \"58\": 0,\n    \"59\": 0,\n    \"60\": 0.00575,\n    \"61\": 0,\n    \"62\": 0,\n    \"63\": 0,\n    \"64\": 0.00575,\n    \"65\": 0,\n    \"66\": 0.00575,\n    \"67\": 0,\n    \"68\": 0.02877,\n    \"69\": 0.00575,\n    \"70\": 0,\n    \"71\": 0,\n    \"72\": 0.00575,\n    \"73\": 0,\n    \"74\": 0.00575,\n    \"75\": 0.00575,\n    \"76\": 0.00575,\n    \"77\": 0.00575,\n    \"78\": 0.08631,\n    \"79\": 0.01151,\n    \"80\": 0.02302,\n    \"81\": 0.04028,\n    \"82\": 0.0748,\n    \"83\": 1.05874,\n    \"84\": 0.63294,\n    \"85\": 0.01151,\n    \"86\": 0,\n    \"3.5\": 0,\n    \"3.6\": 0.00575\n  },\n  D: {\n    \"4\": 0,\n    \"5\": 0,\n    \"6\": 0,\n    \"7\": 0,\n    \"8\": 0,\n    \"9\": 0,\n    \"10\": 0,\n    \"11\": 0,\n    \"12\": 0,\n    \"13\": 0.00575,\n    \"14\": 0,\n    \"15\": 0,\n    \"16\": 0,\n    \"17\": 0,\n    \"18\": 0,\n    \"19\": 0,\n    \"20\": 0,\n    \"21\": 0,\n    \"22\": 0,\n    \"23\": 0,\n    \"24\": 0,\n    \"25\": 0,\n    \"26\": 0,\n    \"27\": 0,\n    \"28\": 0,\n    \"29\": 0,\n    \"30\": 0,\n    \"31\": 0,\n    \"32\": 0,\n    \"33\": 0,\n    \"34\": 0,\n    \"35\": 0,\n    \"36\": 0,\n    \"37\": 0,\n    \"38\": 0.00575,\n    \"39\": 0,\n    \"40\": 0,\n    \"41\": 0,\n    \"42\": 0,\n    \"43\": 0.00575,\n    \"44\": 0,\n    \"45\": 0,\n    \"46\": 0,\n    \"47\": 0.02877,\n    \"48\": 0.00575,\n    \"49\": 0.1496,\n    \"50\": 0,\n    \"51\": 0,\n    \"52\": 0.01151,\n    \"53\": 0.00575,\n    \"54\": 0,\n    \"55\": 0,\n    \"56\": 0,\n    \"57\": 0,\n    \"58\": 0.00575,\n    \"59\": 0.01151,\n    \"60\": 0.00575,\n    \"61\": 0.02877,\n    \"62\": 0,\n    \"63\": 0.00575,\n    \"64\": 0.02877,\n    \"65\": 0.00575,\n    \"66\": 0.00575,\n    \"67\": 0.01151,\n    \"68\": 0.00575,\n    \"69\": 0.02302,\n    \"70\": 0.05754,\n    \"71\": 0.03452,\n    \"72\": 0.06905,\n    \"73\": 0.03452,\n    \"74\": 0.01726,\n    \"75\": 0.02302,\n    \"76\": 0.02877,\n    \"77\": 0.04603,\n    \"78\": 0.02302,\n    \"79\": 0.1381,\n    \"80\": 0.10357,\n    \"81\": 0.05754,\n    \"83\": 0.1496,\n    \"84\": 0.11508,\n    \"85\": 0.29921,\n    \"86\": 4.66074,\n    \"87\": 14.32746,\n    \"88\": 0.01151,\n    \"89\": 0.00575,\n    \"90\": 0\n  },\n  F: {\n    \"9\": 0,\n    \"11\": 0,\n    \"12\": 0,\n    \"15\": 0,\n    \"16\": 0,\n    \"17\": 0,\n    \"18\": 0,\n    \"19\": 0,\n    \"20\": 0,\n    \"21\": 0,\n    \"22\": 0,\n    \"23\": 0,\n    \"24\": 0,\n    \"25\": 0,\n    \"26\": 0,\n    \"27\": 0,\n    \"28\": 0,\n    \"29\": 0,\n    \"30\": 0,\n    \"31\": 0,\n    \"32\": 0,\n    \"33\": 0,\n    \"34\": 0,\n    \"35\": 0,\n    \"36\": 0,\n    \"37\": 0,\n    \"38\": 0,\n    \"39\": 0,\n    \"40\": 0,\n    \"41\": 0,\n    \"42\": 0,\n    \"43\": 0,\n    \"44\": 0,\n    \"45\": 0,\n    \"46\": 0,\n    \"47\": 0,\n    \"48\": 0,\n    \"49\": 0,\n    \"50\": 0,\n    \"51\": 0.00575,\n    \"52\": 0,\n    \"53\": 0,\n    \"54\": 0,\n    \"55\": 0,\n    \"56\": 0,\n    \"57\": 0,\n    \"58\": 0,\n    \"60\": 0,\n    \"62\": 0,\n    \"63\": 0,\n    \"64\": 0,\n    \"65\": 0,\n    \"66\": 0,\n    \"67\": 0.00575,\n    \"68\": 0,\n    \"69\": 0,\n    \"70\": 0,\n    \"71\": 0.03452,\n    \"72\": 0.18413,\n    \"9.5-9.6\": 0,\n    \"10.0-10.1\": 0,\n    \"10.5\": 0,\n    \"10.6\": 0,\n    \"11.1\": 0,\n    \"11.5\": 0,\n    \"11.6\": 0,\n    \"12.1\": 0\n  },\n  E: {\n    \"4\": 0,\n    \"5\": 0,\n    \"6\": 0,\n    \"7\": 0,\n    \"8\": 0,\n    \"9\": 0,\n    \"10\": 0,\n    \"11\": 0.01151,\n    \"12\": 0.03452,\n    \"13\": 0.17262,\n    \"14\": 3.38335,\n    _: \"0\",\n    \"3.1\": 0,\n    \"3.2\": 0,\n    \"5.1\": 0.00575,\n    \"6.1\": 0,\n    \"7.1\": 0,\n    \"9.1\": 0.00575,\n    \"10.1\": 0.02302,\n    \"11.1\": 0.09206,\n    \"12.1\": 0.17262,\n    \"13.1\": 1.08751\n  },\n  G: {\n    \"8\": 0,\n    \"3.2\": 0,\n    \"4.0-4.1\": 0,\n    \"4.2-4.3\": 0,\n    \"5.0-5.1\": 0,\n    \"6.0-6.1\": 0,\n    \"7.0-7.1\": 0.00861,\n    \"8.1-8.4\": 0.01148,\n    \"9.0-9.2\": 0.0488,\n    \"9.3\": 0.26696,\n    \"10.0-10.2\": 0.02296,\n    \"10.3\": 0.32437,\n    \"11.0-11.2\": 0.07176,\n    \"11.3-11.4\": 0.09473,\n    \"12.0-12.1\": 0.10621,\n    \"12.2-12.4\": 1.67354,\n    \"13.0-13.1\": 0.10334,\n    \"13.2\": 0.05454,\n    \"13.3\": 0.44494,\n    \"13.4-13.7\": 2.66675,\n    \"14.0-14.3\": 22.74347\n  },\n  B: {\n    \"12\": 0,\n    \"13\": 0,\n    \"14\": 0.00575,\n    \"15\": 0.00575,\n    \"16\": 0.00575,\n    \"17\": 0.01726,\n    \"18\": 0.16111,\n    \"79\": 0,\n    \"80\": 0.00575,\n    \"81\": 0.01151,\n    \"83\": 0.00575,\n    \"84\": 0.01151,\n    \"85\": 0.01151,\n    \"86\": 0.09206,\n    \"87\": 2.87125\n  },\n  I: {\n    \"3\": 0,\n    \"4\": 0,\n    \"81\": 0,\n    \"2.1\": 0,\n    \"2.2\": 0,\n    \"2.3\": 0,\n    \"4.1\": 0.01043,\n    \"4.2-4.3\": 0.03337,\n    \"4.4\": 0,\n    \"4.4.3-4.4.4\": 0.15224\n  },\n  P: {\n    \"4\": 0.08264,\n    \"5.0-5.4\": 0.01033,\n    \"6.2-6.4\": 0,\n    \"7.2-7.4\": 0.02066,\n    \"8.2\": 0.01033,\n    \"9.2\": 0.03099,\n    \"10.1\": 0.03099,\n    \"11.1-11.2\": 0.06198,\n    \"12.0\": 0.29956,\n    \"13.0\": 4.29721\n  },\n  K: {\n    _: \"0 10 11 12 11.1 11.5 12.1\"\n  },\n  A: {\n    \"6\": 0.00781,\n    \"7\": 0,\n    \"8\": 0.01562,\n    \"9\": 0.02343,\n    \"10\": 0.00781,\n    \"11\": 0.60129,\n    \"5.5\": 0\n  },\n  N: {\n    \"10\": 0,\n    \"11\": 0\n  },\n  J: {\n    \"7\": 0,\n    \"10\": 0\n  },\n  O: {\n    \"0\": 0.34393\n  },\n  H: {\n    \"0\": 0.22109\n  },\n  L: {\n    \"0\": 29.87726\n  },\n  S: {\n    \"2.5\": 0\n  },\n  R: {\n    _: \"0\"\n  },\n  M: {\n    \"0\": 0.28873\n  },\n  Q: {\n    \"10.4\": 0.02123\n  }\n};","map":{"version":3,"sources":["/Users/bruceseymour/ra-video/client/node_modules/caniuse-lite/data/regions/NL.js"],"names":["module","exports","C","D","F","E","_","G","B","I","P","K","A","N","J","O","H","L","S","R","M","Q"],