{"ast":null,"code":"module.exports = {\n  C: {\n    \"2\": 0,\n    \"3\": 0,\n    \"4\": 0,\n    \"5\": 0,\n    \"6\": 0,\n    \"7\": 0,\n    \"8\": 0,\n    \"9\": 0,\n    \"10\": 0,\n    \"11\": 0,\n    \"12\": 0,\n    \"13\": 0,\n    \"14\": 0,\n    \"15\": 0,\n    \"16\": 0,\n    \"17\": 0,\n    \"18\": 0,\n    \"19\": 0,\n    \"20\": 0,\n    \"21\": 0,\n    \"22\": 0,\n    \"23\": 0,\n    \"24\": 0,\n    \"25\": 0,\n    \"26\": 0,\n    \"27\": 0,\n    \"28\": 0,\n    \"29\": 0.00274,\n    \"30\": 0.01368,\n    \"31\": 0,\n    \"32\": 0,\n    \"33\": 0,\n    \"34\": 0,\n    \"35\": 0,\n    \"36\": 0,\n    \"37\": 0,\n    \"38\": 0,\n    \"39\": 0,\n    \"40\": 0,\n    \"41\": 0,\n    \"42\": 0,\n    \"43\": 0,\n    \"44\": 0,\n    \"45\": 0,\n    \"46\": 0,\n    \"47\": 0,\n    \"48\": 0,\n    \"49\": 0,\n    \"50\": 0,\n    \"51\": 0,\n    \"52\": 0.00274,\n    \"53\": 0,\n    \"54\": 0,\n    \"55\": 0,\n    \"56\": 0,\n    \"57\": 0,\n    \"58\": 0.00274,\n    \"59\": 0,\n    \"60\": 0,\n    \"61\": 0,\n    \"62\": 0,\n    \"63\": 0,\n    \"64\": 0,\n    \"65\": 0,\n    \"66\": 0,\n    \"67\": 0,\n    \"68\": 0.12312,\n    \"69\": 0,\n    \"70\": 0,\n    \"71\": 0.00274,\n    \"72\": 0.00274,\n    \"73\": 0,\n    \"74\": 0,\n    \"75\": 0,\n    \"76\": 0,\n    \"77\": 0,\n    \"78\": 0.00274,\n    \"79\": 0.00274,\n    \"80\": 0.01094,\n    \"81\": 0.03557,\n    \"82\": 0.01642,\n    \"83\": 0.22709,\n    \"84\": 0.19426,\n    \"85\": 0.00821,\n    \"86\": 0,\n    \"3.5\": 0,\n    \"3.6\": 0\n  },\n  D: {\n    \"4\": 0,\n    \"5\": 0,\n    \"6\": 0,\n    \"7\": 0,\n    \"8\": 0,\n    \"9\": 0,\n    \"10\": 0,\n    \"11\": 0,\n    \"12\": 0,\n    \"13\": 0,\n    \"14\": 0,\n    \"15\": 0,\n    \"16\": 0,\n    \"17\": 0,\n    \"18\": 0,\n    \"19\": 0,\n    \"20\": 0,\n    \"21\": 0,\n    \"22\": 0,\n    \"23\": 0,\n    \"24\": 0,\n    \"25\": 0,\n    \"26\": 0,\n    \"27\": 0,\n    \"28\": 0,\n    \"29\": 0,\n    \"30\": 0,\n    \"31\": 0,\n    \"32\": 0,\n    \"33\": 0,\n    \"34\": 0,\n    \"35\": 0,\n    \"36\": 0,\n    \"37\": 0,\n    \"38\": 0,\n    \"39\": 0,\n    \"40\": 0.00274,\n    \"41\": 0,\n    \"42\": 0,\n    \"43\": 0,\n    \"44\": 0,\n    \"45\": 0,\n    \"46\": 0,\n    \"47\": 0,\n    \"48\": 0,\n    \"49\": 0.00274,\n    \"50\": 0,\n    \"51\": 0,\n    \"52\": 0,\n    \"53\": 0,\n    \"54\": 0,\n    \"55\": 0,\n    \"56\": 0,\n    \"57\": 0,\n    \"58\": 0.00274,\n    \"59\": 0,\n    \"60\": 0,\n    \"61\": 0,\n    \"62\": 0,\n    \"63\": 0.00274,\n    \"64\": 0.00274,\n    \"65\": 0.00274,\n    \"66\": 0,\n    \"67\": 0,\n    \"68\": 0,\n    \"69\": 0.01368,\n    \"70\": 0.00274,\n    \"71\": 0.01094,\n    \"72\": 0,\n    \"73\": 0.00547,\n    \"74\": 0.00547,\n    \"75\": 0.00547,\n    \"76\": 0.00274,\n    \"77\": 0.00821,\n    \"78\": 0.00821,\n    \"79\": 0.01368,\n    \"80\": 0.02189,\n    \"81\": 0.01915,\n    \"83\": 0.01094,\n    \"84\": 0.0301,\n    \"85\": 0.03283,\n    \"86\": 0.92477,\n    \"87\": 4.59101,\n    \"88\": 0.00274,\n    \"89\": 0,\n    \"90\": 0\n  },\n  F: {\n    \"9\": 0,\n    \"11\": 0,\n    \"12\": 0,\n    \"15\": 0,\n    \"16\": 0,\n    \"17\": 0,\n    \"18\": 0,\n    \"19\": 0,\n    \"20\": 0,\n    \"21\": 0,\n    \"22\": 0,\n    \"23\": 0,\n    \"24\": 0,\n    \"25\": 0,\n    \"26\": 0,\n    \"27\": 0,\n    \"28\": 0,\n    \"29\": 0,\n    \"30\": 0,\n    \"31\": 0,\n    \"32\": 0,\n    \"33\": 0,\n    \"34\": 0,\n    \"35\": 0,\n    \"36\": 0,\n    \"37\": 0.00274,\n    \"38\": 0,\n    \"39\": 0,\n    \"40\": 0,\n    \"41\": 0,\n    \"42\": 0,\n    \"43\": 0,\n    \"44\": 0,\n    \"45\": 0,\n    \"46\": 0,\n    \"47\": 0,\n    \"48\": 0,\n    \"49\": 0,\n    \"50\": 0,\n    \"51\": 0,\n    \"52\": 0,\n    \"53\": 0,\n    \"54\": 0,\n    \"55\": 0,\n    \"56\": 0,\n    \"57\": 0,\n    \"58\": 0,\n    \"60\": 0,\n    \"62\": 0,\n    \"63\": 0,\n    \"64\": 0,\n    \"65\": 0,\n    \"66\": 0,\n    \"67\": 0,\n    \"68\": 0,\n    \"69\": 0,\n    \"70\": 0,\n    \"71\": 0.01094,\n    \"72\": 0.02462,\n    \"9.5-9.6\": 0,\n    \"10.0-10.1\": 0,\n    \"10.5\": 0,\n    \"10.6\": 0,\n    \"11.1\": 0,\n    \"11.5\": 0,\n    \"11.6\": 0,\n    \"12.1\": 0.00274\n  },\n  E: {\n    \"4\": 0,\n    \"5\": 0,\n    \"6\": 0,\n    \"7\": 0,\n    \"8\": 0,\n    \"9\": 0,\n    \"10\": 0,\n    \"11\": 0,\n    \"12\": 0.00274,\n    \"13\": 0.04651,\n    \"14\": 0.36389,\n    _: \"0\",\n    \"3.1\": 0,\n    \"3.2\": 0,\n    \"5.1\": 0,\n    \"6.1\": 0,\n    \"7.1\": 0,\n    \"9.1\": 0,\n    \"10.1\": 0.00821,\n    \"11.1\": 0.00547,\n    \"12.1\": 0.01915,\n    \"13.1\": 0.09029\n  },\n  G: {\n    \"8\": 0,\n    \"3.2\": 0,\n    \"4.0-4.1\": 0,\n    \"4.2-4.3\": 0,\n    \"5.0-5.1\": 0.00474,\n    \"6.0-6.1\": 0.00237,\n    \"7.0-7.1\": 0,\n    \"8.1-8.4\": 0,\n    \"9.0-9.2\": 0.00711,\n    \"9.3\": 0.07581,\n    \"10.0-10.2\": 0.02369,\n    \"10.3\": 0.08292,\n    \"11.0-11.2\": 0.04264,\n    \"11.3-11.4\": 0.07581,\n    \"12.0-12.1\": 0.10661,\n    \"12.2-12.4\": 1.32673,\n    \"13.0-13.1\": 0.15163,\n    \"13.2\": 0.04975,\n    \"13.3\": 0.64678,\n    \"13.4-13.7\": 2.34784,\n    \"14.0-14.3\": 18.70692\n  },\n  B: {\n    \"12\": 0.00274,\n    \"13\": 0.01094,\n    \"14\": 0,\n    \"15\": 0.01094,\n    \"16\": 0.00274,\n    \"17\": 0.00821,\n    \"18\": 0.03283,\n    \"79\": 0,\n    \"80\": 0.00274,\n    \"81\": 0,\n    \"83\": 0,\n    \"84\": 0,\n    \"85\": 0.00274,\n    \"86\": 0.00547,\n    \"87\": 0.29002\n  },\n  I: {\n    \"3\": 0,\n    \"4\": 0,\n    \"81\": 0,\n    \"2.1\": 0,\n    \"2.2\": 0,\n    \"2.3\": 0,\n    \"4.1\": 0,\n    \"4.2-4.3\": 0.00732,\n    \"4.4\": 0,\n    \"4.4.3-4.4.4\": 0.22268\n  },\n  P: {\n    \"4\": 0.09243,\n    \"5.0-5.4\": 0,\n    \"6.2-6.4\": 0,\n    \"7.2-7.4\": 0.03081,\n    \"8.2\": 0.01027,\n    \"9.2\": 0.06162,\n    \"10.1\": 0.05135,\n    \"11.1-11.2\": 0.15405,\n    \"12.0\": 0.45187,\n    \"13.0\": 1.82802\n  },\n  K: {\n    _: \"0 10 11 12 11.1 11.5 12.1\"\n  },\n  A: {\n    \"6\": 0,\n    \"7\": 0,\n    \"8\": 0.00274,\n    \"9\": 0,\n    \"10\": 0,\n    \"11\": 0.04104,\n    \"5.5\": 0\n  },\n  N: {\n    \"10\": 0,\n    \"11\": 0.01453\n  },\n  J: {\n    \"7\": 0,\n    \"10\": 0\n  },\n  O: {\n    \"0\": 1.02422\n  },\n  H: {\n    \"0\": 0.49515\n  },\n  L: {\n    \"0\": 62.75949\n  },\n  S: {\n    \"2.5\": 0\n  },\n  R: {\n    _: \"0\"\n  },\n  M: {\n    \"0\": 0.38499\n  },\n  Q: {\n    \"10.4\": 0.00726\n  }\n};","map":{"version":3,"sources":["/Users/bruceseymour/ra-video/client/node_modules/caniuse-lite/data/regions/MV.js"],"names":["module","exports","C","D","F","E","_","G","B","I","P","K","A","N","J","O","H","L","S","R","M","Q"],