{"ast":null,"code":"module.exports = {\n  C: {\n    \"2\": 0,\n    \"3\": 0,\n    \"4\": 0,\n    \"5\": 0,\n    \"6\": 0,\n    \"7\": 0,\n    \"8\": 0,\n    \"9\": 0,\n    \"10\": 0,\n    \"11\": 0,\n    \"12\": 0,\n    \"13\": 0.00583,\n    \"14\": 0,\n    \"15\": 0,\n    \"16\": 0,\n    \"17\": 0,\n    \"18\": 0,\n    \"19\": 0,\n    \"20\": 0,\n    \"21\": 0,\n    \"22\": 0,\n    \"23\": 0,\n    \"24\": 0,\n    \"25\": 0,\n    \"26\": 0,\n    \"27\": 0,\n    \"28\": 0.0583,\n    \"29\": 0,\n    \"30\": 0,\n    \"31\": 0,\n    \"32\": 0,\n    \"33\": 0,\n    \"34\": 0,\n    \"35\": 0,\n    \"36\": 0,\n    \"37\": 0,\n    \"38\": 0,\n    \"39\": 0,\n    \"40\": 0,\n    \"41\": 0,\n    \"42\": 0,\n    \"43\": 0,\n    \"44\": 0,\n    \"45\": 0,\n    \"46\": 0,\n    \"47\": 0,\n    \"48\": 0,\n    \"49\": 0,\n    \"50\": 0,\n    \"51\": 0,\n    \"52\": 0,\n    \"53\": 0,\n    \"54\": 0,\n    \"55\": 0,\n    \"56\": 0,\n    \"57\": 0,\n    \"58\": 0,\n    \"59\": 0,\n    \"60\": 0.00292,\n    \"61\": 0,\n    \"62\": 0,\n    \"63\": 0,\n    \"64\": 0,\n    \"65\": 0,\n    \"66\": 0,\n    \"67\": 0,\n    \"68\": 0,\n    \"69\": 0,\n    \"70\": 0,\n    \"71\": 0,\n    \"72\": 0.00583,\n    \"73\": 0,\n    \"74\": 0,\n    \"75\": 0,\n    \"76\": 0,\n    \"77\": 0,\n    \"78\": 0.0583,\n    \"79\": 0,\n    \"80\": 0,\n    \"81\": 0.02041,\n    \"82\": 0.00583,\n    \"83\": 0.21863,\n    \"84\": 0.17199,\n    \"85\": 0,\n    \"86\": 0,\n    \"3.5\": 0,\n    \"3.6\": 0\n  },\n  D: {\n    \"4\": 0,\n    \"5\": 0,\n    \"6\": 0,\n    \"7\": 0,\n    \"8\": 0,\n    \"9\": 0,\n    \"10\": 0,\n    \"11\": 0,\n    \"12\": 0,\n    \"13\": 0,\n    \"14\": 0,\n    \"15\": 0,\n    \"16\": 0,\n    \"17\": 0,\n    \"18\": 0,\n    \"19\": 0,\n    \"20\": 0,\n    \"21\": 0,\n    \"22\": 0,\n    \"23\": 0,\n    \"24\": 0.00583,\n    \"25\": 0,\n    \"26\": 0.00292,\n    \"27\": 0,\n    \"28\": 0,\n    \"29\": 0,\n    \"30\": 0,\n    \"31\": 0,\n    \"32\": 0,\n    \"33\": 0,\n    \"34\": 0,\n    \"35\": 0,\n    \"36\": 0,\n    \"37\": 0,\n    \"38\": 0,\n    \"39\": 0,\n    \"40\": 0,\n    \"41\": 0,\n    \"42\": 0,\n    \"43\": 0,\n    \"44\": 0,\n    \"45\": 0,\n    \"46\": 0,\n    \"47\": 0,\n    \"48\": 0,\n    \"49\": 0.00875,\n    \"50\": 0.00292,\n    \"51\": 0,\n    \"52\": 0,\n    \"53\": 0.00292,\n    \"54\": 0,\n    \"55\": 0,\n    \"56\": 0,\n    \"57\": 0,\n    \"58\": 0,\n    \"59\": 0,\n    \"60\": 0,\n    \"61\": 0,\n    \"62\": 0,\n    \"63\": 0,\n    \"64\": 0,\n    \"65\": 0,\n    \"66\": 0.00292,\n    \"67\": 0.02332,\n    \"68\": 0,\n    \"69\": 0,\n    \"70\": 0.00875,\n    \"71\": 0.01166,\n    \"72\": 0.00292,\n    \"73\": 0,\n    \"74\": 0.00292,\n    \"75\": 0.00292,\n    \"76\": 0,\n    \"77\": 0,\n    \"78\": 0,\n    \"79\": 0.01458,\n    \"80\": 0.00583,\n    \"81\": 0.01166,\n    \"83\": 0.00292,\n    \"84\": 0.00583,\n    \"85\": 0.01458,\n    \"86\": 0.78414,\n    \"87\": 3.34934,\n    \"88\": 0.01166,\n    \"89\": 0.00292,\n    \"90\": 0\n  },\n  F: {\n    \"9\": 0,\n    \"11\": 0,\n    \"12\": 0,\n    \"15\": 0,\n    \"16\": 0,\n    \"17\": 0,\n    \"18\": 0,\n    \"19\": 0,\n    \"20\": 0,\n    \"21\": 0,\n    \"22\": 0,\n    \"23\": 0,\n    \"24\": 0,\n    \"25\": 0,\n    \"26\": 0,\n    \"27\": 0,\n    \"28\": 0,\n    \"29\": 0,\n    \"30\": 0,\n    \"31\": 0,\n    \"32\": 0,\n    \"33\": 0,\n    \"34\": 0,\n    \"35\": 0,\n    \"36\": 0,\n    \"37\": 0,\n    \"38\": 0,\n    \"39\": 0,\n    \"40\": 0,\n    \"41\": 0,\n    \"42\": 0,\n    \"43\": 0,\n    \"44\": 0,\n    \"45\": 0.00292,\n    \"46\": 0.00292,\n    \"47\": 0.03207,\n    \"48\": 0,\n    \"49\": 0.00292,\n    \"50\": 0.00583,\n    \"51\": 0.01749,\n    \"52\": 0,\n    \"53\": 0,\n    \"54\": 0,\n    \"55\": 0.00292,\n    \"56\": 0,\n    \"57\": 0,\n    \"58\": 0,\n    \"60\": 0,\n    \"62\": 0,\n    \"63\": 0,\n    \"64\": 0,\n    \"65\": 0,\n    \"66\": 0,\n    \"67\": 0,\n    \"68\": 0,\n    \"69\": 0,\n    \"70\": 0,\n    \"71\": 0,\n    \"72\": 0.03498,\n    \"9.5-9.6\": 0,\n    \"10.0-10.1\": 0,\n    \"10.5\": 0,\n    \"10.6\": 0,\n    \"11.1\": 0,\n    \"11.5\": 0,\n    \"11.6\": 0,\n    \"12.1\": 0.00292\n  },\n  E: {\n    \"4\": 0,\n    \"5\": 0,\n    \"6\": 0,\n    \"7\": 0,\n    \"8\": 0,\n    \"9\": 0,\n    \"10\": 0,\n    \"11\": 0.00292,\n    \"12\": 0.00292,\n    \"13\": 0.01166,\n    \"14\": 0.0583,\n    _: \"0\",\n    \"3.1\": 0,\n    \"3.2\": 0,\n    \"5.1\": 0,\n    \"6.1\": 0,\n    \"7.1\": 0,\n    \"9.1\": 0,\n    \"10.1\": 0.01749,\n    \"11.1\": 0,\n    \"12.1\": 0.00583,\n    \"13.1\": 0.02332\n  },\n  G: {\n    \"8\": 0,\n    \"3.2\": 0,\n    \"4.0-4.1\": 0,\n    \"4.2-4.3\": 0,\n    \"5.0-5.1\": 0.00817,\n    \"6.0-6.1\": 0,\n    \"7.0-7.1\": 0.00381,\n    \"8.1-8.4\": 0,\n    \"9.0-9.2\": 0.00599,\n    \"9.3\": 0.0305,\n    \"10.0-10.2\": 0.02179,\n    \"10.3\": 0.02614,\n    \"11.0-11.2\": 0.13779,\n    \"11.3-11.4\": 0.04902,\n    \"12.0-12.1\": 0.11764,\n    \"12.2-12.4\": 0.75159,\n    \"13.0-13.1\": 0.22112,\n    \"13.2\": 0.05446,\n    \"13.3\": 0.1416,\n    \"13.4-13.7\": 0.94385,\n    \"14.0-14.3\": 2.93284\n  },\n  B: {\n    \"12\": 0,\n    \"13\": 0.00292,\n    \"14\": 0.00292,\n    \"15\": 0.00292,\n    \"16\": 0.00292,\n    \"17\": 0.00292,\n    \"18\": 0.26818,\n    \"79\": 0,\n    \"80\": 0,\n    \"81\": 0.00292,\n    \"83\": 0.00292,\n    \"84\": 0.00292,\n    \"85\": 0.01166,\n    \"86\": 0.03207,\n    \"87\": 0.39061\n  },\n  I: {\n    \"3\": 0,\n    \"4\": 0,\n    \"81\": 0,\n    \"2.1\": 0,\n    \"2.2\": 0,\n    \"2.3\": 0,\n    \"4.1\": 0.00803,\n    \"4.2-4.3\": 0.04282,\n    \"4.4\": 0,\n    \"4.4.3-4.4.4\": 0.08831\n  },\n  P: {\n    \"4\": 0.13309,\n    \"5.0-5.4\": 0.03071,\n    \"6.2-6.4\": 0.02048,\n    \"7.2-7.4\": 0.52213,\n    \"8.2\": 0.02048,\n    \"9.2\": 0.22523,\n    \"10.1\": 0.68593,\n    \"11.1-11.2\": 0.17404,\n    \"12.0\": 3.00992,\n    \"13.0\": 1.32068\n  },\n  K: {\n    _: \"0 10 11 12 11.1 11.5 12.1\"\n  },\n  A: {\n    \"6\": 0,\n    \"7\": 0,\n    \"8\": 0,\n    \"9\": 0,\n    \"10\": 0,\n    \"11\": 0.06413,\n    \"5.5\": 0\n  },\n  N: {\n    \"10\": 0,\n    \"11\": 0\n  },\n  J: {\n    \"7\": 0,\n    \"10\": 0\n  },\n  O: {\n    \"0\": 3.26619\n  },\n  H: {\n    \"0\": 0.93907\n  },\n  L: {\n    \"0\": 74.9454\n  },\n  S: {\n    \"2.5\": 0.02126\n  },\n  R: {\n    _: \"0\"\n  },\n  M: {\n    \"0\": 0.21255\n  },\n  Q: {\n    \"10.4\": 0.01417\n  }\n};","map":{"version":3,"sources":["/Users/bruceseymour/ra-video/client/node_modules/caniuse-lite/data/regions/WS.js"],"names":["module","exports","C","D","F","E","_","G","B","I","P","K","A","N","J","O","H","L","S","R","M","Q"],