{"ast":null,"code":"module.exports = {\n  C: {\n    \"2\": 0,\n    \"3\": 0,\n    \"4\": 0,\n    \"5\": 0,\n    \"6\": 0,\n    \"7\": 0,\n    \"8\": 0,\n    \"9\": 0,\n    \"10\": 0,\n    \"11\": 0,\n    \"12\": 0,\n    \"13\": 0,\n    \"14\": 0,\n    \"15\": 0,\n    \"16\": 0,\n    \"17\": 0,\n    \"18\": 0,\n    \"19\": 0,\n    \"20\": 0,\n    \"21\": 0,\n    \"22\": 0,\n    \"23\": 0,\n    \"24\": 0,\n    \"25\": 0,\n    \"26\": 0,\n    \"27\": 0,\n    \"28\": 0,\n    \"29\": 0,\n    \"30\": 0,\n    \"31\": 0,\n    \"32\": 0,\n    \"33\": 0,\n    \"34\": 0,\n    \"35\": 0,\n    \"36\": 0,\n    \"37\": 0,\n    \"38\": 0,\n    \"39\": 0,\n    \"40\": 0.0043,\n    \"41\": 0,\n    \"42\": 0,\n    \"43\": 0,\n    \"44\": 0.00859,\n    \"45\": 0,\n    \"46\": 0,\n    \"47\": 0.0043,\n    \"48\": 0,\n    \"49\": 0.00859,\n    \"50\": 0,\n    \"51\": 0.02578,\n    \"52\": 0.12032,\n    \"53\": 0,\n    \"54\": 0.00859,\n    \"55\": 0,\n    \"56\": 0.02149,\n    \"57\": 0,\n    \"58\": 0,\n    \"59\": 0,\n    \"60\": 0.0043,\n    \"61\": 0,\n    \"62\": 0,\n    \"63\": 0.01289,\n    \"64\": 0.01719,\n    \"65\": 0.03867,\n    \"66\": 0.01289,\n    \"67\": 0.0043,\n    \"68\": 0.01719,\n    \"69\": 0,\n    \"70\": 0,\n    \"71\": 0.0043,\n    \"72\": 0.0043,\n    \"73\": 0,\n    \"74\": 0.02149,\n    \"75\": 0,\n    \"76\": 0,\n    \"77\": 0.0043,\n    \"78\": 0.05586,\n    \"79\": 0.00859,\n    \"80\": 0.01289,\n    \"81\": 0.04297,\n    \"82\": 0.03867,\n    \"83\": 0.75198,\n    \"84\": 0.55861,\n    \"85\": 0.0043,\n    \"86\": 0,\n    \"3.5\": 0,\n    \"3.6\": 0\n  },\n  D: {\n    \"4\": 0,\n    \"5\": 0,\n    \"6\": 0,\n    \"7\": 0,\n    \"8\": 0,\n    \"9\": 0,\n    \"10\": 0,\n    \"11\": 0,\n    \"12\": 0,\n    \"13\": 0,\n    \"14\": 0,\n    \"15\": 0,\n    \"16\": 0,\n    \"17\": 0,\n    \"18\": 0,\n    \"19\": 0,\n    \"20\": 0,\n    \"21\": 0,\n    \"22\": 0,\n    \"23\": 0,\n    \"24\": 0,\n    \"25\": 0,\n    \"26\": 0,\n    \"27\": 0,\n    \"28\": 0,\n    \"29\": 0,\n    \"30\": 0,\n    \"31\": 0.0043,\n    \"32\": 0,\n    \"33\": 0,\n    \"34\": 0.0043,\n    \"35\": 0,\n    \"36\": 0,\n    \"37\": 0,\n    \"38\": 0.01289,\n    \"39\": 0,\n    \"40\": 0,\n    \"41\": 0.01719,\n    \"42\": 0,\n    \"43\": 0,\n    \"44\": 0,\n    \"45\": 0,\n    \"46\": 0.00859,\n    \"47\": 0.0043,\n    \"48\": 0.01289,\n    \"49\": 0.20196,\n    \"50\": 0,\n    \"51\": 0,\n    \"52\": 0.0043,\n    \"53\": 0.02149,\n    \"54\": 0,\n    \"55\": 0.0043,\n    \"56\": 0.0043,\n    \"57\": 0.00859,\n    \"58\": 0.0043,\n    \"59\": 0,\n    \"60\": 0.01289,\n    \"61\": 0,\n    \"62\": 0.0043,\n    \"63\": 0.02149,\n    \"64\": 0.0043,\n    \"65\": 0,\n    \"66\": 0.00859,\n    \"67\": 0.00859,\n    \"68\": 0.00859,\n    \"69\": 0.07305,\n    \"70\": 0.09453,\n    \"71\": 0.15469,\n    \"72\": 0.15899,\n    \"73\": 0.02578,\n    \"74\": 0.00859,\n    \"75\": 0.0043,\n    \"76\": 0.01289,\n    \"77\": 0.00859,\n    \"78\": 0.02149,\n    \"79\": 0.02149,\n    \"80\": 0.02578,\n    \"81\": 0.05156,\n    \"83\": 0.1461,\n    \"84\": 0.22774,\n    \"85\": 0.27071,\n    \"86\": 2.04967,\n    \"87\": 10.47179,\n    \"88\": 0.01289,\n    \"89\": 0.0043,\n    \"90\": 0\n  },\n  F: {\n    \"9\": 0,\n    \"11\": 0,\n    \"12\": 0,\n    \"15\": 0,\n    \"16\": 0,\n    \"17\": 0,\n    \"18\": 0,\n    \"19\": 0,\n    \"20\": 0,\n    \"21\": 0,\n    \"22\": 0,\n    \"23\": 0,\n    \"24\": 0,\n    \"25\": 0,\n    \"26\": 0,\n    \"27\": 0,\n    \"28\": 0,\n    \"29\": 0,\n    \"30\": 0,\n    \"31\": 0.01289,\n    \"32\": 0,\n    \"33\": 0,\n    \"34\": 0,\n    \"35\": 0,\n    \"36\": 0.0043,\n    \"37\": 0.0043,\n    \"38\": 0,\n    \"39\": 0,\n    \"40\": 0,\n    \"41\": 0,\n    \"42\": 0,\n    \"43\": 0,\n    \"44\": 0,\n    \"45\": 0,\n    \"46\": 0.0043,\n    \"47\": 0,\n    \"48\": 0,\n    \"49\": 0,\n    \"50\": 0,\n    \"51\": 0,\n    \"52\": 0,\n    \"53\": 0,\n    \"54\": 0,\n    \"55\": 0,\n    \"56\": 0.0043,\n    \"57\": 0,\n    \"58\": 0.0043,\n    \"60\": 0,\n    \"62\": 0,\n    \"63\": 0,\n    \"64\": 0,\n    \"65\": 0,\n    \"66\": 0,\n    \"67\": 0,\n    \"68\": 0.00859,\n    \"69\": 0,\n    \"70\": 0.02149,\n    \"71\": 0.05586,\n    \"72\": 0.25352,\n    \"9.5-9.6\": 0,\n    \"10.0-10.1\": 0,\n    \"10.5\": 0,\n    \"10.6\": 0,\n    \"11.1\": 0,\n    \"11.5\": 0,\n    \"11.6\": 0,\n    \"12.1\": 0\n  },\n  E: {\n    \"4\": 0,\n    \"5\": 0,\n    \"6\": 0,\n    \"7\": 0,\n    \"8\": 0,\n    \"9\": 0,\n    \"10\": 0,\n    \"11\": 0,\n    \"12\": 0,\n    \"13\": 0.02149,\n    \"14\": 0.21055,\n    _: \"0\",\n    \"3.1\": 0,\n    \"3.2\": 0,\n    \"5.1\": 0.0043,\n    \"6.1\": 0,\n    \"7.1\": 0,\n    \"9.1\": 0,\n    \"10.1\": 0,\n    \"11.1\": 0.00859,\n    \"12.1\": 0.00859,\n    \"13.1\": 0.03867\n  },\n  G: {\n    \"8\": 0,\n    \"3.2\": 0,\n    \"4.0-4.1\": 0,\n    \"4.2-4.3\": 0,\n    \"5.0-5.1\": 0.0044,\n    \"6.0-6.1\": 0,\n    \"7.0-7.1\": 0.13343,\n    \"8.1-8.4\": 0.00293,\n    \"9.0-9.2\": 0.0044,\n    \"9.3\": 0.10118,\n    \"10.0-10.2\": 0.03519,\n    \"10.3\": 0.14517,\n    \"11.0-11.2\": 0.09678,\n    \"11.3-11.4\": 0.1437,\n    \"12.0-12.1\": 0.1217,\n    \"12.2-12.4\": 1.43406,\n    \"13.0-13.1\": 0.07478,\n    \"13.2\": 0.04252,\n    \"13.3\": 0.42083,\n    \"13.4-13.7\": 1.74492,\n    \"14.0-14.3\": 10.12932\n  },\n  B: {\n    \"12\": 0.0043,\n    \"13\": 0,\n    \"14\": 0.01289,\n    \"15\": 0.01289,\n    \"16\": 0.0043,\n    \"17\": 0.03867,\n    \"18\": 0.04297,\n    \"79\": 0,\n    \"80\": 0,\n    \"81\": 0,\n    \"83\": 0,\n    \"84\": 0.01289,\n    \"85\": 0.01289,\n    \"86\": 0.01289,\n    \"87\": 0.61017\n  },\n  I: {\n    \"3\": 0,\n    \"4\": 0.00088,\n    \"81\": 0,\n    \"2.1\": 0,\n    \"2.2\": 0,\n    \"2.3\": 0,\n    \"4.1\": 0.00526,\n    \"4.2-4.3\": 0.02191,\n    \"4.4\": 0,\n    \"4.4.3-4.4.4\": 0.10343\n  },\n  P: {\n    \"4\": 0.13177,\n    \"5.0-5.4\": 0.01014,\n    \"6.2-6.4\": 0,\n    \"7.2-7.4\": 0.02027,\n    \"8.2\": 0.01014,\n    \"9.2\": 0.08109,\n    \"10.1\": 0.04055,\n    \"11.1-11.2\": 0.15205,\n    \"12.0\": 0.31423,\n    \"13.0\": 2.19962\n  },\n  K: {\n    _: \"0 10 11 12 11.1 11.5 12.1\"\n  },\n  A: {\n    \"6\": 0,\n    \"7\": 0,\n    \"8\": 0.0043,\n    \"9\": 0.0043,\n    \"10\": 0.0043,\n    \"11\": 0.18907,\n    \"5.5\": 0\n  },\n  N: {\n    \"10\": 0,\n    \"11\": 0\n  },\n  J: {\n    \"7\": 0,\n    \"10\": 0.0057\n  },\n  O: {\n    \"0\": 0.02281\n  },\n  H: {\n    \"0\": 0.11338\n  },\n  L: {\n    \"0\": 62.47342\n  },\n  S: {\n    \"2.5\": 0\n  },\n  R: {\n    _: \"0\"\n  },\n  M: {\n    \"0\": 0.10836\n  },\n  Q: {\n    \"10.4\": 0\n  }\n};","map":{"version":3,"sources":["/Users/bruceseymour/ra-video/client/node_modules/caniuse-lite/data/regions/MK.js"],"names":["module","exports","C","D","F","E","_","G","B","I","P","K","A","N","J","O","H","L","S","R","M","Q"],