{"ast":null,"code":"module.exports = {\n  C: {\n    \"2\": 0,\n    \"3\": 0.01754,\n    \"4\": 0,\n    \"5\": 0,\n    \"6\": 0,\n    \"7\": 0,\n    \"8\": 0,\n    \"9\": 0,\n    \"10\": 0,\n    \"11\": 0,\n    \"12\": 0,\n    \"13\": 0,\n    \"14\": 0,\n    \"15\": 0.00251,\n    \"16\": 0,\n    \"17\": 0,\n    \"18\": 0,\n    \"19\": 0,\n    \"20\": 0.00251,\n    \"21\": 0,\n    \"22\": 0,\n    \"23\": 0,\n    \"24\": 0,\n    \"25\": 0,\n    \"26\": 0,\n    \"27\": 0,\n    \"28\": 0,\n    \"29\": 0,\n    \"30\": 0,\n    \"31\": 0,\n    \"32\": 0,\n    \"33\": 0,\n    \"34\": 0,\n    \"35\": 0.00251,\n    \"36\": 0,\n    \"37\": 0,\n    \"38\": 0,\n    \"39\": 0,\n    \"40\": 0,\n    \"41\": 0.00251,\n    \"42\": 0,\n    \"43\": 0.00501,\n    \"44\": 0,\n    \"45\": 0.00251,\n    \"46\": 0,\n    \"47\": 0.00251,\n    \"48\": 0.00752,\n    \"49\": 0,\n    \"50\": 0.00251,\n    \"51\": 0,\n    \"52\": 0,\n    \"53\": 0,\n    \"54\": 0,\n    \"55\": 0,\n    \"56\": 0.00251,\n    \"57\": 0.00251,\n    \"58\": 0,\n    \"59\": 0,\n    \"60\": 0.00251,\n    \"61\": 0.00501,\n    \"62\": 0,\n    \"63\": 0,\n    \"64\": 0,\n    \"65\": 0,\n    \"66\": 0,\n    \"67\": 0.00251,\n    \"68\": 0.02004,\n    \"69\": 0,\n    \"70\": 0,\n    \"71\": 0.00251,\n    \"72\": 0.00501,\n    \"73\": 0,\n    \"74\": 0,\n    \"75\": 0,\n    \"76\": 0,\n    \"77\": 0,\n    \"78\": 0.00251,\n    \"79\": 0,\n    \"80\": 0.02255,\n    \"81\": 0.02505,\n    \"82\": 0.01002,\n    \"83\": 0.3507,\n    \"84\": 0.2004,\n    \"85\": 0.00251,\n    \"86\": 0,\n    \"3.5\": 0,\n    \"3.6\": 0\n  },\n  D: {\n    \"4\": 0,\n    \"5\": 0,\n    \"6\": 0,\n    \"7\": 0,\n    \"8\": 0,\n    \"9\": 0,\n    \"10\": 0,\n    \"11\": 0,\n    \"12\": 0,\n    \"13\": 0,\n    \"14\": 0,\n    \"15\": 0,\n    \"16\": 0,\n    \"17\": 0,\n    \"18\": 0,\n    \"19\": 0,\n    \"20\": 0,\n    \"21\": 0,\n    \"22\": 0,\n    \"23\": 0,\n    \"24\": 0,\n    \"25\": 0,\n    \"26\": 0,\n    \"27\": 0,\n    \"28\": 0,\n    \"29\": 0,\n    \"30\": 0,\n    \"31\": 0,\n    \"32\": 0,\n    \"33\": 0,\n    \"34\": 0,\n    \"35\": 0,\n    \"36\": 0,\n    \"37\": 0.00251,\n    \"38\": 0,\n    \"39\": 0,\n    \"40\": 0.00501,\n    \"41\": 0,\n    \"42\": 0,\n    \"43\": 0.00251,\n    \"44\": 0,\n    \"45\": 0,\n    \"46\": 0,\n    \"47\": 0,\n    \"48\": 0.01002,\n    \"49\": 0.01002,\n    \"50\": 0,\n    \"51\": 0.00251,\n    \"52\": 0.01503,\n    \"53\": 0,\n    \"54\": 0,\n    \"55\": 0,\n    \"56\": 0,\n    \"57\": 0,\n    \"58\": 0.00251,\n    \"59\": 0,\n    \"60\": 0.00251,\n    \"61\": 0,\n    \"62\": 0.00251,\n    \"63\": 0,\n    \"64\": 0,\n    \"65\": 0,\n    \"66\": 0,\n    \"67\": 0,\n    \"68\": 0,\n    \"69\": 0,\n    \"70\": 0,\n    \"71\": 0.00251,\n    \"72\": 0,\n    \"73\": 0.00251,\n    \"74\": 0.00501,\n    \"75\": 0.00251,\n    \"76\": 0.26804,\n    \"77\": 0.01253,\n    \"78\": 0,\n    \"79\": 0.02756,\n    \"80\": 0.01253,\n    \"81\": 0.01754,\n    \"83\": 0.00501,\n    \"84\": 0.00501,\n    \"85\": 0.01253,\n    \"86\": 0.41583,\n    \"87\": 1.88126,\n    \"88\": 0.00752,\n    \"89\": 0,\n    \"90\": 0\n  },\n  F: {\n    \"9\": 0,\n    \"11\": 0,\n    \"12\": 0,\n    \"15\": 0,\n    \"16\": 0.01253,\n    \"17\": 0,\n    \"18\": 0,\n    \"19\": 0,\n    \"20\": 0,\n    \"21\": 0,\n    \"22\": 0,\n    \"23\": 0,\n    \"24\": 0,\n    \"25\": 0,\n    \"26\": 0,\n    \"27\": 0,\n    \"28\": 0.01754,\n    \"29\": 0.00251,\n    \"30\": 0.01503,\n    \"31\": 0,\n    \"32\": 0,\n    \"33\": 0,\n    \"34\": 0.00251,\n    \"35\": 0,\n    \"36\": 0,\n    \"37\": 0,\n    \"38\": 0.00251,\n    \"39\": 0,\n    \"40\": 0,\n    \"41\": 0,\n    \"42\": 0,\n    \"43\": 0,\n    \"44\": 0,\n    \"45\": 0.00251,\n    \"46\": 0.01002,\n    \"47\": 0.00251,\n    \"48\": 0.00251,\n    \"49\": 0,\n    \"50\": 0.01002,\n    \"51\": 0.00501,\n    \"52\": 0,\n    \"53\": 0.00752,\n    \"54\": 0,\n    \"55\": 0.01754,\n    \"56\": 0.00251,\n    \"57\": 0,\n    \"58\": 0,\n    \"60\": 0,\n    \"62\": 0,\n    \"63\": 0,\n    \"64\": 0,\n    \"65\": 0.00251,\n    \"66\": 0,\n    \"67\": 0,\n    \"68\": 0,\n    \"69\": 0.00251,\n    \"70\": 0.00501,\n    \"71\": 0.03507,\n    \"72\": 0.21042,\n    \"9.5-9.6\": 0,\n    \"10.0-10.1\": 0,\n    \"10.5\": 0,\n    \"10.6\": 0,\n    \"11.1\": 0,\n    \"11.5\": 0,\n    \"11.6\": 0,\n    \"12.1\": 0\n  },\n  E: {\n    \"4\": 0,\n    \"5\": 0,\n    \"6\": 0,\n    \"7\": 0,\n    \"8\": 0.00251,\n    \"9\": 0,\n    \"10\": 0,\n    \"11\": 0.00251,\n    \"12\": 0,\n    \"13\": 0,\n    \"14\": 0.3482,\n    _: \"0\",\n    \"3.1\": 0,\n    \"3.2\": 0,\n    \"5.1\": 0.00501,\n    \"6.1\": 0,\n    \"7.1\": 0,\n    \"9.1\": 0,\n    \"10.1\": 0,\n    \"11.1\": 0.00251,\n    \"12.1\": 0.00501,\n    \"13.1\": 0.01002\n  },\n  G: {\n    \"8\": 0.00221,\n    \"3.2\": 0,\n    \"4.0-4.1\": 0,\n    \"4.2-4.3\": 0,\n    \"5.0-5.1\": 0,\n    \"6.0-6.1\": 0,\n    \"7.0-7.1\": 0.00553,\n    \"8.1-8.4\": 0,\n    \"9.0-9.2\": 0.00221,\n    \"9.3\": 0.12557,\n    \"10.0-10.2\": 0.01272,\n    \"10.3\": 0.1217,\n    \"11.0-11.2\": 0.43589,\n    \"11.3-11.4\": 0.47406,\n    \"12.0-12.1\": 0.2539,\n    \"12.2-12.4\": 0.40768,\n    \"13.0-13.1\": 0.12225,\n    \"13.2\": 0.09902,\n    \"13.3\": 0.0957,\n    \"13.4-13.7\": 0.55095,\n    \"14.0-14.3\": 2.82004\n  },\n  B: {\n    \"12\": 0.00752,\n    \"13\": 0.01253,\n    \"14\": 0.02505,\n    \"15\": 0.00501,\n    \"16\": 0.00251,\n    \"17\": 0.00752,\n    \"18\": 0.01503,\n    \"79\": 0,\n    \"80\": 0,\n    \"81\": 0,\n    \"83\": 0.00251,\n    \"84\": 0.00501,\n    \"85\": 0.02004,\n    \"86\": 0.01253,\n    \"87\": 0.6012\n  },\n  I: {\n    \"3\": 0,\n    \"4\": 0,\n    \"81\": 0,\n    \"2.1\": 0,\n    \"2.2\": 0,\n    \"2.3\": 0,\n    \"4.1\": 0.08035,\n    \"4.2-4.3\": 0.21427,\n    \"4.4\": 0,\n    \"4.4.3-4.4.4\": 2.66502\n  },\n  P: {\n    \"4\": 0.5565,\n    \"5.0-5.4\": 0.04047,\n    \"6.2-6.4\": 0.06071,\n    \"7.2-7.4\": 0.5565,\n    \"8.2\": 0,\n    \"9.2\": 0.20237,\n    \"10.1\": 0.07083,\n    \"11.1-11.2\": 0.32378,\n    \"12.0\": 0.88029,\n    \"13.0\": 0.54639\n  },\n  K: {\n    _: \"0 10 11 12 11.1 11.5 12.1\"\n  },\n  A: {\n    \"6\": 0,\n    \"7\": 0,\n    \"8\": 0.03783,\n    \"9\": 0,\n    \"10\": 0,\n    \"11\": 0.71868,\n    \"5.5\": 0\n  },\n  N: {\n    \"10\": 0,\n    \"11\": 0\n  },\n  J: {\n    \"7\": 0,\n    \"10\": 0.02249\n  },\n  O: {\n    \"0\": 3.21536\n  },\n  H: {\n    \"0\": 3.03699\n  },\n  L: {\n    \"0\": 69.83417\n  },\n  S: {\n    \"2.5\": 0.08245\n  },\n  R: {\n    _: \"0\"\n  },\n  M: {\n    \"0\": 0.06746\n  },\n  Q: {\n    \"10.4\": 2.87808\n  }\n};","map":{"version":3,"sources":["/Users/bruceseymour/ra-video/client/node_modules/caniuse-lite/data/regions/TD.js"],"names":["module","exports","C","D","F","E","_","G","B","I","P","K","A","N","J","O","H","L","S","R","M","Q"],