{"ast":null,"code":"module.exports = {\n  C: {\n    \"2\": 0,\n    \"3\": 0,\n    \"4\": 0,\n    \"5\": 0,\n    \"6\": 0,\n    \"7\": 0,\n    \"8\": 0,\n    \"9\": 0,\n    \"10\": 0,\n    \"11\": 0,\n    \"12\": 0,\n    \"13\": 0,\n    \"14\": 0,\n    \"15\": 0,\n    \"16\": 0,\n    \"17\": 0,\n    \"18\": 0,\n    \"19\": 0,\n    \"20\": 0,\n    \"21\": 0,\n    \"22\": 0,\n    \"23\": 0,\n    \"24\": 0,\n    \"25\": 0,\n    \"26\": 0,\n    \"27\": 0,\n    \"28\": 0,\n    \"29\": 0,\n    \"30\": 0.00609,\n    \"31\": 0,\n    \"32\": 0,\n    \"33\": 0,\n    \"34\": 0,\n    \"35\": 0,\n    \"36\": 0,\n    \"37\": 0,\n    \"38\": 0,\n    \"39\": 0,\n    \"40\": 0,\n    \"41\": 0,\n    \"42\": 0,\n    \"43\": 0,\n    \"44\": 0,\n    \"45\": 0,\n    \"46\": 0,\n    \"47\": 0,\n    \"48\": 0,\n    \"49\": 0,\n    \"50\": 0,\n    \"51\": 0,\n    \"52\": 0.01218,\n    \"53\": 0,\n    \"54\": 0,\n    \"55\": 0,\n    \"56\": 0,\n    \"57\": 0,\n    \"58\": 0.01218,\n    \"59\": 0,\n    \"60\": 0,\n    \"61\": 0,\n    \"62\": 0,\n    \"63\": 0,\n    \"64\": 0,\n    \"65\": 0.00609,\n    \"66\": 0.00609,\n    \"67\": 0,\n    \"68\": 0.00609,\n    \"69\": 0,\n    \"70\": 0,\n    \"71\": 0,\n    \"72\": 0.00609,\n    \"73\": 0,\n    \"74\": 0,\n    \"75\": 0,\n    \"76\": 0,\n    \"77\": 0.01218,\n    \"78\": 0.01218,\n    \"79\": 0,\n    \"80\": 0.00609,\n    \"81\": 0.03045,\n    \"82\": 0.01218,\n    \"83\": 0.52983,\n    \"84\": 0.35931,\n    \"85\": 0.00609,\n    \"86\": 0,\n    \"3.5\": 0,\n    \"3.6\": 0\n  },\n  D: {\n    \"4\": 0,\n    \"5\": 0,\n    \"6\": 0,\n    \"7\": 0,\n    \"8\": 0,\n    \"9\": 0,\n    \"10\": 0,\n    \"11\": 0,\n    \"12\": 0,\n    \"13\": 0.00609,\n    \"14\": 0,\n    \"15\": 0,\n    \"16\": 0,\n    \"17\": 0,\n    \"18\": 0,\n    \"19\": 0,\n    \"20\": 0,\n    \"21\": 0,\n    \"22\": 0,\n    \"23\": 0,\n    \"24\": 0,\n    \"25\": 0,\n    \"26\": 0,\n    \"27\": 0,\n    \"28\": 0,\n    \"29\": 0,\n    \"30\": 0,\n    \"31\": 0,\n    \"32\": 0,\n    \"33\": 0,\n    \"34\": 0,\n    \"35\": 0,\n    \"36\": 0,\n    \"37\": 0,\n    \"38\": 0.00609,\n    \"39\": 0.00609,\n    \"40\": 0.00609,\n    \"41\": 0.00609,\n    \"42\": 0,\n    \"43\": 0.00609,\n    \"44\": 0,\n    \"45\": 0,\n    \"46\": 0,\n    \"47\": 0.01218,\n    \"48\": 0,\n    \"49\": 0.26187,\n    \"50\": 0.00609,\n    \"51\": 0,\n    \"52\": 0,\n    \"53\": 0.01827,\n    \"54\": 0,\n    \"55\": 0,\n    \"56\": 0.01218,\n    \"57\": 0,\n    \"58\": 0.01218,\n    \"59\": 0.01827,\n    \"60\": 0,\n    \"61\": 0.01827,\n    \"62\": 0.00609,\n    \"63\": 0.01827,\n    \"64\": 0.00609,\n    \"65\": 0.01218,\n    \"66\": 0.03654,\n    \"67\": 0.01218,\n    \"68\": 0.03654,\n    \"69\": 0.01218,\n    \"70\": 0.01827,\n    \"71\": 0.03045,\n    \"72\": 0.01218,\n    \"73\": 0.01218,\n    \"74\": 0.01827,\n    \"75\": 0.02436,\n    \"76\": 0.02436,\n    \"77\": 0.02436,\n    \"78\": 0.03045,\n    \"79\": 0.11571,\n    \"80\": 0.21924,\n    \"81\": 0.07308,\n    \"83\": 0.09135,\n    \"84\": 0.21315,\n    \"85\": 0.17052,\n    \"86\": 3.56874,\n    \"87\": 20.83998,\n    \"88\": 0.06699,\n    \"89\": 0.03045,\n    \"90\": 0\n  },\n  F: {\n    \"9\": 0,\n    \"11\": 0,\n    \"12\": 0,\n    \"15\": 0,\n    \"16\": 0,\n    \"17\": 0,\n    \"18\": 0,\n    \"19\": 0,\n    \"20\": 0,\n    \"21\": 0,\n    \"22\": 0.00609,\n    \"23\": 0,\n    \"24\": 0,\n    \"25\": 0,\n    \"26\": 0,\n    \"27\": 0,\n    \"28\": 0,\n    \"29\": 0,\n    \"30\": 0,\n    \"31\": 0,\n    \"32\": 0,\n    \"33\": 0,\n    \"34\": 0,\n    \"35\": 0.00609,\n    \"36\": 0.00609,\n    \"37\": 0,\n    \"38\": 0,\n    \"39\": 0,\n    \"40\": 0.00609,\n    \"41\": 0,\n    \"42\": 0,\n    \"43\": 0,\n    \"44\": 0,\n    \"45\": 0.00609,\n    \"46\": 0.02436,\n    \"47\": 0,\n    \"48\": 0.00609,\n    \"49\": 0.00609,\n    \"50\": 0,\n    \"51\": 0,\n    \"52\": 0,\n    \"53\": 0,\n    \"54\": 0,\n    \"55\": 0,\n    \"56\": 0,\n    \"57\": 0.00609,\n    \"58\": 0,\n    \"60\": 0.03045,\n    \"62\": 0,\n    \"63\": 0.00609,\n    \"64\": 0,\n    \"65\": 0,\n    \"66\": 0,\n    \"67\": 0.00609,\n    \"68\": 0.01218,\n    \"69\": 0.00609,\n    \"70\": 0.00609,\n    \"71\": 0.17661,\n    \"72\": 2.18022,\n    \"9.5-9.6\": 0,\n    \"10.0-10.1\": 0,\n    \"10.5\": 0,\n    \"10.6\": 0,\n    \"11.1\": 0,\n    \"11.5\": 0,\n    \"11.6\": 0,\n    \"12.1\": 0\n  },\n  E: {\n    \"4\": 0,\n    \"5\": 0,\n    \"6\": 0,\n    \"7\": 0,\n    \"8\": 0,\n    \"9\": 0,\n    \"10\": 0,\n    \"11\": 0,\n    \"12\": 0.00609,\n    \"13\": 0.03654,\n    \"14\": 0.40803,\n    _: \"0\",\n    \"3.1\": 0,\n    \"3.2\": 0,\n    \"5.1\": 0.03045,\n    \"6.1\": 0,\n    \"7.1\": 0,\n    \"9.1\": 0.04872,\n    \"10.1\": 0,\n    \"11.1\": 0.01218,\n    \"12.1\": 0.03654,\n    \"13.1\": 0.08526\n  },\n  G: {\n    \"8\": 0,\n    \"3.2\": 0,\n    \"4.0-4.1\": 0,\n    \"4.2-4.3\": 0,\n    \"5.0-5.1\": 0.10904,\n    \"6.0-6.1\": 0.0026,\n    \"7.0-7.1\": 0.15058,\n    \"8.1-8.4\": 0.04024,\n    \"9.0-9.2\": 0.00649,\n    \"9.3\": 0.39591,\n    \"10.0-10.2\": 0.03245,\n    \"10.3\": 0.29336,\n    \"11.0-11.2\": 0.17005,\n    \"11.3-11.4\": 0.11034,\n    \"12.0-12.1\": 0.15447,\n    \"12.2-12.4\": 1.96656,\n    \"13.0-13.1\": 0.08437,\n    \"13.2\": 0.04024,\n    \"13.3\": 0.37384,\n    \"13.4-13.7\": 1.40191,\n    \"14.0-14.3\": 7.59366\n  },\n  B: {\n    \"12\": 0.01218,\n    \"13\": 0.19488,\n    \"14\": 0.26796,\n    \"15\": 0.02436,\n    \"16\": 0.21924,\n    \"17\": 0.02436,\n    \"18\": 0.72471,\n    \"79\": 0.01218,\n    \"80\": 0,\n    \"81\": 0,\n    \"83\": 0,\n    \"84\": 0.01827,\n    \"85\": 0.00609,\n    \"86\": 0.09744,\n    \"87\": 2.24721\n  },\n  I: {\n    \"3\": 0,\n    \"4\": 0.00922,\n    \"81\": 0,\n    \"2.1\": 0,\n    \"2.2\": 0,\n    \"2.3\": 0,\n    \"4.1\": 0.02765,\n    \"4.2-4.3\": 0.18894,\n    \"4.4\": 0,\n    \"4.4.3-4.4.4\": 0.7189\n  },\n  P: {\n    \"4\": 0.46875,\n    \"5.0-5.4\": 0,\n    \"6.2-6.4\": 0,\n    \"7.2-7.4\": 0.07133,\n    \"8.2\": 0.01019,\n    \"9.2\": 0.06114,\n    \"10.1\": 0.04076,\n    \"11.1-11.2\": 0.15285,\n    \"12.0\": 0.33628,\n    \"13.0\": 1.16169\n  },\n  K: {\n    _: \"0 10 11 12 11.1 11.5 12.1\"\n  },\n  A: {\n    \"6\": 0,\n    \"7\": 0,\n    \"8\": 0.02561,\n    \"9\": 0,\n    \"10\": 0,\n    \"11\": 0.22408,\n    \"5.5\": 0\n  },\n  N: {\n    \"10\": 0,\n    \"11\": 0\n  },\n  J: {\n    \"7\": 0,\n    \"10\": 0\n  },\n  O: {\n    \"0\": 0.09384\n  },\n  H: {\n    \"0\": 0.29614\n  },\n  L: {\n    \"0\": 45.28396\n  },\n  S: {\n    \"2.5\": 0.00782\n  },\n  R: {\n    _: \"0\"\n  },\n  M: {\n    \"0\": 0.0782\n  },\n  Q: {\n    \"10.4\": 0\n  }\n};","map":{"version":3,"sources":["/Users/bruceseymour/ra-video/client/node_modules/caniuse-lite/data/regions/GE.js"],"names":["module","exports","C","D","F","E","_","G","B","I","P","K","A","N","J","O","H","L","S","R","M","Q"],