{"ast":null,"code":"module.exports = {\n  C: {\n    \"2\": 0,\n    \"3\": 0,\n    \"4\": 0,\n    \"5\": 0,\n    \"6\": 0,\n    \"7\": 0,\n    \"8\": 0,\n    \"9\": 0,\n    \"10\": 0,\n    \"11\": 0,\n    \"12\": 0,\n    \"13\": 0,\n    \"14\": 0,\n    \"15\": 0,\n    \"16\": 0,\n    \"17\": 0,\n    \"18\": 0,\n    \"19\": 0,\n    \"20\": 0,\n    \"21\": 0,\n    \"22\": 0,\n    \"23\": 0,\n    \"24\": 0,\n    \"25\": 0,\n    \"26\": 0,\n    \"27\": 0,\n    \"28\": 0,\n    \"29\": 0.00428,\n    \"30\": 0,\n    \"31\": 0,\n    \"32\": 0,\n    \"33\": 0.00428,\n    \"34\": 0,\n    \"35\": 0,\n    \"36\": 0,\n    \"37\": 0,\n    \"38\": 0,\n    \"39\": 0,\n    \"40\": 0,\n    \"41\": 0,\n    \"42\": 0,\n    \"43\": 0,\n    \"44\": 0,\n    \"45\": 0,\n    \"46\": 0,\n    \"47\": 0,\n    \"48\": 0,\n    \"49\": 0,\n    \"50\": 0,\n    \"51\": 0,\n    \"52\": 0,\n    \"53\": 0,\n    \"54\": 0,\n    \"55\": 0,\n    \"56\": 0,\n    \"57\": 0,\n    \"58\": 0.00428,\n    \"59\": 0,\n    \"60\": 0,\n    \"61\": 0,\n    \"62\": 0,\n    \"63\": 0,\n    \"64\": 0,\n    \"65\": 0,\n    \"66\": 0.00855,\n    \"67\": 0,\n    \"68\": 0.01283,\n    \"69\": 0,\n    \"70\": 0,\n    \"71\": 0.00428,\n    \"72\": 0.00428,\n    \"73\": 0,\n    \"74\": 0,\n    \"75\": 0,\n    \"76\": 0,\n    \"77\": 0.00855,\n    \"78\": 0.01283,\n    \"79\": 0.00428,\n    \"80\": 0,\n    \"81\": 0.01283,\n    \"82\": 0.01283,\n    \"83\": 0.69715,\n    \"84\": 0.56456,\n    \"85\": 0,\n    \"86\": 0,\n    \"3.5\": 0,\n    \"3.6\": 0\n  },\n  D: {\n    \"4\": 0,\n    \"5\": 0,\n    \"6\": 0,\n    \"7\": 0,\n    \"8\": 0,\n    \"9\": 0,\n    \"10\": 0,\n    \"11\": 0.11976,\n    \"12\": 0,\n    \"13\": 0,\n    \"14\": 0,\n    \"15\": 0,\n    \"16\": 0,\n    \"17\": 0,\n    \"18\": 0,\n    \"19\": 0,\n    \"20\": 0,\n    \"21\": 0,\n    \"22\": 0,\n    \"23\": 0,\n    \"24\": 0,\n    \"25\": 0,\n    \"26\": 0,\n    \"27\": 0,\n    \"28\": 0,\n    \"29\": 0,\n    \"30\": 0,\n    \"31\": 0,\n    \"32\": 0,\n    \"33\": 0,\n    \"34\": 0,\n    \"35\": 0,\n    \"36\": 0,\n    \"37\": 0,\n    \"38\": 0,\n    \"39\": 0,\n    \"40\": 0.00855,\n    \"41\": 0,\n    \"42\": 0,\n    \"43\": 0,\n    \"44\": 0,\n    \"45\": 0,\n    \"46\": 0,\n    \"47\": 0,\n    \"48\": 0,\n    \"49\": 0.27373,\n    \"50\": 0,\n    \"51\": 0,\n    \"52\": 0,\n    \"53\": 0,\n    \"54\": 0,\n    \"55\": 0,\n    \"56\": 0,\n    \"57\": 0,\n    \"58\": 0,\n    \"59\": 0,\n    \"60\": 0.01711,\n    \"61\": 0,\n    \"62\": 0.02139,\n    \"63\": 0.00855,\n    \"64\": 0,\n    \"65\": 0,\n    \"66\": 0.00428,\n    \"67\": 0.00428,\n    \"68\": 0,\n    \"69\": 0.1112,\n    \"70\": 0.00428,\n    \"71\": 0.00428,\n    \"72\": 0,\n    \"73\": 0,\n    \"74\": 0,\n    \"75\": 0.15825,\n    \"76\": 0.00428,\n    \"77\": 0.00428,\n    \"78\": 0,\n    \"79\": 0.02139,\n    \"80\": 0.00855,\n    \"81\": 0.01711,\n    \"83\": 0.00855,\n    \"84\": 0.10265,\n    \"85\": 0.02566,\n    \"86\": 2.13422,\n    \"87\": 6.65501,\n    \"88\": 0.02139,\n    \"89\": 0.00855,\n    \"90\": 0\n  },\n  F: {\n    \"9\": 0,\n    \"11\": 0,\n    \"12\": 0,\n    \"15\": 0,\n    \"16\": 0,\n    \"17\": 0.00428,\n    \"18\": 0,\n    \"19\": 0.00428,\n    \"20\": 0,\n    \"21\": 0,\n    \"22\": 0,\n    \"23\": 0,\n    \"24\": 0,\n    \"25\": 0,\n    \"26\": 0.00855,\n    \"27\": 0,\n    \"28\": 0,\n    \"29\": 0,\n    \"30\": 0,\n    \"31\": 0,\n    \"32\": 0,\n    \"33\": 0,\n    \"34\": 0,\n    \"35\": 0,\n    \"36\": 0,\n    \"37\": 0.01283,\n    \"38\": 0,\n    \"39\": 0,\n    \"40\": 0,\n    \"41\": 0,\n    \"42\": 0,\n    \"43\": 0,\n    \"44\": 0,\n    \"45\": 0.00428,\n    \"46\": 0.00855,\n    \"47\": 0,\n    \"48\": 0,\n    \"49\": 0,\n    \"50\": 0.00855,\n    \"51\": 0,\n    \"52\": 0,\n    \"53\": 0,\n    \"54\": 0,\n    \"55\": 0,\n    \"56\": 0,\n    \"57\": 0,\n    \"58\": 0,\n    \"60\": 0,\n    \"62\": 0,\n    \"63\": 0.00428,\n    \"64\": 0.00428,\n    \"65\": 0,\n    \"66\": 0,\n    \"67\": 0,\n    \"68\": 0,\n    \"69\": 0,\n    \"70\": 0,\n    \"71\": 0,\n    \"72\": 0.17108,\n    \"9.5-9.6\": 0,\n    \"10.0-10.1\": 0,\n    \"10.5\": 0,\n    \"10.6\": 0,\n    \"11.1\": 0,\n    \"11.5\": 0,\n    \"11.6\": 0,\n    \"12.1\": 0.02139\n  },\n  E: {\n    \"4\": 0,\n    \"5\": 0,\n    \"6\": 0,\n    \"7\": 0.00428,\n    \"8\": 0.00855,\n    \"9\": 0.00855,\n    \"10\": 0,\n    \"11\": 0,\n    \"12\": 0.00855,\n    \"13\": 0,\n    \"14\": 0.0556,\n    _: \"0\",\n    \"3.1\": 0,\n    \"3.2\": 0,\n    \"5.1\": 0,\n    \"6.1\": 0,\n    \"7.1\": 0,\n    \"9.1\": 0,\n    \"10.1\": 0,\n    \"11.1\": 0.00428,\n    \"12.1\": 0.02139,\n    \"13.1\": 0.01711\n  },\n  G: {\n    \"8\": 0,\n    \"3.2\": 0,\n    \"4.0-4.1\": 0,\n    \"4.2-4.3\": 0,\n    \"5.0-5.1\": 0,\n    \"6.0-6.1\": 0,\n    \"7.0-7.1\": 0.00394,\n    \"8.1-8.4\": 0,\n    \"9.0-9.2\": 0.59964,\n    \"9.3\": 0.03998,\n    \"10.0-10.2\": 0.01914,\n    \"10.3\": 0.00394,\n    \"11.0-11.2\": 0.02308,\n    \"11.3-11.4\": 0.0214,\n    \"12.0-12.1\": 0.02703,\n    \"12.2-12.4\": 1.0039,\n    \"13.0-13.1\": 0.30742,\n    \"13.2\": 0.00845,\n    \"13.3\": 0.13288,\n    \"13.4-13.7\": 1.88168,\n    \"14.0-14.3\": 1.55343\n  },\n  B: {\n    \"12\": 0.01283,\n    \"13\": 0.02994,\n    \"14\": 0.01283,\n    \"15\": 0.19674,\n    \"16\": 0.08982,\n    \"17\": 0.11548,\n    \"18\": 0.60733,\n    \"79\": 0,\n    \"80\": 0.00428,\n    \"81\": 0,\n    \"83\": 0.00428,\n    \"84\": 0.00855,\n    \"85\": 0.02139,\n    \"86\": 0.05132,\n    \"87\": 1.2831\n  },\n  I: {\n    \"3\": 0,\n    \"4\": 0,\n    \"81\": 0,\n    \"2.1\": 0,\n    \"2.2\": 0,\n    \"2.3\": 0,\n    \"4.1\": 0.01089,\n    \"4.2-4.3\": 0.01556,\n    \"4.4\": 0,\n    \"4.4.3-4.4.4\": 0.47759\n  },\n  P: {\n    \"4\": 0.49496,\n    \"5.0-5.4\": 0.0404,\n    \"6.2-6.4\": 0.08081,\n    \"7.2-7.4\": 0.8788,\n    \"8.2\": 0.0101,\n    \"9.2\": 0.37374,\n    \"10.1\": 0.16162,\n    \"11.1-11.2\": 0.35354,\n    \"12.0\": 0.48486,\n    \"13.0\": 0.98991\n  },\n  K: {\n    _: \"0 10 11 12 11.1 11.5 12.1\"\n  },\n  A: {\n    \"6\": 0,\n    \"7\": 0,\n    \"8\": 0,\n    \"9\": 0.01283,\n    \"10\": 0,\n    \"11\": 1.01793,\n    \"5.5\": 0\n  },\n  N: {\n    \"10\": 0,\n    \"11\": 0\n  },\n  J: {\n    \"7\": 0,\n    \"10\": 0\n  },\n  O: {\n    \"0\": 4.30942\n  },\n  H: {\n    \"0\": 2.93123\n  },\n  L: {\n    \"0\": 62.2609\n  },\n  S: {\n    \"2.5\": 0\n  },\n  R: {\n    _: \"0\"\n  },\n  M: {\n    \"0\": 0.09157\n  },\n  Q: {\n    \"10.4\": 0.02862\n  }\n};","map":{"version":3,"sources":["/Users/bruceseymour/ra-video/client/node_modules/caniuse-lite/data/regions/SB.js"],"names":["module","exports","C","D","F","E","_","G","B","I","P","K","A","N","J","O","H","L","S","R","M","Q"],