{"ast":null,"code":"module.exports = {\n  C: {\n    \"2\": 0,\n    \"3\": 0,\n    \"4\": 0,\n    \"5\": 0,\n    \"6\": 0,\n    \"7\": 0,\n    \"8\": 0,\n    \"9\": 0,\n    \"10\": 0,\n    \"11\": 0,\n    \"12\": 0,\n    \"13\": 0,\n    \"14\": 0,\n    \"15\": 0,\n    \"16\": 0,\n    \"17\": 0,\n    \"18\": 0,\n    \"19\": 0,\n    \"20\": 0,\n    \"21\": 0,\n    \"22\": 0,\n    \"23\": 0,\n    \"24\": 0,\n    \"25\": 0,\n    \"26\": 0,\n    \"27\": 0,\n    \"28\": 0,\n    \"29\": 0,\n    \"30\": 0.00402,\n    \"31\": 0,\n    \"32\": 0,\n    \"33\": 0,\n    \"34\": 0.00805,\n    \"35\": 0,\n    \"36\": 0,\n    \"37\": 0,\n    \"38\": 0,\n    \"39\": 0.00402,\n    \"40\": 0,\n    \"41\": 0,\n    \"42\": 0,\n    \"43\": 0,\n    \"44\": 0,\n    \"45\": 0,\n    \"46\": 0,\n    \"47\": 0,\n    \"48\": 0,\n    \"49\": 0,\n    \"50\": 0,\n    \"51\": 0,\n    \"52\": 0.01609,\n    \"53\": 0,\n    \"54\": 0,\n    \"55\": 0,\n    \"56\": 0.00402,\n    \"57\": 0,\n    \"58\": 0,\n    \"59\": 0,\n    \"60\": 0.01207,\n    \"61\": 0,\n    \"62\": 0,\n    \"63\": 0,\n    \"64\": 0,\n    \"65\": 0.00402,\n    \"66\": 0,\n    \"67\": 0,\n    \"68\": 0.00805,\n    \"69\": 0,\n    \"70\": 0,\n    \"71\": 0,\n    \"72\": 0.00402,\n    \"73\": 0,\n    \"74\": 0,\n    \"75\": 0,\n    \"76\": 0.00402,\n    \"77\": 0,\n    \"78\": 0.01609,\n    \"79\": 0.00402,\n    \"80\": 0.01207,\n    \"81\": 0.01207,\n    \"82\": 0.02012,\n    \"83\": 0.46667,\n    \"84\": 0.36609,\n    \"85\": 0.00805,\n    \"86\": 0,\n    \"3.5\": 0,\n    \"3.6\": 0\n  },\n  D: {\n    \"4\": 0,\n    \"5\": 0,\n    \"6\": 0,\n    \"7\": 0,\n    \"8\": 0,\n    \"9\": 0,\n    \"10\": 0,\n    \"11\": 0,\n    \"12\": 0,\n    \"13\": 0,\n    \"14\": 0,\n    \"15\": 0,\n    \"16\": 0,\n    \"17\": 0,\n    \"18\": 0,\n    \"19\": 0,\n    \"20\": 0,\n    \"21\": 0,\n    \"22\": 0.00402,\n    \"23\": 0,\n    \"24\": 0,\n    \"25\": 0,\n    \"26\": 0.00402,\n    \"27\": 0,\n    \"28\": 0,\n    \"29\": 0,\n    \"30\": 0,\n    \"31\": 0,\n    \"32\": 0,\n    \"33\": 0,\n    \"34\": 0.01207,\n    \"35\": 0,\n    \"36\": 0,\n    \"37\": 0,\n    \"38\": 0.0523,\n    \"39\": 0,\n    \"40\": 0,\n    \"41\": 0,\n    \"42\": 0,\n    \"43\": 0,\n    \"44\": 0,\n    \"45\": 0,\n    \"46\": 0,\n    \"47\": 0.00402,\n    \"48\": 0,\n    \"49\": 0.04425,\n    \"50\": 0.00402,\n    \"51\": 0,\n    \"52\": 0,\n    \"53\": 0.11264,\n    \"54\": 0.00402,\n    \"55\": 0.04828,\n    \"56\": 0.01207,\n    \"57\": 0.00402,\n    \"58\": 0.00805,\n    \"59\": 0.01609,\n    \"60\": 0.00402,\n    \"61\": 0.00402,\n    \"62\": 0.00805,\n    \"63\": 0.00805,\n    \"64\": 0.00402,\n    \"65\": 0.01609,\n    \"66\": 0.00805,\n    \"67\": 0.01207,\n    \"68\": 0.02414,\n    \"69\": 0.01207,\n    \"70\": 0.02012,\n    \"71\": 0.02414,\n    \"72\": 0.02012,\n    \"73\": 0.04828,\n    \"74\": 0.01609,\n    \"75\": 0.02414,\n    \"76\": 0.00805,\n    \"77\": 0.01207,\n    \"78\": 0.01609,\n    \"79\": 0.02816,\n    \"80\": 0.03621,\n    \"81\": 0.0523,\n    \"83\": 0.09253,\n    \"84\": 0.06839,\n    \"85\": 0.09655,\n    \"86\": 1.89886,\n    \"87\": 9.42589,\n    \"88\": 0.01609,\n    \"89\": 0.01207,\n    \"90\": 0\n  },\n  F: {\n    \"9\": 0,\n    \"11\": 0,\n    \"12\": 0,\n    \"15\": 0,\n    \"16\": 0,\n    \"17\": 0,\n    \"18\": 0,\n    \"19\": 0,\n    \"20\": 0,\n    \"21\": 0,\n    \"22\": 0,\n    \"23\": 0,\n    \"24\": 0,\n    \"25\": 0,\n    \"26\": 0,\n    \"27\": 0,\n    \"28\": 0,\n    \"29\": 0.00402,\n    \"30\": 0,\n    \"31\": 0,\n    \"32\": 0,\n    \"33\": 0,\n    \"34\": 0,\n    \"35\": 0,\n    \"36\": 0.02414,\n    \"37\": 0.02816,\n    \"38\": 0,\n    \"39\": 0,\n    \"40\": 0.00402,\n    \"41\": 0,\n    \"42\": 0,\n    \"43\": 0,\n    \"44\": 0,\n    \"45\": 0,\n    \"46\": 0.00805,\n    \"47\": 0,\n    \"48\": 0,\n    \"49\": 0,\n    \"50\": 0.00402,\n    \"51\": 0.00805,\n    \"52\": 0,\n    \"53\": 0,\n    \"54\": 0.00402,\n    \"55\": 0.00805,\n    \"56\": 0,\n    \"57\": 0,\n    \"58\": 0,\n    \"60\": 0.00805,\n    \"62\": 0,\n    \"63\": 0,\n    \"64\": 0,\n    \"65\": 0,\n    \"66\": 0,\n    \"67\": 0,\n    \"68\": 0,\n    \"69\": 0,\n    \"70\": 0,\n    \"71\": 0.01207,\n    \"72\": 0.08046,\n    \"9.5-9.6\": 0,\n    \"10.0-10.1\": 0,\n    \"10.5\": 0,\n    \"10.6\": 0,\n    \"11.1\": 0,\n    \"11.5\": 0,\n    \"11.6\": 0,\n    \"12.1\": 0\n  },\n  E: {\n    \"4\": 0,\n    \"5\": 0,\n    \"6\": 0,\n    \"7\": 0,\n    \"8\": 0.00402,\n    \"9\": 0,\n    \"10\": 0,\n    \"11\": 0.00402,\n    \"12\": 0.00402,\n    \"13\": 0.04425,\n    \"14\": 0.6638,\n    _: \"0\",\n    \"3.1\": 0,\n    \"3.2\": 0,\n    \"5.1\": 0.02414,\n    \"6.1\": 0,\n    \"7.1\": 0,\n    \"9.1\": 0,\n    \"10.1\": 0.00805,\n    \"11.1\": 0.01207,\n    \"12.1\": 0.02012,\n    \"13.1\": 0.20517\n  },\n  G: {\n    \"8\": 0.00511,\n    \"3.2\": 0,\n    \"4.0-4.1\": 0,\n    \"4.2-4.3\": 0.0017,\n    \"5.0-5.1\": 0.02045,\n    \"6.0-6.1\": 0.03238,\n    \"7.0-7.1\": 0.06476,\n    \"8.1-8.4\": 0.0784,\n    \"9.0-9.2\": 0.0409,\n    \"9.3\": 0.54706,\n    \"10.0-10.2\": 0.05965,\n    \"10.3\": 0.37493,\n    \"11.0-11.2\": 0.11248,\n    \"11.3-11.4\": 0.15509,\n    \"12.0-12.1\": 0.21644,\n    \"12.2-12.4\": 1.81843,\n    \"13.0-13.1\": 0.1602,\n    \"13.2\": 0.07669,\n    \"13.3\": 0.47037,\n    \"13.4-13.7\": 2.07236,\n    \"14.0-14.3\": 10.68902\n  },\n  B: {\n    \"12\": 0,\n    \"13\": 0,\n    \"14\": 0,\n    \"15\": 0,\n    \"16\": 0,\n    \"17\": 0.00402,\n    \"18\": 0.01609,\n    \"79\": 0,\n    \"80\": 0,\n    \"81\": 0,\n    \"83\": 0,\n    \"84\": 0.00402,\n    \"85\": 0.00402,\n    \"86\": 0.01207,\n    \"87\": 0.53104\n  },\n  I: {\n    \"3\": 0,\n    \"4\": 0,\n    \"81\": 0,\n    \"2.1\": 0,\n    \"2.2\": 0,\n    \"2.3\": 0,\n    \"4.1\": 0.0058,\n    \"4.2-4.3\": 0.01739,\n    \"4.4\": 0,\n    \"4.4.3-4.4.4\": 0.10899\n  },\n  P: {\n    \"4\": 0.79336,\n    \"5.0-5.4\": 0.01058,\n    \"6.2-6.4\": 0.01058,\n    \"7.2-7.4\": 0.02116,\n    \"8.2\": 0.01058,\n    \"9.2\": 0.08463,\n    \"10.1\": 0.04231,\n    \"11.1-11.2\": 0.11636,\n    \"12.0\": 0.29619,\n    \"13.0\": 1.41747\n  },\n  K: {\n    _: \"0 10 11 12 11.1 11.5 12.1\"\n  },\n  A: {\n    \"6\": 0,\n    \"7\": 0.00503,\n    \"8\": 0.01006,\n    \"9\": 0.00503,\n    \"10\": 0,\n    \"11\": 0.14081,\n    \"5.5\": 0\n  },\n  N: {\n    \"10\": 0,\n    \"11\": 0\n  },\n  J: {\n    \"7\": 0,\n    \"10\": 0\n  },\n  O: {\n    \"0\": 1.32689\n  },\n  H: {\n    \"0\": 0.99026\n  },\n  L: {\n    \"0\": 59.95272\n  },\n  S: {\n    \"2.5\": 0\n  },\n  R: {\n    _: \"0\"\n  },\n  M: {\n    \"0\": 0.13747\n  },\n  Q: {\n    \"10.4\": 0.02989\n  }\n};","map":{"version":3,"sources":["/Users/bruceseymour/ra-video/client/node_modules/caniuse-lite/data/regions/MY.js"],"names":["module","exports","C","D","F","E","_","G","B","I","P","K","A","N","J","O","H","L","S","R","M","Q"],