{"ast":null,"code":"module.exports = {\n  C: {\n    \"2\": 0,\n    \"3\": 0,\n    \"4\": 0,\n    \"5\": 0,\n    \"6\": 0,\n    \"7\": 0,\n    \"8\": 0,\n    \"9\": 0,\n    \"10\": 0,\n    \"11\": 0,\n    \"12\": 0,\n    \"13\": 0.00279,\n    \"14\": 0,\n    \"15\": 0,\n    \"16\": 0,\n    \"17\": 0.00279,\n    \"18\": 0,\n    \"19\": 0,\n    \"20\": 0,\n    \"21\": 0,\n    \"22\": 0,\n    \"23\": 0,\n    \"24\": 0,\n    \"25\": 0,\n    \"26\": 0,\n    \"27\": 0.00279,\n    \"28\": 0,\n    \"29\": 0,\n    \"30\": 0.00279,\n    \"31\": 0,\n    \"32\": 0,\n    \"33\": 0,\n    \"34\": 0.00279,\n    \"35\": 0.00279,\n    \"36\": 0,\n    \"37\": 0.00279,\n    \"38\": 0.00558,\n    \"39\": 0.00279,\n    \"40\": 0,\n    \"41\": 0,\n    \"42\": 0,\n    \"43\": 0.00279,\n    \"44\": 0.00279,\n    \"45\": 0.00279,\n    \"46\": 0.00279,\n    \"47\": 0.00838,\n    \"48\": 0.00279,\n    \"49\": 0.00279,\n    \"50\": 0.00279,\n    \"51\": 0,\n    \"52\": 0.0335,\n    \"53\": 0,\n    \"54\": 0,\n    \"55\": 0.00558,\n    \"56\": 0.00838,\n    \"57\": 0.00279,\n    \"58\": 0.00279,\n    \"59\": 0,\n    \"60\": 0.00558,\n    \"61\": 0.00279,\n    \"62\": 0,\n    \"63\": 0.00279,\n    \"64\": 0.00279,\n    \"65\": 0.00838,\n    \"66\": 0.00279,\n    \"67\": 0.00279,\n    \"68\": 0.01954,\n    \"69\": 0.00279,\n    \"70\": 0.00558,\n    \"71\": 0.00558,\n    \"72\": 0.01954,\n    \"73\": 0,\n    \"74\": 0.00279,\n    \"75\": 0.00279,\n    \"76\": 0.00558,\n    \"77\": 0.00279,\n    \"78\": 0.03909,\n    \"79\": 0.00838,\n    \"80\": 0.00558,\n    \"81\": 0.02234,\n    \"82\": 0.03909,\n    \"83\": 0.63658,\n    \"84\": 0.37413,\n    \"85\": 0.04467,\n    \"86\": 0,\n    \"3.5\": 0,\n    \"3.6\": 0\n  },\n  D: {\n    \"4\": 0,\n    \"5\": 0,\n    \"6\": 0,\n    \"7\": 0,\n    \"8\": 0,\n    \"9\": 0,\n    \"10\": 0,\n    \"11\": 0.00279,\n    \"12\": 0,\n    \"13\": 0,\n    \"14\": 0,\n    \"15\": 0,\n    \"16\": 0,\n    \"17\": 0,\n    \"18\": 0,\n    \"19\": 0.00279,\n    \"20\": 0,\n    \"21\": 0,\n    \"22\": 0,\n    \"23\": 0,\n    \"24\": 0.00279,\n    \"25\": 0.00279,\n    \"26\": 0,\n    \"27\": 0,\n    \"28\": 0,\n    \"29\": 0,\n    \"30\": 0,\n    \"31\": 0,\n    \"32\": 0,\n    \"33\": 0,\n    \"34\": 0,\n    \"35\": 0,\n    \"36\": 0,\n    \"37\": 0,\n    \"38\": 0.00838,\n    \"39\": 0.00558,\n    \"40\": 0.00838,\n    \"41\": 0,\n    \"42\": 0,\n    \"43\": 0.00279,\n    \"44\": 0,\n    \"45\": 0,\n    \"46\": 0,\n    \"47\": 0,\n    \"48\": 0,\n    \"49\": 0.01117,\n    \"50\": 0.00558,\n    \"51\": 0,\n    \"52\": 0,\n    \"53\": 0,\n    \"54\": 0.00279,\n    \"55\": 0,\n    \"56\": 0,\n    \"57\": 0.00279,\n    \"58\": 0.00558,\n    \"59\": 0,\n    \"60\": 0,\n    \"61\": 0.00279,\n    \"62\": 0.00558,\n    \"63\": 0.00558,\n    \"64\": 0.01117,\n    \"65\": 0.00279,\n    \"66\": 0,\n    \"67\": 0.00279,\n    \"68\": 0.00279,\n    \"69\": 0.00558,\n    \"70\": 0.00279,\n    \"71\": 0.01117,\n    \"72\": 0.00558,\n    \"73\": 0.00279,\n    \"74\": 0.00558,\n    \"75\": 0.00279,\n    \"76\": 0.00558,\n    \"77\": 0.00279,\n    \"78\": 0.01117,\n    \"79\": 0.04188,\n    \"80\": 0.0363,\n    \"81\": 0.01396,\n    \"83\": 0.01954,\n    \"84\": 0.03071,\n    \"85\": 0.04467,\n    \"86\": 0.68962,\n    \"87\": 3.0712,\n    \"88\": 0.01117,\n    \"89\": 0.00279,\n    \"90\": 0\n  },\n  F: {\n    \"9\": 0,\n    \"11\": 0,\n    \"12\": 0.00279,\n    \"15\": 0,\n    \"16\": 0.00558,\n    \"17\": 0,\n    \"18\": 0,\n    \"19\": 0.00279,\n    \"20\": 0.00279,\n    \"21\": 0,\n    \"22\": 0,\n    \"23\": 0.01675,\n    \"24\": 0.01396,\n    \"25\": 0.00558,\n    \"26\": 0.00838,\n    \"27\": 0.00838,\n    \"28\": 0.01117,\n    \"29\": 0,\n    \"30\": 0.01954,\n    \"31\": 0.00558,\n    \"32\": 0.02234,\n    \"33\": 0.01117,\n    \"34\": 0,\n    \"35\": 0.00279,\n    \"36\": 0,\n    \"37\": 0.00279,\n    \"38\": 0.01396,\n    \"39\": 0,\n    \"40\": 0,\n    \"41\": 0,\n    \"42\": 0.02234,\n    \"43\": 0,\n    \"44\": 0.00279,\n    \"45\": 0.01396,\n    \"46\": 0.05863,\n    \"47\": 0.07259,\n    \"48\": 0,\n    \"49\": 0,\n    \"50\": 0.16473,\n    \"51\": 0.26245,\n    \"52\": 0,\n    \"53\": 0.00279,\n    \"54\": 0.00279,\n    \"55\": 0,\n    \"56\": 0,\n    \"57\": 0.00558,\n    \"58\": 0.00279,\n    \"60\": 0.00838,\n    \"62\": 0,\n    \"63\": 0,\n    \"64\": 0,\n    \"65\": 0.00279,\n    \"66\": 0,\n    \"67\": 0,\n    \"68\": 0,\n    \"69\": 0,\n    \"70\": 0,\n    \"71\": 0.01117,\n    \"72\": 0.24011,\n    \"9.5-9.6\": 0,\n    \"10.0-10.1\": 0,\n    \"10.5\": 0,\n    \"10.6\": 0,\n    \"11.1\": 0,\n    \"11.5\": 0,\n    \"11.6\": 0,\n    \"12.1\": 0.05026\n  },\n  E: {\n    \"4\": 0,\n    \"5\": 0,\n    \"6\": 0,\n    \"7\": 0,\n    \"8\": 0.00279,\n    \"9\": 0,\n    \"10\": 0,\n    \"11\": 0.00279,\n    \"12\": 0.00558,\n    \"13\": 0.00558,\n    \"14\": 0.08934,\n    _: \"0\",\n    \"3.1\": 0,\n    \"3.2\": 0,\n    \"5.1\": 0.01396,\n    \"6.1\": 0,\n    \"7.1\": 0,\n    \"9.1\": 0,\n    \"10.1\": 0.00279,\n    \"11.1\": 0.00558,\n    \"12.1\": 0.00838,\n    \"13.1\": 0.02234\n  },\n  G: {\n    \"8\": 0.00139,\n    \"3.2\": 0,\n    \"4.0-4.1\": 0,\n    \"4.2-4.3\": 0,\n    \"5.0-5.1\": 0.01204,\n    \"6.0-6.1\": 0.00648,\n    \"7.0-7.1\": 0.05464,\n    \"8.1-8.4\": 0.00417,\n    \"9.0-9.2\": 0.05556,\n    \"9.3\": 0.06992,\n    \"10.0-10.2\": 0.01852,\n    \"10.3\": 0.14122,\n    \"11.0-11.2\": 0.09446,\n    \"11.3-11.4\": 0.0977,\n    \"12.0-12.1\": 0.09446,\n    \"12.2-12.4\": 0.78066,\n    \"13.0-13.1\": 0.10233,\n    \"13.2\": 0.04538,\n    \"13.3\": 0.3093,\n    \"13.4-13.7\": 0.50748,\n    \"14.0-14.3\": 2.2077\n  },\n  B: {\n    \"12\": 0.01396,\n    \"13\": 0.00838,\n    \"14\": 0.00558,\n    \"15\": 0.02234,\n    \"16\": 0.01954,\n    \"17\": 0.00838,\n    \"18\": 0.05026,\n    \"79\": 0,\n    \"80\": 0,\n    \"81\": 0,\n    \"83\": 0,\n    \"84\": 0.00279,\n    \"85\": 0.00838,\n    \"86\": 0.01954,\n    \"87\": 0.40484\n  },\n  I: {\n    \"3\": 0,\n    \"4\": 0.00132,\n    \"81\": 0,\n    \"2.1\": 0,\n    \"2.2\": 0,\n    \"2.3\": 0,\n    \"4.1\": 0.00726,\n    \"4.2-4.3\": 0.01453,\n    \"4.4\": 0,\n    \"4.4.3-4.4.4\": 0.30643\n  },\n  P: {\n    \"4\": 0.23284,\n    \"5.0-5.4\": 0.08099,\n    \"6.2-6.4\": 0.02025,\n    \"7.2-7.4\": 0.14173,\n    \"8.2\": 0.01012,\n    \"9.2\": 0.15185,\n    \"10.1\": 0.07087,\n    \"11.1-11.2\": 0.19235,\n    \"12.0\": 0.27334,\n    \"13.0\": 0.62766\n  },\n  K: {\n    _: \"0 10 11 12 11.1 11.5 12.1\"\n  },\n  A: {\n    \"6\": 0,\n    \"7\": 0,\n    \"8\": 0.01861,\n    \"9\": 0,\n    \"10\": 0.0062,\n    \"11\": 0.08686,\n    \"5.5\": 0\n  },\n  N: {\n    \"10\": 0,\n    \"11\": 0\n  },\n  J: {\n    \"7\": 0,\n    \"10\": 0.03604\n  },\n  O: {\n    \"0\": 1.0812\n  },\n  H: {\n    \"0\": 21.30474\n  },\n  L: {\n    \"0\": 54.8041\n  },\n  S: {\n    \"2.5\": 0.50456\n  },\n  R: {\n    _: \"0\"\n  },\n  M: {\n    \"0\": 0.15137\n  },\n  Q: {\n    \"10.4\": 0.02162\n  }\n};","map":{"version":3,"sources":["/Users/bruceseymour/ra-video/client/node_modules/caniuse-lite/data/regions/UG.js"],"names":["module","exports","C","D","F","E","_","G","B","I","P","K","A","N","J","O","H","L","S","R","M","Q"],