{"ast":null,"code":"module.exports = {\n  C: {\n    \"2\": 0,\n    \"3\": 0,\n    \"4\": 0,\n    \"5\": 0,\n    \"6\": 0,\n    \"7\": 0,\n    \"8\": 0,\n    \"9\": 0,\n    \"10\": 0,\n    \"11\": 0,\n    \"12\": 0,\n    \"13\": 0,\n    \"14\": 0,\n    \"15\": 0,\n    \"16\": 0,\n    \"17\": 0,\n    \"18\": 0,\n    \"19\": 0,\n    \"20\": 0,\n    \"21\": 0,\n    \"22\": 0,\n    \"23\": 0,\n    \"24\": 0,\n    \"25\": 0,\n    \"26\": 0,\n    \"27\": 0,\n    \"28\": 0,\n    \"29\": 0,\n    \"30\": 0,\n    \"31\": 0,\n    \"32\": 0.0025,\n    \"33\": 0,\n    \"34\": 0,\n    \"35\": 0,\n    \"36\": 0,\n    \"37\": 0,\n    \"38\": 0,\n    \"39\": 0,\n    \"40\": 0.0025,\n    \"41\": 0,\n    \"42\": 0,\n    \"43\": 0.0025,\n    \"44\": 0,\n    \"45\": 0,\n    \"46\": 0,\n    \"47\": 0.0025,\n    \"48\": 0,\n    \"49\": 0,\n    \"50\": 0.0025,\n    \"51\": 0,\n    \"52\": 0.01499,\n    \"53\": 0,\n    \"54\": 0,\n    \"55\": 0,\n    \"56\": 0,\n    \"57\": 0.0025,\n    \"58\": 0.0025,\n    \"59\": 0,\n    \"60\": 0,\n    \"61\": 0,\n    \"62\": 0,\n    \"63\": 0,\n    \"64\": 0,\n    \"65\": 0,\n    \"66\": 0.0025,\n    \"67\": 0.005,\n    \"68\": 0.0125,\n    \"69\": 0.0025,\n    \"70\": 0,\n    \"71\": 0.0025,\n    \"72\": 0.0025,\n    \"73\": 0,\n    \"74\": 0,\n    \"75\": 0.0025,\n    \"76\": 0.0025,\n    \"77\": 0.0025,\n    \"78\": 0.01499,\n    \"79\": 0.005,\n    \"80\": 0.005,\n    \"81\": 0.01,\n    \"82\": 0.02249,\n    \"83\": 0.37485,\n    \"84\": 0.21491,\n    \"85\": 0.01499,\n    \"86\": 0,\n    \"3.5\": 0,\n    \"3.6\": 0\n  },\n  D: {\n    \"4\": 0,\n    \"5\": 0,\n    \"6\": 0,\n    \"7\": 0,\n    \"8\": 0,\n    \"9\": 0,\n    \"10\": 0,\n    \"11\": 0.0025,\n    \"12\": 0,\n    \"13\": 0,\n    \"14\": 0,\n    \"15\": 0,\n    \"16\": 0,\n    \"17\": 0,\n    \"18\": 0,\n    \"19\": 0,\n    \"20\": 0,\n    \"21\": 0,\n    \"22\": 0,\n    \"23\": 0,\n    \"24\": 0,\n    \"25\": 0,\n    \"26\": 0,\n    \"27\": 0,\n    \"28\": 0,\n    \"29\": 0,\n    \"30\": 0,\n    \"31\": 0,\n    \"32\": 0,\n    \"33\": 0,\n    \"34\": 0,\n    \"35\": 0,\n    \"36\": 0,\n    \"37\": 0,\n    \"38\": 0.0025,\n    \"39\": 0.0025,\n    \"40\": 0.0025,\n    \"41\": 0,\n    \"42\": 0.0025,\n    \"43\": 0,\n    \"44\": 0,\n    \"45\": 0,\n    \"46\": 0,\n    \"47\": 0.0025,\n    \"48\": 0,\n    \"49\": 0.01999,\n    \"50\": 0.0025,\n    \"51\": 0.005,\n    \"52\": 0,\n    \"53\": 0.0025,\n    \"54\": 0,\n    \"55\": 0,\n    \"56\": 0,\n    \"57\": 0.0025,\n    \"58\": 0,\n    \"59\": 0,\n    \"60\": 0,\n    \"61\": 0,\n    \"62\": 0,\n    \"63\": 0.0025,\n    \"64\": 0.0025,\n    \"65\": 0.0025,\n    \"66\": 0,\n    \"67\": 0.0025,\n    \"68\": 0.0025,\n    \"69\": 0.0025,\n    \"70\": 0.0025,\n    \"71\": 0.0025,\n    \"72\": 0.0025,\n    \"73\": 0.0025,\n    \"74\": 0.0025,\n    \"75\": 0.0025,\n    \"76\": 0.005,\n    \"77\": 0.0025,\n    \"78\": 0.005,\n    \"79\": 0.02249,\n    \"80\": 0.01749,\n    \"81\": 0.01749,\n    \"83\": 0.01499,\n    \"84\": 0.02999,\n    \"85\": 0.04248,\n    \"86\": 0.62225,\n    \"87\": 2.91383,\n    \"88\": 0.0075,\n    \"89\": 0.0025,\n    \"90\": 0\n  },\n  F: {\n    \"9\": 0,\n    \"11\": 0,\n    \"12\": 0,\n    \"15\": 0.0025,\n    \"16\": 0.0075,\n    \"17\": 0,\n    \"18\": 0,\n    \"19\": 0,\n    \"20\": 0.005,\n    \"21\": 0,\n    \"22\": 0,\n    \"23\": 0.01749,\n    \"24\": 0.05248,\n    \"25\": 0.005,\n    \"26\": 0.04498,\n    \"27\": 0.07747,\n    \"28\": 0.03998,\n    \"29\": 0.01,\n    \"30\": 0.03998,\n    \"31\": 0.01749,\n    \"32\": 0.04248,\n    \"33\": 0.04248,\n    \"34\": 0,\n    \"35\": 0.005,\n    \"36\": 0.0025,\n    \"37\": 0.01,\n    \"38\": 0.03249,\n    \"39\": 0.0025,\n    \"40\": 0,\n    \"41\": 0.005,\n    \"42\": 0.02749,\n    \"43\": 0.0025,\n    \"44\": 0.0025,\n    \"45\": 0.01999,\n    \"46\": 0.12245,\n    \"47\": 0.06997,\n    \"48\": 0,\n    \"49\": 0,\n    \"50\": 0.27489,\n    \"51\": 0.52979,\n    \"52\": 0,\n    \"53\": 0.0075,\n    \"54\": 0.0125,\n    \"55\": 0,\n    \"56\": 0,\n    \"57\": 0,\n    \"58\": 0.005,\n    \"60\": 0.01499,\n    \"62\": 0,\n    \"63\": 0,\n    \"64\": 0,\n    \"65\": 0,\n    \"66\": 0,\n    \"67\": 0,\n    \"68\": 0,\n    \"69\": 0,\n    \"70\": 0,\n    \"71\": 0.0125,\n    \"72\": 0.15744,\n    \"9.5-9.6\": 0,\n    \"10.0-10.1\": 0,\n    \"10.5\": 0,\n    \"10.6\": 0,\n    \"11.1\": 0,\n    \"11.5\": 0,\n    \"11.6\": 0,\n    \"12.1\": 0.05998\n  },\n  E: {\n    \"4\": 0,\n    \"5\": 0,\n    \"6\": 0,\n    \"7\": 0,\n    \"8\": 0,\n    \"9\": 0,\n    \"10\": 0,\n    \"11\": 0,\n    \"12\": 0.0025,\n    \"13\": 0.0075,\n    \"14\": 0.09246,\n    _: \"0\",\n    \"3.1\": 0,\n    \"3.2\": 0,\n    \"5.1\": 0.04498,\n    \"6.1\": 0,\n    \"7.1\": 0,\n    \"9.1\": 0,\n    \"10.1\": 0,\n    \"11.1\": 0.005,\n    \"12.1\": 0.01,\n    \"13.1\": 0.02999\n  },\n  G: {\n    \"8\": 0,\n    \"3.2\": 0,\n    \"4.0-4.1\": 0,\n    \"4.2-4.3\": 0.00026,\n    \"5.0-5.1\": 0.00676,\n    \"6.0-6.1\": 0.00182,\n    \"7.0-7.1\": 0.03276,\n    \"8.1-8.4\": 0.0169,\n    \"9.0-9.2\": 0.00468,\n    \"9.3\": 0.06864,\n    \"10.0-10.2\": 0.00624,\n    \"10.3\": 0.06942,\n    \"11.0-11.2\": 0.0208,\n    \"11.3-11.4\": 0.01846,\n    \"12.0-12.1\": 0.02912,\n    \"12.2-12.4\": 0.37334,\n    \"13.0-13.1\": 0.01794,\n    \"13.2\": 0.01092,\n    \"13.3\": 0.07072,\n    \"13.4-13.7\": 0.28521,\n    \"14.0-14.3\": 1.55603\n  },\n  B: {\n    \"12\": 0.0025,\n    \"13\": 0.0025,\n    \"14\": 0.005,\n    \"15\": 0.0025,\n    \"16\": 0.0025,\n    \"17\": 0.005,\n    \"18\": 0.02749,\n    \"79\": 0,\n    \"80\": 0,\n    \"81\": 0,\n    \"83\": 0,\n    \"84\": 0.0025,\n    \"85\": 0.005,\n    \"86\": 0.01,\n    \"87\": 0.2524\n  },\n  I: {\n    \"3\": 0,\n    \"4\": 0.00211,\n    \"81\": 0,\n    \"2.1\": 0,\n    \"2.2\": 0,\n    \"2.3\": 0,\n    \"4.1\": 0.00211,\n    \"4.2-4.3\": 0.00791,\n    \"4.4\": 0,\n    \"4.4.3-4.4.4\": 0.16287\n  },\n  P: {\n    \"4\": 0.22041,\n    \"5.0-5.4\": 0.01002,\n    \"6.2-6.4\": 0,\n    \"7.2-7.4\": 0.06011,\n    \"8.2\": 0,\n    \"9.2\": 0.06011,\n    \"10.1\": 0.05009,\n    \"11.1-11.2\": 0.10019,\n    \"12.0\": 0.26049,\n    \"13.0\": 0.67126\n  },\n  K: {\n    _: \"0 10 11 12 11.1 11.5 12.1\"\n  },\n  A: {\n    \"6\": 0,\n    \"7\": 0,\n    \"8\": 0.00383,\n    \"9\": 0,\n    \"10\": 0,\n    \"11\": 0.05365,\n    \"5.5\": 0\n  },\n  N: {\n    \"10\": 0,\n    \"11\": 0\n  },\n  J: {\n    \"7\": 0,\n    \"10\": 0.015\n  },\n  O: {\n    \"0\": 0.42006\n  },\n  H: {\n    \"0\": 29.24382\n  },\n  L: {\n    \"0\": 50.60355\n  },\n  S: {\n    \"2.5\": 0\n  },\n  R: {\n    _: \"0\"\n  },\n  M: {\n    \"0\": 0.15752\n  },\n  Q: {\n    \"10.4\": 0.0075\n  }\n};","map":{"version":3,"sources":["/Users/bruceseymour/ra-video/client/node_modules/caniuse-lite/data/regions/KE.js"],"names":["module","exports","C","D","F","E","_","G","B","I","P","K","A","N","J","O","H","L","S","R","M","Q"],