{"ast":null,"code":"module.exports = {\n  C: {\n    \"2\": 0,\n    \"3\": 0,\n    \"4\": 0,\n    \"5\": 0,\n    \"6\": 0,\n    \"7\": 0,\n    \"8\": 0,\n    \"9\": 0,\n    \"10\": 0,\n    \"11\": 0,\n    \"12\": 0,\n    \"13\": 0,\n    \"14\": 0,\n    \"15\": 0.0044,\n    \"16\": 0,\n    \"17\": 0.0044,\n    \"18\": 0,\n    \"19\": 0,\n    \"20\": 0,\n    \"21\": 0,\n    \"22\": 0,\n    \"23\": 0,\n    \"24\": 0,\n    \"25\": 0,\n    \"26\": 0,\n    \"27\": 0,\n    \"28\": 0,\n    \"29\": 0,\n    \"30\": 0.02639,\n    \"31\": 0,\n    \"32\": 0.01319,\n    \"33\": 0,\n    \"34\": 0.0088,\n    \"35\": 0,\n    \"36\": 0,\n    \"37\": 0,\n    \"38\": 0.0044,\n    \"39\": 0,\n    \"40\": 0.0088,\n    \"41\": 0,\n    \"42\": 0,\n    \"43\": 0.0044,\n    \"44\": 0.0044,\n    \"45\": 0,\n    \"46\": 0,\n    \"47\": 0.02639,\n    \"48\": 0.0044,\n    \"49\": 0.0044,\n    \"50\": 0,\n    \"51\": 0,\n    \"52\": 0.01319,\n    \"53\": 0,\n    \"54\": 0,\n    \"55\": 0,\n    \"56\": 0.0088,\n    \"57\": 0.0044,\n    \"58\": 0,\n    \"59\": 0,\n    \"60\": 0.0044,\n    \"61\": 0,\n    \"62\": 0,\n    \"63\": 0,\n    \"64\": 0,\n    \"65\": 0.0044,\n    \"66\": 0,\n    \"67\": 0,\n    \"68\": 0.0088,\n    \"69\": 0,\n    \"70\": 0.0044,\n    \"71\": 0,\n    \"72\": 0.0088,\n    \"73\": 0,\n    \"74\": 0.0044,\n    \"75\": 0,\n    \"76\": 0.0044,\n    \"77\": 0.0044,\n    \"78\": 0.04398,\n    \"79\": 0.0044,\n    \"80\": 0.0088,\n    \"81\": 0.02639,\n    \"82\": 0.03958,\n    \"83\": 0.74326,\n    \"84\": 0.36064,\n    \"85\": 0.01759,\n    \"86\": 0,\n    \"3.5\": 0,\n    \"3.6\": 0\n  },\n  D: {\n    \"4\": 0,\n    \"5\": 0,\n    \"6\": 0,\n    \"7\": 0,\n    \"8\": 0,\n    \"9\": 0,\n    \"10\": 0,\n    \"11\": 0.0088,\n    \"12\": 0,\n    \"13\": 0,\n    \"14\": 0,\n    \"15\": 0,\n    \"16\": 0,\n    \"17\": 0,\n    \"18\": 0,\n    \"19\": 0,\n    \"20\": 0,\n    \"21\": 0,\n    \"22\": 0,\n    \"23\": 0,\n    \"24\": 0.0044,\n    \"25\": 0.0088,\n    \"26\": 0,\n    \"27\": 0,\n    \"28\": 0,\n    \"29\": 0,\n    \"30\": 0,\n    \"31\": 0,\n    \"32\": 0,\n    \"33\": 0.0088,\n    \"34\": 0,\n    \"35\": 0.0044,\n    \"36\": 0,\n    \"37\": 0,\n    \"38\": 0,\n    \"39\": 0,\n    \"40\": 0.01759,\n    \"41\": 0,\n    \"42\": 0.0088,\n    \"43\": 0.0044,\n    \"44\": 0,\n    \"45\": 0,\n    \"46\": 0.0088,\n    \"47\": 0,\n    \"48\": 0.0044,\n    \"49\": 0.03518,\n    \"50\": 0.0044,\n    \"51\": 0,\n    \"52\": 0,\n    \"53\": 0.01319,\n    \"54\": 0,\n    \"55\": 0.0044,\n    \"56\": 0,\n    \"57\": 0.0044,\n    \"58\": 0.0044,\n    \"59\": 0,\n    \"60\": 0,\n    \"61\": 0,\n    \"62\": 0.0044,\n    \"63\": 0.02199,\n    \"64\": 0.0044,\n    \"65\": 0.17152,\n    \"66\": 0,\n    \"67\": 0.01759,\n    \"68\": 0.03079,\n    \"69\": 0.0088,\n    \"70\": 0.01319,\n    \"71\": 0.01319,\n    \"72\": 0.0044,\n    \"73\": 0.0088,\n    \"74\": 0.02639,\n    \"75\": 0.01759,\n    \"76\": 0.01759,\n    \"77\": 0.02639,\n    \"78\": 0.01759,\n    \"79\": 0.08796,\n    \"80\": 0.07916,\n    \"81\": 0.27268,\n    \"83\": 0.03958,\n    \"84\": 0.14953,\n    \"85\": 0.17152,\n    \"86\": 2.23418,\n    \"87\": 8.03075,\n    \"88\": 0.02199,\n    \"89\": 0.0044,\n    \"90\": 0\n  },\n  F: {\n    \"9\": 0,\n    \"11\": 0,\n    \"12\": 0,\n    \"15\": 0,\n    \"16\": 0,\n    \"17\": 0,\n    \"18\": 0,\n    \"19\": 0,\n    \"20\": 0,\n    \"21\": 0.0044,\n    \"22\": 0,\n    \"23\": 0,\n    \"24\": 0,\n    \"25\": 0,\n    \"26\": 0,\n    \"27\": 0,\n    \"28\": 0.0044,\n    \"29\": 0,\n    \"30\": 0.0044,\n    \"31\": 0,\n    \"32\": 0,\n    \"33\": 0,\n    \"34\": 0,\n    \"35\": 0.0044,\n    \"36\": 0,\n    \"37\": 0.0044,\n    \"38\": 0,\n    \"39\": 0,\n    \"40\": 0,\n    \"41\": 0.0044,\n    \"42\": 0,\n    \"43\": 0,\n    \"44\": 0,\n    \"45\": 0,\n    \"46\": 0,\n    \"47\": 0.0044,\n    \"48\": 0,\n    \"49\": 0,\n    \"50\": 0.0044,\n    \"51\": 0.03518,\n    \"52\": 0,\n    \"53\": 0,\n    \"54\": 0,\n    \"55\": 0,\n    \"56\": 0,\n    \"57\": 0,\n    \"58\": 0,\n    \"60\": 0.0088,\n    \"62\": 0,\n    \"63\": 0,\n    \"64\": 0,\n    \"65\": 0,\n    \"66\": 0,\n    \"67\": 0,\n    \"68\": 0,\n    \"69\": 0,\n    \"70\": 0,\n    \"71\": 0.0088,\n    \"72\": 0.49697,\n    \"9.5-9.6\": 0,\n    \"10.0-10.1\": 0,\n    \"10.5\": 0,\n    \"10.6\": 0,\n    \"11.1\": 0,\n    \"11.5\": 0,\n    \"11.6\": 0,\n    \"12.1\": 0.0044\n  },\n  E: {\n    \"4\": 0,\n    \"5\": 0,\n    \"6\": 0,\n    \"7\": 0,\n    \"8\": 0,\n    \"9\": 0,\n    \"10\": 0,\n    \"11\": 0,\n    \"12\": 0.05278,\n    \"13\": 0.01319,\n    \"14\": 0.29906,\n    _: \"0\",\n    \"3.1\": 0,\n    \"3.2\": 0,\n    \"5.1\": 0.04838,\n    \"6.1\": 0,\n    \"7.1\": 0,\n    \"9.1\": 0,\n    \"10.1\": 0.02199,\n    \"11.1\": 0.01319,\n    \"12.1\": 0.03518,\n    \"13.1\": 0.09676\n  },\n  G: {\n    \"8\": 0,\n    \"3.2\": 0,\n    \"4.0-4.1\": 0,\n    \"4.2-4.3\": 0.00062,\n    \"5.0-5.1\": 0.00555,\n    \"6.0-6.1\": 0.00801,\n    \"7.0-7.1\": 0.4215,\n    \"8.1-8.4\": 0.00308,\n    \"9.0-9.2\": 0.00123,\n    \"9.3\": 0.06101,\n    \"10.0-10.2\": 0.00801,\n    \"10.3\": 0.07148,\n    \"11.0-11.2\": 0.03697,\n    \"11.3-11.4\": 0.02588,\n    \"12.0-12.1\": 0.02896,\n    \"12.2-12.4\": 1.06976,\n    \"13.0-13.1\": 0.0191,\n    \"13.2\": 0.02465,\n    \"13.3\": 0.08011,\n    \"13.4-13.7\": 0.76658,\n    \"14.0-14.3\": 3.51617\n  },\n  B: {\n    \"12\": 0.06157,\n    \"13\": 0.03958,\n    \"14\": 0.01759,\n    \"15\": 0.01319,\n    \"16\": 0.05278,\n    \"17\": 0.03958,\n    \"18\": 0.17592,\n    \"79\": 0,\n    \"80\": 0,\n    \"81\": 0.0044,\n    \"83\": 0.0044,\n    \"84\": 0.0044,\n    \"85\": 0.02639,\n    \"86\": 0.07037,\n    \"87\": 1.58768\n  },\n  I: {\n    \"3\": 0,\n    \"4\": 0,\n    \"81\": 0,\n    \"2.1\": 0,\n    \"2.2\": 0,\n    \"2.3\": 0,\n    \"4.1\": 0.00717,\n    \"4.2-4.3\": 0.01911,\n    \"4.4\": 0,\n    \"4.4.3-4.4.4\": 0.40974\n  },\n  P: {\n    \"4\": 0.3978,\n    \"5.0-5.4\": 0,\n    \"6.2-6.4\": 0.051,\n    \"7.2-7.4\": 0.5202,\n    \"8.2\": 0.0306,\n    \"9.2\": 0.102,\n    \"10.1\": 0.051,\n    \"11.1-11.2\": 0.2142,\n    \"12.0\": 0.5202,\n    \"13.0\": 2.04\n  },\n  K: {\n    _: \"0 10 11 12 11.1 11.5 12.1\"\n  },\n  A: {\n    \"6\": 0,\n    \"7\": 0,\n    \"8\": 0.00583,\n    \"9\": 0.00583,\n    \"10\": 0.00583,\n    \"11\": 1.02043,\n    \"5.5\": 0\n  },\n  N: {\n    \"10\": 0,\n    \"11\": 0\n  },\n  J: {\n    \"7\": 0,\n    \"10\": 0.0112\n  },\n  O: {\n    \"0\": 1.05878\n  },\n  H: {\n    \"0\": 1.11906\n  },\n  L: {\n    \"0\": 66.12068\n  },\n  S: {\n    \"2.5\": 0.0112\n  },\n  R: {\n    _: \"0\"\n  },\n  M: {\n    \"0\": 0.24089\n  },\n  Q: {\n    \"10.4\": 0.18487\n  }\n};","map":{"version":3,"sources":["/Users/bruceseymour/ra-video/client/node_modules/caniuse-lite/data/regions/BW.js"],"names":["module","exports","C","D","F","E","_","G","B","I","P","K","A","N","J","O","H","L","S","R","M","Q"],