{"ast":null,"code":"module.exports = {\n  C: {\n    \"2\": 0.00462,\n    \"3\": 0,\n    \"4\": 0,\n    \"5\": 0,\n    \"6\": 0,\n    \"7\": 0,\n    \"8\": 0,\n    \"9\": 0,\n    \"10\": 0,\n    \"11\": 0,\n    \"12\": 0,\n    \"13\": 0,\n    \"14\": 0,\n    \"15\": 0,\n    \"16\": 0,\n    \"17\": 0,\n    \"18\": 0,\n    \"19\": 0,\n    \"20\": 0,\n    \"21\": 0,\n    \"22\": 0,\n    \"23\": 0,\n    \"24\": 0,\n    \"25\": 0,\n    \"26\": 0,\n    \"27\": 0,\n    \"28\": 0,\n    \"29\": 0,\n    \"30\": 0.00462,\n    \"31\": 0,\n    \"32\": 0,\n    \"33\": 0,\n    \"34\": 0,\n    \"35\": 0,\n    \"36\": 0,\n    \"37\": 0,\n    \"38\": 0,\n    \"39\": 0,\n    \"40\": 0,\n    \"41\": 0,\n    \"42\": 0,\n    \"43\": 0,\n    \"44\": 0,\n    \"45\": 0,\n    \"46\": 0,\n    \"47\": 0.00462,\n    \"48\": 0.00924,\n    \"49\": 0.00462,\n    \"50\": 0.00462,\n    \"51\": 0.00462,\n    \"52\": 0.13863,\n    \"53\": 0,\n    \"54\": 0,\n    \"55\": 0,\n    \"56\": 0.01848,\n    \"57\": 0.00462,\n    \"58\": 0.00462,\n    \"59\": 0,\n    \"60\": 0.00462,\n    \"61\": 0.00462,\n    \"62\": 0.00462,\n    \"63\": 0.00462,\n    \"64\": 0,\n    \"65\": 0.00462,\n    \"66\": 0.00462,\n    \"67\": 0.00462,\n    \"68\": 0.02311,\n    \"69\": 0.00924,\n    \"70\": 0.00924,\n    \"71\": 0.00462,\n    \"72\": 0.01386,\n    \"73\": 0.00462,\n    \"74\": 0.00462,\n    \"75\": 0.00462,\n    \"76\": 0.00462,\n    \"77\": 0.00462,\n    \"78\": 0.15249,\n    \"79\": 0.00924,\n    \"80\": 0.01848,\n    \"81\": 0.03697,\n    \"82\": 0.09242,\n    \"83\": 1.76984,\n    \"84\": 1.17373,\n    \"85\": 0.00924,\n    \"86\": 0,\n    \"3.5\": 0,\n    \"3.6\": 0\n  },\n  D: {\n    \"4\": 0,\n    \"5\": 0,\n    \"6\": 0,\n    \"7\": 0,\n    \"8\": 0,\n    \"9\": 0,\n    \"10\": 0,\n    \"11\": 0,\n    \"12\": 0,\n    \"13\": 0,\n    \"14\": 0,\n    \"15\": 0,\n    \"16\": 0,\n    \"17\": 0,\n    \"18\": 0,\n    \"19\": 0,\n    \"20\": 0,\n    \"21\": 0,\n    \"22\": 0.00462,\n    \"23\": 0,\n    \"24\": 0,\n    \"25\": 0,\n    \"26\": 0,\n    \"27\": 0,\n    \"28\": 0,\n    \"29\": 0,\n    \"30\": 0,\n    \"31\": 0,\n    \"32\": 0,\n    \"33\": 0,\n    \"34\": 0,\n    \"35\": 0,\n    \"36\": 0,\n    \"37\": 0,\n    \"38\": 0.00924,\n    \"39\": 0,\n    \"40\": 0.00462,\n    \"41\": 0,\n    \"42\": 0,\n    \"43\": 0,\n    \"44\": 0,\n    \"45\": 0,\n    \"46\": 0,\n    \"47\": 0,\n    \"48\": 0.00462,\n    \"49\": 0.27726,\n    \"50\": 0.00462,\n    \"51\": 0,\n    \"52\": 0,\n    \"53\": 0.01386,\n    \"54\": 0,\n    \"55\": 0.00462,\n    \"56\": 0.00924,\n    \"57\": 0.00462,\n    \"58\": 0.00924,\n    \"59\": 0.00462,\n    \"60\": 0,\n    \"61\": 0.07394,\n    \"62\": 0.00462,\n    \"63\": 0.02311,\n    \"64\": 0.00462,\n    \"65\": 0.00924,\n    \"66\": 0.00462,\n    \"67\": 0.00924,\n    \"68\": 0.01386,\n    \"69\": 0.02773,\n    \"70\": 0.04621,\n    \"71\": 0.02311,\n    \"72\": 0.01386,\n    \"73\": 0.01386,\n    \"74\": 0.00924,\n    \"75\": 0.01386,\n    \"76\": 0.00924,\n    \"77\": 0.00924,\n    \"78\": 0.00924,\n    \"79\": 0.04621,\n    \"80\": 0.07394,\n    \"81\": 0.06932,\n    \"83\": 0.04159,\n    \"84\": 0.06007,\n    \"85\": 0.12015,\n    \"86\": 2.04248,\n    \"87\": 11.28448,\n    \"88\": 0.02773,\n    \"89\": 0.00924,\n    \"90\": 0\n  },\n  F: {\n    \"9\": 0,\n    \"11\": 0,\n    \"12\": 0,\n    \"15\": 0,\n    \"16\": 0,\n    \"17\": 0,\n    \"18\": 0,\n    \"19\": 0,\n    \"20\": 0,\n    \"21\": 0,\n    \"22\": 0,\n    \"23\": 0,\n    \"24\": 0,\n    \"25\": 0,\n    \"26\": 0,\n    \"27\": 0,\n    \"28\": 0,\n    \"29\": 0,\n    \"30\": 0,\n    \"31\": 0,\n    \"32\": 0,\n    \"33\": 0,\n    \"34\": 0,\n    \"35\": 0,\n    \"36\": 0.00924,\n    \"37\": 0,\n    \"38\": 0,\n    \"39\": 0,\n    \"40\": 0.00462,\n    \"41\": 0,\n    \"42\": 0,\n    \"43\": 0,\n    \"44\": 0,\n    \"45\": 0.00462,\n    \"46\": 0.00462,\n    \"47\": 0,\n    \"48\": 0,\n    \"49\": 0,\n    \"50\": 0,\n    \"51\": 0,\n    \"52\": 0,\n    \"53\": 0,\n    \"54\": 0,\n    \"55\": 0,\n    \"56\": 0,\n    \"57\": 0,\n    \"58\": 0,\n    \"60\": 0,\n    \"62\": 0,\n    \"63\": 0.00462,\n    \"64\": 0,\n    \"65\": 0,\n    \"66\": 0,\n    \"67\": 0,\n    \"68\": 0,\n    \"69\": 0,\n    \"70\": 0,\n    \"71\": 0.0878,\n    \"72\": 0.44824,\n    \"9.5-9.6\": 0,\n    \"10.0-10.1\": 0,\n    \"10.5\": 0,\n    \"10.6\": 0,\n    \"11.1\": 0,\n    \"11.5\": 0,\n    \"11.6\": 0,\n    \"12.1\": 0\n  },\n  E: {\n    \"4\": 0,\n    \"5\": 0,\n    \"6\": 0,\n    \"7\": 0,\n    \"8\": 0,\n    \"9\": 0,\n    \"10\": 0,\n    \"11\": 0,\n    \"12\": 0.00462,\n    \"13\": 0.01848,\n    \"14\": 0.27726,\n    _: \"0\",\n    \"3.1\": 0,\n    \"3.2\": 0,\n    \"5.1\": 0.00462,\n    \"6.1\": 0,\n    \"7.1\": 0,\n    \"9.1\": 0,\n    \"10.1\": 0.00462,\n    \"11.1\": 0.00924,\n    \"12.1\": 0.01386,\n    \"13.1\": 0.07394\n  },\n  G: {\n    \"8\": 0,\n    \"3.2\": 0,\n    \"4.0-4.1\": 0,\n    \"4.2-4.3\": 0,\n    \"5.0-5.1\": 0.00533,\n    \"6.0-6.1\": 0.00533,\n    \"7.0-7.1\": 0.02666,\n    \"8.1-8.4\": 0.00747,\n    \"9.0-9.2\": 0.00533,\n    \"9.3\": 0.11092,\n    \"10.0-10.2\": 0.0224,\n    \"10.3\": 0.14398,\n    \"11.0-11.2\": 0.05119,\n    \"11.3-11.4\": 0.08426,\n    \"12.0-12.1\": 0.07892,\n    \"12.2-12.4\": 0.81803,\n    \"13.0-13.1\": 0.05866,\n    \"13.2\": 0.02346,\n    \"13.3\": 0.19411,\n    \"13.4-13.7\": 1.18386,\n    \"14.0-14.3\": 7.82412\n  },\n  B: {\n    \"12\": 0,\n    \"13\": 0,\n    \"14\": 0.00462,\n    \"15\": 0.00924,\n    \"16\": 0.00462,\n    \"17\": 0.00924,\n    \"18\": 0.05083,\n    \"79\": 0,\n    \"80\": 0,\n    \"81\": 0,\n    \"83\": 0,\n    \"84\": 0.00462,\n    \"85\": 0.00924,\n    \"86\": 0.01848,\n    \"87\": 0.95655\n  },\n  I: {\n    \"3\": 0,\n    \"4\": 0,\n    \"81\": 0,\n    \"2.1\": 0,\n    \"2.2\": 0,\n    \"2.3\": 0,\n    \"4.1\": 0.01051,\n    \"4.2-4.3\": 0.04029,\n    \"4.4\": 0,\n    \"4.4.3-4.4.4\": 0.31003\n  },\n  P: {\n    \"4\": 0.11261,\n    \"5.0-5.4\": 0,\n    \"6.2-6.4\": 0,\n    \"7.2-7.4\": 0.03071,\n    \"8.2\": 0.01024,\n    \"9.2\": 0.04095,\n    \"10.1\": 0.04095,\n    \"11.1-11.2\": 0.14332,\n    \"12.0\": 0.33784,\n    \"13.0\": 2.45699\n  },\n  K: {\n    _: \"0 10 11 12 11.1 11.5 12.1\"\n  },\n  A: {\n    \"6\": 0,\n    \"7\": 0,\n    \"8\": 0.00471,\n    \"9\": 0.00471,\n    \"10\": 0,\n    \"11\": 0.48965,\n    \"5.5\": 0\n  },\n  N: {\n    \"10\": 0,\n    \"11\": 0\n  },\n  J: {\n    \"7\": 0,\n    \"10\": 0\n  },\n  O: {\n    \"0\": 0.06455\n  },\n  H: {\n    \"0\": 0.25462\n  },\n  L: {\n    \"0\": 62.42162\n  },\n  S: {\n    \"2.5\": 0\n  },\n  R: {\n    _: \"0\"\n  },\n  M: {\n    \"0\": 0.21516\n  },\n  Q: {\n    \"10.4\": 0.00538\n  }\n};","map":{"version":3,"sources":["/Users/bruceseymour/ra-video/client/node_modules/caniuse-lite/data/regions/BG.js"],"names":["module","exports","C","D","F","E","_","G","B","I","P","K","A","N","J","O","H","L","S","R","M","Q"],