{"ast":null,"code":"module.exports = {\n  C: {\n    \"2\": 0,\n    \"3\": 0,\n    \"4\": 0.01517,\n    \"5\": 0,\n    \"6\": 0,\n    \"7\": 0,\n    \"8\": 0,\n    \"9\": 0,\n    \"10\": 0,\n    \"11\": 0.00506,\n    \"12\": 0,\n    \"13\": 0,\n    \"14\": 0,\n    \"15\": 0,\n    \"16\": 0,\n    \"17\": 0.00506,\n    \"18\": 0,\n    \"19\": 0,\n    \"20\": 0,\n    \"21\": 0,\n    \"22\": 0,\n    \"23\": 0,\n    \"24\": 0,\n    \"25\": 0,\n    \"26\": 0,\n    \"27\": 0,\n    \"28\": 0,\n    \"29\": 0,\n    \"30\": 0.02529,\n    \"31\": 0,\n    \"32\": 0,\n    \"33\": 0,\n    \"34\": 0,\n    \"35\": 0,\n    \"36\": 0,\n    \"37\": 0,\n    \"38\": 0.00506,\n    \"39\": 0,\n    \"40\": 0,\n    \"41\": 0,\n    \"42\": 0,\n    \"43\": 0,\n    \"44\": 0.01011,\n    \"45\": 0.00506,\n    \"46\": 0,\n    \"47\": 0.00506,\n    \"48\": 0.01011,\n    \"49\": 0,\n    \"50\": 0,\n    \"51\": 0,\n    \"52\": 0.02529,\n    \"53\": 0,\n    \"54\": 0.00506,\n    \"55\": 0,\n    \"56\": 0.00506,\n    \"57\": 0,\n    \"58\": 0.00506,\n    \"59\": 0.00506,\n    \"60\": 0.00506,\n    \"61\": 0,\n    \"62\": 0,\n    \"63\": 0.00506,\n    \"64\": 0.00506,\n    \"65\": 0.00506,\n    \"66\": 0.00506,\n    \"67\": 0.00506,\n    \"68\": 0.02529,\n    \"69\": 0,\n    \"70\": 0,\n    \"71\": 0,\n    \"72\": 0.01011,\n    \"73\": 0.00506,\n    \"74\": 0,\n    \"75\": 0.00506,\n    \"76\": 0.00506,\n    \"77\": 0.00506,\n    \"78\": 0.08091,\n    \"79\": 0.01011,\n    \"80\": 0.01517,\n    \"81\": 0.02529,\n    \"82\": 0.06574,\n    \"83\": 0.87992,\n    \"84\": 0.5411,\n    \"85\": 0.00506,\n    \"86\": 0,\n    \"3.5\": 0,\n    \"3.6\": 0\n  },\n  D: {\n    \"4\": 0,\n    \"5\": 0,\n    \"6\": 0,\n    \"7\": 0,\n    \"8\": 0,\n    \"9\": 0,\n    \"10\": 0,\n    \"11\": 0,\n    \"12\": 0,\n    \"13\": 0,\n    \"14\": 0,\n    \"15\": 0,\n    \"16\": 0,\n    \"17\": 0,\n    \"18\": 0,\n    \"19\": 0,\n    \"20\": 0,\n    \"21\": 0,\n    \"22\": 0,\n    \"23\": 0,\n    \"24\": 0,\n    \"25\": 0,\n    \"26\": 0,\n    \"27\": 0,\n    \"28\": 0,\n    \"29\": 0.00506,\n    \"30\": 0,\n    \"31\": 0,\n    \"32\": 0,\n    \"33\": 0.00506,\n    \"34\": 0,\n    \"35\": 0.00506,\n    \"36\": 0,\n    \"37\": 0,\n    \"38\": 0.00506,\n    \"39\": 0,\n    \"40\": 0.01011,\n    \"41\": 0,\n    \"42\": 0,\n    \"43\": 0.00506,\n    \"44\": 0,\n    \"45\": 0,\n    \"46\": 0,\n    \"47\": 0.00506,\n    \"48\": 0.02529,\n    \"49\": 0.11631,\n    \"50\": 0,\n    \"51\": 0,\n    \"52\": 0.00506,\n    \"53\": 0.00506,\n    \"54\": 0.00506,\n    \"55\": 0.00506,\n    \"56\": 0.06068,\n    \"57\": 0,\n    \"58\": 0.00506,\n    \"59\": 0.00506,\n    \"60\": 0.00506,\n    \"61\": 0.02023,\n    \"62\": 0.00506,\n    \"63\": 0.01517,\n    \"64\": 0.01517,\n    \"65\": 0.01517,\n    \"66\": 0.02023,\n    \"67\": 0.02023,\n    \"68\": 0.00506,\n    \"69\": 0.01011,\n    \"70\": 0.03034,\n    \"71\": 0.02023,\n    \"72\": 0.0354,\n    \"73\": 0.01517,\n    \"74\": 0.03034,\n    \"75\": 0.10114,\n    \"76\": 0.10114,\n    \"77\": 0.18205,\n    \"78\": 0.04046,\n    \"79\": 0.1062,\n    \"80\": 0.09608,\n    \"81\": 0.10114,\n    \"83\": 0.19217,\n    \"84\": 0.20228,\n    \"85\": 0.32871,\n    \"86\": 2.72067,\n    \"87\": 9.02675,\n    \"88\": 0.02023,\n    \"89\": 0.03034,\n    \"90\": 0\n  },\n  F: {\n    \"9\": 0,\n    \"11\": 0,\n    \"12\": 0,\n    \"15\": 0,\n    \"16\": 0,\n    \"17\": 0,\n    \"18\": 0,\n    \"19\": 0,\n    \"20\": 0,\n    \"21\": 0,\n    \"22\": 0,\n    \"23\": 0,\n    \"24\": 0,\n    \"25\": 0,\n    \"26\": 0,\n    \"27\": 0,\n    \"28\": 0,\n    \"29\": 0,\n    \"30\": 0,\n    \"31\": 0,\n    \"32\": 0,\n    \"33\": 0,\n    \"34\": 0,\n    \"35\": 0,\n    \"36\": 0,\n    \"37\": 0,\n    \"38\": 0,\n    \"39\": 0,\n    \"40\": 0,\n    \"41\": 0,\n    \"42\": 0,\n    \"43\": 0,\n    \"44\": 0,\n    \"45\": 0,\n    \"46\": 0,\n    \"47\": 0,\n    \"48\": 0,\n    \"49\": 0,\n    \"50\": 0,\n    \"51\": 0.00506,\n    \"52\": 0,\n    \"53\": 0,\n    \"54\": 0,\n    \"55\": 0,\n    \"56\": 0,\n    \"57\": 0,\n    \"58\": 0,\n    \"60\": 0,\n    \"62\": 0,\n    \"63\": 0,\n    \"64\": 0,\n    \"65\": 0,\n    \"66\": 0,\n    \"67\": 0,\n    \"68\": 0,\n    \"69\": 0,\n    \"70\": 0,\n    \"71\": 0.03034,\n    \"72\": 0.1416,\n    \"9.5-9.6\": 0,\n    \"10.0-10.1\": 0,\n    \"10.5\": 0,\n    \"10.6\": 0,\n    \"11.1\": 0,\n    \"11.5\": 0,\n    \"11.6\": 0,\n    \"12.1\": 0\n  },\n  E: {\n    \"4\": 0,\n    \"5\": 0,\n    \"6\": 0,\n    \"7\": 0,\n    \"8\": 0.01517,\n    \"9\": 0.00506,\n    \"10\": 0.00506,\n    \"11\": 0.02023,\n    \"12\": 0.02023,\n    \"13\": 0.13654,\n    \"14\": 2.82181,\n    _: \"0\",\n    \"3.1\": 0,\n    \"3.2\": 0,\n    \"5.1\": 0.00506,\n    \"6.1\": 0,\n    \"7.1\": 0,\n    \"9.1\": 0.06068,\n    \"10.1\": 0.0354,\n    \"11.1\": 0.09103,\n    \"12.1\": 0.1416,\n    \"13.1\": 1.32999\n  },\n  G: {\n    \"8\": 0,\n    \"3.2\": 0,\n    \"4.0-4.1\": 0,\n    \"4.2-4.3\": 0,\n    \"5.0-5.1\": 0.00441,\n    \"6.0-6.1\": 0.01765,\n    \"7.0-7.1\": 0.04412,\n    \"8.1-8.4\": 0.03089,\n    \"9.0-9.2\": 0.0353,\n    \"9.3\": 0.27797,\n    \"10.0-10.2\": 0.05736,\n    \"10.3\": 0.3618,\n    \"11.0-11.2\": 0.1809,\n    \"11.3-11.4\": 0.24708,\n    \"12.0-12.1\": 0.28679,\n    \"12.2-12.4\": 2.21493,\n    \"13.0-13.1\": 0.20296,\n    \"13.2\": 0.12795,\n    \"13.3\": 0.82067,\n    \"13.4-13.7\": 4.71666,\n    \"14.0-14.3\": 34.42412\n  },\n  B: {\n    \"12\": 0.00506,\n    \"13\": 0,\n    \"14\": 0.00506,\n    \"15\": 0.00506,\n    \"16\": 0.00506,\n    \"17\": 0.02023,\n    \"18\": 0.13148,\n    \"79\": 0,\n    \"80\": 0.01517,\n    \"81\": 0,\n    \"83\": 0.00506,\n    \"84\": 0.00506,\n    \"85\": 0.01011,\n    \"86\": 0.06574,\n    \"87\": 2.44759\n  },\n  I: {\n    \"3\": 0,\n    \"4\": 0.08707,\n    \"81\": 0,\n    \"2.1\": 0,\n    \"2.2\": 0,\n    \"2.3\": 0,\n    \"4.1\": 0.01741,\n    \"4.2-4.3\": 0.13497,\n    \"4.4\": 0,\n    \"4.4.3-4.4.4\": 0.30476\n  },\n  P: {\n    \"4\": 0.0315,\n    \"5.0-5.4\": 0.0105,\n    \"6.2-6.4\": 0,\n    \"7.2-7.4\": 0.0105,\n    \"8.2\": 0,\n    \"9.2\": 0.05251,\n    \"10.1\": 0.021,\n    \"11.1-11.2\": 0.09451,\n    \"12.0\": 0.23102,\n    \"13.0\": 1.91121\n  },\n  K: {\n    _: \"0 10 11 12 11.1 11.5 12.1\"\n  },\n  A: {\n    \"6\": 0,\n    \"7\": 0.00532,\n    \"8\": 0.02129,\n    \"9\": 0.37252,\n    \"10\": 0.00532,\n    \"11\": 0.612,\n    \"5.5\": 0\n  },\n  N: {\n    \"10\": 0,\n    \"11\": 0\n  },\n  J: {\n    \"7\": 0,\n    \"10\": 0.00494\n  },\n  O: {\n    \"0\": 0.13346\n  },\n  H: {\n    \"0\": 0.18719\n  },\n  L: {\n    \"0\": 25.90402\n  },\n  S: {\n    \"2.5\": 0.00494\n  },\n  R: {\n    _: \"0\"\n  },\n  M: {\n    \"0\": 0.44981\n  },\n  Q: {\n    \"10.4\": 0.01483\n  }\n};","map":{"version":3,"sources":["/Users/bruceseymour/ra-video/client/node_modules/caniuse-lite/data/regions/US.js"],"names":["module","exports","C","D","F","E","_","G","B","I","P","K","A","N","J","O","H","L","S","R","M","Q"],