{"ast":null,"code":"module.exports = {\n  C: {\n    \"2\": 0,\n    \"3\": 0,\n    \"4\": 0,\n    \"5\": 0,\n    \"6\": 0,\n    \"7\": 0,\n    \"8\": 0,\n    \"9\": 0,\n    \"10\": 0,\n    \"11\": 0,\n    \"12\": 0,\n    \"13\": 0,\n    \"14\": 0,\n    \"15\": 0,\n    \"16\": 0,\n    \"17\": 0,\n    \"18\": 0,\n    \"19\": 0,\n    \"20\": 0,\n    \"21\": 0,\n    \"22\": 0,\n    \"23\": 0,\n    \"24\": 0,\n    \"25\": 0,\n    \"26\": 0,\n    \"27\": 0,\n    \"28\": 0,\n    \"29\": 0,\n    \"30\": 0.03619,\n    \"31\": 0,\n    \"32\": 0,\n    \"33\": 0,\n    \"34\": 0,\n    \"35\": 0,\n    \"36\": 0,\n    \"37\": 0,\n    \"38\": 0,\n    \"39\": 0,\n    \"40\": 0,\n    \"41\": 0,\n    \"42\": 0,\n    \"43\": 0,\n    \"44\": 0,\n    \"45\": 0,\n    \"46\": 0,\n    \"47\": 0,\n    \"48\": 0,\n    \"49\": 0,\n    \"50\": 0,\n    \"51\": 0,\n    \"52\": 0,\n    \"53\": 0,\n    \"54\": 0,\n    \"55\": 0,\n    \"56\": 0,\n    \"57\": 0,\n    \"58\": 0,\n    \"59\": 0,\n    \"60\": 0,\n    \"61\": 0,\n    \"62\": 0,\n    \"63\": 0,\n    \"64\": 0,\n    \"65\": 0,\n    \"66\": 0,\n    \"67\": 0,\n    \"68\": 0,\n    \"69\": 0,\n    \"70\": 0,\n    \"71\": 0,\n    \"72\": 0.00603,\n    \"73\": 0,\n    \"74\": 0,\n    \"75\": 0,\n    \"76\": 0.00603,\n    \"77\": 0,\n    \"78\": 0.02412,\n    \"79\": 0,\n    \"80\": 0.00603,\n    \"81\": 0,\n    \"82\": 0.02412,\n    \"83\": 0.56691,\n    \"84\": 0.28949,\n    \"85\": 0,\n    \"86\": 0,\n    \"3.5\": 0,\n    \"3.6\": 0\n  },\n  D: {\n    \"4\": 0,\n    \"5\": 0,\n    \"6\": 0,\n    \"7\": 0,\n    \"8\": 0,\n    \"9\": 0,\n    \"10\": 0,\n    \"11\": 0,\n    \"12\": 0,\n    \"13\": 0,\n    \"14\": 0,\n    \"15\": 0,\n    \"16\": 0,\n    \"17\": 0,\n    \"18\": 0,\n    \"19\": 0,\n    \"20\": 0,\n    \"21\": 0,\n    \"22\": 0,\n    \"23\": 0,\n    \"24\": 0.00603,\n    \"25\": 0,\n    \"26\": 0,\n    \"27\": 0,\n    \"28\": 0,\n    \"29\": 0,\n    \"30\": 0,\n    \"31\": 0,\n    \"32\": 0,\n    \"33\": 0,\n    \"34\": 0,\n    \"35\": 0,\n    \"36\": 0,\n    \"37\": 0,\n    \"38\": 0,\n    \"39\": 0,\n    \"40\": 0,\n    \"41\": 0,\n    \"42\": 0,\n    \"43\": 0,\n    \"44\": 0,\n    \"45\": 0,\n    \"46\": 0,\n    \"47\": 0,\n    \"48\": 0,\n    \"49\": 0.06031,\n    \"50\": 0,\n    \"51\": 0,\n    \"52\": 0,\n    \"53\": 0,\n    \"54\": 0,\n    \"55\": 0,\n    \"56\": 0,\n    \"57\": 0,\n    \"58\": 0,\n    \"59\": 0,\n    \"60\": 0.02412,\n    \"61\": 0,\n    \"62\": 0,\n    \"63\": 0,\n    \"64\": 0,\n    \"65\": 0,\n    \"66\": 0,\n    \"67\": 0,\n    \"68\": 0.00603,\n    \"69\": 0,\n    \"70\": 0,\n    \"71\": 0.00603,\n    \"72\": 0,\n    \"73\": 0.00603,\n    \"74\": 0.01809,\n    \"75\": 0,\n    \"76\": 0.00603,\n    \"77\": 0.00603,\n    \"78\": 0.00603,\n    \"79\": 0.01206,\n    \"80\": 0.10253,\n    \"81\": 0.03016,\n    \"83\": 0.01206,\n    \"84\": 0.06031,\n    \"85\": 0.05428,\n    \"86\": 3.74525,\n    \"87\": 15.61426,\n    \"88\": 0.00603,\n    \"89\": 0.00603,\n    \"90\": 0\n  },\n  F: {\n    \"9\": 0,\n    \"11\": 0,\n    \"12\": 0,\n    \"15\": 0,\n    \"16\": 0,\n    \"17\": 0,\n    \"18\": 0,\n    \"19\": 0,\n    \"20\": 0,\n    \"21\": 0,\n    \"22\": 0,\n    \"23\": 0,\n    \"24\": 0,\n    \"25\": 0,\n    \"26\": 0,\n    \"27\": 0,\n    \"28\": 0,\n    \"29\": 0,\n    \"30\": 0,\n    \"31\": 0,\n    \"32\": 0,\n    \"33\": 0,\n    \"34\": 0,\n    \"35\": 0,\n    \"36\": 0.00603,\n    \"37\": 0,\n    \"38\": 0,\n    \"39\": 0,\n    \"40\": 0,\n    \"41\": 0,\n    \"42\": 0,\n    \"43\": 0,\n    \"44\": 0,\n    \"45\": 0,\n    \"46\": 0,\n    \"47\": 0,\n    \"48\": 0,\n    \"49\": 0,\n    \"50\": 0,\n    \"51\": 0,\n    \"52\": 0,\n    \"53\": 0,\n    \"54\": 0,\n    \"55\": 0,\n    \"56\": 0,\n    \"57\": 0,\n    \"58\": 0,\n    \"60\": 0,\n    \"62\": 0,\n    \"63\": 0,\n    \"64\": 0,\n    \"65\": 0,\n    \"66\": 0.00603,\n    \"67\": 0,\n    \"68\": 0,\n    \"69\": 0,\n    \"70\": 0,\n    \"71\": 0.03619,\n    \"72\": 0.19299,\n    \"9.5-9.6\": 0,\n    \"10.0-10.1\": 0,\n    \"10.5\": 0,\n    \"10.6\": 0,\n    \"11.1\": 0,\n    \"11.5\": 0,\n    \"11.6\": 0,\n    \"12.1\": 0\n  },\n  E: {\n    \"4\": 0,\n    \"5\": 0,\n    \"6\": 0,\n    \"7\": 0,\n    \"8\": 0,\n    \"9\": 0,\n    \"10\": 0,\n    \"11\": 0,\n    \"12\": 0.02412,\n    \"13\": 0.15681,\n    \"14\": 6.02497,\n    _: \"0\",\n    \"3.1\": 0,\n    \"3.2\": 0,\n    \"5.1\": 0,\n    \"6.1\": 0,\n    \"7.1\": 0,\n    \"9.1\": 0.00603,\n    \"10.1\": 0.07237,\n    \"11.1\": 0.13871,\n    \"12.1\": 0.07237,\n    \"13.1\": 1.12177\n  },\n  G: {\n    \"8\": 0,\n    \"3.2\": 0,\n    \"4.0-4.1\": 0,\n    \"4.2-4.3\": 0,\n    \"5.0-5.1\": 0,\n    \"6.0-6.1\": 0.02974,\n    \"7.0-7.1\": 0.0033,\n    \"8.1-8.4\": 0.02643,\n    \"9.0-9.2\": 0.00661,\n    \"9.3\": 0.3899,\n    \"10.0-10.2\": 0.01983,\n    \"10.3\": 0.41633,\n    \"11.0-11.2\": 0.06939,\n    \"11.3-11.4\": 0.06939,\n    \"12.0-12.1\": 0.11234,\n    \"12.2-12.4\": 1.33822,\n    \"13.0-13.1\": 0.12887,\n    \"13.2\": 0.01983,\n    \"13.3\": 0.69719,\n    \"13.4-13.7\": 5.13148,\n    \"14.0-14.3\": 24.5637\n  },\n  B: {\n    \"12\": 0,\n    \"13\": 0,\n    \"14\": 0,\n    \"15\": 0.00603,\n    \"16\": 0.00603,\n    \"17\": 0.01206,\n    \"18\": 0.24124,\n    \"79\": 0,\n    \"80\": 0,\n    \"81\": 0,\n    \"83\": 0,\n    \"84\": 0.01206,\n    \"85\": 0.00603,\n    \"86\": 0.09047,\n    \"87\": 5.18666\n  },\n  I: {\n    \"3\": 0,\n    \"4\": 0,\n    \"81\": 0,\n    \"2.1\": 0,\n    \"2.2\": 0,\n    \"2.3\": 0,\n    \"4.1\": 0,\n    \"4.2-4.3\": 0.03139,\n    \"4.4\": 0,\n    \"4.4.3-4.4.4\": 0.17938\n  },\n  P: {\n    \"4\": 0.32201,\n    \"5.0-5.4\": 0,\n    \"6.2-6.4\": 0,\n    \"7.2-7.4\": 0,\n    \"8.2\": 0,\n    \"9.2\": 0.01039,\n    \"10.1\": 0.01039,\n    \"11.1-11.2\": 0.05194,\n    \"12.0\": 0.10387,\n    \"13.0\": 4.46662\n  },\n  K: {\n    _: \"0 10 11 12 11.1 11.5 12.1\"\n  },\n  A: {\n    \"6\": 0,\n    \"7\": 0,\n    \"8\": 0,\n    \"9\": 0,\n    \"10\": 0.00603,\n    \"11\": 0.22918,\n    \"5.5\": 0\n  },\n  N: {\n    \"10\": 0,\n    \"11\": 0\n  },\n  J: {\n    \"7\": 0,\n    \"10\": 0\n  },\n  O: {\n    \"0\": 1.409\n  },\n  H: {\n    \"0\": 0.2217\n  },\n  L: {\n    \"0\": 21.30397\n  },\n  S: {\n    \"2.5\": 0\n  },\n  R: {\n    _: \"0\"\n  },\n  M: {\n    \"0\": 0.2183\n  },\n  Q: {\n    \"10.4\": 0\n  }\n};","map":{"version":3,"sources":["/Users/bruceseymour/ra-video/client/node_modules/caniuse-lite/data/regions/GI.js"],"names":["module","exports","C","D","F","E","_","G","B","I","P","K","A","N","J","O","H","L","S","R","M","Q"],