{"ast":null,"code":"module.exports = {\n  C: {\n    \"2\": 0,\n    \"3\": 0,\n    \"4\": 0,\n    \"5\": 0,\n    \"6\": 0,\n    \"7\": 0,\n    \"8\": 0,\n    \"9\": 0,\n    \"10\": 0,\n    \"11\": 0,\n    \"12\": 0,\n    \"13\": 0,\n    \"14\": 0,\n    \"15\": 0,\n    \"16\": 0,\n    \"17\": 0,\n    \"18\": 0,\n    \"19\": 0,\n    \"20\": 0,\n    \"21\": 0,\n    \"22\": 0,\n    \"23\": 0,\n    \"24\": 0,\n    \"25\": 0,\n    \"26\": 0,\n    \"27\": 0,\n    \"28\": 0,\n    \"29\": 0,\n    \"30\": 0,\n    \"31\": 0,\n    \"32\": 0,\n    \"33\": 0,\n    \"34\": 0,\n    \"35\": 0,\n    \"36\": 0,\n    \"37\": 0,\n    \"38\": 0,\n    \"39\": 0,\n    \"40\": 0,\n    \"41\": 0,\n    \"42\": 0,\n    \"43\": 0.00335,\n    \"44\": 0,\n    \"45\": 0,\n    \"46\": 0,\n    \"47\": 0,\n    \"48\": 0,\n    \"49\": 0,\n    \"50\": 0,\n    \"51\": 0,\n    \"52\": 0.01005,\n    \"53\": 0,\n    \"54\": 0,\n    \"55\": 0.00335,\n    \"56\": 0.00335,\n    \"57\": 0,\n    \"58\": 0,\n    \"59\": 0,\n    \"60\": 0,\n    \"61\": 0,\n    \"62\": 0,\n    \"63\": 0,\n    \"64\": 0,\n    \"65\": 0,\n    \"66\": 0.03015,\n    \"67\": 0,\n    \"68\": 0.01005,\n    \"69\": 0,\n    \"70\": 0,\n    \"71\": 0,\n    \"72\": 0.00335,\n    \"73\": 0.03015,\n    \"74\": 0,\n    \"75\": 0,\n    \"76\": 0.00335,\n    \"77\": 0,\n    \"78\": 0.01005,\n    \"79\": 0.00335,\n    \"80\": 0.00335,\n    \"81\": 0.0067,\n    \"82\": 0.0134,\n    \"83\": 0.4489,\n    \"84\": 0.27805,\n    \"85\": 0.0067,\n    \"86\": 0,\n    \"3.5\": 0,\n    \"3.6\": 0\n  },\n  D: {\n    \"4\": 0,\n    \"5\": 0,\n    \"6\": 0,\n    \"7\": 0,\n    \"8\": 0,\n    \"9\": 0,\n    \"10\": 0,\n    \"11\": 0,\n    \"12\": 0,\n    \"13\": 0,\n    \"14\": 0,\n    \"15\": 0,\n    \"16\": 0,\n    \"17\": 0,\n    \"18\": 0,\n    \"19\": 0,\n    \"20\": 0,\n    \"21\": 0,\n    \"22\": 0,\n    \"23\": 0,\n    \"24\": 0,\n    \"25\": 0,\n    \"26\": 0,\n    \"27\": 0,\n    \"28\": 0,\n    \"29\": 0,\n    \"30\": 0,\n    \"31\": 0.00335,\n    \"32\": 0,\n    \"33\": 0.00335,\n    \"34\": 0,\n    \"35\": 0,\n    \"36\": 0,\n    \"37\": 0,\n    \"38\": 0.0067,\n    \"39\": 0,\n    \"40\": 0,\n    \"41\": 0,\n    \"42\": 0,\n    \"43\": 0,\n    \"44\": 0,\n    \"45\": 0,\n    \"46\": 0.00335,\n    \"47\": 0,\n    \"48\": 0,\n    \"49\": 0.04355,\n    \"50\": 0,\n    \"51\": 0,\n    \"52\": 0,\n    \"53\": 0.01005,\n    \"54\": 0,\n    \"55\": 0.00335,\n    \"56\": 0,\n    \"57\": 0,\n    \"58\": 0,\n    \"59\": 0.0402,\n    \"60\": 0,\n    \"61\": 0.00335,\n    \"62\": 0,\n    \"63\": 0.0067,\n    \"64\": 0,\n    \"65\": 0.00335,\n    \"66\": 0,\n    \"67\": 0.0067,\n    \"68\": 0.00335,\n    \"69\": 0.0067,\n    \"70\": 0.00335,\n    \"71\": 0.0067,\n    \"72\": 0.0067,\n    \"73\": 0.00335,\n    \"74\": 0.0134,\n    \"75\": 0.0134,\n    \"76\": 0.0134,\n    \"77\": 0.0067,\n    \"78\": 0.0134,\n    \"79\": 0.0134,\n    \"80\": 0.03685,\n    \"81\": 0.02345,\n    \"83\": 0.02345,\n    \"84\": 0.04355,\n    \"85\": 0.0469,\n    \"86\": 1.2998,\n    \"87\": 6.3382,\n    \"88\": 0.00335,\n    \"89\": 0.0067,\n    \"90\": 0\n  },\n  F: {\n    \"9\": 0,\n    \"11\": 0,\n    \"12\": 0,\n    \"15\": 0,\n    \"16\": 0,\n    \"17\": 0,\n    \"18\": 0,\n    \"19\": 0,\n    \"20\": 0,\n    \"21\": 0,\n    \"22\": 0,\n    \"23\": 0,\n    \"24\": 0,\n    \"25\": 0,\n    \"26\": 0,\n    \"27\": 0,\n    \"28\": 0,\n    \"29\": 0,\n    \"30\": 0,\n    \"31\": 0,\n    \"32\": 0,\n    \"33\": 0,\n    \"34\": 0,\n    \"35\": 0,\n    \"36\": 0,\n    \"37\": 0,\n    \"38\": 0,\n    \"39\": 0,\n    \"40\": 0,\n    \"41\": 0,\n    \"42\": 0,\n    \"43\": 0,\n    \"44\": 0,\n    \"45\": 0,\n    \"46\": 0,\n    \"47\": 0,\n    \"48\": 0,\n    \"49\": 0,\n    \"50\": 0,\n    \"51\": 0,\n    \"52\": 0,\n    \"53\": 0,\n    \"54\": 0,\n    \"55\": 0,\n    \"56\": 0,\n    \"57\": 0,\n    \"58\": 0,\n    \"60\": 0,\n    \"62\": 0,\n    \"63\": 0,\n    \"64\": 0,\n    \"65\": 0,\n    \"66\": 0,\n    \"67\": 0,\n    \"68\": 0,\n    \"69\": 0,\n    \"70\": 0,\n    \"71\": 0.11725,\n    \"72\": 0.22445,\n    \"9.5-9.6\": 0,\n    \"10.0-10.1\": 0,\n    \"10.5\": 0,\n    \"10.6\": 0,\n    \"11.1\": 0,\n    \"11.5\": 0,\n    \"11.6\": 0,\n    \"12.1\": 0\n  },\n  E: {\n    \"4\": 0,\n    \"5\": 0,\n    \"6\": 0,\n    \"7\": 0,\n    \"8\": 0,\n    \"9\": 0,\n    \"10\": 0,\n    \"11\": 0,\n    \"12\": 0.0067,\n    \"13\": 0.01675,\n    \"14\": 0.39195,\n    _: \"0\",\n    \"3.1\": 0,\n    \"3.2\": 0,\n    \"5.1\": 0,\n    \"6.1\": 0,\n    \"7.1\": 0.00335,\n    \"9.1\": 0,\n    \"10.1\": 0.00335,\n    \"11.1\": 0.01005,\n    \"12.1\": 0.0201,\n    \"13.1\": 0.11725\n  },\n  G: {\n    \"8\": 0,\n    \"3.2\": 0,\n    \"4.0-4.1\": 0,\n    \"4.2-4.3\": 0.00206,\n    \"5.0-5.1\": 0.00103,\n    \"6.0-6.1\": 0.02161,\n    \"7.0-7.1\": 0.00926,\n    \"8.1-8.4\": 0.00103,\n    \"9.0-9.2\": 0.00206,\n    \"9.3\": 0.13585,\n    \"10.0-10.2\": 0.00515,\n    \"10.3\": 0.08954,\n    \"11.0-11.2\": 0.02573,\n    \"11.3-11.4\": 0.04425,\n    \"12.0-12.1\": 0.0566,\n    \"12.2-12.4\": 0.86965,\n    \"13.0-13.1\": 0.06998,\n    \"13.2\": 0.03088,\n    \"13.3\": 0.15952,\n    \"13.4-13.7\": 0.882,\n    \"14.0-14.3\": 7.8464\n  },\n  B: {\n    \"12\": 0.00335,\n    \"13\": 0,\n    \"14\": 0,\n    \"15\": 0.0067,\n    \"16\": 0.00335,\n    \"17\": 0.0067,\n    \"18\": 0.02345,\n    \"79\": 0,\n    \"80\": 0,\n    \"81\": 0,\n    \"83\": 0,\n    \"84\": 0.00335,\n    \"85\": 0.00335,\n    \"86\": 0.01005,\n    \"87\": 0.57285\n  },\n  I: {\n    \"3\": 0,\n    \"4\": 0.00321,\n    \"81\": 0,\n    \"2.1\": 0,\n    \"2.2\": 0,\n    \"2.3\": 0,\n    \"4.1\": 0.00321,\n    \"4.2-4.3\": 0.02084,\n    \"4.4\": 0,\n    \"4.4.3-4.4.4\": 0.13629\n  },\n  P: {\n    \"4\": 0.20349,\n    \"5.0-5.4\": 0.01017,\n    \"6.2-6.4\": 0.01017,\n    \"7.2-7.4\": 0.18314,\n    \"8.2\": 0.01017,\n    \"9.2\": 0.18314,\n    \"10.1\": 0.07122,\n    \"11.1-11.2\": 0.3154,\n    \"12.0\": 0.55959,\n    \"13.0\": 2.6962\n  },\n  K: {\n    _: \"0 10 11 12 11.1 11.5 12.1\"\n  },\n  A: {\n    \"6\": 0,\n    \"7\": 0,\n    \"8\": 0.00335,\n    \"9\": 0,\n    \"10\": 0,\n    \"11\": 0.05025,\n    \"5.5\": 0\n  },\n  N: {\n    \"10\": 0,\n    \"11\": 0\n  },\n  J: {\n    \"7\": 0,\n    \"10\": 0\n  },\n  O: {\n    \"0\": 0.11305\n  },\n  H: {\n    \"0\": 0.32109\n  },\n  L: {\n    \"0\": 72.1558\n  },\n  S: {\n    \"2.5\": 0\n  },\n  R: {\n    _: \"0\"\n  },\n  M: {\n    \"0\": 0.31255\n  },\n  Q: {\n    \"10.4\": 0\n  }\n};","map":{"version":3,"sources":["/Users/bruceseymour/ra-video/client/node_modules/caniuse-lite/data/regions/GT.js"],"names":["module","exports","C","D","F","E","_","G","B","I","P","K","A","N","J","O","H","L","S","R","M","Q"],