{"ast":null,"code":"module.exports = {\n  C: {\n    \"2\": 0,\n    \"3\": 0,\n    \"4\": 0,\n    \"5\": 0,\n    \"6\": 0,\n    \"7\": 0,\n    \"8\": 0,\n    \"9\": 0,\n    \"10\": 0,\n    \"11\": 0,\n    \"12\": 0,\n    \"13\": 0,\n    \"14\": 0,\n    \"15\": 0,\n    \"16\": 0,\n    \"17\": 0,\n    \"18\": 0,\n    \"19\": 0,\n    \"20\": 0,\n    \"21\": 0,\n    \"22\": 0,\n    \"23\": 0,\n    \"24\": 0,\n    \"25\": 0,\n    \"26\": 0,\n    \"27\": 0,\n    \"28\": 0,\n    \"29\": 0,\n    \"30\": 0.00536,\n    \"31\": 0,\n    \"32\": 0,\n    \"33\": 0,\n    \"34\": 0,\n    \"35\": 0,\n    \"36\": 0,\n    \"37\": 0,\n    \"38\": 0,\n    \"39\": 0,\n    \"40\": 0,\n    \"41\": 0.00536,\n    \"42\": 0,\n    \"43\": 0,\n    \"44\": 0.00536,\n    \"45\": 0,\n    \"46\": 0,\n    \"47\": 0.00536,\n    \"48\": 0,\n    \"49\": 0,\n    \"50\": 0.00536,\n    \"51\": 0.00536,\n    \"52\": 0.03214,\n    \"53\": 0,\n    \"54\": 0,\n    \"55\": 0,\n    \"56\": 0.01071,\n    \"57\": 0,\n    \"58\": 0.01071,\n    \"59\": 0.00536,\n    \"60\": 0.00536,\n    \"61\": 0.00536,\n    \"62\": 0,\n    \"63\": 0.00536,\n    \"64\": 0.01071,\n    \"65\": 0.00536,\n    \"66\": 0.0482,\n    \"67\": 0,\n    \"68\": 0.01607,\n    \"69\": 0.00536,\n    \"70\": 0.01071,\n    \"71\": 0.00536,\n    \"72\": 0.01607,\n    \"73\": 0.01607,\n    \"74\": 0,\n    \"75\": 0.00536,\n    \"76\": 0.01071,\n    \"77\": 0.00536,\n    \"78\": 0.05356,\n    \"79\": 0.01071,\n    \"80\": 0.01607,\n    \"81\": 0.03749,\n    \"82\": 0.05356,\n    \"83\": 1.35507,\n    \"84\": 0.74448,\n    \"85\": 0.00536,\n    \"86\": 0,\n    \"3.5\": 0,\n    \"3.6\": 0\n  },\n  D: {\n    \"4\": 0,\n    \"5\": 0,\n    \"6\": 0,\n    \"7\": 0,\n    \"8\": 0,\n    \"9\": 0,\n    \"10\": 0,\n    \"11\": 0,\n    \"12\": 0,\n    \"13\": 0,\n    \"14\": 0,\n    \"15\": 0,\n    \"16\": 0,\n    \"17\": 0,\n    \"18\": 0,\n    \"19\": 0,\n    \"20\": 0,\n    \"21\": 0,\n    \"22\": 0.01607,\n    \"23\": 0,\n    \"24\": 0,\n    \"25\": 0,\n    \"26\": 0.00536,\n    \"27\": 0,\n    \"28\": 0,\n    \"29\": 0,\n    \"30\": 0,\n    \"31\": 0,\n    \"32\": 0,\n    \"33\": 0,\n    \"34\": 0,\n    \"35\": 0,\n    \"36\": 0,\n    \"37\": 0,\n    \"38\": 0.03214,\n    \"39\": 0,\n    \"40\": 0.00536,\n    \"41\": 0,\n    \"42\": 0.00536,\n    \"43\": 0,\n    \"44\": 0,\n    \"45\": 0.00536,\n    \"46\": 0,\n    \"47\": 0.01071,\n    \"48\": 0.02142,\n    \"49\": 0.06963,\n    \"50\": 0,\n    \"51\": 0,\n    \"52\": 0,\n    \"53\": 0.04285,\n    \"54\": 0,\n    \"55\": 0.00536,\n    \"56\": 0,\n    \"57\": 0,\n    \"58\": 0.00536,\n    \"59\": 0.00536,\n    \"60\": 0,\n    \"61\": 0.01071,\n    \"62\": 0.00536,\n    \"63\": 0.09641,\n    \"64\": 0.00536,\n    \"65\": 0.01607,\n    \"66\": 0.00536,\n    \"67\": 0.00536,\n    \"68\": 0.01607,\n    \"69\": 0.0482,\n    \"70\": 0.01607,\n    \"71\": 0.03749,\n    \"72\": 0.02142,\n    \"73\": 0.01607,\n    \"74\": 0.01607,\n    \"75\": 0.02678,\n    \"76\": 0.01607,\n    \"77\": 0.01071,\n    \"78\": 0.02678,\n    \"79\": 0.04285,\n    \"80\": 0.09641,\n    \"81\": 0.03749,\n    \"83\": 0.06963,\n    \"84\": 0.12319,\n    \"85\": 0.15532,\n    \"86\": 3.27252,\n    \"87\": 16.95174,\n    \"88\": 0.01607,\n    \"89\": 0.01071,\n    \"90\": 0\n  },\n  F: {\n    \"9\": 0,\n    \"11\": 0,\n    \"12\": 0,\n    \"15\": 0,\n    \"16\": 0,\n    \"17\": 0,\n    \"18\": 0,\n    \"19\": 0,\n    \"20\": 0,\n    \"21\": 0,\n    \"22\": 0,\n    \"23\": 0,\n    \"24\": 0,\n    \"25\": 0,\n    \"26\": 0,\n    \"27\": 0,\n    \"28\": 0,\n    \"29\": 0,\n    \"30\": 0,\n    \"31\": 0,\n    \"32\": 0,\n    \"33\": 0,\n    \"34\": 0,\n    \"35\": 0,\n    \"36\": 0,\n    \"37\": 0,\n    \"38\": 0,\n    \"39\": 0,\n    \"40\": 0,\n    \"41\": 0,\n    \"42\": 0,\n    \"43\": 0,\n    \"44\": 0,\n    \"45\": 0,\n    \"46\": 0,\n    \"47\": 0,\n    \"48\": 0,\n    \"49\": 0,\n    \"50\": 0,\n    \"51\": 0,\n    \"52\": 0,\n    \"53\": 0,\n    \"54\": 0,\n    \"55\": 0,\n    \"56\": 0,\n    \"57\": 0.00536,\n    \"58\": 0.00536,\n    \"60\": 0,\n    \"62\": 0,\n    \"63\": 0,\n    \"64\": 0,\n    \"65\": 0,\n    \"66\": 0,\n    \"67\": 0,\n    \"68\": 0,\n    \"69\": 0,\n    \"70\": 0.00536,\n    \"71\": 0.28387,\n    \"72\": 0.59452,\n    \"9.5-9.6\": 0,\n    \"10.0-10.1\": 0,\n    \"10.5\": 0,\n    \"10.6\": 0,\n    \"11.1\": 0,\n    \"11.5\": 0,\n    \"11.6\": 0,\n    \"12.1\": 0\n  },\n  E: {\n    \"4\": 0,\n    \"5\": 0,\n    \"6\": 0,\n    \"7\": 0,\n    \"8\": 0,\n    \"9\": 0,\n    \"10\": 0,\n    \"11\": 0,\n    \"12\": 0.01071,\n    \"13\": 0.02678,\n    \"14\": 0.47133,\n    _: \"0\",\n    \"3.1\": 0,\n    \"3.2\": 0,\n    \"5.1\": 0.8034,\n    \"6.1\": 0,\n    \"7.1\": 0,\n    \"9.1\": 0.00536,\n    \"10.1\": 0.01071,\n    \"11.1\": 0.02142,\n    \"12.1\": 0.02678,\n    \"13.1\": 0.14997\n  },\n  G: {\n    \"8\": 0,\n    \"3.2\": 0,\n    \"4.0-4.1\": 0,\n    \"4.2-4.3\": 0,\n    \"5.0-5.1\": 0.03728,\n    \"6.0-6.1\": 0.02982,\n    \"7.0-7.1\": 0.01417,\n    \"8.1-8.4\": 0.00075,\n    \"9.0-9.2\": 0.00522,\n    \"9.3\": 0.13868,\n    \"10.0-10.2\": 0.01193,\n    \"10.3\": 0.10588,\n    \"11.0-11.2\": 0.03877,\n    \"11.3-11.4\": 0.02982,\n    \"12.0-12.1\": 0.02908,\n    \"12.2-12.4\": 0.80152,\n    \"13.0-13.1\": 0.02311,\n    \"13.2\": 0.01118,\n    \"13.3\": 0.11408,\n    \"13.4-13.7\": 0.69416,\n    \"14.0-14.3\": 5.34896\n  },\n  B: {\n    \"12\": 0,\n    \"13\": 0,\n    \"14\": 0.00536,\n    \"15\": 0.00536,\n    \"16\": 0,\n    \"17\": 0.00536,\n    \"18\": 0.03749,\n    \"79\": 0,\n    \"80\": 0,\n    \"81\": 0,\n    \"83\": 0,\n    \"84\": 0.00536,\n    \"85\": 0.00536,\n    \"86\": 0.02142,\n    \"87\": 1.17832\n  },\n  I: {\n    \"3\": 0,\n    \"4\": 0.00767,\n    \"81\": 0,\n    \"2.1\": 0,\n    \"2.2\": 0,\n    \"2.3\": 0,\n    \"4.1\": 0.02492,\n    \"4.2-4.3\": 0.046,\n    \"4.4\": 0,\n    \"4.4.3-4.4.4\": 0.33352\n  },\n  P: {\n    \"4\": 0.29549,\n    \"5.0-5.4\": 0,\n    \"6.2-6.4\": 0.01019,\n    \"7.2-7.4\": 0.12227,\n    \"8.2\": 0.01019,\n    \"9.2\": 0.07133,\n    \"10.1\": 0.05095,\n    \"11.1-11.2\": 0.23436,\n    \"12.0\": 0.44834,\n    \"13.0\": 2.22131\n  },\n  K: {\n    _: \"0 10 11 12 11.1 11.5 12.1\"\n  },\n  A: {\n    \"6\": 0,\n    \"7\": 0,\n    \"8\": 0.0153,\n    \"9\": 0.00765,\n    \"10\": 0.00765,\n    \"11\": 0.18363,\n    \"5.5\": 0\n  },\n  N: {\n    \"10\": 0,\n    \"11\": 0\n  },\n  J: {\n    \"7\": 0,\n    \"10\": 0\n  },\n  O: {\n    \"0\": 0.0743\n  },\n  H: {\n    \"0\": 0.14069\n  },\n  L: {\n    \"0\": 57.91858\n  },\n  S: {\n    \"2.5\": 0\n  },\n  R: {\n    _: \"0\"\n  },\n  M: {\n    \"0\": 0.19969\n  },\n  Q: {\n    \"10.4\": 0.00929\n  }\n};","map":{"version":3,"sources":["/Users/bruceseymour/ra-video/client/node_modules/caniuse-lite/data/regions/EC.js"],"names":["module","exports","C","D","F","E","_","G","B","I","P","K","A","N","J","O","H","L","S","R","M","Q"],