{"ast":null,"code":"module.exports = {\n  C: {\n    \"2\": 0,\n    \"3\": 0,\n    \"4\": 0,\n    \"5\": 0,\n    \"6\": 0,\n    \"7\": 0,\n    \"8\": 0,\n    \"9\": 0,\n    \"10\": 0,\n    \"11\": 0,\n    \"12\": 0,\n    \"13\": 0,\n    \"14\": 0,\n    \"15\": 0,\n    \"16\": 0,\n    \"17\": 0,\n    \"18\": 0,\n    \"19\": 0,\n    \"20\": 0,\n    \"21\": 0,\n    \"22\": 0,\n    \"23\": 0,\n    \"24\": 0,\n    \"25\": 0,\n    \"26\": 0,\n    \"27\": 0,\n    \"28\": 0,\n    \"29\": 0,\n    \"30\": 0.00611,\n    \"31\": 0,\n    \"32\": 0,\n    \"33\": 0,\n    \"34\": 0,\n    \"35\": 0,\n    \"36\": 0,\n    \"37\": 0,\n    \"38\": 0,\n    \"39\": 0,\n    \"40\": 0,\n    \"41\": 0,\n    \"42\": 0,\n    \"43\": 0,\n    \"44\": 0,\n    \"45\": 0,\n    \"46\": 0,\n    \"47\": 0,\n    \"48\": 0.00611,\n    \"49\": 0,\n    \"50\": 0.00611,\n    \"51\": 0,\n    \"52\": 0.11,\n    \"53\": 0.00611,\n    \"54\": 0,\n    \"55\": 0,\n    \"56\": 0.01222,\n    \"57\": 0.01222,\n    \"58\": 0,\n    \"59\": 0,\n    \"60\": 0.06722,\n    \"61\": 0,\n    \"62\": 0,\n    \"63\": 0,\n    \"64\": 0.00611,\n    \"65\": 0,\n    \"66\": 0.00611,\n    \"67\": 0,\n    \"68\": 0.03056,\n    \"69\": 0.00611,\n    \"70\": 0,\n    \"71\": 0.01222,\n    \"72\": 0.01833,\n    \"73\": 0,\n    \"74\": 0.00611,\n    \"75\": 0.00611,\n    \"76\": 0.00611,\n    \"77\": 0.00611,\n    \"78\": 0.18944,\n    \"79\": 0.01222,\n    \"80\": 0.02444,\n    \"81\": 0.11,\n    \"82\": 0.09167,\n    \"83\": 2.51773,\n    \"84\": 2.41385,\n    \"85\": 0.01833,\n    \"86\": 0,\n    \"3.5\": 0,\n    \"3.6\": 0\n  },\n  D: {\n    \"4\": 0,\n    \"5\": 0,\n    \"6\": 0,\n    \"7\": 0,\n    \"8\": 0,\n    \"9\": 0,\n    \"10\": 0,\n    \"11\": 0,\n    \"12\": 0,\n    \"13\": 0,\n    \"14\": 0,\n    \"15\": 0,\n    \"16\": 0,\n    \"17\": 0,\n    \"18\": 0,\n    \"19\": 0,\n    \"20\": 0,\n    \"21\": 0,\n    \"22\": 0,\n    \"23\": 0,\n    \"24\": 0,\n    \"25\": 0,\n    \"26\": 0,\n    \"27\": 0,\n    \"28\": 0,\n    \"29\": 0,\n    \"30\": 0,\n    \"31\": 0,\n    \"32\": 0,\n    \"33\": 0,\n    \"34\": 0,\n    \"35\": 0,\n    \"36\": 0,\n    \"37\": 0,\n    \"38\": 0.00611,\n    \"39\": 0,\n    \"40\": 0,\n    \"41\": 0,\n    \"42\": 0,\n    \"43\": 0,\n    \"44\": 0,\n    \"45\": 0,\n    \"46\": 0.07333,\n    \"47\": 0,\n    \"48\": 0,\n    \"49\": 0.12222,\n    \"50\": 0,\n    \"51\": 0,\n    \"52\": 0,\n    \"53\": 0.00611,\n    \"54\": 0,\n    \"55\": 0,\n    \"56\": 0.00611,\n    \"57\": 0,\n    \"58\": 0.02444,\n    \"59\": 0,\n    \"60\": 0,\n    \"61\": 0.09778,\n    \"62\": 0.01222,\n    \"63\": 0.00611,\n    \"64\": 0,\n    \"65\": 0.00611,\n    \"66\": 0.00611,\n    \"67\": 0.01222,\n    \"68\": 0.00611,\n    \"69\": 0.01222,\n    \"70\": 0.01222,\n    \"71\": 0.01833,\n    \"72\": 0.01222,\n    \"73\": 0.00611,\n    \"74\": 0.00611,\n    \"75\": 0.03056,\n    \"76\": 0.03667,\n    \"77\": 0.01222,\n    \"78\": 0.01222,\n    \"79\": 0.03056,\n    \"80\": 0.08555,\n    \"81\": 0.04278,\n    \"83\": 0.055,\n    \"84\": 0.06722,\n    \"85\": 0.14055,\n    \"86\": 3.4466,\n    \"87\": 20.36185,\n    \"88\": 0.02444,\n    \"89\": 0.01222,\n    \"90\": 0\n  },\n  F: {\n    \"9\": 0,\n    \"11\": 0,\n    \"12\": 0,\n    \"15\": 0,\n    \"16\": 0,\n    \"17\": 0,\n    \"18\": 0,\n    \"19\": 0,\n    \"20\": 0,\n    \"21\": 0,\n    \"22\": 0,\n    \"23\": 0,\n    \"24\": 0,\n    \"25\": 0,\n    \"26\": 0,\n    \"27\": 0,\n    \"28\": 0,\n    \"29\": 0,\n    \"30\": 0,\n    \"31\": 0,\n    \"32\": 0,\n    \"33\": 0,\n    \"34\": 0,\n    \"35\": 0,\n    \"36\": 0,\n    \"37\": 0,\n    \"38\": 0,\n    \"39\": 0,\n    \"40\": 0,\n    \"41\": 0,\n    \"42\": 0,\n    \"43\": 0,\n    \"44\": 0,\n    \"45\": 0,\n    \"46\": 0.00611,\n    \"47\": 0,\n    \"48\": 0,\n    \"49\": 0,\n    \"50\": 0,\n    \"51\": 0,\n    \"52\": 0,\n    \"53\": 0,\n    \"54\": 0,\n    \"55\": 0,\n    \"56\": 0,\n    \"57\": 0,\n    \"58\": 0,\n    \"60\": 0,\n    \"62\": 0,\n    \"63\": 0,\n    \"64\": 0,\n    \"65\": 0,\n    \"66\": 0,\n    \"67\": 0,\n    \"68\": 0,\n    \"69\": 0,\n    \"70\": 0.00611,\n    \"71\": 0.09778,\n    \"72\": 0.4461,\n    \"9.5-9.6\": 0,\n    \"10.0-10.1\": 0,\n    \"10.5\": 0,\n    \"10.6\": 0,\n    \"11.1\": 0,\n    \"11.5\": 0,\n    \"11.6\": 0,\n    \"12.1\": 0\n  },\n  E: {\n    \"4\": 0,\n    \"5\": 0.00611,\n    \"6\": 0,\n    \"7\": 0,\n    \"8\": 0,\n    \"9\": 0,\n    \"10\": 0,\n    \"11\": 0.00611,\n    \"12\": 0.01222,\n    \"13\": 0.07333,\n    \"14\": 1.0572,\n    _: \"0\",\n    \"3.1\": 0,\n    \"3.2\": 0,\n    \"5.1\": 0,\n    \"6.1\": 0,\n    \"7.1\": 0,\n    \"9.1\": 0.01222,\n    \"10.1\": 0.01222,\n    \"11.1\": 0.055,\n    \"12.1\": 0.06111,\n    \"13.1\": 0.31166\n  },\n  G: {\n    \"8\": 0,\n    \"3.2\": 0,\n    \"4.0-4.1\": 0,\n    \"4.2-4.3\": 0,\n    \"5.0-5.1\": 0,\n    \"6.0-6.1\": 0.00122,\n    \"7.0-7.1\": 0.01223,\n    \"8.1-8.4\": 0.00734,\n    \"9.0-9.2\": 0.00367,\n    \"9.3\": 0.17972,\n    \"10.0-10.2\": 0.03179,\n    \"10.3\": 0.10147,\n    \"11.0-11.2\": 0.05502,\n    \"11.3-11.4\": 0.08558,\n    \"12.0-12.1\": 0.07336,\n    \"12.2-12.4\": 0.56973,\n    \"13.0-13.1\": 0.11737,\n    \"13.2\": 0.01589,\n    \"13.3\": 0.23963,\n    \"13.4-13.7\": 1.27883,\n    \"14.0-14.3\": 9.42006\n  },\n  B: {\n    \"12\": 0,\n    \"13\": 0,\n    \"14\": 0,\n    \"15\": 0.01222,\n    \"16\": 0.01222,\n    \"17\": 0.04278,\n    \"18\": 0.08555,\n    \"79\": 0,\n    \"80\": 0,\n    \"81\": 0,\n    \"83\": 0,\n    \"84\": 0.00611,\n    \"85\": 0.00611,\n    \"86\": 0.06111,\n    \"87\": 2.38329\n  },\n  I: {\n    \"3\": 0,\n    \"4\": 0,\n    \"81\": 0,\n    \"2.1\": 0,\n    \"2.2\": 0,\n    \"2.3\": 0,\n    \"4.1\": 0.00989,\n    \"4.2-4.3\": 0.02175,\n    \"4.4\": 0,\n    \"4.4.3-4.4.4\": 0.17003\n  },\n  P: {\n    \"4\": 0.09216,\n    \"5.0-5.4\": 0,\n    \"6.2-6.4\": 0,\n    \"7.2-7.4\": 0.03072,\n    \"8.2\": 0,\n    \"9.2\": 0.06144,\n    \"10.1\": 0.0512,\n    \"11.1-11.2\": 0.11263,\n    \"12.0\": 0.43006,\n    \"13.0\": 2.76467\n  },\n  K: {\n    _: \"0 10 11 12 11.1 11.5 12.1\"\n  },\n  A: {\n    \"6\": 0,\n    \"7\": 0,\n    \"8\": 0,\n    \"9\": 0,\n    \"10\": 0,\n    \"11\": 0.99609,\n    \"5.5\": 0\n  },\n  N: {\n    \"10\": 0,\n    \"11\": 0\n  },\n  J: {\n    \"7\": 0,\n    \"10\": 0\n  },\n  O: {\n    \"0\": 0.00778\n  },\n  H: {\n    \"0\": 0.20618\n  },\n  L: {\n    \"0\": 44.30437\n  },\n  S: {\n    \"2.5\": 0\n  },\n  R: {\n    _: \"0\"\n  },\n  M: {\n    \"0\": 0.30334\n  },\n  Q: {\n    \"10.4\": 0\n  }\n};","map":{"version":3,"sources":["/Users/bruceseymour/ra-video/client/node_modules/caniuse-lite/data/regions/SI.js"],"names":["module","exports","C","D","F","E","_","G","B","I","P","K","A","N","J","O","H","L","S","R","M","Q"],