{"ast":null,"code":"module.exports = {\n  C: {\n    \"2\": 0,\n    \"3\": 0,\n    \"4\": 0,\n    \"5\": 0,\n    \"6\": 0,\n    \"7\": 0,\n    \"8\": 0,\n    \"9\": 0,\n    \"10\": 0,\n    \"11\": 0,\n    \"12\": 0,\n    \"13\": 0,\n    \"14\": 0,\n    \"15\": 0,\n    \"16\": 0,\n    \"17\": 0,\n    \"18\": 0,\n    \"19\": 0,\n    \"20\": 0,\n    \"21\": 0,\n    \"22\": 0,\n    \"23\": 0,\n    \"24\": 0,\n    \"25\": 0,\n    \"26\": 0,\n    \"27\": 0,\n    \"28\": 0,\n    \"29\": 0.00447,\n    \"30\": 0.00894,\n    \"31\": 0,\n    \"32\": 0,\n    \"33\": 0,\n    \"34\": 0,\n    \"35\": 0,\n    \"36\": 0,\n    \"37\": 0,\n    \"38\": 0,\n    \"39\": 0,\n    \"40\": 0,\n    \"41\": 0,\n    \"42\": 0,\n    \"43\": 0,\n    \"44\": 0.01341,\n    \"45\": 0,\n    \"46\": 0,\n    \"47\": 0,\n    \"48\": 0.00447,\n    \"49\": 0,\n    \"50\": 0,\n    \"51\": 0,\n    \"52\": 0.05811,\n    \"53\": 0,\n    \"54\": 0,\n    \"55\": 0,\n    \"56\": 0.00447,\n    \"57\": 0,\n    \"58\": 0.00447,\n    \"59\": 0,\n    \"60\": 0,\n    \"61\": 0,\n    \"62\": 0.00447,\n    \"63\": 0,\n    \"64\": 0,\n    \"65\": 0.00447,\n    \"66\": 0.00894,\n    \"67\": 0,\n    \"68\": 0.01341,\n    \"69\": 0,\n    \"70\": 0.00447,\n    \"71\": 0,\n    \"72\": 0.00894,\n    \"73\": 0,\n    \"74\": 0,\n    \"75\": 0.01341,\n    \"76\": 0.00447,\n    \"77\": 0.00447,\n    \"78\": 0.04023,\n    \"79\": 0.00447,\n    \"80\": 0.01341,\n    \"81\": 0.02235,\n    \"82\": 0.0447,\n    \"83\": 1.01022,\n    \"84\": 0.63921,\n    \"85\": 0.00447,\n    \"86\": 0,\n    \"3.5\": 0,\n    \"3.6\": 0\n  },\n  D: {\n    \"4\": 0,\n    \"5\": 0,\n    \"6\": 0,\n    \"7\": 0,\n    \"8\": 0,\n    \"9\": 0,\n    \"10\": 0,\n    \"11\": 0,\n    \"12\": 0,\n    \"13\": 0,\n    \"14\": 0,\n    \"15\": 0,\n    \"16\": 0,\n    \"17\": 0,\n    \"18\": 0,\n    \"19\": 0,\n    \"20\": 0,\n    \"21\": 0,\n    \"22\": 0,\n    \"23\": 0,\n    \"24\": 0,\n    \"25\": 0,\n    \"26\": 0,\n    \"27\": 0,\n    \"28\": 0,\n    \"29\": 0.00447,\n    \"30\": 0,\n    \"31\": 0,\n    \"32\": 0,\n    \"33\": 0,\n    \"34\": 0.00447,\n    \"35\": 0,\n    \"36\": 0,\n    \"37\": 0,\n    \"38\": 0.00447,\n    \"39\": 0,\n    \"40\": 0,\n    \"41\": 0.00447,\n    \"42\": 0,\n    \"43\": 0,\n    \"44\": 0,\n    \"45\": 0,\n    \"46\": 0,\n    \"47\": 0,\n    \"48\": 0.00447,\n    \"49\": 0.16092,\n    \"50\": 0,\n    \"51\": 0,\n    \"52\": 0,\n    \"53\": 0.01341,\n    \"54\": 0,\n    \"55\": 0.00447,\n    \"56\": 0.00447,\n    \"57\": 0,\n    \"58\": 0.00447,\n    \"59\": 0,\n    \"60\": 0.1341,\n    \"61\": 0.0447,\n    \"62\": 0,\n    \"63\": 0.01341,\n    \"64\": 0.00447,\n    \"65\": 0.00447,\n    \"66\": 0.00447,\n    \"67\": 0.02682,\n    \"68\": 0.00894,\n    \"69\": 0.04917,\n    \"70\": 0.01788,\n    \"71\": 0.01788,\n    \"72\": 0.01341,\n    \"73\": 0.00894,\n    \"74\": 0.00894,\n    \"75\": 0.00894,\n    \"76\": 0.01341,\n    \"77\": 0.00894,\n    \"78\": 0.01341,\n    \"79\": 0.02682,\n    \"80\": 0.03576,\n    \"81\": 0.05811,\n    \"83\": 0.04023,\n    \"84\": 0.05811,\n    \"85\": 0.08493,\n    \"86\": 2.06514,\n    \"87\": 11.5773,\n    \"88\": 0.01341,\n    \"89\": 0.00894,\n    \"90\": 0\n  },\n  F: {\n    \"9\": 0,\n    \"11\": 0,\n    \"12\": 0,\n    \"15\": 0,\n    \"16\": 0,\n    \"17\": 0,\n    \"18\": 0,\n    \"19\": 0,\n    \"20\": 0,\n    \"21\": 0,\n    \"22\": 0,\n    \"23\": 0,\n    \"24\": 0,\n    \"25\": 0,\n    \"26\": 0,\n    \"27\": 0,\n    \"28\": 0,\n    \"29\": 0,\n    \"30\": 0,\n    \"31\": 0,\n    \"32\": 0,\n    \"33\": 0,\n    \"34\": 0,\n    \"35\": 0,\n    \"36\": 0.00894,\n    \"37\": 0,\n    \"38\": 0,\n    \"39\": 0,\n    \"40\": 0.00447,\n    \"41\": 0,\n    \"42\": 0,\n    \"43\": 0,\n    \"44\": 0,\n    \"45\": 0,\n    \"46\": 0,\n    \"47\": 0,\n    \"48\": 0,\n    \"49\": 0,\n    \"50\": 0,\n    \"51\": 0,\n    \"52\": 0,\n    \"53\": 0,\n    \"54\": 0,\n    \"55\": 0,\n    \"56\": 0,\n    \"57\": 0,\n    \"58\": 0.00447,\n    \"60\": 0,\n    \"62\": 0,\n    \"63\": 0,\n    \"64\": 0,\n    \"65\": 0,\n    \"66\": 0,\n    \"67\": 0,\n    \"68\": 0,\n    \"69\": 0,\n    \"70\": 0,\n    \"71\": 0.18774,\n    \"72\": 0.70626,\n    \"9.5-9.6\": 0,\n    \"10.0-10.1\": 0,\n    \"10.5\": 0,\n    \"10.6\": 0,\n    \"11.1\": 0,\n    \"11.5\": 0,\n    \"11.6\": 0,\n    \"12.1\": 0\n  },\n  E: {\n    \"4\": 0,\n    \"5\": 0,\n    \"6\": 0,\n    \"7\": 0,\n    \"8\": 0,\n    \"9\": 0,\n    \"10\": 0,\n    \"11\": 0,\n    \"12\": 0.00447,\n    \"13\": 0.02235,\n    \"14\": 0.29502,\n    _: \"0\",\n    \"3.1\": 0,\n    \"3.2\": 0,\n    \"5.1\": 0.00447,\n    \"6.1\": 0,\n    \"7.1\": 0,\n    \"9.1\": 0,\n    \"10.1\": 0.00447,\n    \"11.1\": 0.00894,\n    \"12.1\": 0.01341,\n    \"13.1\": 0.08046\n  },\n  G: {\n    \"8\": 0,\n    \"3.2\": 0.02666,\n    \"4.0-4.1\": 0,\n    \"4.2-4.3\": 0,\n    \"5.0-5.1\": 0.09626,\n    \"6.0-6.1\": 0.00148,\n    \"7.0-7.1\": 0.01333,\n    \"8.1-8.4\": 0.01481,\n    \"9.0-9.2\": 0.00592,\n    \"9.3\": 0.10367,\n    \"10.0-10.2\": 0.02221,\n    \"10.3\": 0.10219,\n    \"11.0-11.2\": 0.0548,\n    \"11.3-11.4\": 0.10367,\n    \"12.0-12.1\": 0.09182,\n    \"12.2-12.4\": 0.85601,\n    \"13.0-13.1\": 0.08738,\n    \"13.2\": 0.03851,\n    \"13.3\": 0.34507,\n    \"13.4-13.7\": 1.58762,\n    \"14.0-14.3\": 11.24217\n  },\n  B: {\n    \"12\": 0,\n    \"13\": 0.00447,\n    \"14\": 0.00447,\n    \"15\": 0.00447,\n    \"16\": 0.00447,\n    \"17\": 0.00894,\n    \"18\": 0.04023,\n    \"79\": 0,\n    \"80\": 0,\n    \"81\": 0,\n    \"83\": 0,\n    \"84\": 0.00447,\n    \"85\": 0.00894,\n    \"86\": 0.02682,\n    \"87\": 0.91635\n  },\n  I: {\n    \"3\": 0,\n    \"4\": 0,\n    \"81\": 0,\n    \"2.1\": 0,\n    \"2.2\": 0,\n    \"2.3\": 0,\n    \"4.1\": 0.00523,\n    \"4.2-4.3\": 0.03921,\n    \"4.4\": 0,\n    \"4.4.3-4.4.4\": 0.23003\n  },\n  P: {\n    \"4\": 0.1935,\n    \"5.0-5.4\": 0.01018,\n    \"6.2-6.4\": 0.01018,\n    \"7.2-7.4\": 0.03055,\n    \"8.2\": 0.01018,\n    \"9.2\": 0.10184,\n    \"10.1\": 0.07129,\n    \"11.1-11.2\": 0.26479,\n    \"12.0\": 0.61104,\n    \"13.0\": 4.03289\n  },\n  K: {\n    _: \"0 10 11 12 11.1 11.5 12.1\"\n  },\n  A: {\n    \"6\": 0,\n    \"7\": 0,\n    \"8\": 0.02415,\n    \"9\": 0.00483,\n    \"10\": 0.00966,\n    \"11\": 0.26085,\n    \"5.5\": 0\n  },\n  N: {\n    \"10\": 0,\n    \"11\": 0\n  },\n  J: {\n    \"7\": 0,\n    \"10\": 0\n  },\n  O: {\n    \"0\": 0.06636\n  },\n  H: {\n    \"0\": 0.28271\n  },\n  L: {\n    \"0\": 56.61987\n  },\n  S: {\n    \"2.5\": 0\n  },\n  R: {\n    _: \"0\"\n  },\n  M: {\n    \"0\": 0.26544\n  },\n  Q: {\n    \"10.4\": 0\n  }\n};","map":{"version":3,"sources":["/Users/bruceseymour/ra-video/client/node_modules/caniuse-lite/data/regions/RO.js"],"names":["module","exports","C","D","F","E","_","G","B","I","P","K","A","N","J","O","H","L","S","R","M","Q"],