{"ast":null,"code":"module.exports = {\n  C: {\n    \"81\": 0.89258,\n    \"83\": 2.67775,\n    _: \"2 3 4 5 6 7 8 9 10 11 12 13 14 15 16 17 18 19 20 21 22 23 24 25 26 27 28 29 30 31 32 33 34 35 36 37 38 39 40 41 42 43 44 45 46 47 48 49 50 51 52 53 54 55 56 57 58 59 60 61 62 63 64 65 66 67 68 69 70 71 72 73 74 75 76 77 78 79 80 82 84 85 86 3.5 3.6\"\n  },\n  D: {\n    \"81\": 0.89258,\n    \"86\": 4.46596,\n    \"87\": 20.53854,\n    _: \"4 5 6 7 8 9 10 11 12 13 14 15 16 17 18 19 20 21 22 23 24 25 26 27 28 29 30 31 32 33 34 35 36 37 38 39 40 41 42 43 44 45 46 47 48 49 50 51 52 53 54 55 56 57 58 59 60 61 62 63 64 65 66 67 68 69 70 71 72 73 74 75 76 77 78 79 80 83 84 85 88 89 90\"\n  },\n  F: {\n    _: \"9 11 12 15 16 17 18 19 20 21 22 23 24 25 26 27 28 29 30 31 32 33 34 35 36 37 38 39 40 41 42 43 44 45 46 47 48 49 50 51 52 53 54 55 56 57 58 60 62 63 64 65 66 67 68 69 70 71 72 9.5-9.6 10.5 10.6 11.1 11.5 11.6 12.1\",\n    \"10.0-10.1\": 0\n  },\n  E: {\n    \"4\": 0,\n    _: \"0 5 6 7 8 9 10 11 12 13 14 3.1 3.2 5.1 6.1 7.1 9.1 10.1 11.1 12.1 13.1\"\n  },\n  G: {\n    \"8\": 0,\n    \"3.2\": 0,\n    \"4.0-4.1\": 0,\n    \"4.2-4.3\": 0,\n    \"5.0-5.1\": 0,\n    \"6.0-6.1\": 0,\n    \"7.0-7.1\": 0,\n    \"8.1-8.4\": 0,\n    \"9.0-9.2\": 0,\n    \"9.3\": 0,\n    \"10.0-10.2\": 0,\n    \"10.3\": 0,\n    \"11.0-11.2\": 0,\n    \"11.3-11.4\": 0,\n    \"12.0-12.1\": 0,\n    \"12.2-12.4\": 0.9159,\n    \"13.0-13.1\": 0,\n    \"13.2\": 0,\n    \"13.3\": 0,\n    \"13.4-13.7\": 0,\n    \"14.0-14.3\": 0.9159\n  },\n  B: {\n    _: \"12 13 14 15 16 17 18 79 80 81 83 84 85 86 87\"\n  },\n  I: {\n    \"3\": 0,\n    \"4\": 0,\n    \"81\": 0,\n    \"2.1\": 0,\n    \"2.2\": 0,\n    \"2.3\": 0,\n    \"4.1\": 0,\n    \"4.2-4.3\": 0,\n    \"4.4\": 0,\n    \"4.4.3-4.4.4\": 0\n  },\n  P: {\n    \"4\": 0.33113,\n    \"5.0-5.4\": 0.04014,\n    \"6.2-6.4\": 0,\n    \"7.2-7.4\": 0.02007,\n    \"8.2\": 0,\n    \"9.2\": 0.02007,\n    \"10.1\": 0.91706,\n    \"11.1-11.2\": 0.0301,\n    \"12.0\": 0.12041,\n    \"13.0\": 1.83412\n  },\n  K: {\n    _: \"0 10 11 12 11.1 11.5 12.1\"\n  },\n  A: {\n    _: \"6 7 8 9 10 11 5.5\"\n  },\n  N: {\n    \"10\": 0,\n    \"11\": 0.21173\n  },\n  J: {\n    \"7\": 0,\n    \"10\": 0\n  },\n  O: {\n    \"0\": 0\n  },\n  H: {\n    \"0\": 0\n  },\n  L: {\n    \"0\": 65.0472\n  },\n  S: {\n    \"2.5\": 0\n  },\n  R: {\n    _: \"0\"\n  },\n  M: {\n    \"0\": 0.91938\n  },\n  Q: {\n    \"10.4\": 0\n  }\n};","map":{"version":3,"sources":["/Users/bruceseymour/ra-video/client/node_modules/caniuse-lite/data/regions/TK.js"],"names":["module","exports","C","_","D","F","E","G","B","I","P","K","A","N","J","O","H","L","S","R","M","Q"],"mappings":"AAAAA,MAAM,CAACC,OAAP,GAAe;AAACC,EAAAA,CAAC,EAAC;AAAC,UAAK,OAAN;AAAc,UAAK,OAAnB;AAA2BC,IAAAA,CAAC,EAAC;AAA7B,GAAH;AAA4RC,EAAAA,CAAC,EAAC;AAAC,UAAK,OAAN;AAAc,UAAK,OAAnB;AAA2B,UAAK,QAAhC;AAAyCD,IAAAA,CAAC,EAAC;AAA3C,GAA9R;AAA+jBE,EAAAA,CAAC,EAAC;AAACF,IAAAA,CAAC,EAAC,uNAAH;AAA2N,iBAAY;AAAvO,GAAjkB;AAA2yBG,EAAAA,CAAC,EAAC;AAAC,SAAI,CAAL;AAAOH,IAAAA,CAAC,EAAC;AAAT,GAA7yB;AAAg4BI,EAAAA,CAAC,EAAC;AAAC,SAAI,CAAL;AAAO,WAAM,CAAb;AAAe,eAAU,CAAzB;AAA2B,eAAU,CAArC;AAAuC,eAAU,CAAjD;AAAmD,eAAU,CAA7D;AAA+D,eAAU,CAAzE;AAA2E,eAAU,CAArF;AAAuF,eAAU,CAAjG;AAAmG,WAAM,CAAzG;AAA2G,iBAAY,CAAvH;AAAyH,YAAO,CAAhI;AAAkI,iBAAY,CAA9I;AAAgJ,iBAAY,CAA5J;AAA8J,iBAAY,CAA1K;AAA4K,iBAAY,MAAxL;AAA+L,iBAAY,CAA3M;AAA6M,YAAO,CAApN;AAAsN,YAAO,CAA7N;AAA+N,iBAAY,CAA3O;AAA6O,iBAAY;AAAzP,GAAl4B;AAAmoCC,EAAAA,CAAC,EAAC;AAACL,IAAAA,CAAC,EAAC;AAAH,GAAroC;AAAwrCM,EAAAA,CAAC,EAAC;AAAC,SAAI,CAAL;AAAO,SAAI,CAAX;AAAa,UAAK,CAAlB;AAAoB,WAAM,CAA1B;AAA4B,WAAM,CAAlC;AAAoC,WAAM,CAA1C;AAA4C,WAAM,CAAlD;AAAoD,eAAU,CAA9D;AAAgE,WAAM,CAAtE;AAAwE,mBAAc;AAAtF,GAA1rC;AAAmxCC,EAAAA,CAAC,EAAC;AAAC,SAAI,OAAL;AAAa,eAAU,OAAvB;AAA+B,eAAU,CAAzC;AAA2C,eAAU,OAArD;AAA6D,WAAM,CAAnE;AAAqE,WAAM,OAA3E;AAAmF,YAAO,OAA1F;AAAkG,iBAAY,MAA9G;AAAqH,YAAO,OAA5H;AAAoI,YAAO;AAA3I,GAArxC;AAAy6CC,EAAAA,CAAC,EAAC;AAACR,IAAAA,CAAC,EAAC;AAAH,GAA36C;AAA28CS,EAAAA,CAAC,EAAC;AAACT,IAAAA,CAAC,EAAC;AAAH,GAA78C;AAAq+CU,EAAAA,CAAC,EAAC;AAAC,UAAK,CAAN;AAAQ,UAAK;AAAb,GAAv+C;AAA6/CC,EAAAA,CAAC,EAAC;AAAC,SAAI,CAAL;AAAO,UAAK;AAAZ,GAA//C;AAA8gDC,EAAAA,CAAC,EAAC;AAAC,SAAI;AAAL,GAAhhD;AAAwhDC,EAAAA,CAAC,EAAC;AAAC,SAAI;AAAL,GAA1hD;AAAkiDC,EAAAA,CAAC,EAAC;AAAC,SAAI;AAAL,GAApiD;AAAkjDC,EAAAA,CAAC,EAAC;AAAC,WAAM;AAAP,GAApjD;AAA8jDC,EAAAA,CAAC,EAAC;AAAChB,IAAAA,CAAC,EAAC;AAAH,GAAhkD;AAAwkDiB,EAAAA,CAAC,EAAC;AAAC,SAAI;AAAL,GAA1kD;AAAwlDC,EAAAA,CAAC,EAAC;AAAC,YAAO;AAAR;AAA1lD,CAAf","sourcesContent":["module.exports={C:{\"81\":0.89258,\"83\":2.67775,_:\"2 3 4 5 6 7 8 9 10 11 12 13 14 15 16 17 18 19 20 21 22 23 24 25 26 27 28 29 30 31 32 33 34 35 36 37 38 39 40 41 42 43 44 45 46 47 48 49 50 51 52 53 54 55 56 57 58 59 60 61 62 63 64 65 66 67 68 69 70 71 72 73 74 75 76 77 78 79 80 82 84 85 86 3.5 3.6\"},D:{\"81\":0.89258,\"86\":4.46596,\"87\":20.53854,_:\"4 5 6 7 8 9 10 11 12 13 14 15 16 17 18 19 20 21 22 23 24 25 26 27 28 29 30 31 32 33 34 35 36 37 38 39 40 41 42 43 44 45 46 47 48 49 50 51 52 53 54 55 56 57 58 59 60 61 62 63 64 65 66 67 68 69 70 71 72 73 74 75 76 77 78 79 80 83 84 85 88 89 90\"},F:{_:\"9 11 12 15 16 17 18 19 20 21 22 23 24 25 26 27 28 29 30 31 32 33 34 35 36 37 38 39 40 41 42 43 44 45 46 47 48 49 50 51 52 53 54 55 56 57 58 60 62 63 64 65 66 67 68 69 70 71 72 9.5-9.6 10.5 10.6 11.1 11.5 11.6 12.1\",\"10.0-10.1\":0},E:{\"4\":0,_:\"0 5 6 7 8 9 10 11 12 13 14 3.1 3.2 5.1 6.1 7.1 9.1 10.1 11.1 12.1 13.1\"},G:{\"8\":0,\"3.2\":0,\"4.0-4.1\":0,\"4.2-4.3\":0,\"5.0-5.1\":0,\"6.0-6.1\":0,\"7.0-7.1\":0,\"8.1-8.4\":0,\"9.0-9.2\":0,\"9.3\":0,\"10.0-10.2\":0,\"10.3\":0,\"11.0-11.2\":0,\"11.3-11.4\":0,\"12.0-12.1\":0,\"12.2-12.4\":0.9159,\"13.0-13.1\":0,\"13.2\":0,\"13.3\":0,\"13.4-13.7\":0,\"14.0-14.3\":0.9159},B:{_:\"12 13 14 15 16 17 18 79 80 81 83 84 85 86 87\"},I:{\"3\":0,\"4\":0,\"81\":0,\"2.1\":0,\"2.2\":0,\"2.3\":0,\"4.1\":0,\"4.2-4.3\":0,\"4.4\":0,\"4.4.3-4.4.4\":0},P:{\"4\":0.33113,\"5.0-5.4\":0.04014,\"6.2-6.4\":0,\"7.2-7.4\":0.02007,\"8.2\":0,\"9.2\":0.02007,\"10.1\":0.91706,\"11.1-11.2\":0.0301,\"12.0\":0.12041,\"13.0\":1.83412},K:{_:\"0 10 11 12 11.1 11.5 12.1\"},A:{_:\"6 7 8 9 10 11 5.5\"},N:{\"10\":0,\"11\":0.21173},J:{\"7\":0,\"10\":0},O:{\"0\":0},H:{\"0\":0},L:{\"0\":65.0472},S:{\"2.5\":0},R:{_:\"0\"},M:{\"0\":0.91938},Q:{\"10.4\":0}};\n"]},"metadata":{},"sourceType":"script"}