{"ast":null,"code":"module.exports = {\n  C: {\n    \"2\": 0,\n    \"3\": 0,\n    \"4\": 0,\n    \"5\": 0,\n    \"6\": 0,\n    \"7\": 0,\n    \"8\": 0,\n    \"9\": 0,\n    \"10\": 0,\n    \"11\": 0,\n    \"12\": 0,\n    \"13\": 0,\n    \"14\": 0,\n    \"15\": 0,\n    \"16\": 0,\n    \"17\": 0,\n    \"18\": 0,\n    \"19\": 0,\n    \"20\": 0,\n    \"21\": 0,\n    \"22\": 0,\n    \"23\": 0,\n    \"24\": 0,\n    \"25\": 0,\n    \"26\": 0,\n    \"27\": 0,\n    \"28\": 0,\n    \"29\": 0,\n    \"30\": 0.01167,\n    \"31\": 0,\n    \"32\": 0,\n    \"33\": 0,\n    \"34\": 0,\n    \"35\": 0,\n    \"36\": 0,\n    \"37\": 0,\n    \"38\": 0,\n    \"39\": 0,\n    \"40\": 0,\n    \"41\": 0,\n    \"42\": 0,\n    \"43\": 0,\n    \"44\": 0,\n    \"45\": 0.04669,\n    \"46\": 0,\n    \"47\": 0,\n    \"48\": 0.00584,\n    \"49\": 0,\n    \"50\": 0,\n    \"51\": 0,\n    \"52\": 0,\n    \"53\": 0,\n    \"54\": 0,\n    \"55\": 0,\n    \"56\": 0.02334,\n    \"57\": 0,\n    \"58\": 0,\n    \"59\": 0,\n    \"60\": 0,\n    \"61\": 0,\n    \"62\": 0,\n    \"63\": 0,\n    \"64\": 0,\n    \"65\": 0,\n    \"66\": 0,\n    \"67\": 0,\n    \"68\": 0,\n    \"69\": 0,\n    \"70\": 0,\n    \"71\": 0,\n    \"72\": 0.00584,\n    \"73\": 0,\n    \"74\": 0,\n    \"75\": 0,\n    \"76\": 0,\n    \"77\": 0,\n    \"78\": 0.10505,\n    \"79\": 0,\n    \"80\": 0,\n    \"81\": 0,\n    \"82\": 0.01167,\n    \"83\": 0.50773,\n    \"84\": 0.2918,\n    \"85\": 0,\n    \"86\": 0,\n    \"3.5\": 0,\n    \"3.6\": 0\n  },\n  D: {\n    \"4\": 0,\n    \"5\": 0,\n    \"6\": 0,\n    \"7\": 0,\n    \"8\": 0,\n    \"9\": 0,\n    \"10\": 0,\n    \"11\": 0,\n    \"12\": 0,\n    \"13\": 0,\n    \"14\": 0,\n    \"15\": 0,\n    \"16\": 0,\n    \"17\": 0,\n    \"18\": 0,\n    \"19\": 0,\n    \"20\": 0,\n    \"21\": 0,\n    \"22\": 0,\n    \"23\": 0.00584,\n    \"24\": 0,\n    \"25\": 0,\n    \"26\": 0,\n    \"27\": 0,\n    \"28\": 0,\n    \"29\": 0,\n    \"30\": 0,\n    \"31\": 0,\n    \"32\": 0,\n    \"33\": 0.00584,\n    \"34\": 0,\n    \"35\": 0,\n    \"36\": 0,\n    \"37\": 0.00584,\n    \"38\": 0,\n    \"39\": 0,\n    \"40\": 0,\n    \"41\": 0,\n    \"42\": 0,\n    \"43\": 0,\n    \"44\": 0,\n    \"45\": 0,\n    \"46\": 0,\n    \"47\": 0,\n    \"48\": 0,\n    \"49\": 0.38518,\n    \"50\": 0,\n    \"51\": 0,\n    \"52\": 0,\n    \"53\": 0.05252,\n    \"54\": 0,\n    \"55\": 0,\n    \"56\": 0,\n    \"57\": 0,\n    \"58\": 0,\n    \"59\": 0,\n    \"60\": 0,\n    \"61\": 0.00584,\n    \"62\": 0,\n    \"63\": 0.01751,\n    \"64\": 0,\n    \"65\": 0.01167,\n    \"66\": 0.00584,\n    \"67\": 0.12256,\n    \"68\": 0.00584,\n    \"69\": 0,\n    \"70\": 0.02334,\n    \"71\": 0.02918,\n    \"72\": 0.01167,\n    \"73\": 0,\n    \"74\": 0.01167,\n    \"75\": 0.35016,\n    \"76\": 0.14006,\n    \"77\": 0.01751,\n    \"78\": 0,\n    \"79\": 0.01167,\n    \"80\": 0.02334,\n    \"81\": 0.03502,\n    \"83\": 0.02334,\n    \"84\": 0.08754,\n    \"85\": 0.12839,\n    \"86\": 3.25065,\n    \"87\": 15.43038,\n    \"88\": 0.00584,\n    \"89\": 0.00584,\n    \"90\": 0\n  },\n  F: {\n    \"9\": 0,\n    \"11\": 0,\n    \"12\": 0,\n    \"15\": 0,\n    \"16\": 0,\n    \"17\": 0,\n    \"18\": 0,\n    \"19\": 0,\n    \"20\": 0,\n    \"21\": 0,\n    \"22\": 0,\n    \"23\": 0,\n    \"24\": 0,\n    \"25\": 0,\n    \"26\": 0,\n    \"27\": 0,\n    \"28\": 0,\n    \"29\": 0,\n    \"30\": 0,\n    \"31\": 0,\n    \"32\": 0,\n    \"33\": 0,\n    \"34\": 0,\n    \"35\": 0,\n    \"36\": 0,\n    \"37\": 0,\n    \"38\": 0,\n    \"39\": 0,\n    \"40\": 0,\n    \"41\": 0,\n    \"42\": 0,\n    \"43\": 0,\n    \"44\": 0,\n    \"45\": 0,\n    \"46\": 0,\n    \"47\": 0,\n    \"48\": 0,\n    \"49\": 0,\n    \"50\": 0,\n    \"51\": 0,\n    \"52\": 0,\n    \"53\": 0,\n    \"54\": 0,\n    \"55\": 0,\n    \"56\": 0,\n    \"57\": 0,\n    \"58\": 0,\n    \"60\": 0,\n    \"62\": 0,\n    \"63\": 0,\n    \"64\": 0,\n    \"65\": 0,\n    \"66\": 0,\n    \"67\": 0,\n    \"68\": 0,\n    \"69\": 0,\n    \"70\": 0,\n    \"71\": 0.01167,\n    \"72\": 0.14006,\n    \"9.5-9.6\": 0,\n    \"10.0-10.1\": 0,\n    \"10.5\": 0,\n    \"10.6\": 0,\n    \"11.1\": 0,\n    \"11.5\": 0,\n    \"11.6\": 0,\n    \"12.1\": 0\n  },\n  E: {\n    \"4\": 0,\n    \"5\": 0,\n    \"6\": 0,\n    \"7\": 0,\n    \"8\": 0,\n    \"9\": 0,\n    \"10\": 0,\n    \"11\": 0.00584,\n    \"12\": 0.01751,\n    \"13\": 0.04085,\n    \"14\": 1.09717,\n    _: \"0\",\n    \"3.1\": 0,\n    \"3.2\": 0,\n    \"5.1\": 0,\n    \"6.1\": 0,\n    \"7.1\": 0,\n    \"9.1\": 0,\n    \"10.1\": 0.00584,\n    \"11.1\": 0.0642,\n    \"12.1\": 0.18675,\n    \"13.1\": 1.35395\n  },\n  G: {\n    \"8\": 0,\n    \"3.2\": 0,\n    \"4.0-4.1\": 0,\n    \"4.2-4.3\": 0,\n    \"5.0-5.1\": 0,\n    \"6.0-6.1\": 0,\n    \"7.0-7.1\": 0,\n    \"8.1-8.4\": 0,\n    \"9.0-9.2\": 0.00442,\n    \"9.3\": 0.39602,\n    \"10.0-10.2\": 0.0885,\n    \"10.3\": 0.50443,\n    \"11.0-11.2\": 0.25885,\n    \"11.3-11.4\": 0.13275,\n    \"12.0-12.1\": 0.02655,\n    \"12.2-12.4\": 3.00005,\n    \"13.0-13.1\": 0.05752,\n    \"13.2\": 0.02212,\n    \"13.3\": 0.29425,\n    \"13.4-13.7\": 3.46908,\n    \"14.0-14.3\": 13.80775\n  },\n  B: {\n    \"12\": 0.03502,\n    \"13\": 0,\n    \"14\": 0.01167,\n    \"15\": 0,\n    \"16\": 0.02334,\n    \"17\": 0.03502,\n    \"18\": 0.1459,\n    \"79\": 0,\n    \"80\": 0.00584,\n    \"81\": 0.02918,\n    \"83\": 0,\n    \"84\": 0,\n    \"85\": 1.51152,\n    \"86\": 0.02918,\n    \"87\": 3.82258\n  },\n  I: {\n    \"3\": 0,\n    \"4\": 0,\n    \"81\": 0,\n    \"2.1\": 0,\n    \"2.2\": 0,\n    \"2.3\": 0,\n    \"4.1\": 0,\n    \"4.2-4.3\": 0.02227,\n    \"4.4\": 0,\n    \"4.4.3-4.4.4\": 0.36622\n  },\n  P: {\n    \"4\": 0.11358,\n    \"5.0-5.4\": 0,\n    \"6.2-6.4\": 0.02065,\n    \"7.2-7.4\": 0.10326,\n    \"8.2\": 0,\n    \"9.2\": 0.11358,\n    \"10.1\": 0,\n    \"11.1-11.2\": 0.03098,\n    \"12.0\": 0.54727,\n    \"13.0\": 0.85704\n  },\n  K: {\n    _: \"0 10 11 12 11.1 11.5 12.1\"\n  },\n  A: {\n    \"6\": 0,\n    \"7\": 0,\n    \"8\": 0,\n    \"9\": 0,\n    \"10\": 0,\n    \"11\": 0.84038,\n    \"5.5\": 0\n  },\n  N: {\n    \"10\": 0,\n    \"11\": 0\n  },\n  J: {\n    \"7\": 0,\n    \"10\": 0\n  },\n  O: {\n    \"0\": 0.43306\n  },\n  H: {\n    \"0\": 0.38239\n  },\n  L: {\n    \"0\": 42.21789\n  },\n  S: {\n    \"2.5\": 0.01666\n  },\n  R: {\n    _: \"0\"\n  },\n  M: {\n    \"0\": 0.12908\n  },\n  Q: {\n    \"10.4\": 0.09161\n  }\n};","map":{"version":3,"sources":["/Users/bruceseymour/ra-video/client/node_modules/caniuse-lite/data/regions/AS.js"],"names":["module","exports","C","D","F","E","_","G","B","I","P","K","A","N","J","O","H","L","S","R","M","Q"],