{"ast":null,"code":"module.exports = {\n  C: {\n    \"2\": 0,\n    \"3\": 0,\n    \"4\": 0,\n    \"5\": 0,\n    \"6\": 0,\n    \"7\": 0,\n    \"8\": 0,\n    \"9\": 0,\n    \"10\": 0,\n    \"11\": 0,\n    \"12\": 0,\n    \"13\": 0,\n    \"14\": 0,\n    \"15\": 0,\n    \"16\": 0,\n    \"17\": 0,\n    \"18\": 0,\n    \"19\": 0,\n    \"20\": 0,\n    \"21\": 0,\n    \"22\": 0,\n    \"23\": 0,\n    \"24\": 0,\n    \"25\": 0,\n    \"26\": 0,\n    \"27\": 0,\n    \"28\": 0,\n    \"29\": 0,\n    \"30\": 0.00482,\n    \"31\": 0,\n    \"32\": 0,\n    \"33\": 0,\n    \"34\": 0,\n    \"35\": 0,\n    \"36\": 0,\n    \"37\": 0,\n    \"38\": 0,\n    \"39\": 0,\n    \"40\": 0,\n    \"41\": 0,\n    \"42\": 0,\n    \"43\": 0,\n    \"44\": 0,\n    \"45\": 0,\n    \"46\": 0,\n    \"47\": 0,\n    \"48\": 0.01445,\n    \"49\": 0,\n    \"50\": 0,\n    \"51\": 0,\n    \"52\": 0.0289,\n    \"53\": 0,\n    \"54\": 0,\n    \"55\": 0,\n    \"56\": 0,\n    \"57\": 0,\n    \"58\": 0,\n    \"59\": 0,\n    \"60\": 0,\n    \"61\": 0,\n    \"62\": 0,\n    \"63\": 0,\n    \"64\": 0,\n    \"65\": 0,\n    \"66\": 0,\n    \"67\": 0,\n    \"68\": 0.01445,\n    \"69\": 0.04335,\n    \"70\": 0,\n    \"71\": 0,\n    \"72\": 0.00482,\n    \"73\": 0,\n    \"74\": 0,\n    \"75\": 0,\n    \"76\": 0,\n    \"77\": 0,\n    \"78\": 0.01927,\n    \"79\": 0,\n    \"80\": 0,\n    \"81\": 0.0578,\n    \"82\": 0.0289,\n    \"83\": 0.53469,\n    \"84\": 0.37091,\n    \"85\": 0.00482,\n    \"86\": 0.00482,\n    \"3.5\": 0,\n    \"3.6\": 0\n  },\n  D: {\n    \"4\": 0,\n    \"5\": 0,\n    \"6\": 0,\n    \"7\": 0,\n    \"8\": 0,\n    \"9\": 0,\n    \"10\": 0,\n    \"11\": 0,\n    \"12\": 0,\n    \"13\": 0,\n    \"14\": 0,\n    \"15\": 0,\n    \"16\": 0,\n    \"17\": 0,\n    \"18\": 0,\n    \"19\": 0,\n    \"20\": 0,\n    \"21\": 0,\n    \"22\": 0.00482,\n    \"23\": 0,\n    \"24\": 0,\n    \"25\": 0,\n    \"26\": 0,\n    \"27\": 0,\n    \"28\": 0,\n    \"29\": 0,\n    \"30\": 0,\n    \"31\": 0,\n    \"32\": 0,\n    \"33\": 0,\n    \"34\": 0,\n    \"35\": 0,\n    \"36\": 0,\n    \"37\": 0,\n    \"38\": 0.00963,\n    \"39\": 0,\n    \"40\": 0,\n    \"41\": 0,\n    \"42\": 0,\n    \"43\": 0,\n    \"44\": 0,\n    \"45\": 0,\n    \"46\": 0,\n    \"47\": 0.00482,\n    \"48\": 0,\n    \"49\": 0.11079,\n    \"50\": 0,\n    \"51\": 0,\n    \"52\": 0,\n    \"53\": 0.00482,\n    \"54\": 0,\n    \"55\": 0,\n    \"56\": 0.00963,\n    \"57\": 0,\n    \"58\": 0,\n    \"59\": 0.00482,\n    \"60\": 0,\n    \"61\": 0.00482,\n    \"62\": 0,\n    \"63\": 0.00482,\n    \"64\": 0.00482,\n    \"65\": 0.00963,\n    \"66\": 0,\n    \"67\": 0.00963,\n    \"68\": 0.01445,\n    \"69\": 0.00963,\n    \"70\": 0.00482,\n    \"71\": 0.00963,\n    \"72\": 0.00963,\n    \"73\": 0,\n    \"74\": 0.00482,\n    \"75\": 0.03854,\n    \"76\": 0.08189,\n    \"77\": 0.01445,\n    \"78\": 0.00963,\n    \"79\": 0.01445,\n    \"80\": 0.0289,\n    \"81\": 0.06262,\n    \"83\": 0.01927,\n    \"84\": 0.07226,\n    \"85\": 0.08671,\n    \"86\": 2.67344,\n    \"87\": 11.20916,\n    \"88\": 0.0289,\n    \"89\": 0.01445,\n    \"90\": 0\n  },\n  F: {\n    \"9\": 0,\n    \"11\": 0,\n    \"12\": 0,\n    \"15\": 0,\n    \"16\": 0,\n    \"17\": 0.00963,\n    \"18\": 0,\n    \"19\": 0,\n    \"20\": 0,\n    \"21\": 0,\n    \"22\": 0,\n    \"23\": 0,\n    \"24\": 0,\n    \"25\": 0,\n    \"26\": 0,\n    \"27\": 0,\n    \"28\": 0,\n    \"29\": 0,\n    \"30\": 0,\n    \"31\": 0,\n    \"32\": 0,\n    \"33\": 0,\n    \"34\": 0,\n    \"35\": 0,\n    \"36\": 0,\n    \"37\": 0,\n    \"38\": 0,\n    \"39\": 0,\n    \"40\": 0,\n    \"41\": 0,\n    \"42\": 0,\n    \"43\": 0,\n    \"44\": 0,\n    \"45\": 0,\n    \"46\": 0,\n    \"47\": 0,\n    \"48\": 0,\n    \"49\": 0,\n    \"50\": 0,\n    \"51\": 0,\n    \"52\": 0,\n    \"53\": 0,\n    \"54\": 0,\n    \"55\": 0,\n    \"56\": 0,\n    \"57\": 0,\n    \"58\": 0,\n    \"60\": 0,\n    \"62\": 0,\n    \"63\": 0,\n    \"64\": 0,\n    \"65\": 0,\n    \"66\": 0,\n    \"67\": 0.00482,\n    \"68\": 0,\n    \"69\": 0,\n    \"70\": 0,\n    \"71\": 0.03372,\n    \"72\": 0.26975,\n    \"9.5-9.6\": 0,\n    \"10.0-10.1\": 0,\n    \"10.5\": 0,\n    \"10.6\": 0,\n    \"11.1\": 0,\n    \"11.5\": 0,\n    \"11.6\": 0,\n    \"12.1\": 0.00482\n  },\n  E: {\n    \"4\": 0,\n    \"5\": 0,\n    \"6\": 0,\n    \"7\": 0,\n    \"8\": 0,\n    \"9\": 0,\n    \"10\": 0,\n    \"11\": 0,\n    \"12\": 0.00482,\n    \"13\": 0.0578,\n    \"14\": 0.95858,\n    _: \"0\",\n    \"3.1\": 0,\n    \"3.2\": 0,\n    \"5.1\": 0.02409,\n    \"6.1\": 0,\n    \"7.1\": 0,\n    \"9.1\": 0,\n    \"10.1\": 0.01445,\n    \"11.1\": 0.0578,\n    \"12.1\": 0.06744,\n    \"13.1\": 0.26494\n  },\n  G: {\n    \"8\": 0.00138,\n    \"3.2\": 0.00138,\n    \"4.0-4.1\": 0,\n    \"4.2-4.3\": 0,\n    \"5.0-5.1\": 0.04003,\n    \"6.0-6.1\": 0.03175,\n    \"7.0-7.1\": 0.17668,\n    \"8.1-8.4\": 0.0069,\n    \"9.0-9.2\": 0.00414,\n    \"9.3\": 0.62252,\n    \"10.0-10.2\": 0.01242,\n    \"10.3\": 0.29953,\n    \"11.0-11.2\": 0.05935,\n    \"11.3-11.4\": 0.06487,\n    \"12.0-12.1\": 0.04693,\n    \"12.2-12.4\": 1.3527,\n    \"13.0-13.1\": 0.07592,\n    \"13.2\": 0.02208,\n    \"13.3\": 0.17116,\n    \"13.4-13.7\": 1.02557,\n    \"14.0-14.3\": 9.75051\n  },\n  B: {\n    \"12\": 0.00482,\n    \"13\": 0.00482,\n    \"14\": 0.00482,\n    \"15\": 0.00482,\n    \"16\": 0.00963,\n    \"17\": 0.00963,\n    \"18\": 0.18305,\n    \"79\": 0,\n    \"80\": 0.00482,\n    \"81\": 0,\n    \"83\": 0,\n    \"84\": 0.00963,\n    \"85\": 0.00963,\n    \"86\": 0.13969,\n    \"87\": 2.16283\n  },\n  I: {\n    \"3\": 0,\n    \"4\": 0.04035,\n    \"81\": 0,\n    \"2.1\": 0,\n    \"2.2\": 0,\n    \"2.3\": 0,\n    \"4.1\": 0.05044,\n    \"4.2-4.3\": 0.08071,\n    \"4.4\": 0,\n    \"4.4.3-4.4.4\": 1.56366\n  },\n  P: {\n    \"4\": 0.20684,\n    \"5.0-5.4\": 0,\n    \"6.2-6.4\": 0.01089,\n    \"7.2-7.4\": 0.18507,\n    \"8.2\": 0,\n    \"9.2\": 0.18507,\n    \"10.1\": 0.04354,\n    \"11.1-11.2\": 0.2395,\n    \"12.0\": 0.52254,\n    \"13.0\": 4.46335\n  },\n  K: {\n    _: \"0 10 11 12 11.1 11.5 12.1\"\n  },\n  A: {\n    \"6\": 0,\n    \"7\": 0,\n    \"8\": 0.01484,\n    \"9\": 0.00495,\n    \"10\": 0.00495,\n    \"11\": 0.34618,\n    \"5.5\": 0\n  },\n  N: {\n    \"10\": 0,\n    \"11\": 0\n  },\n  J: {\n    \"7\": 0,\n    \"10\": 0.01037\n  },\n  O: {\n    \"0\": 0.16586\n  },\n  H: {\n    \"0\": 0.30423\n  },\n  L: {\n    \"0\": 54.00806\n  },\n  S: {\n    \"2.5\": 0\n  },\n  R: {\n    _: \"0\"\n  },\n  M: {\n    \"0\": 0.19695\n  },\n  Q: {\n    \"10.4\": 0.02073\n  }\n};","map":{"version":3,"sources":["/Users/bruceseymour/ra-video/client/node_modules/caniuse-lite/data/regions/TT.js"],"names":["module","exports","C","D","F","E","_","G","B","I","P","K","A","N","J","O","H","L","S","R","M","Q"],