{"ast":null,"code":"module.exports = {\n  C: {\n    \"5\": 0.00439,\n    \"6\": 0.0022,\n    \"15\": 0.00439,\n    \"17\": 0.00879,\n    \"20\": 0.0022,\n    \"21\": 0.00439,\n    \"22\": 0.0022,\n    \"23\": 0.00659,\n    \"25\": 0.0022,\n    \"28\": 0.01538,\n    \"29\": 0.0022,\n    \"30\": 0.00659,\n    \"31\": 0.0022,\n    \"32\": 0.0022,\n    \"33\": 0.0022,\n    \"34\": 0.00439,\n    \"35\": 0.00439,\n    \"36\": 0.01318,\n    \"37\": 0.00439,\n    \"38\": 0.00439,\n    \"39\": 0.00439,\n    \"40\": 0.00879,\n    \"41\": 0.00659,\n    \"42\": 0.00439,\n    \"43\": 0.01758,\n    \"44\": 0.01099,\n    \"45\": 0.00659,\n    \"46\": 0.00659,\n    \"47\": 0.01538,\n    \"48\": 0.01099,\n    \"49\": 0.01099,\n    \"52\": 0.01977,\n    \"54\": 0.0022,\n    \"56\": 0.00879,\n    \"57\": 0.0022,\n    \"58\": 0.00439,\n    \"59\": 0.00659,\n    \"60\": 0.00439,\n    \"61\": 0.00659,\n    \"64\": 0.0022,\n    \"65\": 0.0022,\n    \"66\": 0.00439,\n    \"67\": 0.0022,\n    \"68\": 0.01318,\n    \"69\": 0.0022,\n    \"70\": 0.0022,\n    \"71\": 0.00659,\n    \"72\": 0.01977,\n    \"73\": 0.0022,\n    \"74\": 0.0022,\n    \"75\": 0.00439,\n    \"76\": 0.00439,\n    \"77\": 0.01538,\n    \"78\": 0.06371,\n    \"79\": 0.01318,\n    \"80\": 0.01318,\n    \"81\": 0.0703,\n    \"82\": 0.05932,\n    \"83\": 1.37752,\n    \"84\": 0.98865,\n    \"85\": 0.0747,\n    _: \"2 3 4 7 8 9 10 11 12 13 14 16 18 19 24 26 27 50 51 53 55 62 63 86 3.5 3.6\"\n  },\n  D: {\n    \"21\": 0.00879,\n    \"23\": 0.0022,\n    \"24\": 0.00439,\n    \"25\": 0.00439,\n    \"28\": 0.0022,\n    \"29\": 0.00439,\n    \"31\": 0.00439,\n    \"32\": 0.00659,\n    \"33\": 0.00659,\n    \"37\": 0.0022,\n    \"38\": 0.00439,\n    \"39\": 0.00439,\n    \"40\": 0.0022,\n    \"42\": 0.01318,\n    \"43\": 0.01758,\n    \"46\": 0.0022,\n    \"49\": 0.02856,\n    \"50\": 0.00659,\n    \"51\": 0.0022,\n    \"53\": 0.00659,\n    \"55\": 0.00879,\n    \"57\": 0.00879,\n    \"58\": 0.00879,\n    \"60\": 0.00439,\n    \"61\": 0.0022,\n    \"62\": 0.00439,\n    \"63\": 0.02856,\n    \"64\": 0.00659,\n    \"65\": 0.01099,\n    \"66\": 0.00439,\n    \"67\": 0.01099,\n    \"68\": 0.00659,\n    \"69\": 0.01758,\n    \"70\": 0.01538,\n    \"71\": 0.01318,\n    \"72\": 0.01318,\n    \"73\": 0.01099,\n    \"74\": 0.01758,\n    \"75\": 0.01758,\n    \"76\": 0.01099,\n    \"77\": 0.01318,\n    \"78\": 0.01758,\n    \"79\": 0.09447,\n    \"80\": 0.0725,\n    \"81\": 0.02636,\n    \"83\": 0.05712,\n    \"84\": 0.09008,\n    \"85\": 0.15818,\n    \"86\": 1.63017,\n    \"87\": 8.51118,\n    \"88\": 0.03296,\n    \"89\": 0.02417,\n    _: \"4 5 6 7 8 9 10 11 12 13 14 15 16 17 18 19 20 22 26 27 30 34 35 36 41 44 45 47 48 52 54 56 59 90\"\n  },\n  F: {\n    \"31\": 0.00439,\n    \"36\": 0.00439,\n    \"42\": 0.00439,\n    \"60\": 0.00439,\n    \"63\": 0.00439,\n    \"64\": 0.0022,\n    \"65\": 0.0022,\n    \"67\": 0.00439,\n    \"68\": 0.00439,\n    \"69\": 0.0022,\n    \"70\": 0.00659,\n    \"71\": 0.03076,\n    \"72\": 0.77554,\n    _: \"9 11 12 15 16 17 18 19 20 21 22 23 24 25 26 27 28 29 30 32 33 34 35 37 38 39 40 41 43 44 45 46 47 48 49 50 51 52 53 54 55 56 57 58 62 66 9.5-9.6 10.5 10.6 11.1 11.5 11.6 12.1\",\n    \"10.0-10.1\": 0\n  },\n  E: {\n    \"4\": 0,\n    \"10\": 0.0022,\n    \"11\": 0.0022,\n    \"12\": 0.00879,\n    \"13\": 0.05493,\n    \"14\": 0.23069,\n    _: \"0 5 6 7 8 9 3.1 3.2 5.1 6.1 7.1\",\n    \"9.1\": 0.00439,\n    \"10.1\": 0.00659,\n    \"11.1\": 0.01318,\n    \"12.1\": 0.02636,\n    \"13.1\": 0.10985\n  },\n  G: {\n    \"8\": 0.00173,\n    \"3.2\": 0,\n    \"4.0-4.1\": 0,\n    \"4.2-4.3\": 0.00216,\n    \"5.0-5.1\": 0.0013,\n    \"6.0-6.1\": 0.00519,\n    \"7.0-7.1\": 0.02464,\n    \"8.1-8.4\": 0.0013,\n    \"9.0-9.2\": 0.00303,\n    \"9.3\": 0.0644,\n    \"10.0-10.2\": 0.0121,\n    \"10.3\": 0.07607,\n    \"11.0-11.2\": 0.08169,\n    \"11.3-11.4\": 0.09768,\n    \"12.0-12.1\": 0.09725,\n    \"12.2-12.4\": 1.18691,\n    \"13.0-13.1\": 0.1046,\n    \"13.2\": 0.03588,\n    \"13.3\": 0.23557,\n    \"13.4-13.7\": 0.63279,\n    \"14.0-14.3\": 1.61957\n  },\n  B: {\n    \"12\": 0.04614,\n    \"13\": 0.03296,\n    \"14\": 0.01538,\n    \"15\": 0.02417,\n    \"16\": 0.03296,\n    \"17\": 0.02856,\n    \"18\": 0.18015,\n    \"81\": 0.0022,\n    \"83\": 0.00439,\n    \"84\": 0.01758,\n    \"85\": 0.03955,\n    \"86\": 0.05493,\n    \"87\": 1.00183,\n    _: \"79 80\"\n  },\n  I: {\n    \"3\": 0,\n    \"4\": 0.0012,\n    \"81\": 0,\n    \"2.1\": 0,\n    \"2.2\": 0,\n    \"2.3\": 0,\n    \"4.1\": 0.00783,\n    \"4.2-4.3\": 0.02107,\n    \"4.4\": 0,\n    \"4.4.3-4.4.4\": 0.18058\n  },\n  P: {\n    \"4\": 0.46011,\n    \"5.0-5.4\": 0.0409,\n    \"6.2-6.4\": 0.01022,\n    \"7.2-7.4\": 0.17382,\n    \"8.2\": 0.08088,\n    \"9.2\": 0.29651,\n    \"10.1\": 0.09202,\n    \"11.1-11.2\": 0.27606,\n    \"12.0\": 0.44988,\n    \"13.0\": 0.86909\n  },\n  K: {\n    _: \"0 10 11 12 11.1 11.5 12.1\"\n  },\n  A: {\n    \"8\": 0.03907,\n    \"10\": 0.00601,\n    \"11\": 0.21637,\n    _: \"6 7 9 5.5\"\n  },\n  N: {\n    \"10\": 0,\n    \"11\": 0\n  },\n  J: {\n    \"7\": 0,\n    \"10\": 0.0078\n  },\n  O: {\n    \"0\": 1.5606\n  },\n  H: {\n    \"0\": 17.12394\n  },\n  L: {\n    \"0\": 54.12493\n  },\n  S: {\n    \"2.5\": 0.49939\n  },\n  R: {\n    _: \"0\"\n  },\n  M: {\n    \"0\": 0.17167\n  },\n  Q: {\n    \"10.4\": 0.02341\n  }\n};","map":{"version":3,"sources":["/Users/bruceseymour/ra-video/client/node_modules/caniuse-lite/data/regions/TZ.js"],"names":["module","exports","C","_","D","F","E","G","B","I","P","K","A","N","J","O","H","L","S","R","M","Q"],