{"ast":null,"code":"module.exports = {\n  C: {\n    \"2\": 0,\n    \"3\": 0,\n    \"4\": 0.00281,\n    \"5\": 0,\n    \"6\": 0,\n    \"7\": 0.00281,\n    \"8\": 0,\n    \"9\": 0,\n    \"10\": 0,\n    \"11\": 0,\n    \"12\": 0,\n    \"13\": 0,\n    \"14\": 0,\n    \"15\": 0,\n    \"16\": 0,\n    \"17\": 0,\n    \"18\": 0,\n    \"19\": 0,\n    \"20\": 0,\n    \"21\": 0,\n    \"22\": 0,\n    \"23\": 0,\n    \"24\": 0,\n    \"25\": 0,\n    \"26\": 0,\n    \"27\": 0,\n    \"28\": 0,\n    \"29\": 0,\n    \"30\": 0.00281,\n    \"31\": 0,\n    \"32\": 0,\n    \"33\": 0,\n    \"34\": 0,\n    \"35\": 0,\n    \"36\": 0,\n    \"37\": 0,\n    \"38\": 0,\n    \"39\": 0,\n    \"40\": 0,\n    \"41\": 0,\n    \"42\": 0,\n    \"43\": 0.00281,\n    \"44\": 0,\n    \"45\": 0,\n    \"46\": 0,\n    \"47\": 0,\n    \"48\": 0.01405,\n    \"49\": 0,\n    \"50\": 0.00281,\n    \"51\": 0.00281,\n    \"52\": 0.00843,\n    \"53\": 0.00281,\n    \"54\": 0,\n    \"55\": 0.00281,\n    \"56\": 0.00281,\n    \"57\": 0,\n    \"58\": 0,\n    \"59\": 0,\n    \"60\": 0,\n    \"61\": 0,\n    \"62\": 0,\n    \"63\": 0.00281,\n    \"64\": 0,\n    \"65\": 0,\n    \"66\": 0,\n    \"67\": 0,\n    \"68\": 0.00843,\n    \"69\": 0.00281,\n    \"70\": 0,\n    \"71\": 0.09554,\n    \"72\": 0.00281,\n    \"73\": 0,\n    \"74\": 0,\n    \"75\": 0,\n    \"76\": 0.00281,\n    \"77\": 0,\n    \"78\": 0.01686,\n    \"79\": 0.01405,\n    \"80\": 0.00281,\n    \"81\": 0.0281,\n    \"82\": 0.01124,\n    \"83\": 0.32315,\n    \"84\": 0.21356,\n    \"85\": 0.01405,\n    \"86\": 0,\n    \"3.5\": 0,\n    \"3.6\": 0\n  },\n  D: {\n    \"4\": 0,\n    \"5\": 0,\n    \"6\": 0,\n    \"7\": 0,\n    \"8\": 0,\n    \"9\": 0,\n    \"10\": 0,\n    \"11\": 0.00843,\n    \"12\": 0,\n    \"13\": 0,\n    \"14\": 0,\n    \"15\": 0,\n    \"16\": 0,\n    \"17\": 0,\n    \"18\": 0,\n    \"19\": 0,\n    \"20\": 0,\n    \"21\": 0,\n    \"22\": 0,\n    \"23\": 0,\n    \"24\": 0,\n    \"25\": 0,\n    \"26\": 0,\n    \"27\": 0,\n    \"28\": 0,\n    \"29\": 0,\n    \"30\": 0,\n    \"31\": 0,\n    \"32\": 0,\n    \"33\": 0.00281,\n    \"34\": 0,\n    \"35\": 0,\n    \"36\": 0.00281,\n    \"37\": 0,\n    \"38\": 0.00281,\n    \"39\": 0,\n    \"40\": 0.0281,\n    \"41\": 0,\n    \"42\": 0,\n    \"43\": 0.04496,\n    \"44\": 0,\n    \"45\": 0,\n    \"46\": 0,\n    \"47\": 0,\n    \"48\": 0,\n    \"49\": 0.07306,\n    \"50\": 0,\n    \"51\": 0,\n    \"52\": 0,\n    \"53\": 0.00281,\n    \"54\": 0.00281,\n    \"55\": 0.00281,\n    \"56\": 0.01405,\n    \"57\": 0.00281,\n    \"58\": 0.00281,\n    \"59\": 0.00281,\n    \"60\": 0,\n    \"61\": 0,\n    \"62\": 0.00562,\n    \"63\": 0.00562,\n    \"64\": 0.00281,\n    \"65\": 0.00281,\n    \"66\": 0.00281,\n    \"67\": 0.00281,\n    \"68\": 0.00281,\n    \"69\": 0.00562,\n    \"70\": 0.01124,\n    \"71\": 0.0281,\n    \"72\": 0.01405,\n    \"73\": 0.00281,\n    \"74\": 0.01124,\n    \"75\": 0.01124,\n    \"76\": 0.00843,\n    \"77\": 0.00843,\n    \"78\": 0.01405,\n    \"79\": 0.04215,\n    \"80\": 0.1124,\n    \"81\": 0.01967,\n    \"83\": 0.0281,\n    \"84\": 0.05058,\n    \"85\": 0.06744,\n    \"86\": 0.76151,\n    \"87\": 3.67548,\n    \"88\": 0.00562,\n    \"89\": 0.00562,\n    \"90\": 0\n  },\n  F: {\n    \"9\": 0,\n    \"11\": 0,\n    \"12\": 0,\n    \"15\": 0,\n    \"16\": 0,\n    \"17\": 0,\n    \"18\": 0,\n    \"19\": 0,\n    \"20\": 0,\n    \"21\": 0,\n    \"22\": 0,\n    \"23\": 0,\n    \"24\": 0,\n    \"25\": 0,\n    \"26\": 0,\n    \"27\": 0,\n    \"28\": 0,\n    \"29\": 0,\n    \"30\": 0,\n    \"31\": 0,\n    \"32\": 0.00281,\n    \"33\": 0,\n    \"34\": 0,\n    \"35\": 0,\n    \"36\": 0,\n    \"37\": 0.01124,\n    \"38\": 0,\n    \"39\": 0,\n    \"40\": 0,\n    \"41\": 0,\n    \"42\": 0,\n    \"43\": 0,\n    \"44\": 0,\n    \"45\": 0,\n    \"46\": 0,\n    \"47\": 0,\n    \"48\": 0,\n    \"49\": 0,\n    \"50\": 0,\n    \"51\": 0.00281,\n    \"52\": 0,\n    \"53\": 0,\n    \"54\": 0,\n    \"55\": 0.00281,\n    \"56\": 0,\n    \"57\": 0,\n    \"58\": 0,\n    \"60\": 0,\n    \"62\": 0,\n    \"63\": 0,\n    \"64\": 0,\n    \"65\": 0,\n    \"66\": 0,\n    \"67\": 0,\n    \"68\": 0.01405,\n    \"69\": 0,\n    \"70\": 0,\n    \"71\": 0.00281,\n    \"72\": 0.07587,\n    \"9.5-9.6\": 0,\n    \"10.0-10.1\": 0,\n    \"10.5\": 0,\n    \"10.6\": 0,\n    \"11.1\": 0,\n    \"11.5\": 0,\n    \"11.6\": 0,\n    \"12.1\": 0\n  },\n  E: {\n    \"4\": 0,\n    \"5\": 0,\n    \"6\": 0,\n    \"7\": 0,\n    \"8\": 0,\n    \"9\": 0,\n    \"10\": 0.00281,\n    \"11\": 0.00562,\n    \"12\": 0.00281,\n    \"13\": 0.00843,\n    \"14\": 0.23604,\n    _: \"0\",\n    \"3.1\": 0,\n    \"3.2\": 0,\n    \"5.1\": 0,\n    \"6.1\": 0,\n    \"7.1\": 0,\n    \"9.1\": 0,\n    \"10.1\": 0.00281,\n    \"11.1\": 0.02248,\n    \"12.1\": 0.01686,\n    \"13.1\": 0.04496\n  },\n  G: {\n    \"8\": 0,\n    \"3.2\": 0,\n    \"4.0-4.1\": 0,\n    \"4.2-4.3\": 0,\n    \"5.0-5.1\": 0,\n    \"6.0-6.1\": 0.02419,\n    \"7.0-7.1\": 0.0129,\n    \"8.1-8.4\": 0.0129,\n    \"9.0-9.2\": 0.04031,\n    \"9.3\": 0.10481,\n    \"10.0-10.2\": 0.10158,\n    \"10.3\": 0.35635,\n    \"11.0-11.2\": 0.20962,\n    \"11.3-11.4\": 0.43858,\n    \"12.0-12.1\": 0.31281,\n    \"12.2-12.4\": 3.48126,\n    \"13.0-13.1\": 0.25799,\n    \"13.2\": 0.14512,\n    \"13.3\": 0.80461,\n    \"13.4-13.7\": 2.5138,\n    \"14.0-14.3\": 7.18827\n  },\n  B: {\n    \"12\": 0.00843,\n    \"13\": 0,\n    \"14\": 0.00281,\n    \"15\": 0.00843,\n    \"16\": 0.00281,\n    \"17\": 0.00562,\n    \"18\": 0.10678,\n    \"79\": 0,\n    \"80\": 0.00281,\n    \"81\": 0,\n    \"83\": 0,\n    \"84\": 0.00843,\n    \"85\": 0.00843,\n    \"86\": 0.01686,\n    \"87\": 0.51985\n  },\n  I: {\n    \"3\": 0,\n    \"4\": 0,\n    \"81\": 0,\n    \"2.1\": 0,\n    \"2.2\": 0,\n    \"2.3\": 0,\n    \"4.1\": 0.01969,\n    \"4.2-4.3\": 0.07087,\n    \"4.4\": 0,\n    \"4.4.3-4.4.4\": 0.38978\n  },\n  P: {\n    \"4\": 1.25971,\n    \"5.0-5.4\": 0.02032,\n    \"6.2-6.4\": 0.08127,\n    \"7.2-7.4\": 0.3454,\n    \"8.2\": 0.04064,\n    \"9.2\": 0.36572,\n    \"10.1\": 0.20318,\n    \"11.1-11.2\": 0.47747,\n    \"12.0\": 0.97526,\n    \"13.0\": 1.88956\n  },\n  K: {\n    _: \"0 10 11 12 11.1 11.5 12.1\"\n  },\n  A: {\n    \"6\": 0,\n    \"7\": 0,\n    \"8\": 0.04155,\n    \"9\": 0.00462,\n    \"10\": 0.00462,\n    \"11\": 0.20774,\n    \"5.5\": 0\n  },\n  N: {\n    \"10\": 0.01079,\n    \"11\": 0.01079\n  },\n  J: {\n    \"7\": 0,\n    \"10\": 0\n  },\n  O: {\n    \"0\": 1.16478\n  },\n  H: {\n    \"0\": 0.51053\n  },\n  L: {\n    \"0\": 65.87942\n  },\n  S: {\n    \"2.5\": 0\n  },\n  R: {\n    _: \"0\"\n  },\n  M: {\n    \"0\": 0.13661\n  },\n  Q: {\n    \"10.4\": 0.25165\n  }\n};","map":{"version":3,"sources":["/Users/bruceseymour/ra-video/client/node_modules/caniuse-lite/data/regions/LA.js"],"names":["module","exports","C","D","F","E","_","G","B","I","P","K","A","N","J","O","H","L","S","R","M","Q"],