{"ast":null,"code":"module.exports = {\n  C: {\n    \"2\": 0,\n    \"3\": 0,\n    \"4\": 0,\n    \"5\": 0,\n    \"6\": 0,\n    \"7\": 0,\n    \"8\": 0,\n    \"9\": 0,\n    \"10\": 0,\n    \"11\": 0,\n    \"12\": 0,\n    \"13\": 0,\n    \"14\": 0,\n    \"15\": 0,\n    \"16\": 0,\n    \"17\": 0,\n    \"18\": 0,\n    \"19\": 0,\n    \"20\": 0,\n    \"21\": 0,\n    \"22\": 0,\n    \"23\": 0,\n    \"24\": 0,\n    \"25\": 0,\n    \"26\": 0,\n    \"27\": 0,\n    \"28\": 0,\n    \"29\": 0,\n    \"30\": 0,\n    \"31\": 0,\n    \"32\": 0,\n    \"33\": 0,\n    \"34\": 0,\n    \"35\": 0,\n    \"36\": 0,\n    \"37\": 0,\n    \"38\": 0,\n    \"39\": 0,\n    \"40\": 0,\n    \"41\": 0,\n    \"42\": 0,\n    \"43\": 0,\n    \"44\": 0,\n    \"45\": 0,\n    \"46\": 0,\n    \"47\": 0,\n    \"48\": 0.05334,\n    \"49\": 0,\n    \"50\": 0,\n    \"51\": 0,\n    \"52\": 0.00381,\n    \"53\": 0,\n    \"54\": 0,\n    \"55\": 0,\n    \"56\": 0,\n    \"57\": 0,\n    \"58\": 0,\n    \"59\": 0,\n    \"60\": 0,\n    \"61\": 0,\n    \"62\": 0,\n    \"63\": 0,\n    \"64\": 0,\n    \"65\": 0,\n    \"66\": 0,\n    \"67\": 0,\n    \"68\": 0.00762,\n    \"69\": 0,\n    \"70\": 0,\n    \"71\": 0,\n    \"72\": 0,\n    \"73\": 0,\n    \"74\": 0,\n    \"75\": 0,\n    \"76\": 0,\n    \"77\": 0.00381,\n    \"78\": 0.00762,\n    \"79\": 0.00381,\n    \"80\": 0.00762,\n    \"81\": 0.00381,\n    \"82\": 0.00762,\n    \"83\": 0.09144,\n    \"84\": 0.08382,\n    \"85\": 0.00381,\n    \"86\": 0,\n    \"3.5\": 0,\n    \"3.6\": 0\n  },\n  D: {\n    \"4\": 0,\n    \"5\": 0,\n    \"6\": 0,\n    \"7\": 0,\n    \"8\": 0,\n    \"9\": 0,\n    \"10\": 0,\n    \"11\": 0,\n    \"12\": 0,\n    \"13\": 0,\n    \"14\": 0,\n    \"15\": 0,\n    \"16\": 0,\n    \"17\": 0,\n    \"18\": 0,\n    \"19\": 0,\n    \"20\": 0,\n    \"21\": 0,\n    \"22\": 0.00381,\n    \"23\": 0,\n    \"24\": 0,\n    \"25\": 0,\n    \"26\": 0,\n    \"27\": 0,\n    \"28\": 0,\n    \"29\": 0,\n    \"30\": 0,\n    \"31\": 0,\n    \"32\": 0.00381,\n    \"33\": 0,\n    \"34\": 0.00381,\n    \"35\": 0,\n    \"36\": 0,\n    \"37\": 0,\n    \"38\": 0.00381,\n    \"39\": 0.00381,\n    \"40\": 0,\n    \"41\": 0,\n    \"42\": 0.00381,\n    \"43\": 0.00381,\n    \"44\": 0,\n    \"45\": 0.00381,\n    \"46\": 0,\n    \"47\": 0,\n    \"48\": 0,\n    \"49\": 0.04572,\n    \"50\": 0,\n    \"51\": 0,\n    \"52\": 0,\n    \"53\": 0.01143,\n    \"54\": 0,\n    \"55\": 0,\n    \"56\": 0,\n    \"57\": 0.00381,\n    \"58\": 0.00381,\n    \"59\": 0,\n    \"60\": 0,\n    \"61\": 0.00381,\n    \"62\": 0,\n    \"63\": 0.00762,\n    \"64\": 0.00381,\n    \"65\": 0.01143,\n    \"66\": 0,\n    \"67\": 0.00381,\n    \"68\": 0.00381,\n    \"69\": 0.01143,\n    \"70\": 0.00762,\n    \"71\": 0.02286,\n    \"72\": 0.01143,\n    \"73\": 0.00762,\n    \"74\": 0.00762,\n    \"75\": 0.01143,\n    \"76\": 0.00762,\n    \"77\": 0.01143,\n    \"78\": 0.01524,\n    \"79\": 0.03048,\n    \"80\": 0.03429,\n    \"81\": 0.0381,\n    \"83\": 0.02667,\n    \"84\": 0.09144,\n    \"85\": 0.09144,\n    \"86\": 1.43637,\n    \"87\": 8.89635,\n    \"88\": 0.01143,\n    \"89\": 0.00762,\n    \"90\": 0\n  },\n  F: {\n    \"9\": 0,\n    \"11\": 0,\n    \"12\": 0,\n    \"15\": 0,\n    \"16\": 0,\n    \"17\": 0,\n    \"18\": 0,\n    \"19\": 0,\n    \"20\": 0,\n    \"21\": 0,\n    \"22\": 0,\n    \"23\": 0,\n    \"24\": 0,\n    \"25\": 0,\n    \"26\": 0,\n    \"27\": 0,\n    \"28\": 0,\n    \"29\": 0,\n    \"30\": 0,\n    \"31\": 0,\n    \"32\": 0,\n    \"33\": 0,\n    \"34\": 0,\n    \"35\": 0,\n    \"36\": 0.00381,\n    \"37\": 0,\n    \"38\": 0,\n    \"39\": 0,\n    \"40\": 0,\n    \"41\": 0,\n    \"42\": 0,\n    \"43\": 0,\n    \"44\": 0,\n    \"45\": 0,\n    \"46\": 0,\n    \"47\": 0,\n    \"48\": 0,\n    \"49\": 0,\n    \"50\": 0,\n    \"51\": 0,\n    \"52\": 0,\n    \"53\": 0,\n    \"54\": 0,\n    \"55\": 0,\n    \"56\": 0,\n    \"57\": 0,\n    \"58\": 0,\n    \"60\": 0,\n    \"62\": 0.00762,\n    \"63\": 0,\n    \"64\": 0,\n    \"65\": 0,\n    \"66\": 0,\n    \"67\": 0,\n    \"68\": 0.00381,\n    \"69\": 0,\n    \"70\": 0.00381,\n    \"71\": 0.07239,\n    \"72\": 0.5715,\n    \"9.5-9.6\": 0,\n    \"10.0-10.1\": 0,\n    \"10.5\": 0,\n    \"10.6\": 0,\n    \"11.1\": 0,\n    \"11.5\": 0,\n    \"11.6\": 0,\n    \"12.1\": 0\n  },\n  E: {\n    \"4\": 0,\n    \"5\": 0,\n    \"6\": 0,\n    \"7\": 0,\n    \"8\": 0,\n    \"9\": 0,\n    \"10\": 0,\n    \"11\": 0,\n    \"12\": 0.00381,\n    \"13\": 0.01524,\n    \"14\": 0.2286,\n    _: \"0\",\n    \"3.1\": 0,\n    \"3.2\": 0,\n    \"5.1\": 0.76581,\n    \"6.1\": 0,\n    \"7.1\": 0,\n    \"9.1\": 0.01524,\n    \"10.1\": 0.00381,\n    \"11.1\": 0.00762,\n    \"12.1\": 0.03429,\n    \"13.1\": 0.08763\n  },\n  G: {\n    \"8\": 0,\n    \"3.2\": 0,\n    \"4.0-4.1\": 0,\n    \"4.2-4.3\": 0.00213,\n    \"5.0-5.1\": 0.02021,\n    \"6.0-6.1\": 0.00106,\n    \"7.0-7.1\": 0.07765,\n    \"8.1-8.4\": 0.00957,\n    \"9.0-9.2\": 0.02978,\n    \"9.3\": 0.12765,\n    \"10.0-10.2\": 0.03404,\n    \"10.3\": 0.27444,\n    \"11.0-11.2\": 0.08935,\n    \"11.3-11.4\": 0.15424,\n    \"12.0-12.1\": 0.0585,\n    \"12.2-12.4\": 1.42008,\n    \"13.0-13.1\": 0.08935,\n    \"13.2\": 0.04149,\n    \"13.3\": 0.30529,\n    \"13.4-13.7\": 1.47539,\n    \"14.0-14.3\": 6.37917\n  },\n  B: {\n    \"12\": 0,\n    \"13\": 0,\n    \"14\": 0.00381,\n    \"15\": 0,\n    \"16\": 0,\n    \"17\": 0,\n    \"18\": 0.03048,\n    \"79\": 0,\n    \"80\": 0,\n    \"81\": 0,\n    \"83\": 0,\n    \"84\": 0.00381,\n    \"85\": 0.00381,\n    \"86\": 0.00381,\n    \"87\": 0.30861\n  },\n  I: {\n    \"3\": 0,\n    \"4\": 0,\n    \"81\": 0,\n    \"2.1\": 0,\n    \"2.2\": 0,\n    \"2.3\": 0,\n    \"4.1\": 0.00791,\n    \"4.2-4.3\": 0.01878,\n    \"4.4\": 0,\n    \"4.4.3-4.4.4\": 0.07712\n  },\n  P: {\n    \"4\": 0.35472,\n    \"5.0-5.4\": 0.01013,\n    \"6.2-6.4\": 0.02027,\n    \"7.2-7.4\": 0.08108,\n    \"8.2\": 0.01013,\n    \"9.2\": 0.12162,\n    \"10.1\": 0.07094,\n    \"11.1-11.2\": 0.2635,\n    \"12.0\": 0.51687,\n    \"13.0\": 3.60796\n  },\n  K: {\n    _: \"0 10 11 12 11.1 11.5 12.1\"\n  },\n  A: {\n    \"6\": 0,\n    \"7\": 0,\n    \"8\": 0.03592,\n    \"9\": 0.00399,\n    \"10\": 0,\n    \"11\": 0.04391,\n    \"5.5\": 0\n  },\n  N: {\n    \"10\": 0,\n    \"11\": 0\n  },\n  J: {\n    \"7\": 0,\n    \"10\": 0.00619\n  },\n  O: {\n    \"0\": 0.09285\n  },\n  H: {\n    \"0\": 0.69151\n  },\n  L: {\n    \"0\": 66.61805\n  },\n  S: {\n    \"2.5\": 0\n  },\n  R: {\n    _: \"0\"\n  },\n  M: {\n    \"0\": 0.03714\n  },\n  Q: {\n    \"10.4\": 0.00619\n  }\n};","map":{"version":3,"sources":["/Users/bruceseymour/ra-video/client/node_modules/caniuse-lite/data/regions/AZ.js"],"names":["module","exports","C","D","F","E","_","G","B","I","P","K","A","N","J","O","H","L","S","R","M","Q"],