{"ast":null,"code":"module.exports = {\n  C: {\n    \"2\": 0,\n    \"3\": 0,\n    \"4\": 0,\n    \"5\": 0,\n    \"6\": 0,\n    \"7\": 0,\n    \"8\": 0,\n    \"9\": 0,\n    \"10\": 0,\n    \"11\": 0,\n    \"12\": 0,\n    \"13\": 0,\n    \"14\": 0,\n    \"15\": 0,\n    \"16\": 0,\n    \"17\": 0,\n    \"18\": 0,\n    \"19\": 0,\n    \"20\": 0,\n    \"21\": 0,\n    \"22\": 0,\n    \"23\": 0,\n    \"24\": 0,\n    \"25\": 0,\n    \"26\": 0,\n    \"27\": 0,\n    \"28\": 0,\n    \"29\": 0,\n    \"30\": 0,\n    \"31\": 0,\n    \"32\": 0,\n    \"33\": 0,\n    \"34\": 0,\n    \"35\": 0,\n    \"36\": 0,\n    \"37\": 0,\n    \"38\": 0,\n    \"39\": 0,\n    \"40\": 0,\n    \"41\": 0,\n    \"42\": 0,\n    \"43\": 0,\n    \"44\": 0.00601,\n    \"45\": 0.00601,\n    \"46\": 0,\n    \"47\": 0,\n    \"48\": 0.01201,\n    \"49\": 0.00601,\n    \"50\": 0.00601,\n    \"51\": 0.00601,\n    \"52\": 0.01201,\n    \"53\": 0,\n    \"54\": 0,\n    \"55\": 0,\n    \"56\": 0,\n    \"57\": 0.00601,\n    \"58\": 0,\n    \"59\": 0,\n    \"60\": 0,\n    \"61\": 0,\n    \"62\": 0.00601,\n    \"63\": 0.00601,\n    \"64\": 0,\n    \"65\": 0,\n    \"66\": 0.00601,\n    \"67\": 0,\n    \"68\": 0.01201,\n    \"69\": 0,\n    \"70\": 0,\n    \"71\": 0,\n    \"72\": 0.01201,\n    \"73\": 0,\n    \"74\": 0,\n    \"75\": 0.01201,\n    \"76\": 0,\n    \"77\": 0,\n    \"78\": 0.18015,\n    \"79\": 0.03003,\n    \"80\": 0.00601,\n    \"81\": 0.01802,\n    \"82\": 0.10809,\n    \"83\": 1.05688,\n    \"84\": 0.67256,\n    \"85\": 0.01802,\n    \"86\": 0,\n    \"3.5\": 0,\n    \"3.6\": 0\n  },\n  D: {\n    \"4\": 0,\n    \"5\": 0,\n    \"6\": 0,\n    \"7\": 0,\n    \"8\": 0,\n    \"9\": 0,\n    \"10\": 0,\n    \"11\": 0,\n    \"12\": 0,\n    \"13\": 0,\n    \"14\": 0,\n    \"15\": 0,\n    \"16\": 0,\n    \"17\": 0,\n    \"18\": 0,\n    \"19\": 0,\n    \"20\": 0,\n    \"21\": 0,\n    \"22\": 0,\n    \"23\": 0,\n    \"24\": 0,\n    \"25\": 0,\n    \"26\": 0,\n    \"27\": 0,\n    \"28\": 0,\n    \"29\": 0,\n    \"30\": 0,\n    \"31\": 0,\n    \"32\": 0,\n    \"33\": 0,\n    \"34\": 0,\n    \"35\": 0,\n    \"36\": 0,\n    \"37\": 0,\n    \"38\": 0.00601,\n    \"39\": 0,\n    \"40\": 0,\n    \"41\": 0,\n    \"42\": 0,\n    \"43\": 0.00601,\n    \"44\": 0,\n    \"45\": 0,\n    \"46\": 0.00601,\n    \"47\": 0,\n    \"48\": 0,\n    \"49\": 0.54045,\n    \"50\": 0,\n    \"51\": 0,\n    \"52\": 0,\n    \"53\": 0.03003,\n    \"54\": 0,\n    \"55\": 0,\n    \"56\": 0,\n    \"57\": 0.00601,\n    \"58\": 0.03603,\n    \"59\": 0,\n    \"60\": 0,\n    \"61\": 0,\n    \"62\": 0.00601,\n    \"63\": 0.03603,\n    \"64\": 0,\n    \"65\": 0.01201,\n    \"66\": 0,\n    \"67\": 0.00601,\n    \"68\": 0.02402,\n    \"69\": 0,\n    \"70\": 0.01802,\n    \"71\": 0.03003,\n    \"72\": 0,\n    \"73\": 0.03003,\n    \"74\": 0.00601,\n    \"75\": 0.01201,\n    \"76\": 0,\n    \"77\": 0.01802,\n    \"78\": 0,\n    \"79\": 0.02402,\n    \"80\": 0.09008,\n    \"81\": 0.10209,\n    \"83\": 0.07807,\n    \"84\": 0.1141,\n    \"85\": 0.13211,\n    \"86\": 2.7623,\n    \"87\": 20.72326,\n    \"88\": 0,\n    \"89\": 0,\n    \"90\": 0\n  },\n  F: {\n    \"9\": 0,\n    \"11\": 0,\n    \"12\": 0,\n    \"15\": 0,\n    \"16\": 0,\n    \"17\": 0,\n    \"18\": 0,\n    \"19\": 0,\n    \"20\": 0,\n    \"21\": 0,\n    \"22\": 0,\n    \"23\": 0,\n    \"24\": 0,\n    \"25\": 0,\n    \"26\": 0,\n    \"27\": 0,\n    \"28\": 0,\n    \"29\": 0,\n    \"30\": 0,\n    \"31\": 0,\n    \"32\": 0,\n    \"33\": 0,\n    \"34\": 0,\n    \"35\": 0,\n    \"36\": 0,\n    \"37\": 0.04204,\n    \"38\": 0,\n    \"39\": 0,\n    \"40\": 0,\n    \"41\": 0,\n    \"42\": 0,\n    \"43\": 0,\n    \"44\": 0,\n    \"45\": 0,\n    \"46\": 0,\n    \"47\": 0,\n    \"48\": 0,\n    \"49\": 0,\n    \"50\": 0,\n    \"51\": 0,\n    \"52\": 0,\n    \"53\": 0,\n    \"54\": 0,\n    \"55\": 0,\n    \"56\": 0,\n    \"57\": 0,\n    \"58\": 0,\n    \"60\": 0,\n    \"62\": 0,\n    \"63\": 0,\n    \"64\": 0,\n    \"65\": 0,\n    \"66\": 0,\n    \"67\": 0,\n    \"68\": 0,\n    \"69\": 0,\n    \"70\": 0,\n    \"71\": 0.03603,\n    \"72\": 0.25221,\n    \"9.5-9.6\": 0,\n    \"10.0-10.1\": 0,\n    \"10.5\": 0,\n    \"10.6\": 0,\n    \"11.1\": 0,\n    \"11.5\": 0,\n    \"11.6\": 0,\n    \"12.1\": 0.00601\n  },\n  E: {\n    \"4\": 0,\n    \"5\": 0,\n    \"6\": 0,\n    \"7\": 0,\n    \"8\": 0,\n    \"9\": 0,\n    \"10\": 0.00601,\n    \"11\": 0.00601,\n    \"12\": 0.00601,\n    \"13\": 0.10209,\n    \"14\": 3.78916,\n    _: \"0\",\n    \"3.1\": 0,\n    \"3.2\": 0,\n    \"5.1\": 0,\n    \"6.1\": 0,\n    \"7.1\": 0,\n    \"9.1\": 0.00601,\n    \"10.1\": 0.04804,\n    \"11.1\": 0.07807,\n    \"12.1\": 0.17415,\n    \"13.1\": 1.05688\n  },\n  G: {\n    \"8\": 0,\n    \"3.2\": 0,\n    \"4.0-4.1\": 0,\n    \"4.2-4.3\": 0.00208,\n    \"5.0-5.1\": 0.00208,\n    \"6.0-6.1\": 0,\n    \"7.0-7.1\": 0.00208,\n    \"8.1-8.4\": 0.00625,\n    \"9.0-9.2\": 0.04375,\n    \"9.3\": 0.4396,\n    \"10.0-10.2\": 0.025,\n    \"10.3\": 0.50211,\n    \"11.0-11.2\": 0.1,\n    \"11.3-11.4\": 0.07084,\n    \"12.0-12.1\": 0.10209,\n    \"12.2-12.4\": 1.19172,\n    \"13.0-13.1\": 0.12084,\n    \"13.2\": 0.01042,\n    \"13.3\": 0.26668,\n    \"13.4-13.7\": 2.14385,\n    \"14.0-14.3\": 15.75489\n  },\n  B: {\n    \"12\": 0,\n    \"13\": 0.00601,\n    \"14\": 0.00601,\n    \"15\": 0.02402,\n    \"16\": 0.02402,\n    \"17\": 0.03603,\n    \"18\": 0.06005,\n    \"79\": 0,\n    \"80\": 0,\n    \"81\": 0,\n    \"83\": 0,\n    \"84\": 0,\n    \"85\": 0.00601,\n    \"86\": 0.03003,\n    \"87\": 1.16497\n  },\n  I: {\n    \"3\": 0,\n    \"4\": 0,\n    \"81\": 0,\n    \"2.1\": 0,\n    \"2.2\": 0,\n    \"2.3\": 0,\n    \"4.1\": 0.00295,\n    \"4.2-4.3\": 0.00443,\n    \"4.4\": 0,\n    \"4.4.3-4.4.4\": 0.13865\n  },\n  P: {\n    \"4\": 0.09427,\n    \"5.0-5.4\": 0,\n    \"6.2-6.4\": 0,\n    \"7.2-7.4\": 0,\n    \"8.2\": 0,\n    \"9.2\": 0,\n    \"10.1\": 0.07332,\n    \"11.1-11.2\": 0.0419,\n    \"12.0\": 0.06284,\n    \"13.0\": 1.36163\n  },\n  K: {\n    _: \"0 10 11 12 11.1 11.5 12.1\"\n  },\n  A: {\n    \"6\": 0,\n    \"7\": 0,\n    \"8\": 0.00601,\n    \"9\": 0.00601,\n    \"10\": 0.00601,\n    \"11\": 0.31827,\n    \"5.5\": 0\n  },\n  N: {\n    \"10\": 0.01398,\n    \"11\": 0.01398\n  },\n  J: {\n    \"7\": 0,\n    \"10\": 0\n  },\n  O: {\n    \"0\": 0\n  },\n  H: {\n    \"0\": 0.20424\n  },\n  L: {\n    \"0\": 41.0204\n  },\n  S: {\n    \"2.5\": 0\n  },\n  R: {\n    _: \"0\"\n  },\n  M: {\n    \"0\": 0.15181\n  },\n  Q: {\n    \"10.4\": 0\n  }\n};","map":{"version":3,"sources":["/Users/bruceseymour/ra-video/client/node_modules/caniuse-lite/data/regions/AD.js"],"names":["module","exports","C","D","F","E","_","G","B","I","P","K","A","N","J","O","H","L","S","R","M","Q"],