{"ast":null,"code":"module.exports = {\n  C: {\n    \"2\": 0,\n    \"3\": 0,\n    \"4\": 0,\n    \"5\": 0,\n    \"6\": 0,\n    \"7\": 0,\n    \"8\": 0,\n    \"9\": 0,\n    \"10\": 0,\n    \"11\": 0,\n    \"12\": 0,\n    \"13\": 0,\n    \"14\": 0,\n    \"15\": 0,\n    \"16\": 0,\n    \"17\": 0,\n    \"18\": 0,\n    \"19\": 0,\n    \"20\": 0,\n    \"21\": 0,\n    \"22\": 0,\n    \"23\": 0,\n    \"24\": 0,\n    \"25\": 0,\n    \"26\": 0,\n    \"27\": 0,\n    \"28\": 0,\n    \"29\": 0,\n    \"30\": 0,\n    \"31\": 0,\n    \"32\": 0,\n    \"33\": 0,\n    \"34\": 0,\n    \"35\": 0,\n    \"36\": 0,\n    \"37\": 0,\n    \"38\": 0,\n    \"39\": 0,\n    \"40\": 0,\n    \"41\": 0,\n    \"42\": 0,\n    \"43\": 0.00365,\n    \"44\": 0,\n    \"45\": 0,\n    \"46\": 0,\n    \"47\": 0,\n    \"48\": 0.00729,\n    \"49\": 0,\n    \"50\": 0,\n    \"51\": 0,\n    \"52\": 0.02187,\n    \"53\": 0,\n    \"54\": 0,\n    \"55\": 0,\n    \"56\": 0.00365,\n    \"57\": 0.00365,\n    \"58\": 0.00365,\n    \"59\": 0,\n    \"60\": 0.00365,\n    \"61\": 0.00365,\n    \"62\": 0,\n    \"63\": 0.00365,\n    \"64\": 0.01094,\n    \"65\": 0,\n    \"66\": 0.00365,\n    \"67\": 0,\n    \"68\": 0.01823,\n    \"69\": 0.00365,\n    \"70\": 0.00365,\n    \"71\": 0,\n    \"72\": 0.00729,\n    \"73\": 0.00365,\n    \"74\": 0,\n    \"75\": 0,\n    \"76\": 0.00365,\n    \"77\": 0.04374,\n    \"78\": 0.02552,\n    \"79\": 0.01458,\n    \"80\": 0.01094,\n    \"81\": 0.01823,\n    \"82\": 0.02187,\n    \"83\": 0.60507,\n    \"84\": 0.34263,\n    \"85\": 0.00729,\n    \"86\": 0,\n    \"3.5\": 0,\n    \"3.6\": 0\n  },\n  D: {\n    \"4\": 0,\n    \"5\": 0,\n    \"6\": 0,\n    \"7\": 0,\n    \"8\": 0,\n    \"9\": 0,\n    \"10\": 0,\n    \"11\": 0,\n    \"12\": 0,\n    \"13\": 0,\n    \"14\": 0,\n    \"15\": 0,\n    \"16\": 0,\n    \"17\": 0,\n    \"18\": 0,\n    \"19\": 0,\n    \"20\": 0,\n    \"21\": 0,\n    \"22\": 0,\n    \"23\": 0,\n    \"24\": 0,\n    \"25\": 0,\n    \"26\": 0,\n    \"27\": 0,\n    \"28\": 0,\n    \"29\": 0,\n    \"30\": 0,\n    \"31\": 0,\n    \"32\": 0,\n    \"33\": 0,\n    \"34\": 0,\n    \"35\": 0.00365,\n    \"36\": 0,\n    \"37\": 0.01458,\n    \"38\": 0.00729,\n    \"39\": 0,\n    \"40\": 0.01094,\n    \"41\": 0,\n    \"42\": 0.00365,\n    \"43\": 0,\n    \"44\": 0.00365,\n    \"45\": 0,\n    \"46\": 0,\n    \"47\": 0,\n    \"48\": 0,\n    \"49\": 0.03645,\n    \"50\": 0,\n    \"51\": 0,\n    \"52\": 0,\n    \"53\": 0.00729,\n    \"54\": 0,\n    \"55\": 0.00365,\n    \"56\": 0,\n    \"57\": 0,\n    \"58\": 0,\n    \"59\": 0,\n    \"60\": 0,\n    \"61\": 0,\n    \"62\": 0.00365,\n    \"63\": 0.01458,\n    \"64\": 0.00729,\n    \"65\": 0.01458,\n    \"66\": 0.00365,\n    \"67\": 0.00729,\n    \"68\": 0.00729,\n    \"69\": 0.00729,\n    \"70\": 0.02187,\n    \"71\": 0.02187,\n    \"72\": 0.01458,\n    \"73\": 0.00729,\n    \"74\": 0.01094,\n    \"75\": 0.01094,\n    \"76\": 0.01094,\n    \"77\": 0.01458,\n    \"78\": 0.00729,\n    \"79\": 0.0401,\n    \"80\": 0.03645,\n    \"81\": 0.02916,\n    \"83\": 0.04739,\n    \"84\": 0.05468,\n    \"85\": 0.10206,\n    \"86\": 1.4252,\n    \"87\": 7.26813,\n    \"88\": 0.00365,\n    \"89\": 0.00729,\n    \"90\": 0\n  },\n  F: {\n    \"9\": 0,\n    \"11\": 0,\n    \"12\": 0,\n    \"15\": 0,\n    \"16\": 0,\n    \"17\": 0,\n    \"18\": 0,\n    \"19\": 0,\n    \"20\": 0,\n    \"21\": 0,\n    \"22\": 0,\n    \"23\": 0,\n    \"24\": 0,\n    \"25\": 0,\n    \"26\": 0,\n    \"27\": 0,\n    \"28\": 0,\n    \"29\": 0,\n    \"30\": 0,\n    \"31\": 0,\n    \"32\": 0,\n    \"33\": 0,\n    \"34\": 0,\n    \"35\": 0,\n    \"36\": 0,\n    \"37\": 0,\n    \"38\": 0,\n    \"39\": 0,\n    \"40\": 0,\n    \"41\": 0,\n    \"42\": 0,\n    \"43\": 0,\n    \"44\": 0,\n    \"45\": 0,\n    \"46\": 0,\n    \"47\": 0,\n    \"48\": 0,\n    \"49\": 0,\n    \"50\": 0,\n    \"51\": 0.00365,\n    \"52\": 0,\n    \"53\": 0,\n    \"54\": 0,\n    \"55\": 0,\n    \"56\": 0,\n    \"57\": 0.00365,\n    \"58\": 0,\n    \"60\": 0,\n    \"62\": 0,\n    \"63\": 0,\n    \"64\": 0,\n    \"65\": 0,\n    \"66\": 0,\n    \"67\": 0,\n    \"68\": 0,\n    \"69\": 0,\n    \"70\": 0.00365,\n    \"71\": 0.08019,\n    \"72\": 0.22599,\n    \"9.5-9.6\": 0,\n    \"10.0-10.1\": 0,\n    \"10.5\": 0,\n    \"10.6\": 0,\n    \"11.1\": 0,\n    \"11.5\": 0,\n    \"11.6\": 0,\n    \"12.1\": 0.00365\n  },\n  E: {\n    \"4\": 0,\n    \"5\": 0,\n    \"6\": 0,\n    \"7\": 0,\n    \"8\": 0,\n    \"9\": 0,\n    \"10\": 0,\n    \"11\": 0,\n    \"12\": 0.00365,\n    \"13\": 0.00729,\n    \"14\": 0.13487,\n    _: \"0\",\n    \"3.1\": 0,\n    \"3.2\": 0,\n    \"5.1\": 1.06434,\n    \"6.1\": 0,\n    \"7.1\": 0,\n    \"9.1\": 0,\n    \"10.1\": 0.00365,\n    \"11.1\": 0.00365,\n    \"12.1\": 0.01094,\n    \"13.1\": 0.04739\n  },\n  G: {\n    \"8\": 0,\n    \"3.2\": 0,\n    \"4.0-4.1\": 0,\n    \"4.2-4.3\": 0,\n    \"5.0-5.1\": 0.00491,\n    \"6.0-6.1\": 0.00281,\n    \"7.0-7.1\": 0.02349,\n    \"8.1-8.4\": 0.0007,\n    \"9.0-9.2\": 0.00526,\n    \"9.3\": 0.06487,\n    \"10.0-10.2\": 0.00421,\n    \"10.3\": 0.03436,\n    \"11.0-11.2\": 0.01438,\n    \"11.3-11.4\": 0.01823,\n    \"12.0-12.1\": 0.01578,\n    \"12.2-12.4\": 0.34119,\n    \"13.0-13.1\": 0.01368,\n    \"13.2\": 0.01157,\n    \"13.3\": 0.06172,\n    \"13.4-13.7\": 0.38047,\n    \"14.0-14.3\": 2.50338\n  },\n  B: {\n    \"12\": 0.00365,\n    \"13\": 0.00365,\n    \"14\": 0.00365,\n    \"15\": 0.00365,\n    \"16\": 0.00365,\n    \"17\": 0.00729,\n    \"18\": 0.02187,\n    \"79\": 0,\n    \"80\": 0,\n    \"81\": 0,\n    \"83\": 0,\n    \"84\": 0.00365,\n    \"85\": 0.00365,\n    \"86\": 0.02187,\n    \"87\": 0.5103\n  },\n  I: {\n    \"3\": 0,\n    \"4\": 0.00402,\n    \"81\": 0,\n    \"2.1\": 0,\n    \"2.2\": 0,\n    \"2.3\": 0,\n    \"4.1\": 0.01341,\n    \"4.2-4.3\": 0.0362,\n    \"4.4\": 0,\n    \"4.4.3-4.4.4\": 0.26281\n  },\n  P: {\n    \"4\": 0.84547,\n    \"5.0-5.4\": 0.04075,\n    \"6.2-6.4\": 0.05093,\n    \"7.2-7.4\": 0.5195,\n    \"8.2\": 0.04075,\n    \"9.2\": 0.20373,\n    \"10.1\": 0.12224,\n    \"11.1-11.2\": 0.45839,\n    \"12.0\": 0.79454,\n    \"13.0\": 2.56696\n  },\n  K: {\n    _: \"0 10 11 12 11.1 11.5 12.1\"\n  },\n  A: {\n    \"6\": 0,\n    \"7\": 0,\n    \"8\": 0.00785,\n    \"9\": 0,\n    \"10\": 0,\n    \"11\": 0.09421,\n    \"5.5\": 0\n  },\n  N: {\n    \"10\": 0,\n    \"11\": 0\n  },\n  J: {\n    \"7\": 0,\n    \"10\": 0\n  },\n  O: {\n    \"0\": 0.34317\n  },\n  H: {\n    \"0\": 0.55953\n  },\n  L: {\n    \"0\": 73.95004\n  },\n  S: {\n    \"2.5\": 0\n  },\n  R: {\n    _: \"0\"\n  },\n  M: {\n    \"0\": 0.15888\n  },\n  Q: {\n    \"10.4\": 0.00636\n  }\n};","map":{"version":3,"sources":["/Users/bruceseymour/ra-video/client/node_modules/caniuse-lite/data/regions/BO.js"],"names":["module","exports","C","D","F","E","_","G","B","I","P","K","A","N","J","O","H","L","S","R","M","Q"],