{"ast":null,"code":"module.exports = {\n  C: {\n    \"2\": 0,\n    \"3\": 0,\n    \"4\": 0,\n    \"5\": 0,\n    \"6\": 0,\n    \"7\": 0,\n    \"8\": 0,\n    \"9\": 0,\n    \"10\": 0,\n    \"11\": 0,\n    \"12\": 0,\n    \"13\": 0,\n    \"14\": 0,\n    \"15\": 0,\n    \"16\": 0,\n    \"17\": 0,\n    \"18\": 0,\n    \"19\": 0,\n    \"20\": 0,\n    \"21\": 0,\n    \"22\": 0,\n    \"23\": 0,\n    \"24\": 0,\n    \"25\": 0,\n    \"26\": 0,\n    \"27\": 0,\n    \"28\": 0,\n    \"29\": 0,\n    \"30\": 0.00434,\n    \"31\": 0,\n    \"32\": 0,\n    \"33\": 0,\n    \"34\": 0,\n    \"35\": 0,\n    \"36\": 0,\n    \"37\": 0,\n    \"38\": 0,\n    \"39\": 0,\n    \"40\": 0,\n    \"41\": 0,\n    \"42\": 0,\n    \"43\": 0.00434,\n    \"44\": 0,\n    \"45\": 0,\n    \"46\": 0,\n    \"47\": 0.00434,\n    \"48\": 0.01301,\n    \"49\": 0.00434,\n    \"50\": 0.04336,\n    \"51\": 0.00434,\n    \"52\": 0.13008,\n    \"53\": 0,\n    \"54\": 0.00434,\n    \"55\": 0.00434,\n    \"56\": 0.00867,\n    \"57\": 0.00434,\n    \"58\": 0.00434,\n    \"59\": 0.00434,\n    \"60\": 0.00867,\n    \"61\": 0.00434,\n    \"62\": 0.00434,\n    \"63\": 0.00867,\n    \"64\": 0.00434,\n    \"65\": 0.00434,\n    \"66\": 0.00867,\n    \"67\": 0.00434,\n    \"68\": 0.01734,\n    \"69\": 0.00434,\n    \"70\": 0.00434,\n    \"71\": 0.00434,\n    \"72\": 0.01734,\n    \"73\": 0.00434,\n    \"74\": 0.01301,\n    \"75\": 0.00867,\n    \"76\": 0.00867,\n    \"77\": 0.00434,\n    \"78\": 0.04336,\n    \"79\": 0.00867,\n    \"80\": 0.01301,\n    \"81\": 0.02602,\n    \"82\": 0.0477,\n    \"83\": 1.37451,\n    \"84\": 1.09701,\n    \"85\": 0.01734,\n    \"86\": 0,\n    \"3.5\": 0,\n    \"3.6\": 0\n  },\n  D: {\n    \"4\": 0,\n    \"5\": 0,\n    \"6\": 0,\n    \"7\": 0,\n    \"8\": 0,\n    \"9\": 0,\n    \"10\": 0,\n    \"11\": 0,\n    \"12\": 0,\n    \"13\": 0,\n    \"14\": 0,\n    \"15\": 0,\n    \"16\": 0,\n    \"17\": 0,\n    \"18\": 0,\n    \"19\": 0,\n    \"20\": 0,\n    \"21\": 0,\n    \"22\": 0.00434,\n    \"23\": 0,\n    \"24\": 0,\n    \"25\": 0,\n    \"26\": 0.00434,\n    \"27\": 0,\n    \"28\": 0,\n    \"29\": 0,\n    \"30\": 0,\n    \"31\": 0,\n    \"32\": 0,\n    \"33\": 0,\n    \"34\": 0.00434,\n    \"35\": 0,\n    \"36\": 0,\n    \"37\": 0,\n    \"38\": 0.01734,\n    \"39\": 0,\n    \"40\": 0,\n    \"41\": 0,\n    \"42\": 0,\n    \"43\": 0.00434,\n    \"44\": 0,\n    \"45\": 0,\n    \"46\": 0,\n    \"47\": 0.00434,\n    \"48\": 0.00434,\n    \"49\": 0.22981,\n    \"50\": 0.00434,\n    \"51\": 0,\n    \"52\": 0,\n    \"53\": 0.02168,\n    \"54\": 0,\n    \"55\": 0,\n    \"56\": 0.00434,\n    \"57\": 0,\n    \"58\": 0.00434,\n    \"59\": 0,\n    \"60\": 0,\n    \"61\": 0.03035,\n    \"62\": 0.00434,\n    \"63\": 0.00867,\n    \"64\": 0.00434,\n    \"65\": 0.00434,\n    \"66\": 0.00434,\n    \"67\": 0.00867,\n    \"68\": 0.01301,\n    \"69\": 0.00867,\n    \"70\": 0.02602,\n    \"71\": 0.03035,\n    \"72\": 0.01301,\n    \"73\": 0.02168,\n    \"74\": 0.01301,\n    \"75\": 0.01301,\n    \"76\": 0.01734,\n    \"77\": 0.00867,\n    \"78\": 0.01301,\n    \"79\": 0.03469,\n    \"80\": 0.04336,\n    \"81\": 0.0477,\n    \"83\": 0.05203,\n    \"84\": 0.06504,\n    \"85\": 0.1084,\n    \"86\": 1.70405,\n    \"87\": 10.1419,\n    \"88\": 0.00867,\n    \"89\": 0.00434,\n    \"90\": 0\n  },\n  F: {\n    \"9\": 0,\n    \"11\": 0,\n    \"12\": 0,\n    \"15\": 0,\n    \"16\": 0,\n    \"17\": 0,\n    \"18\": 0,\n    \"19\": 0,\n    \"20\": 0,\n    \"21\": 0,\n    \"22\": 0,\n    \"23\": 0,\n    \"24\": 0,\n    \"25\": 0,\n    \"26\": 0,\n    \"27\": 0,\n    \"28\": 0,\n    \"29\": 0,\n    \"30\": 0,\n    \"31\": 0,\n    \"32\": 0,\n    \"33\": 0,\n    \"34\": 0,\n    \"35\": 0,\n    \"36\": 0.01301,\n    \"37\": 0,\n    \"38\": 0,\n    \"39\": 0,\n    \"40\": 0.00434,\n    \"41\": 0,\n    \"42\": 0,\n    \"43\": 0,\n    \"44\": 0,\n    \"45\": 0,\n    \"46\": 0,\n    \"47\": 0,\n    \"48\": 0,\n    \"49\": 0,\n    \"50\": 0,\n    \"51\": 0,\n    \"52\": 0,\n    \"53\": 0,\n    \"54\": 0,\n    \"55\": 0,\n    \"56\": 0.00434,\n    \"57\": 0,\n    \"58\": 0.00434,\n    \"60\": 0,\n    \"62\": 0,\n    \"63\": 0,\n    \"64\": 0,\n    \"65\": 0,\n    \"66\": 0,\n    \"67\": 0,\n    \"68\": 0,\n    \"69\": 0,\n    \"70\": 0.00434,\n    \"71\": 0.0477,\n    \"72\": 0.62005,\n    \"9.5-9.6\": 0,\n    \"10.0-10.1\": 0,\n    \"10.5\": 0,\n    \"10.6\": 0,\n    \"11.1\": 0,\n    \"11.5\": 0,\n    \"11.6\": 0,\n    \"12.1\": 0.00434\n  },\n  E: {\n    \"4\": 0,\n    \"5\": 0,\n    \"6\": 0,\n    \"7\": 0,\n    \"8\": 0,\n    \"9\": 0,\n    \"10\": 0,\n    \"11\": 0,\n    \"12\": 0.00434,\n    \"13\": 0.01301,\n    \"14\": 0.22547,\n    _: \"0\",\n    \"3.1\": 0,\n    \"3.2\": 0,\n    \"5.1\": 0,\n    \"6.1\": 0,\n    \"7.1\": 0,\n    \"9.1\": 0,\n    \"10.1\": 0.00434,\n    \"11.1\": 0.00867,\n    \"12.1\": 0.01734,\n    \"13.1\": 0.06938\n  },\n  G: {\n    \"8\": 0,\n    \"3.2\": 0,\n    \"4.0-4.1\": 0,\n    \"4.2-4.3\": 0,\n    \"5.0-5.1\": 0.01785,\n    \"6.0-6.1\": 0.01315,\n    \"7.0-7.1\": 0.05356,\n    \"8.1-8.4\": 0.01409,\n    \"9.0-9.2\": 0.01315,\n    \"9.3\": 0.14751,\n    \"10.0-10.2\": 0.02913,\n    \"10.3\": 0.15503,\n    \"11.0-11.2\": 0.06483,\n    \"11.3-11.4\": 0.13342,\n    \"12.0-12.1\": 0.06765,\n    \"12.2-12.4\": 1.0514,\n    \"13.0-13.1\": 0.05731,\n    \"13.2\": 0.02819,\n    \"13.3\": 0.23584,\n    \"13.4-13.7\": 1.15099,\n    \"14.0-14.3\": 6.13549\n  },\n  B: {\n    \"12\": 0,\n    \"13\": 0.00434,\n    \"14\": 0.00867,\n    \"15\": 0.01734,\n    \"16\": 0.00434,\n    \"17\": 0.00867,\n    \"18\": 0.04336,\n    \"79\": 0,\n    \"80\": 0,\n    \"81\": 0,\n    \"83\": 0.00434,\n    \"84\": 0.00434,\n    \"85\": 0.00434,\n    \"86\": 0.00867,\n    \"87\": 0.55501\n  },\n  I: {\n    \"3\": 0,\n    \"4\": 0.00076,\n    \"81\": 0,\n    \"2.1\": 0,\n    \"2.2\": 0,\n    \"2.3\": 0,\n    \"4.1\": 0.00457,\n    \"4.2-4.3\": 0.02056,\n    \"4.4\": 0,\n    \"4.4.3-4.4.4\": 0.14012\n  },\n  P: {\n    \"4\": 0.12253,\n    \"5.0-5.4\": 0,\n    \"6.2-6.4\": 0.01021,\n    \"7.2-7.4\": 0.03063,\n    \"8.2\": 0.01021,\n    \"9.2\": 0.0919,\n    \"10.1\": 0.08169,\n    \"11.1-11.2\": 0.23485,\n    \"12.0\": 0.40844,\n    \"13.0\": 3.41046\n  },\n  K: {\n    _: \"0 10 11 12 11.1 11.5 12.1\"\n  },\n  A: {\n    \"6\": 0,\n    \"7\": 0,\n    \"8\": 0.01372,\n    \"9\": 0.00457,\n    \"10\": 0.00457,\n    \"11\": 0.22863,\n    \"5.5\": 0\n  },\n  N: {\n    \"10\": 0,\n    \"11\": 0\n  },\n  J: {\n    \"7\": 0,\n    \"10\": 0.01133\n  },\n  O: {\n    \"0\": 0.03398\n  },\n  H: {\n    \"0\": 0.44507\n  },\n  L: {\n    \"0\": 64.48768\n  },\n  S: {\n    \"2.5\": 0\n  },\n  R: {\n    _: \"0\"\n  },\n  M: {\n    \"0\": 0.27754\n  },\n  Q: {\n    \"10.4\": 0.00566\n  }\n};","map":{"version":3,"sources":["/Users/bruceseymour/ra-video/client/node_modules/caniuse-lite/data/regions/RS.js"],"names":["module","exports","C","D","F","E","_","G","B","I","P","K","A","N","J","O","H","L","S","R","M","Q"],