{"ast":null,"code":"module.exports = {\n  C: {\n    \"2\": 0,\n    \"3\": 0,\n    \"4\": 0,\n    \"5\": 0,\n    \"6\": 0,\n    \"7\": 0,\n    \"8\": 0,\n    \"9\": 0,\n    \"10\": 0,\n    \"11\": 0,\n    \"12\": 0,\n    \"13\": 0,\n    \"14\": 0,\n    \"15\": 0,\n    \"16\": 0,\n    \"17\": 0,\n    \"18\": 0,\n    \"19\": 0,\n    \"20\": 0,\n    \"21\": 0,\n    \"22\": 0,\n    \"23\": 0,\n    \"24\": 0,\n    \"25\": 0,\n    \"26\": 0,\n    \"27\": 0,\n    \"28\": 0,\n    \"29\": 0,\n    \"30\": 0.00385,\n    \"31\": 0,\n    \"32\": 0,\n    \"33\": 0,\n    \"34\": 0,\n    \"35\": 0,\n    \"36\": 0,\n    \"37\": 0,\n    \"38\": 0,\n    \"39\": 0,\n    \"40\": 0,\n    \"41\": 0,\n    \"42\": 0,\n    \"43\": 0,\n    \"44\": 0,\n    \"45\": 0,\n    \"46\": 0,\n    \"47\": 0,\n    \"48\": 0,\n    \"49\": 0,\n    \"50\": 0,\n    \"51\": 0,\n    \"52\": 0.00385,\n    \"53\": 0,\n    \"54\": 0,\n    \"55\": 0,\n    \"56\": 0,\n    \"57\": 0,\n    \"58\": 0,\n    \"59\": 0,\n    \"60\": 0.00193,\n    \"61\": 0,\n    \"62\": 0,\n    \"63\": 0,\n    \"64\": 0,\n    \"65\": 0,\n    \"66\": 0,\n    \"67\": 0,\n    \"68\": 0.0077,\n    \"69\": 0,\n    \"70\": 0,\n    \"71\": 0,\n    \"72\": 0,\n    \"73\": 0,\n    \"74\": 0,\n    \"75\": 0,\n    \"76\": 0,\n    \"77\": 0,\n    \"78\": 0.00385,\n    \"79\": 0.00193,\n    \"80\": 0.03273,\n    \"81\": 0.00963,\n    \"82\": 0.00963,\n    \"83\": 0.13668,\n    \"84\": 0.08085,\n    \"85\": 0.00193,\n    \"86\": 0,\n    \"3.5\": 0,\n    \"3.6\": 0\n  },\n  D: {\n    \"4\": 0,\n    \"5\": 0,\n    \"6\": 0,\n    \"7\": 0,\n    \"8\": 0,\n    \"9\": 0,\n    \"10\": 0,\n    \"11\": 0.00578,\n    \"12\": 0,\n    \"13\": 0,\n    \"14\": 0,\n    \"15\": 0,\n    \"16\": 0,\n    \"17\": 0,\n    \"18\": 0,\n    \"19\": 0,\n    \"20\": 0,\n    \"21\": 0,\n    \"22\": 0,\n    \"23\": 0,\n    \"24\": 0,\n    \"25\": 0,\n    \"26\": 0.00193,\n    \"27\": 0,\n    \"28\": 0.00193,\n    \"29\": 0,\n    \"30\": 0,\n    \"31\": 0,\n    \"32\": 0,\n    \"33\": 0,\n    \"34\": 0,\n    \"35\": 0,\n    \"36\": 0,\n    \"37\": 0,\n    \"38\": 0,\n    \"39\": 0,\n    \"40\": 0.00385,\n    \"41\": 0,\n    \"42\": 0,\n    \"43\": 0,\n    \"44\": 0,\n    \"45\": 0,\n    \"46\": 0.00193,\n    \"47\": 0,\n    \"48\": 0,\n    \"49\": 0.01733,\n    \"50\": 0.00193,\n    \"51\": 0,\n    \"52\": 0,\n    \"53\": 0.00193,\n    \"54\": 0,\n    \"55\": 0.00385,\n    \"56\": 0.00193,\n    \"57\": 0,\n    \"58\": 0.00193,\n    \"59\": 0,\n    \"60\": 0,\n    \"61\": 0,\n    \"62\": 0,\n    \"63\": 0.00193,\n    \"64\": 0.00193,\n    \"65\": 0.00193,\n    \"66\": 0,\n    \"67\": 0.00193,\n    \"68\": 0.00193,\n    \"69\": 0.00385,\n    \"70\": 0.00578,\n    \"71\": 0.00193,\n    \"72\": 0.00193,\n    \"73\": 0.00193,\n    \"74\": 0.00193,\n    \"75\": 0.00193,\n    \"76\": 0.00193,\n    \"77\": 0.00385,\n    \"78\": 0.0077,\n    \"79\": 0.00963,\n    \"80\": 0.01155,\n    \"81\": 0.0308,\n    \"83\": 0.01155,\n    \"84\": 0.01155,\n    \"85\": 0.01733,\n    \"86\": 0.34265,\n    \"87\": 1.53038,\n    \"88\": 0.00193,\n    \"89\": 0.00193,\n    \"90\": 0\n  },\n  F: {\n    \"9\": 0,\n    \"11\": 0,\n    \"12\": 0,\n    \"15\": 0,\n    \"16\": 0,\n    \"17\": 0,\n    \"18\": 0,\n    \"19\": 0,\n    \"20\": 0,\n    \"21\": 0,\n    \"22\": 0,\n    \"23\": 0,\n    \"24\": 0.00193,\n    \"25\": 0.00193,\n    \"26\": 0.01155,\n    \"27\": 0,\n    \"28\": 0.00578,\n    \"29\": 0,\n    \"30\": 0.00193,\n    \"31\": 0.00193,\n    \"32\": 0.00578,\n    \"33\": 0.00193,\n    \"34\": 0,\n    \"35\": 0.03658,\n    \"36\": 0.00193,\n    \"37\": 0,\n    \"38\": 0.00578,\n    \"39\": 0,\n    \"40\": 0,\n    \"41\": 0,\n    \"42\": 0.00193,\n    \"43\": 0,\n    \"44\": 0,\n    \"45\": 0.00193,\n    \"46\": 0.00963,\n    \"47\": 0.0077,\n    \"48\": 0,\n    \"49\": 0,\n    \"50\": 0.02888,\n    \"51\": 0.05775,\n    \"52\": 0,\n    \"53\": 0.00193,\n    \"54\": 0,\n    \"55\": 0,\n    \"56\": 0,\n    \"57\": 0,\n    \"58\": 0,\n    \"60\": 0.00193,\n    \"62\": 0,\n    \"63\": 0,\n    \"64\": 0,\n    \"65\": 0,\n    \"66\": 0,\n    \"67\": 0,\n    \"68\": 0,\n    \"69\": 0,\n    \"70\": 0,\n    \"71\": 0.00578,\n    \"72\": 0.04813,\n    \"9.5-9.6\": 0,\n    \"10.0-10.1\": 0,\n    \"10.5\": 0,\n    \"10.6\": 0,\n    \"11.1\": 0,\n    \"11.5\": 0,\n    \"11.6\": 0,\n    \"12.1\": 0.00385\n  },\n  E: {\n    \"4\": 0,\n    \"5\": 0,\n    \"6\": 0,\n    \"7\": 0,\n    \"8\": 0,\n    \"9\": 0,\n    \"10\": 0,\n    \"11\": 0,\n    \"12\": 0.00193,\n    \"13\": 0.00963,\n    \"14\": 0.1617,\n    _: \"0\",\n    \"3.1\": 0,\n    \"3.2\": 0,\n    \"5.1\": 0.00385,\n    \"6.1\": 0,\n    \"7.1\": 0,\n    \"9.1\": 0,\n    \"10.1\": 0.00193,\n    \"11.1\": 0.00578,\n    \"12.1\": 0.0077,\n    \"13.1\": 0.0539\n  },\n  G: {\n    \"8\": 0.0026,\n    \"3.2\": 0,\n    \"4.0-4.1\": 0,\n    \"4.2-4.3\": 0,\n    \"5.0-5.1\": 0.00391,\n    \"6.0-6.1\": 0.00521,\n    \"7.0-7.1\": 0.01954,\n    \"8.1-8.4\": 0.01693,\n    \"9.0-9.2\": 0.01302,\n    \"9.3\": 0.18363,\n    \"10.0-10.2\": 0.02865,\n    \"10.3\": 0.18754,\n    \"11.0-11.2\": 0.07033,\n    \"11.3-11.4\": 0.10289,\n    \"12.0-12.1\": 0.11852,\n    \"12.2-12.4\": 1.34014,\n    \"13.0-13.1\": 0.11331,\n    \"13.2\": 0.05079,\n    \"13.3\": 0.32559,\n    \"13.4-13.7\": 1.51856,\n    \"14.0-14.3\": 8.88216\n  },\n  B: {\n    \"12\": 0.00193,\n    \"13\": 0.00193,\n    \"14\": 0.00193,\n    \"15\": 0.00193,\n    \"16\": 0.00385,\n    \"17\": 0.00578,\n    \"18\": 0.0308,\n    \"79\": 0,\n    \"80\": 0,\n    \"81\": 0,\n    \"83\": 0,\n    \"84\": 0.00193,\n    \"85\": 0.00193,\n    \"86\": 0.00963,\n    \"87\": 0.25025\n  },\n  I: {\n    \"3\": 0,\n    \"4\": 0.00093,\n    \"81\": 0,\n    \"2.1\": 0,\n    \"2.2\": 0,\n    \"2.3\": 0,\n    \"4.1\": 0.00233,\n    \"4.2-4.3\": 0.00746,\n    \"4.4\": 0,\n    \"4.4.3-4.4.4\": 0.07275\n  },\n  P: {\n    \"4\": 0.63134,\n    \"5.0-5.4\": 0.03055,\n    \"6.2-6.4\": 0.05091,\n    \"7.2-7.4\": 0.58043,\n    \"8.2\": 0.05091,\n    \"9.2\": 0.24439,\n    \"10.1\": 0.21384,\n    \"11.1-11.2\": 0.50914,\n    \"12.0\": 1.49689,\n    \"13.0\": 6.56797\n  },\n  K: {\n    _: \"0 10 11 12 11.1 11.5 12.1\"\n  },\n  A: {\n    \"6\": 0,\n    \"7\": 0,\n    \"8\": 0.0039,\n    \"9\": 0.00195,\n    \"10\": 0,\n    \"11\": 0.14045,\n    \"5.5\": 0\n  },\n  N: {\n    \"10\": 0,\n    \"11\": 0\n  },\n  J: {\n    \"7\": 0,\n    \"10\": 0.02423\n  },\n  O: {\n    \"0\": 0.59755\n  },\n  H: {\n    \"0\": 4.25056\n  },\n  L: {\n    \"0\": 64.74663\n  },\n  S: {\n    \"2.5\": 0.00808\n  },\n  R: {\n    _: \"0\"\n  },\n  M: {\n    \"0\": 0.4199\n  },\n  Q: {\n    \"10.4\": 0.00808\n  }\n};","map":{"version":3,"sources":["/Users/bruceseymour/ra-video/client/node_modules/caniuse-lite/data/regions/ZA.js"],"names":["module","exports","C","D","F","E","_","G","B","I","P","K","A","N","J","O","H","L","S","R","M","Q"],