{"ast":null,"code":"module.exports = {\n  C: {\n    \"2\": 0,\n    \"3\": 0,\n    \"4\": 0,\n    \"5\": 0,\n    \"6\": 0,\n    \"7\": 0,\n    \"8\": 0,\n    \"9\": 0,\n    \"10\": 0,\n    \"11\": 0,\n    \"12\": 0,\n    \"13\": 0,\n    \"14\": 0,\n    \"15\": 0,\n    \"16\": 0,\n    \"17\": 0,\n    \"18\": 0,\n    \"19\": 0,\n    \"20\": 0,\n    \"21\": 0,\n    \"22\": 0,\n    \"23\": 0,\n    \"24\": 0,\n    \"25\": 0,\n    \"26\": 0,\n    \"27\": 0,\n    \"28\": 0,\n    \"29\": 0,\n    \"30\": 0.00404,\n    \"31\": 0,\n    \"32\": 0,\n    \"33\": 0,\n    \"34\": 0,\n    \"35\": 0,\n    \"36\": 0,\n    \"37\": 0,\n    \"38\": 0,\n    \"39\": 0,\n    \"40\": 0,\n    \"41\": 0,\n    \"42\": 0,\n    \"43\": 0,\n    \"44\": 0,\n    \"45\": 0,\n    \"46\": 0,\n    \"47\": 0,\n    \"48\": 0,\n    \"49\": 0,\n    \"50\": 0,\n    \"51\": 0,\n    \"52\": 0.00404,\n    \"53\": 0,\n    \"54\": 0,\n    \"55\": 0,\n    \"56\": 0,\n    \"57\": 0,\n    \"58\": 0,\n    \"59\": 0,\n    \"60\": 0,\n    \"61\": 0,\n    \"62\": 0,\n    \"63\": 0,\n    \"64\": 0,\n    \"65\": 0,\n    \"66\": 0,\n    \"67\": 0,\n    \"68\": 0.01616,\n    \"69\": 0,\n    \"70\": 0,\n    \"71\": 0,\n    \"72\": 0.00404,\n    \"73\": 0,\n    \"74\": 0.00404,\n    \"75\": 0,\n    \"76\": 0,\n    \"77\": 0,\n    \"78\": 0.01212,\n    \"79\": 0,\n    \"80\": 0,\n    \"81\": 0.00404,\n    \"82\": 0.02829,\n    \"83\": 0.25458,\n    \"84\": 0.1576,\n    \"85\": 0.00808,\n    \"86\": 0,\n    \"3.5\": 0,\n    \"3.6\": 0\n  },\n  D: {\n    \"4\": 0,\n    \"5\": 0,\n    \"6\": 0,\n    \"7\": 0,\n    \"8\": 0,\n    \"9\": 0,\n    \"10\": 0,\n    \"11\": 0,\n    \"12\": 0,\n    \"13\": 0,\n    \"14\": 0,\n    \"15\": 0,\n    \"16\": 0,\n    \"17\": 0,\n    \"18\": 0,\n    \"19\": 0,\n    \"20\": 0,\n    \"21\": 0,\n    \"22\": 0,\n    \"23\": 0,\n    \"24\": 0,\n    \"25\": 0,\n    \"26\": 0,\n    \"27\": 0,\n    \"28\": 0,\n    \"29\": 0,\n    \"30\": 0,\n    \"31\": 0,\n    \"32\": 0,\n    \"33\": 0,\n    \"34\": 0,\n    \"35\": 0,\n    \"36\": 0,\n    \"37\": 0,\n    \"38\": 0,\n    \"39\": 0,\n    \"40\": 0,\n    \"41\": 0,\n    \"42\": 0,\n    \"43\": 0,\n    \"44\": 0,\n    \"45\": 0,\n    \"46\": 0,\n    \"47\": 0,\n    \"48\": 0,\n    \"49\": 0.01616,\n    \"50\": 0,\n    \"51\": 0,\n    \"52\": 0,\n    \"53\": 0.01212,\n    \"54\": 0,\n    \"55\": 0,\n    \"56\": 0.00404,\n    \"57\": 0,\n    \"58\": 0.00404,\n    \"59\": 0,\n    \"60\": 0,\n    \"61\": 0,\n    \"62\": 0,\n    \"63\": 0.00808,\n    \"64\": 0,\n    \"65\": 0.00404,\n    \"66\": 0.00404,\n    \"67\": 0,\n    \"68\": 0,\n    \"69\": 0.00404,\n    \"70\": 0.00808,\n    \"71\": 0,\n    \"72\": 0,\n    \"73\": 0,\n    \"74\": 0.00404,\n    \"75\": 0.02021,\n    \"76\": 0.02829,\n    \"77\": 0.01212,\n    \"78\": 0.01212,\n    \"79\": 0.03233,\n    \"80\": 0.01212,\n    \"81\": 0.06062,\n    \"83\": 0.00808,\n    \"84\": 0.04445,\n    \"85\": 0.09294,\n    \"86\": 1.76592,\n    \"87\": 7.79913,\n    \"88\": 0.01616,\n    \"89\": 0.04041,\n    \"90\": 0\n  },\n  F: {\n    \"9\": 0,\n    \"11\": 0,\n    \"12\": 0,\n    \"15\": 0,\n    \"16\": 0,\n    \"17\": 0,\n    \"18\": 0,\n    \"19\": 0,\n    \"20\": 0,\n    \"21\": 0,\n    \"22\": 0,\n    \"23\": 0,\n    \"24\": 0,\n    \"25\": 0,\n    \"26\": 0,\n    \"27\": 0,\n    \"28\": 0,\n    \"29\": 0,\n    \"30\": 0,\n    \"31\": 0,\n    \"32\": 0,\n    \"33\": 0,\n    \"34\": 0,\n    \"35\": 0,\n    \"36\": 0,\n    \"37\": 0,\n    \"38\": 0,\n    \"39\": 0,\n    \"40\": 0,\n    \"41\": 0,\n    \"42\": 0,\n    \"43\": 0,\n    \"44\": 0,\n    \"45\": 0,\n    \"46\": 0.08082,\n    \"47\": 0,\n    \"48\": 0,\n    \"49\": 0,\n    \"50\": 0,\n    \"51\": 0,\n    \"52\": 0,\n    \"53\": 0,\n    \"54\": 0,\n    \"55\": 0,\n    \"56\": 0,\n    \"57\": 0,\n    \"58\": 0,\n    \"60\": 0,\n    \"62\": 0,\n    \"63\": 0,\n    \"64\": 0,\n    \"65\": 0,\n    \"66\": 0,\n    \"67\": 0,\n    \"68\": 0,\n    \"69\": 0,\n    \"70\": 0,\n    \"71\": 0.00404,\n    \"72\": 0.12527,\n    \"9.5-9.6\": 0,\n    \"10.0-10.1\": 0,\n    \"10.5\": 0,\n    \"10.6\": 0,\n    \"11.1\": 0,\n    \"11.5\": 0,\n    \"11.6\": 0,\n    \"12.1\": 0\n  },\n  E: {\n    \"4\": 0,\n    \"5\": 0,\n    \"6\": 0,\n    \"7\": 0,\n    \"8\": 0,\n    \"9\": 0,\n    \"10\": 0,\n    \"11\": 0.03637,\n    \"12\": 0,\n    \"13\": 0.02021,\n    \"14\": 0.5617,\n    _: \"0\",\n    \"3.1\": 0,\n    \"3.2\": 0,\n    \"5.1\": 0.00404,\n    \"6.1\": 0,\n    \"7.1\": 0,\n    \"9.1\": 0,\n    \"10.1\": 0.00404,\n    \"11.1\": 0.00808,\n    \"12.1\": 0.04849,\n    \"13.1\": 0.10507\n  },\n  G: {\n    \"8\": 0,\n    \"3.2\": 0.00129,\n    \"4.0-4.1\": 0,\n    \"4.2-4.3\": 0,\n    \"5.0-5.1\": 0.02586,\n    \"6.0-6.1\": 0,\n    \"7.0-7.1\": 0.01293,\n    \"8.1-8.4\": 0,\n    \"9.0-9.2\": 0,\n    \"9.3\": 0.12929,\n    \"10.0-10.2\": 0.00129,\n    \"10.3\": 0.16162,\n    \"11.0-11.2\": 0.05818,\n    \"11.3-11.4\": 0.0181,\n    \"12.0-12.1\": 0.07499,\n    \"12.2-12.4\": 1.67177,\n    \"13.0-13.1\": 0.04137,\n    \"13.2\": 0.03103,\n    \"13.3\": 0.25729,\n    \"13.4-13.7\": 1.04469,\n    \"14.0-14.3\": 9.33889\n  },\n  B: {\n    \"12\": 0,\n    \"13\": 0,\n    \"14\": 0,\n    \"15\": 0.00404,\n    \"16\": 0.00404,\n    \"17\": 0.01212,\n    \"18\": 0.0889,\n    \"79\": 0,\n    \"80\": 0.00404,\n    \"81\": 0,\n    \"83\": 0,\n    \"84\": 0.00808,\n    \"85\": 0.00808,\n    \"86\": 0.01212,\n    \"87\": 2.05283\n  },\n  I: {\n    \"3\": 0,\n    \"4\": 0.40129,\n    \"81\": 0,\n    \"2.1\": 0,\n    \"2.2\": 0,\n    \"2.3\": 0,\n    \"4.1\": 0.04224,\n    \"4.2-4.3\": 0.09152,\n    \"4.4\": 0,\n    \"4.4.3-4.4.4\": 1.23909\n  },\n  P: {\n    \"4\": 0.11689,\n    \"5.0-5.4\": 0.01063,\n    \"6.2-6.4\": 0,\n    \"7.2-7.4\": 0.82889,\n    \"8.2\": 0.01063,\n    \"9.2\": 0.17003,\n    \"10.1\": 0.08501,\n    \"11.1-11.2\": 0.29755,\n    \"12.0\": 0.81826,\n    \"13.0\": 7.47062\n  },\n  K: {\n    _: \"0 10 11 12 11.1 11.5 12.1\"\n  },\n  A: {\n    \"6\": 0,\n    \"7\": 0,\n    \"8\": 0,\n    \"9\": 0,\n    \"10\": 0,\n    \"11\": 0.27479,\n    \"5.5\": 0\n  },\n  N: {\n    \"10\": 0,\n    \"11\": 0\n  },\n  J: {\n    \"7\": 0,\n    \"10\": 0.01192\n  },\n  O: {\n    \"0\": 0.50056\n  },\n  H: {\n    \"0\": 0.37799\n  },\n  L: {\n    \"0\": 56.09538\n  },\n  S: {\n    \"2.5\": 0.00596\n  },\n  R: {\n    _: \"0\"\n  },\n  M: {\n    \"0\": 0.28603\n  },\n  Q: {\n    \"10.4\": 0.00596\n  }\n};","map":{"version":3,"sources":["/Users/bruceseymour/ra-video/client/node_modules/caniuse-lite/data/regions/LC.js"],"names":["module","exports","C","D","F","E","_","G","B","I","P","K","A","N","J","O","H","L","S","R","M","Q"],