{"ast":null,"code":"module.exports = {\n  C: {\n    \"2\": 0,\n    \"3\": 0,\n    \"4\": 0,\n    \"5\": 0,\n    \"6\": 0,\n    \"7\": 0,\n    \"8\": 0,\n    \"9\": 0,\n    \"10\": 0,\n    \"11\": 0,\n    \"12\": 0,\n    \"13\": 0,\n    \"14\": 0,\n    \"15\": 0,\n    \"16\": 0,\n    \"17\": 0,\n    \"18\": 0,\n    \"19\": 0,\n    \"20\": 0,\n    \"21\": 0,\n    \"22\": 0,\n    \"23\": 0,\n    \"24\": 0,\n    \"25\": 0,\n    \"26\": 0,\n    \"27\": 0,\n    \"28\": 0,\n    \"29\": 0,\n    \"30\": 0.0131,\n    \"31\": 0,\n    \"32\": 0,\n    \"33\": 0,\n    \"34\": 0,\n    \"35\": 0,\n    \"36\": 0,\n    \"37\": 0,\n    \"38\": 0,\n    \"39\": 0,\n    \"40\": 0,\n    \"41\": 0,\n    \"42\": 0,\n    \"43\": 0,\n    \"44\": 0,\n    \"45\": 0,\n    \"46\": 0,\n    \"47\": 0,\n    \"48\": 0.00437,\n    \"49\": 0,\n    \"50\": 0,\n    \"51\": 0,\n    \"52\": 0.0262,\n    \"53\": 0,\n    \"54\": 0,\n    \"55\": 0,\n    \"56\": 0.00437,\n    \"57\": 0,\n    \"58\": 0.00437,\n    \"59\": 0,\n    \"60\": 0,\n    \"61\": 0,\n    \"62\": 0,\n    \"63\": 0,\n    \"64\": 0,\n    \"65\": 0,\n    \"66\": 0.08297,\n    \"67\": 0,\n    \"68\": 0.00873,\n    \"69\": 0,\n    \"70\": 0.00437,\n    \"71\": 0,\n    \"72\": 0,\n    \"73\": 0.0262,\n    \"74\": 0,\n    \"75\": 0,\n    \"76\": 0.00437,\n    \"77\": 0.00873,\n    \"78\": 0.03057,\n    \"79\": 0.00437,\n    \"80\": 0.00437,\n    \"81\": 0.01747,\n    \"82\": 0.04367,\n    \"83\": 0.66378,\n    \"84\": 0.32316,\n    \"85\": 0.00437,\n    \"86\": 0,\n    \"3.5\": 0,\n    \"3.6\": 0\n  },\n  D: {\n    \"4\": 0,\n    \"5\": 0,\n    \"6\": 0,\n    \"7\": 0,\n    \"8\": 0,\n    \"9\": 0,\n    \"10\": 0,\n    \"11\": 0,\n    \"12\": 0,\n    \"13\": 0,\n    \"14\": 0,\n    \"15\": 0,\n    \"16\": 0,\n    \"17\": 0,\n    \"18\": 0,\n    \"19\": 0,\n    \"20\": 0,\n    \"21\": 0,\n    \"22\": 0,\n    \"23\": 0,\n    \"24\": 0,\n    \"25\": 0.00873,\n    \"26\": 0,\n    \"27\": 0,\n    \"28\": 0,\n    \"29\": 0,\n    \"30\": 0,\n    \"31\": 0,\n    \"32\": 0,\n    \"33\": 0,\n    \"34\": 0,\n    \"35\": 0,\n    \"36\": 0,\n    \"37\": 0,\n    \"38\": 0,\n    \"39\": 0,\n    \"40\": 0,\n    \"41\": 0,\n    \"42\": 0,\n    \"43\": 0,\n    \"44\": 0,\n    \"45\": 0,\n    \"46\": 0.00437,\n    \"47\": 0,\n    \"48\": 0,\n    \"49\": 0.06114,\n    \"50\": 0,\n    \"51\": 0,\n    \"52\": 0,\n    \"53\": 0.01747,\n    \"54\": 0,\n    \"55\": 0,\n    \"56\": 0,\n    \"57\": 0,\n    \"58\": 0.00873,\n    \"59\": 0.00437,\n    \"60\": 0,\n    \"61\": 0,\n    \"62\": 0.00437,\n    \"63\": 0.00873,\n    \"64\": 0,\n    \"65\": 0.00873,\n    \"66\": 0,\n    \"67\": 0.0131,\n    \"68\": 0.0131,\n    \"69\": 0.00437,\n    \"70\": 0,\n    \"71\": 0.00437,\n    \"72\": 0.00873,\n    \"73\": 0,\n    \"74\": 0.00437,\n    \"75\": 0.00437,\n    \"76\": 0.02184,\n    \"77\": 0.00437,\n    \"78\": 0.00437,\n    \"79\": 0.0131,\n    \"80\": 0.0131,\n    \"81\": 0.01747,\n    \"83\": 0.02184,\n    \"84\": 0.04804,\n    \"85\": 0.09171,\n    \"86\": 1.89965,\n    \"87\": 8.35407,\n    \"88\": 0.00437,\n    \"89\": 0.00873,\n    \"90\": 0\n  },\n  F: {\n    \"9\": 0,\n    \"11\": 0,\n    \"12\": 0,\n    \"15\": 0,\n    \"16\": 0,\n    \"17\": 0,\n    \"18\": 0,\n    \"19\": 0,\n    \"20\": 0,\n    \"21\": 0,\n    \"22\": 0,\n    \"23\": 0,\n    \"24\": 0,\n    \"25\": 0,\n    \"26\": 0,\n    \"27\": 0,\n    \"28\": 0,\n    \"29\": 0,\n    \"30\": 0,\n    \"31\": 0,\n    \"32\": 0,\n    \"33\": 0,\n    \"34\": 0,\n    \"35\": 0,\n    \"36\": 0,\n    \"37\": 0,\n    \"38\": 0,\n    \"39\": 0,\n    \"40\": 0,\n    \"41\": 0,\n    \"42\": 0,\n    \"43\": 0,\n    \"44\": 0,\n    \"45\": 0,\n    \"46\": 0,\n    \"47\": 0,\n    \"48\": 0,\n    \"49\": 0,\n    \"50\": 0,\n    \"51\": 0,\n    \"52\": 0,\n    \"53\": 0,\n    \"54\": 0,\n    \"55\": 0,\n    \"56\": 0,\n    \"57\": 0,\n    \"58\": 0,\n    \"60\": 0,\n    \"62\": 0,\n    \"63\": 0,\n    \"64\": 0,\n    \"65\": 0,\n    \"66\": 0,\n    \"67\": 0,\n    \"68\": 0,\n    \"69\": 0,\n    \"70\": 0,\n    \"71\": 0.06987,\n    \"72\": 0.15721,\n    \"9.5-9.6\": 0,\n    \"10.0-10.1\": 0,\n    \"10.5\": 0,\n    \"10.6\": 0,\n    \"11.1\": 0,\n    \"11.5\": 0,\n    \"11.6\": 0,\n    \"12.1\": 0\n  },\n  E: {\n    \"4\": 0,\n    \"5\": 0,\n    \"6\": 0,\n    \"7\": 0,\n    \"8\": 0.00873,\n    \"9\": 0,\n    \"10\": 0,\n    \"11\": 0,\n    \"12\": 0.02184,\n    \"13\": 0.13538,\n    \"14\": 1.95642,\n    _: \"0\",\n    \"3.1\": 0,\n    \"3.2\": 0,\n    \"5.1\": 0.02184,\n    \"6.1\": 0,\n    \"7.1\": 0,\n    \"9.1\": 0,\n    \"10.1\": 0.03057,\n    \"11.1\": 0.05677,\n    \"12.1\": 0.06551,\n    \"13.1\": 0.52841\n  },\n  G: {\n    \"8\": 0,\n    \"3.2\": 0,\n    \"4.0-4.1\": 0,\n    \"4.2-4.3\": 0,\n    \"5.0-5.1\": 0,\n    \"6.0-6.1\": 0,\n    \"7.0-7.1\": 0.01035,\n    \"8.1-8.4\": 0.0138,\n    \"9.0-9.2\": 0.00345,\n    \"9.3\": 0.25533,\n    \"10.0-10.2\": 0.05176,\n    \"10.3\": 0.18287,\n    \"11.0-11.2\": 0.15182,\n    \"11.3-11.4\": 0.15872,\n    \"12.0-12.1\": 0.13111,\n    \"12.2-12.4\": 1.09377,\n    \"13.0-13.1\": 0.21392,\n    \"13.2\": 0.11731,\n    \"13.3\": 0.79013,\n    \"13.4-13.7\": 3.39171,\n    \"14.0-14.3\": 27.89277\n  },\n  B: {\n    \"12\": 0.00437,\n    \"13\": 0,\n    \"14\": 0,\n    \"15\": 0,\n    \"16\": 0.00873,\n    \"17\": 0.02184,\n    \"18\": 0.12228,\n    \"79\": 0,\n    \"80\": 0.00873,\n    \"81\": 0,\n    \"83\": 0,\n    \"84\": 0.00437,\n    \"85\": 0.00437,\n    \"86\": 0.07424,\n    \"87\": 2.60273\n  },\n  I: {\n    \"3\": 0,\n    \"4\": 0.00983,\n    \"81\": 0,\n    \"2.1\": 0,\n    \"2.2\": 0,\n    \"2.3\": 0,\n    \"4.1\": 0.00983,\n    \"4.2-4.3\": 0.02457,\n    \"4.4\": 0,\n    \"4.4.3-4.4.4\": 0.34399\n  },\n  P: {\n    \"4\": 0.12406,\n    \"5.0-5.4\": 0,\n    \"6.2-6.4\": 0,\n    \"7.2-7.4\": 0.06203,\n    \"8.2\": 0.01034,\n    \"9.2\": 0.15508,\n    \"10.1\": 0.02068,\n    \"11.1-11.2\": 0.20677,\n    \"12.0\": 0.43423,\n    \"13.0\": 3.19466\n  },\n  K: {\n    _: \"0 10 11 12 11.1 11.5 12.1\"\n  },\n  A: {\n    \"6\": 0,\n    \"7\": 0,\n    \"8\": 0.00437,\n    \"9\": 0,\n    \"10\": 0,\n    \"11\": 0.21835,\n    \"5.5\": 0\n  },\n  N: {\n    \"10\": 0,\n    \"11\": 0\n  },\n  J: {\n    \"7\": 0,\n    \"10\": 0\n  },\n  O: {\n    \"0\": 0.09013\n  },\n  H: {\n    \"0\": 0.18665\n  },\n  L: {\n    \"0\": 39.64247\n  },\n  S: {\n    \"2.5\": 0\n  },\n  R: {\n    _: \"0\"\n  },\n  M: {\n    \"0\": 0.36615\n  },\n  Q: {\n    \"10.4\": 0\n  }\n};","map":{"version":3,"sources":["/Users/bruceseymour/ra-video/client/node_modules/caniuse-lite/data/regions/PR.js"],"names":["module","exports","C","D","F","E","_","G","B","I","P","K","A","N","J","O","H","L","S","R","M","Q"],