{"ast":null,"code":"module.exports = {\n  C: {\n    \"2\": 0,\n    \"3\": 0,\n    \"4\": 0,\n    \"5\": 0,\n    \"6\": 0,\n    \"7\": 0,\n    \"8\": 0,\n    \"9\": 0,\n    \"10\": 0,\n    \"11\": 0,\n    \"12\": 0,\n    \"13\": 0,\n    \"14\": 0,\n    \"15\": 0,\n    \"16\": 0,\n    \"17\": 0,\n    \"18\": 0,\n    \"19\": 0,\n    \"20\": 0,\n    \"21\": 0,\n    \"22\": 0,\n    \"23\": 0,\n    \"24\": 0,\n    \"25\": 0,\n    \"26\": 0,\n    \"27\": 0,\n    \"28\": 0,\n    \"29\": 0,\n    \"30\": 0,\n    \"31\": 0,\n    \"32\": 0,\n    \"33\": 0,\n    \"34\": 0,\n    \"35\": 0,\n    \"36\": 0,\n    \"37\": 0,\n    \"38\": 0,\n    \"39\": 0,\n    \"40\": 0,\n    \"41\": 0,\n    \"42\": 0,\n    \"43\": 0.00461,\n    \"44\": 0,\n    \"45\": 0,\n    \"46\": 0,\n    \"47\": 0,\n    \"48\": 0,\n    \"49\": 0,\n    \"50\": 0,\n    \"51\": 0.00461,\n    \"52\": 0.00921,\n    \"53\": 0,\n    \"54\": 0,\n    \"55\": 0,\n    \"56\": 0.00461,\n    \"57\": 0,\n    \"58\": 0.00461,\n    \"59\": 0,\n    \"60\": 0,\n    \"61\": 0,\n    \"62\": 0.00461,\n    \"63\": 0,\n    \"64\": 0,\n    \"65\": 0,\n    \"66\": 0.00921,\n    \"67\": 0,\n    \"68\": 0.00921,\n    \"69\": 0,\n    \"70\": 0,\n    \"71\": 0,\n    \"72\": 0.00461,\n    \"73\": 0,\n    \"74\": 0,\n    \"75\": 0,\n    \"76\": 0,\n    \"77\": 0,\n    \"78\": 0.02304,\n    \"79\": 0.00921,\n    \"80\": 0.00921,\n    \"81\": 0.00921,\n    \"82\": 0.02764,\n    \"83\": 0.62655,\n    \"84\": 0.36395,\n    \"85\": 0.00461,\n    \"86\": 0,\n    \"3.5\": 0,\n    \"3.6\": 0\n  },\n  D: {\n    \"4\": 0,\n    \"5\": 0,\n    \"6\": 0,\n    \"7\": 0,\n    \"8\": 0,\n    \"9\": 0,\n    \"10\": 0,\n    \"11\": 0,\n    \"12\": 0,\n    \"13\": 0,\n    \"14\": 0,\n    \"15\": 0,\n    \"16\": 0,\n    \"17\": 0,\n    \"18\": 0,\n    \"19\": 0,\n    \"20\": 0,\n    \"21\": 0,\n    \"22\": 0,\n    \"23\": 0,\n    \"24\": 0,\n    \"25\": 0,\n    \"26\": 0,\n    \"27\": 0,\n    \"28\": 0,\n    \"29\": 0,\n    \"30\": 0,\n    \"31\": 0,\n    \"32\": 0,\n    \"33\": 0,\n    \"34\": 0,\n    \"35\": 0.00921,\n    \"36\": 0,\n    \"37\": 0,\n    \"38\": 0.00921,\n    \"39\": 0,\n    \"40\": 0.00921,\n    \"41\": 0,\n    \"42\": 0,\n    \"43\": 0.00461,\n    \"44\": 0,\n    \"45\": 0,\n    \"46\": 0,\n    \"47\": 0,\n    \"48\": 0,\n    \"49\": 0.04607,\n    \"50\": 0,\n    \"51\": 0,\n    \"52\": 0.00461,\n    \"53\": 0.00921,\n    \"54\": 0,\n    \"55\": 0.00461,\n    \"56\": 0.00461,\n    \"57\": 0,\n    \"58\": 0.00461,\n    \"59\": 0,\n    \"60\": 0.00921,\n    \"61\": 0,\n    \"62\": 0.00461,\n    \"63\": 0.00461,\n    \"64\": 0.00461,\n    \"65\": 0.00461,\n    \"66\": 0.00461,\n    \"67\": 0,\n    \"68\": 0.00461,\n    \"69\": 0.00461,\n    \"70\": 0.01382,\n    \"71\": 0.00921,\n    \"72\": 0.00921,\n    \"73\": 0.00921,\n    \"74\": 0.01382,\n    \"75\": 0.02764,\n    \"76\": 0.02304,\n    \"77\": 0.00921,\n    \"78\": 0.01382,\n    \"79\": 0.03686,\n    \"80\": 0.07371,\n    \"81\": 0.04146,\n    \"83\": 0.03686,\n    \"84\": 1.66313,\n    \"85\": 0.1336,\n    \"86\": 2.06854,\n    \"87\": 9.88662,\n    \"88\": 0.00461,\n    \"89\": 0.00921,\n    \"90\": 0\n  },\n  F: {\n    \"9\": 0,\n    \"11\": 0,\n    \"12\": 0,\n    \"15\": 0,\n    \"16\": 0,\n    \"17\": 0.00461,\n    \"18\": 0,\n    \"19\": 0,\n    \"20\": 0,\n    \"21\": 0,\n    \"22\": 0,\n    \"23\": 0,\n    \"24\": 0,\n    \"25\": 0,\n    \"26\": 0,\n    \"27\": 0,\n    \"28\": 0,\n    \"29\": 0,\n    \"30\": 0,\n    \"31\": 0,\n    \"32\": 0,\n    \"33\": 0,\n    \"34\": 0,\n    \"35\": 0,\n    \"36\": 0,\n    \"37\": 0,\n    \"38\": 0,\n    \"39\": 0,\n    \"40\": 0,\n    \"41\": 0,\n    \"42\": 0,\n    \"43\": 0,\n    \"44\": 0,\n    \"45\": 0,\n    \"46\": 0,\n    \"47\": 0,\n    \"48\": 0,\n    \"49\": 0,\n    \"50\": 0,\n    \"51\": 0.00461,\n    \"52\": 0,\n    \"53\": 0,\n    \"54\": 0,\n    \"55\": 0,\n    \"56\": 0,\n    \"57\": 0,\n    \"58\": 0,\n    \"60\": 0.00461,\n    \"62\": 0,\n    \"63\": 0,\n    \"64\": 0,\n    \"65\": 0,\n    \"66\": 0,\n    \"67\": 0,\n    \"68\": 0,\n    \"69\": 1.32682,\n    \"70\": 0,\n    \"71\": 0.16585,\n    \"72\": 0.34553,\n    \"9.5-9.6\": 0,\n    \"10.0-10.1\": 0,\n    \"10.5\": 0,\n    \"10.6\": 0,\n    \"11.1\": 0,\n    \"11.5\": 0,\n    \"11.6\": 0,\n    \"12.1\": 0.00461\n  },\n  E: {\n    \"4\": 0,\n    \"5\": 0,\n    \"6\": 0,\n    \"7\": 0,\n    \"8\": 0,\n    \"9\": 0,\n    \"10\": 0,\n    \"11\": 0.00461,\n    \"12\": 0.00461,\n    \"13\": 0.00921,\n    \"14\": 0.25799,\n    _: \"0\",\n    \"3.1\": 0,\n    \"3.2\": 0,\n    \"5.1\": 0.9859,\n    \"6.1\": 0,\n    \"7.1\": 0,\n    \"9.1\": 0,\n    \"10.1\": 0.00461,\n    \"11.1\": 0.00461,\n    \"12.1\": 0.07832,\n    \"13.1\": 0.10135\n  },\n  G: {\n    \"8\": 0,\n    \"3.2\": 0.00059,\n    \"4.0-4.1\": 0,\n    \"4.2-4.3\": 0.00117,\n    \"5.0-5.1\": 0.00235,\n    \"6.0-6.1\": 0.00763,\n    \"7.0-7.1\": 0.07514,\n    \"8.1-8.4\": 0.00117,\n    \"9.0-9.2\": 0.00528,\n    \"9.3\": 0.12328,\n    \"10.0-10.2\": 0.00646,\n    \"10.3\": 0.05636,\n    \"11.0-11.2\": 0.02524,\n    \"11.3-11.4\": 0.02818,\n    \"12.0-12.1\": 0.03816,\n    \"12.2-12.4\": 0.67453,\n    \"13.0-13.1\": 0.08865,\n    \"13.2\": 0.01115,\n    \"13.3\": 0.14676,\n    \"13.4-13.7\": 0.48726,\n    \"14.0-14.3\": 4.06888\n  },\n  B: {\n    \"12\": 0.00461,\n    \"13\": 0,\n    \"14\": 0.00461,\n    \"15\": 0.00461,\n    \"16\": 0.00461,\n    \"17\": 0.00921,\n    \"18\": 0.04146,\n    \"79\": 0,\n    \"80\": 0,\n    \"81\": 0,\n    \"83\": 0.00461,\n    \"84\": 0.00461,\n    \"85\": 0.00461,\n    \"86\": 0.01843,\n    \"87\": 0.82926\n  },\n  I: {\n    \"3\": 0,\n    \"4\": 0.00261,\n    \"81\": 0,\n    \"2.1\": 0,\n    \"2.2\": 0,\n    \"2.3\": 0,\n    \"4.1\": 0.01046,\n    \"4.2-4.3\": 0.03138,\n    \"4.4\": 0,\n    \"4.4.3-4.4.4\": 0.30072\n  },\n  P: {\n    \"4\": 0.38531,\n    \"5.0-5.4\": 0.03042,\n    \"6.2-6.4\": 0.0507,\n    \"7.2-7.4\": 0.32447,\n    \"8.2\": 0.03042,\n    \"9.2\": 0.25349,\n    \"10.1\": 0.14196,\n    \"11.1-11.2\": 0.43601,\n    \"12.0\": 0.66923,\n    \"13.0\": 2.33215\n  },\n  K: {\n    _: \"0 10 11 12 11.1 11.5 12.1\"\n  },\n  A: {\n    \"6\": 0,\n    \"7\": 0,\n    \"8\": 0.00461,\n    \"9\": 0,\n    \"10\": 0.00461,\n    \"11\": 0.0645,\n    \"5.5\": 0\n  },\n  N: {\n    \"10\": 0,\n    \"11\": 0\n  },\n  J: {\n    \"7\": 0,\n    \"10\": 0\n  },\n  O: {\n    \"0\": 0.22111\n  },\n  H: {\n    \"0\": 0.39825\n  },\n  L: {\n    \"0\": 65.89098\n  },\n  S: {\n    \"2.5\": 0\n  },\n  R: {\n    _: \"0\"\n  },\n  M: {\n    \"0\": 0.1564\n  },\n  Q: {\n    \"10.4\": 0\n  }\n};","map":{"version":3,"sources":["/Users/bruceseymour/ra-video/client/node_modules/caniuse-lite/data/regions/NI.js"],"names":["module","exports","C","D","F","E","_","G","B","I","P","K","A","N","J","O","H","L","S","R","M","Q"],