{"ast":null,"code":"module.exports = {\n  C: {\n    \"2\": 0,\n    \"3\": 0,\n    \"4\": 0,\n    \"5\": 0,\n    \"6\": 0,\n    \"7\": 0,\n    \"8\": 0,\n    \"9\": 0,\n    \"10\": 0,\n    \"11\": 0,\n    \"12\": 0,\n    \"13\": 0,\n    \"14\": 0,\n    \"15\": 0,\n    \"16\": 0,\n    \"17\": 0,\n    \"18\": 0,\n    \"19\": 0,\n    \"20\": 0,\n    \"21\": 0.00413,\n    \"22\": 0,\n    \"23\": 0,\n    \"24\": 0,\n    \"25\": 0,\n    \"26\": 0,\n    \"27\": 0,\n    \"28\": 0,\n    \"29\": 0,\n    \"30\": 0.00826,\n    \"31\": 0,\n    \"32\": 0,\n    \"33\": 0,\n    \"34\": 0,\n    \"35\": 0,\n    \"36\": 0,\n    \"37\": 0.00413,\n    \"38\": 0,\n    \"39\": 0,\n    \"40\": 0,\n    \"41\": 0,\n    \"42\": 0,\n    \"43\": 0,\n    \"44\": 0,\n    \"45\": 0,\n    \"46\": 0,\n    \"47\": 0,\n    \"48\": 0,\n    \"49\": 0,\n    \"50\": 0,\n    \"51\": 0,\n    \"52\": 0.00413,\n    \"53\": 0,\n    \"54\": 0,\n    \"55\": 0,\n    \"56\": 0,\n    \"57\": 0,\n    \"58\": 0.00826,\n    \"59\": 0,\n    \"60\": 0,\n    \"61\": 0,\n    \"62\": 0.00413,\n    \"63\": 0,\n    \"64\": 0,\n    \"65\": 0,\n    \"66\": 0,\n    \"67\": 0,\n    \"68\": 0.01239,\n    \"69\": 0,\n    \"70\": 0,\n    \"71\": 0,\n    \"72\": 0,\n    \"73\": 0.00413,\n    \"74\": 0,\n    \"75\": 0,\n    \"76\": 0,\n    \"77\": 0,\n    \"78\": 0.01239,\n    \"79\": 0,\n    \"80\": 0.05368,\n    \"81\": 0.00826,\n    \"82\": 0.02477,\n    \"83\": 0.35922,\n    \"84\": 0.24361,\n    \"85\": 0,\n    \"86\": 0,\n    \"3.5\": 0,\n    \"3.6\": 0\n  },\n  D: {\n    \"4\": 0,\n    \"5\": 0,\n    \"6\": 0,\n    \"7\": 0,\n    \"8\": 0,\n    \"9\": 0,\n    \"10\": 0,\n    \"11\": 0,\n    \"12\": 0,\n    \"13\": 0,\n    \"14\": 0,\n    \"15\": 0,\n    \"16\": 0,\n    \"17\": 0,\n    \"18\": 0,\n    \"19\": 0,\n    \"20\": 0,\n    \"21\": 0,\n    \"22\": 0,\n    \"23\": 0,\n    \"24\": 0,\n    \"25\": 0,\n    \"26\": 0,\n    \"27\": 0,\n    \"28\": 0,\n    \"29\": 0,\n    \"30\": 0,\n    \"31\": 0,\n    \"32\": 0,\n    \"33\": 0,\n    \"34\": 0,\n    \"35\": 0,\n    \"36\": 0,\n    \"37\": 0,\n    \"38\": 0.00413,\n    \"39\": 0,\n    \"40\": 0,\n    \"41\": 0.00413,\n    \"42\": 0,\n    \"43\": 0,\n    \"44\": 0,\n    \"45\": 0,\n    \"46\": 0,\n    \"47\": 0,\n    \"48\": 0,\n    \"49\": 0.02477,\n    \"50\": 0,\n    \"51\": 0,\n    \"52\": 0.00413,\n    \"53\": 0.01652,\n    \"54\": 0,\n    \"55\": 0,\n    \"56\": 0.00413,\n    \"57\": 0,\n    \"58\": 0,\n    \"59\": 0,\n    \"60\": 0,\n    \"61\": 0,\n    \"62\": 0,\n    \"63\": 0.00413,\n    \"64\": 0,\n    \"65\": 0.00413,\n    \"66\": 0,\n    \"67\": 0.00413,\n    \"68\": 0,\n    \"69\": 0.00413,\n    \"70\": 0.00413,\n    \"71\": 0.00413,\n    \"72\": 0,\n    \"73\": 0,\n    \"74\": 0.09084,\n    \"75\": 0.00413,\n    \"76\": 0.00826,\n    \"77\": 0.03303,\n    \"78\": 0.00413,\n    \"79\": 0.02065,\n    \"80\": 0.55742,\n    \"81\": 0.01652,\n    \"83\": 0.01239,\n    \"84\": 0.14864,\n    \"85\": 0.28903,\n    \"86\": 2.0934,\n    \"87\": 6.24305,\n    \"88\": 0.09084,\n    \"89\": 0,\n    \"90\": 0\n  },\n  F: {\n    \"9\": 0,\n    \"11\": 0,\n    \"12\": 0,\n    \"15\": 0,\n    \"16\": 0,\n    \"17\": 0,\n    \"18\": 0,\n    \"19\": 0,\n    \"20\": 0,\n    \"21\": 0,\n    \"22\": 0,\n    \"23\": 0,\n    \"24\": 0,\n    \"25\": 0,\n    \"26\": 0,\n    \"27\": 0,\n    \"28\": 0,\n    \"29\": 0,\n    \"30\": 0,\n    \"31\": 0,\n    \"32\": 0,\n    \"33\": 0,\n    \"34\": 0,\n    \"35\": 0,\n    \"36\": 0,\n    \"37\": 0,\n    \"38\": 0,\n    \"39\": 0,\n    \"40\": 0,\n    \"41\": 0,\n    \"42\": 0,\n    \"43\": 0,\n    \"44\": 0,\n    \"45\": 0,\n    \"46\": 0,\n    \"47\": 0,\n    \"48\": 0,\n    \"49\": 0,\n    \"50\": 0,\n    \"51\": 0,\n    \"52\": 0,\n    \"53\": 0,\n    \"54\": 0,\n    \"55\": 0,\n    \"56\": 0,\n    \"57\": 0,\n    \"58\": 0,\n    \"60\": 0,\n    \"62\": 0,\n    \"63\": 0,\n    \"64\": 0,\n    \"65\": 0,\n    \"66\": 0,\n    \"67\": 0,\n    \"68\": 0,\n    \"69\": 0,\n    \"70\": 0,\n    \"71\": 0.00826,\n    \"72\": 0.26839,\n    \"9.5-9.6\": 0,\n    \"10.0-10.1\": 0,\n    \"10.5\": 0,\n    \"10.6\": 0,\n    \"11.1\": 0,\n    \"11.5\": 0,\n    \"11.6\": 0,\n    \"12.1\": 0\n  },\n  E: {\n    \"4\": 0,\n    \"5\": 0,\n    \"6\": 0,\n    \"7\": 0,\n    \"8\": 0,\n    \"9\": 0,\n    \"10\": 0,\n    \"11\": 0,\n    \"12\": 0.00826,\n    \"13\": 0.20645,\n    \"14\": 1.27173,\n    _: \"0\",\n    \"3.1\": 0,\n    \"3.2\": 0,\n    \"5.1\": 0.00413,\n    \"6.1\": 0.00413,\n    \"7.1\": 0,\n    \"9.1\": 0,\n    \"10.1\": 0.00413,\n    \"11.1\": 0.02477,\n    \"12.1\": 0.04542,\n    \"13.1\": 0.53264\n  },\n  G: {\n    \"8\": 0,\n    \"3.2\": 0,\n    \"4.0-4.1\": 0,\n    \"4.2-4.3\": 0,\n    \"5.0-5.1\": 0.03837,\n    \"6.0-6.1\": 0,\n    \"7.0-7.1\": 0.05564,\n    \"8.1-8.4\": 0.00576,\n    \"9.0-9.2\": 0.01727,\n    \"9.3\": 0.23792,\n    \"10.0-10.2\": 0.04221,\n    \"10.3\": 0.14007,\n    \"11.0-11.2\": 0.02686,\n    \"11.3-11.4\": 0.0307,\n    \"12.0-12.1\": 0.09402,\n    \"12.2-12.4\": 1.7211,\n    \"13.0-13.1\": 0.05756,\n    \"13.2\": 0.00576,\n    \"13.3\": 0.43363,\n    \"13.4-13.7\": 2.02234,\n    \"14.0-14.3\": 14.2101\n  },\n  B: {\n    \"12\": 0,\n    \"13\": 0.00826,\n    \"14\": 0.01652,\n    \"15\": 0.00413,\n    \"16\": 0.00413,\n    \"17\": 0.01239,\n    \"18\": 0.09084,\n    \"79\": 0,\n    \"80\": 0,\n    \"81\": 0,\n    \"83\": 0,\n    \"84\": 0.00413,\n    \"85\": 0,\n    \"86\": 0.04542,\n    \"87\": 1.42038\n  },\n  I: {\n    \"3\": 0,\n    \"4\": 0,\n    \"81\": 0,\n    \"2.1\": 0,\n    \"2.2\": 0,\n    \"2.3\": 0,\n    \"4.1\": 0.01647,\n    \"4.2-4.3\": 0.01373,\n    \"4.4\": 0,\n    \"4.4.3-4.4.4\": 0.61502\n  },\n  P: {\n    \"4\": 0.209,\n    \"5.0-5.4\": 0,\n    \"6.2-6.4\": 0.0209,\n    \"7.2-7.4\": 0.88823,\n    \"8.2\": 0,\n    \"9.2\": 0.1045,\n    \"10.1\": 0.0209,\n    \"11.1-11.2\": 0.209,\n    \"12.0\": 0.78374,\n    \"13.0\": 4.31577\n  },\n  K: {\n    _: \"0 10 11 12 11.1 11.5 12.1\"\n  },\n  A: {\n    \"6\": 0,\n    \"7\": 0,\n    \"8\": 0.00826,\n    \"9\": 0.00413,\n    \"10\": 0.00826,\n    \"11\": 0.19406,\n    \"5.5\": 0\n  },\n  N: {\n    \"10\": 0.0137,\n    \"11\": 0.0274\n  },\n  J: {\n    \"7\": 0,\n    \"10\": 0.04697\n  },\n  O: {\n    \"0\": 0.10568\n  },\n  H: {\n    \"0\": 0.08893\n  },\n  L: {\n    \"0\": 54.70408\n  },\n  S: {\n    \"2.5\": 0\n  },\n  R: {\n    _: \"0\"\n  },\n  M: {\n    \"0\": 0.39923\n  },\n  Q: {\n    \"10.4\": 0.00587\n  }\n};","map":{"version":3,"sources":["/Users/bruceseymour/ra-video/client/node_modules/caniuse-lite/data/regions/AG.js"],"names":["module","exports","C","D","F","E","_","G","B","I","P","K","A","N","J","O","H","L","S","R","M","Q"],