{"ast":null,"code":"module.exports = {\n  C: {\n    \"2\": 0,\n    \"3\": 0,\n    \"4\": 0,\n    \"5\": 0,\n    \"6\": 0,\n    \"7\": 0,\n    \"8\": 0,\n    \"9\": 0,\n    \"10\": 0,\n    \"11\": 0,\n    \"12\": 0,\n    \"13\": 0,\n    \"14\": 0,\n    \"15\": 0,\n    \"16\": 0,\n    \"17\": 0,\n    \"18\": 0,\n    \"19\": 0,\n    \"20\": 0,\n    \"21\": 0.00299,\n    \"22\": 0,\n    \"23\": 0,\n    \"24\": 0,\n    \"25\": 0.00299,\n    \"26\": 0,\n    \"27\": 0,\n    \"28\": 0,\n    \"29\": 0,\n    \"30\": 0.00299,\n    \"31\": 0,\n    \"32\": 0,\n    \"33\": 0,\n    \"34\": 0,\n    \"35\": 0,\n    \"36\": 0,\n    \"37\": 0,\n    \"38\": 0,\n    \"39\": 0,\n    \"40\": 0.00299,\n    \"41\": 0,\n    \"42\": 0,\n    \"43\": 0.00299,\n    \"44\": 0,\n    \"45\": 0,\n    \"46\": 0,\n    \"47\": 0.00598,\n    \"48\": 0.00299,\n    \"49\": 0,\n    \"50\": 0,\n    \"51\": 0.00299,\n    \"52\": 0.07176,\n    \"53\": 0,\n    \"54\": 0,\n    \"55\": 0,\n    \"56\": 0.00299,\n    \"57\": 0,\n    \"58\": 0,\n    \"59\": 0,\n    \"60\": 0.00299,\n    \"61\": 0,\n    \"62\": 0,\n    \"63\": 0,\n    \"64\": 0,\n    \"65\": 0.00299,\n    \"66\": 0.00299,\n    \"67\": 0.00299,\n    \"68\": 0.00897,\n    \"69\": 0,\n    \"70\": 0,\n    \"71\": 0,\n    \"72\": 0.00598,\n    \"73\": 0,\n    \"74\": 0.00299,\n    \"75\": 0,\n    \"76\": 0.00299,\n    \"77\": 0.00299,\n    \"78\": 0.02392,\n    \"79\": 0.00598,\n    \"80\": 0.00598,\n    \"81\": 0.00897,\n    \"82\": 0.02093,\n    \"83\": 0.39767,\n    \"84\": 0.31694,\n    \"85\": 0.00897,\n    \"86\": 0,\n    \"3.5\": 0,\n    \"3.6\": 0\n  },\n  D: {\n    \"4\": 0,\n    \"5\": 0,\n    \"6\": 0,\n    \"7\": 0,\n    \"8\": 0,\n    \"9\": 0,\n    \"10\": 0,\n    \"11\": 0,\n    \"12\": 0,\n    \"13\": 0,\n    \"14\": 0,\n    \"15\": 0,\n    \"16\": 0,\n    \"17\": 0,\n    \"18\": 0,\n    \"19\": 0,\n    \"20\": 0,\n    \"21\": 0,\n    \"22\": 0.00299,\n    \"23\": 0,\n    \"24\": 0.00299,\n    \"25\": 0,\n    \"26\": 0.01196,\n    \"27\": 0,\n    \"28\": 0,\n    \"29\": 0,\n    \"30\": 0.00299,\n    \"31\": 0.00299,\n    \"32\": 0,\n    \"33\": 0.01196,\n    \"34\": 0.00299,\n    \"35\": 0.00299,\n    \"36\": 0,\n    \"37\": 0,\n    \"38\": 0.00299,\n    \"39\": 0,\n    \"40\": 0.01794,\n    \"41\": 0,\n    \"42\": 0.00299,\n    \"43\": 0.14352,\n    \"44\": 0,\n    \"45\": 0,\n    \"46\": 0.00299,\n    \"47\": 0.00299,\n    \"48\": 0.00299,\n    \"49\": 0.05083,\n    \"50\": 0,\n    \"51\": 0.00299,\n    \"52\": 0,\n    \"53\": 0.01794,\n    \"54\": 0.00299,\n    \"55\": 0.00299,\n    \"56\": 0.00897,\n    \"57\": 0,\n    \"58\": 0.00598,\n    \"59\": 0,\n    \"60\": 0.00299,\n    \"61\": 0.01196,\n    \"62\": 0.00299,\n    \"63\": 0.01495,\n    \"64\": 0.00299,\n    \"65\": 0.00299,\n    \"66\": 0.00299,\n    \"67\": 0.00299,\n    \"68\": 0.00598,\n    \"69\": 0.00598,\n    \"70\": 0.00897,\n    \"71\": 0.01794,\n    \"72\": 0.00897,\n    \"73\": 0.00299,\n    \"74\": 0.00897,\n    \"75\": 0.00598,\n    \"76\": 0.00897,\n    \"77\": 0.00598,\n    \"78\": 0.00598,\n    \"79\": 0.03588,\n    \"80\": 0.04186,\n    \"81\": 0.07176,\n    \"83\": 0.02691,\n    \"84\": 0.09269,\n    \"85\": 0.07475,\n    \"86\": 0.79833,\n    \"87\": 4.97536,\n    \"88\": 0.00598,\n    \"89\": 0.00897,\n    \"90\": 0\n  },\n  F: {\n    \"9\": 0,\n    \"11\": 0,\n    \"12\": 0,\n    \"15\": 0,\n    \"16\": 0,\n    \"17\": 0,\n    \"18\": 0,\n    \"19\": 0,\n    \"20\": 0,\n    \"21\": 0,\n    \"22\": 0,\n    \"23\": 0,\n    \"24\": 0,\n    \"25\": 0,\n    \"26\": 0,\n    \"27\": 0,\n    \"28\": 0,\n    \"29\": 0,\n    \"30\": 0,\n    \"31\": 0,\n    \"32\": 0,\n    \"33\": 0,\n    \"34\": 0,\n    \"35\": 0,\n    \"36\": 0,\n    \"37\": 0.00299,\n    \"38\": 0,\n    \"39\": 0,\n    \"40\": 0,\n    \"41\": 0,\n    \"42\": 0,\n    \"43\": 0,\n    \"44\": 0,\n    \"45\": 0,\n    \"46\": 0,\n    \"47\": 0,\n    \"48\": 0,\n    \"49\": 0,\n    \"50\": 0,\n    \"51\": 0.00299,\n    \"52\": 0,\n    \"53\": 0,\n    \"54\": 0.01196,\n    \"55\": 0,\n    \"56\": 0.00299,\n    \"57\": 0,\n    \"58\": 0,\n    \"60\": 0,\n    \"62\": 0,\n    \"63\": 0,\n    \"64\": 0.00598,\n    \"65\": 0,\n    \"66\": 0.00299,\n    \"67\": 0.00299,\n    \"68\": 0.00598,\n    \"69\": 0.00299,\n    \"70\": 0.01794,\n    \"71\": 0.03887,\n    \"72\": 0.07774,\n    \"9.5-9.6\": 0,\n    \"10.0-10.1\": 0,\n    \"10.5\": 0,\n    \"10.6\": 0,\n    \"11.1\": 0,\n    \"11.5\": 0,\n    \"11.6\": 0,\n    \"12.1\": 0\n  },\n  E: {\n    \"4\": 0,\n    \"5\": 0,\n    \"6\": 0,\n    \"7\": 0,\n    \"8\": 0,\n    \"9\": 0,\n    \"10\": 0,\n    \"11\": 0,\n    \"12\": 0.00299,\n    \"13\": 0.00897,\n    \"14\": 0.11063,\n    _: \"0\",\n    \"3.1\": 0,\n    \"3.2\": 0,\n    \"5.1\": 0.2392,\n    \"6.1\": 0,\n    \"7.1\": 0,\n    \"9.1\": 0,\n    \"10.1\": 0.00299,\n    \"11.1\": 0.00299,\n    \"12.1\": 0.00897,\n    \"13.1\": 0.03887\n  },\n  G: {\n    \"8\": 0,\n    \"3.2\": 0.00205,\n    \"4.0-4.1\": 0,\n    \"4.2-4.3\": 0,\n    \"5.0-5.1\": 0.00546,\n    \"6.0-6.1\": 0.1994,\n    \"7.0-7.1\": 0.03005,\n    \"8.1-8.4\": 0.00478,\n    \"9.0-9.2\": 0.00615,\n    \"9.3\": 0.06829,\n    \"10.0-10.2\": 0.02732,\n    \"10.3\": 0.07785,\n    \"11.0-11.2\": 0.02663,\n    \"11.3-11.4\": 0.056,\n    \"12.0-12.1\": 0.05736,\n    \"12.2-12.4\": 0.8304,\n    \"13.0-13.1\": 0.03824,\n    \"13.2\": 0.01844,\n    \"13.3\": 0.1516,\n    \"13.4-13.7\": 0.62416,\n    \"14.0-14.3\": 4.5631\n  },\n  B: {\n    \"12\": 0.00299,\n    \"13\": 0.00299,\n    \"14\": 0.00299,\n    \"15\": 0.00299,\n    \"16\": 0.00299,\n    \"17\": 0.00598,\n    \"18\": 0.02392,\n    \"79\": 0,\n    \"80\": 0,\n    \"81\": 0,\n    \"83\": 0,\n    \"84\": 0.00299,\n    \"85\": 0.00299,\n    \"86\": 0.00897,\n    \"87\": 0.3289\n  },\n  I: {\n    \"3\": 0,\n    \"4\": 0.00139,\n    \"81\": 0,\n    \"2.1\": 0,\n    \"2.2\": 0,\n    \"2.3\": 0,\n    \"4.1\": 0.0097,\n    \"4.2-4.3\": 0.03741,\n    \"4.4\": 0,\n    \"4.4.3-4.4.4\": 0.44894\n  },\n  P: {\n    \"4\": 0.30808,\n    \"5.0-5.4\": 0,\n    \"6.2-6.4\": 0.01027,\n    \"7.2-7.4\": 0.10269,\n    \"8.2\": 0.01027,\n    \"9.2\": 0.12323,\n    \"10.1\": 0.06162,\n    \"11.1-11.2\": 0.28754,\n    \"12.0\": 0.48266,\n    \"13.0\": 1.83823\n  },\n  K: {\n    _: \"0 10 11 12 11.1 11.5 12.1\"\n  },\n  A: {\n    \"6\": 0,\n    \"7\": 0,\n    \"8\": 0.01554,\n    \"9\": 0.00621,\n    \"10\": 0.00311,\n    \"11\": 0.13361,\n    \"5.5\": 0\n  },\n  N: {\n    \"10\": 0,\n    \"11\": 0\n  },\n  J: {\n    \"7\": 0,\n    \"10\": 0\n  },\n  O: {\n    \"0\": 0.51173\n  },\n  H: {\n    \"0\": 0.79639\n  },\n  L: {\n    \"0\": 77.74733\n  },\n  S: {\n    \"2.5\": 0\n  },\n  R: {\n    _: \"0\"\n  },\n  M: {\n    \"0\": 0.15422\n  },\n  Q: {\n    \"10.4\": 0.00701\n  }\n};","map":{"version":3,"sources":["/Users/bruceseymour/ra-video/client/node_modules/caniuse-lite/data/regions/EG.js"],"names":["module","exports","C","D","F","E","_","G","B","I","P","K","A","N","J","O","H","L","S","R","M","Q"],