{"ast":null,"code":"module.exports = {\n  C: {\n    \"2\": 0.00415,\n    \"4\": 0.0166,\n    \"11\": 0.00415,\n    \"15\": 0.00415,\n    \"18\": 0.00415,\n    \"23\": 0.00415,\n    \"25\": 0.0083,\n    \"30\": 0.00415,\n    \"43\": 0.04565,\n    \"44\": 0.0083,\n    \"45\": 0.00415,\n    \"47\": 0.0083,\n    \"48\": 0.01245,\n    \"51\": 0.0083,\n    \"52\": 0.08715,\n    \"56\": 0.02075,\n    \"58\": 0.00415,\n    \"59\": 0.00415,\n    \"60\": 0.01245,\n    \"63\": 0.01245,\n    \"64\": 0.00415,\n    \"65\": 0.0083,\n    \"66\": 0.0083,\n    \"67\": 0.00415,\n    \"68\": 0.02075,\n    \"69\": 0.00415,\n    \"70\": 0.00415,\n    \"72\": 0.0166,\n    \"73\": 0.00415,\n    \"74\": 0.0083,\n    \"75\": 0.00415,\n    \"76\": 0.0083,\n    \"77\": 0.01245,\n    \"78\": 0.17845,\n    \"79\": 0.0166,\n    \"80\": 0.02905,\n    \"81\": 0.03735,\n    \"82\": 0.08715,\n    \"83\": 1.58945,\n    \"84\": 1.0541,\n    \"85\": 0.02075,\n    _: \"3 5 6 7 8 9 10 12 13 14 16 17 19 20 21 22 24 26 27 28 29 31 32 33 34 35 36 37 38 39 40 41 42 46 49 50 53 54 55 57 61 62 71 86 3.5 3.6\"\n  },\n  D: {\n    \"13\": 0.0083,\n    \"19\": 0.00415,\n    \"22\": 0.0083,\n    \"24\": 0.01245,\n    \"26\": 0.00415,\n    \"30\": 0.00415,\n    \"31\": 0.01245,\n    \"33\": 0.0083,\n    \"34\": 0.0083,\n    \"35\": 0.01245,\n    \"38\": 0.0249,\n    \"40\": 0.0166,\n    \"43\": 0.01245,\n    \"47\": 0.0083,\n    \"48\": 0.02075,\n    \"49\": 0.21995,\n    \"50\": 0.00415,\n    \"51\": 0.00415,\n    \"52\": 0.00415,\n    \"53\": 0.0415,\n    \"54\": 0.0166,\n    \"55\": 0.0166,\n    \"56\": 0.0581,\n    \"57\": 0.01245,\n    \"58\": 0.01245,\n    \"59\": 0.0083,\n    \"60\": 0.0083,\n    \"61\": 0.0332,\n    \"62\": 0.01245,\n    \"63\": 0.02905,\n    \"64\": 0.01245,\n    \"65\": 0.02905,\n    \"66\": 0.02075,\n    \"67\": 0.02905,\n    \"68\": 0.02905,\n    \"69\": 0.06225,\n    \"70\": 0.05395,\n    \"71\": 0.0664,\n    \"72\": 0.05395,\n    \"73\": 0.0332,\n    \"74\": 0.1328,\n    \"75\": 0.083,\n    \"76\": 0.0664,\n    \"77\": 0.09545,\n    \"78\": 0.0664,\n    \"79\": 0.1245,\n    \"80\": 0.1494,\n    \"81\": 0.11205,\n    \"83\": 0.17845,\n    \"84\": 0.24485,\n    \"85\": 0.4482,\n    \"86\": 4.26205,\n    \"87\": 19.32655,\n    \"88\": 0.0332,\n    \"89\": 0.0249,\n    _: \"4 5 6 7 8 9 10 11 12 14 15 16 17 18 20 21 23 25 27 28 29 32 36 37 39 41 42 44 45 46 90\"\n  },\n  F: {\n    \"36\": 0.0083,\n    \"43\": 0.00415,\n    \"68\": 0.0083,\n    \"70\": 0.00415,\n    \"71\": 0.16185,\n    \"72\": 0.5644,\n    _: \"9 11 12 15 16 17 18 19 20 21 22 23 24 25 26 27 28 29 30 31 32 33 34 35 37 38 39 40 41 42 44 45 46 47 48 49 50 51 52 53 54 55 56 57 58 60 62 63 64 65 66 67 69 9.5-9.6 10.5 10.6 11.1 11.5 11.6 12.1\",\n    \"10.0-10.1\": 0.00415\n  },\n  E: {\n    \"4\": 0,\n    \"5\": 0.00415,\n    \"8\": 0.0083,\n    \"11\": 0.0166,\n    \"12\": 0.0249,\n    \"13\": 0.1494,\n    \"14\": 2.63525,\n    _: \"0 6 7 9 10 3.1 3.2 6.1 7.1\",\n    \"5.1\": 0.1577,\n    \"9.1\": 0.02905,\n    \"10.1\": 0.0332,\n    \"11.1\": 0.083,\n    \"12.1\": 0.1328,\n    \"13.1\": 0.99185\n  },\n  G: {\n    \"8\": 0.00144,\n    \"3.2\": 0,\n    \"4.0-4.1\": 0,\n    \"4.2-4.3\": 0.00288,\n    \"5.0-5.1\": 0.0072,\n    \"6.0-6.1\": 0.08779,\n    \"7.0-7.1\": 0.03166,\n    \"8.1-8.4\": 0.02159,\n    \"9.0-9.2\": 0.02591,\n    \"9.3\": 0.1727,\n    \"10.0-10.2\": 0.0403,\n    \"10.3\": 0.17702,\n    \"11.0-11.2\": 0.09211,\n    \"11.3-11.4\": 0.11226,\n    \"12.0-12.1\": 0.12665,\n    \"12.2-12.4\": 1.06788,\n    \"13.0-13.1\": 0.09787,\n    \"13.2\": 0.05181,\n    \"13.3\": 0.31806,\n    \"13.4-13.7\": 1.63349,\n    \"14.0-14.3\": 10.29314\n  },\n  B: {\n    \"12\": 0.0083,\n    \"13\": 0.00415,\n    \"14\": 0.0083,\n    \"15\": 0.0083,\n    \"16\": 0.01245,\n    \"17\": 0.03735,\n    \"18\": 0.17845,\n    \"80\": 0.0083,\n    \"83\": 0.00415,\n    \"84\": 0.01245,\n    \"85\": 0.0166,\n    \"86\": 0.07885,\n    \"87\": 2.9465,\n    _: \"79 81\"\n  },\n  I: {\n    \"3\": 0,\n    \"4\": 0.0046,\n    \"81\": 0,\n    \"2.1\": 0,\n    \"2.2\": 0,\n    \"2.3\": 0,\n    \"4.1\": 0.0069,\n    \"4.2-4.3\": 0.02302,\n    \"4.4\": 0,\n    \"4.4.3-4.4.4\": 0.10588\n  },\n  P: {\n    \"4\": 0.28035,\n    \"5.0-5.4\": 0.01038,\n    \"6.2-6.4\": 0.01038,\n    \"7.2-7.4\": 0.0623,\n    \"8.2\": 0.01038,\n    \"9.2\": 0.10383,\n    \"10.1\": 0.0623,\n    \"11.1-11.2\": 0.17652,\n    \"12.0\": 0.41533,\n    \"13.0\": 2.52315\n  },\n  K: {\n    _: \"0 10 11 12 11.1 11.5 12.1\"\n  },\n  A: {\n    \"6\": 0.01096,\n    \"8\": 0.04931,\n    \"9\": 0.20819,\n    \"10\": 0.02191,\n    \"11\": 1.09573,\n    _: \"7 5.5\"\n  },\n  N: {\n    \"10\": 0.01232,\n    \"11\": 0.01232\n  },\n  J: {\n    \"7\": 0,\n    \"10\": 0\n  },\n  O: {\n    \"0\": 1.46835\n  },\n  H: {\n    \"0\": 1.15753\n  },\n  L: {\n    \"0\": 37.51835\n  },\n  S: {\n    \"2.5\": 0.07605\n  },\n  R: {\n    _: \"0\"\n  },\n  M: {\n    \"0\": 0.29835\n  },\n  Q: {\n    \"10.4\": 0.19305\n  }\n};","map":{"version":3,"sources":["/Users/bruceseymour/ra-video/client/node_modules/caniuse-lite/data/regions/alt-ww.js"],"names":["module","exports","C","_","D","F","E","G","B","I","P","K","A","N","J","O","H","L","S","R","M","Q"],