{"ast":null,"code":"module.exports = {\n  C: {\n    \"2\": 0,\n    \"3\": 0,\n    \"4\": 0,\n    \"5\": 0,\n    \"6\": 0,\n    \"7\": 0,\n    \"8\": 0,\n    \"9\": 0,\n    \"10\": 0,\n    \"11\": 0.00593,\n    \"12\": 0,\n    \"13\": 0,\n    \"14\": 0,\n    \"15\": 0,\n    \"16\": 0,\n    \"17\": 0,\n    \"18\": 0,\n    \"19\": 0,\n    \"20\": 0,\n    \"21\": 0,\n    \"22\": 0,\n    \"23\": 0,\n    \"24\": 0,\n    \"25\": 0,\n    \"26\": 0,\n    \"27\": 0,\n    \"28\": 0,\n    \"29\": 0,\n    \"30\": 0.0178,\n    \"31\": 0,\n    \"32\": 0,\n    \"33\": 0,\n    \"34\": 0,\n    \"35\": 0,\n    \"36\": 0,\n    \"37\": 0,\n    \"38\": 0.00593,\n    \"39\": 0,\n    \"40\": 0,\n    \"41\": 0,\n    \"42\": 0,\n    \"43\": 0.01186,\n    \"44\": 0.03559,\n    \"45\": 0.01186,\n    \"46\": 0,\n    \"47\": 0.00593,\n    \"48\": 0.01186,\n    \"49\": 0,\n    \"50\": 0,\n    \"51\": 0,\n    \"52\": 0.04746,\n    \"53\": 0.00593,\n    \"54\": 0,\n    \"55\": 0,\n    \"56\": 0.0178,\n    \"57\": 0,\n    \"58\": 0,\n    \"59\": 0,\n    \"60\": 0.00593,\n    \"61\": 0,\n    \"62\": 0,\n    \"63\": 0.15423,\n    \"64\": 0.00593,\n    \"65\": 0.00593,\n    \"66\": 0.00593,\n    \"67\": 0.00593,\n    \"68\": 0.02966,\n    \"69\": 0.00593,\n    \"70\": 0.00593,\n    \"71\": 0,\n    \"72\": 0.00593,\n    \"73\": 0,\n    \"74\": 0,\n    \"75\": 0.00593,\n    \"76\": 0.00593,\n    \"77\": 0.01186,\n    \"78\": 0.08898,\n    \"79\": 0.00593,\n    \"80\": 0.02966,\n    \"81\": 0.03559,\n    \"82\": 0.08305,\n    \"83\": 1.3169,\n    \"84\": 0.83641,\n    \"85\": 0.00593,\n    \"86\": 0,\n    \"3.5\": 0,\n    \"3.6\": 0\n  },\n  D: {\n    \"4\": 0,\n    \"5\": 0,\n    \"6\": 0,\n    \"7\": 0,\n    \"8\": 0,\n    \"9\": 0,\n    \"10\": 0,\n    \"11\": 0,\n    \"12\": 0,\n    \"13\": 0,\n    \"14\": 0,\n    \"15\": 0,\n    \"16\": 0,\n    \"17\": 0,\n    \"18\": 0,\n    \"19\": 0,\n    \"20\": 0,\n    \"21\": 0,\n    \"22\": 0,\n    \"23\": 0,\n    \"24\": 0,\n    \"25\": 0,\n    \"26\": 0,\n    \"27\": 0,\n    \"28\": 0,\n    \"29\": 0.01186,\n    \"30\": 0,\n    \"31\": 0,\n    \"32\": 0,\n    \"33\": 0,\n    \"34\": 0,\n    \"35\": 0,\n    \"36\": 0,\n    \"37\": 0,\n    \"38\": 0.00593,\n    \"39\": 0,\n    \"40\": 0.00593,\n    \"41\": 0,\n    \"42\": 0,\n    \"43\": 0,\n    \"44\": 0,\n    \"45\": 0,\n    \"46\": 0,\n    \"47\": 0.01186,\n    \"48\": 0.09491,\n    \"49\": 0.24321,\n    \"50\": 0,\n    \"51\": 0,\n    \"52\": 0.00593,\n    \"53\": 0.01186,\n    \"54\": 0,\n    \"55\": 0.00593,\n    \"56\": 0.10084,\n    \"57\": 0.00593,\n    \"58\": 0.00593,\n    \"59\": 0.00593,\n    \"60\": 0.00593,\n    \"61\": 0.02966,\n    \"62\": 0,\n    \"63\": 0.01186,\n    \"64\": 0.00593,\n    \"65\": 0.02373,\n    \"66\": 0.01186,\n    \"67\": 0.02966,\n    \"68\": 0.20762,\n    \"69\": 0.03559,\n    \"70\": 0.18389,\n    \"71\": 0.03559,\n    \"72\": 0.04152,\n    \"73\": 0.02373,\n    \"74\": 0.02966,\n    \"75\": 0.02373,\n    \"76\": 0.04746,\n    \"77\": 0.0178,\n    \"78\": 0.02966,\n    \"79\": 0.05932,\n    \"80\": 0.09491,\n    \"81\": 0.15423,\n    \"83\": 0.12457,\n    \"84\": 0.23728,\n    \"85\": 0.39744,\n    \"86\": 3.45242,\n    \"87\": 13.97579,\n    \"88\": 0.02373,\n    \"89\": 0.01186,\n    \"90\": 0\n  },\n  F: {\n    \"9\": 0,\n    \"11\": 0,\n    \"12\": 0,\n    \"15\": 0,\n    \"16\": 0,\n    \"17\": 0,\n    \"18\": 0,\n    \"19\": 0,\n    \"20\": 0,\n    \"21\": 0,\n    \"22\": 0,\n    \"23\": 0,\n    \"24\": 0,\n    \"25\": 0,\n    \"26\": 0,\n    \"27\": 0,\n    \"28\": 0,\n    \"29\": 0,\n    \"30\": 0,\n    \"31\": 0,\n    \"32\": 0,\n    \"33\": 0,\n    \"34\": 0,\n    \"35\": 0,\n    \"36\": 0.00593,\n    \"37\": 0,\n    \"38\": 0,\n    \"39\": 0,\n    \"40\": 0,\n    \"41\": 0,\n    \"42\": 0.00593,\n    \"43\": 0.00593,\n    \"44\": 0,\n    \"45\": 0,\n    \"46\": 0,\n    \"47\": 0,\n    \"48\": 0,\n    \"49\": 0,\n    \"50\": 0,\n    \"51\": 0,\n    \"52\": 0.00593,\n    \"53\": 0,\n    \"54\": 0,\n    \"55\": 0,\n    \"56\": 0.00593,\n    \"57\": 0,\n    \"58\": 0,\n    \"60\": 0,\n    \"62\": 0,\n    \"63\": 0,\n    \"64\": 0,\n    \"65\": 0,\n    \"66\": 0,\n    \"67\": 0,\n    \"68\": 0,\n    \"69\": 0,\n    \"70\": 0,\n    \"71\": 0.02373,\n    \"72\": 0.18389,\n    \"9.5-9.6\": 0,\n    \"10.0-10.1\": 0,\n    \"10.5\": 0,\n    \"10.6\": 0,\n    \"11.1\": 0,\n    \"11.5\": 0,\n    \"11.6\": 0,\n    \"12.1\": 0\n  },\n  E: {\n    \"4\": 0,\n    \"5\": 0,\n    \"6\": 0,\n    \"7\": 0,\n    \"8\": 0.00593,\n    \"9\": 0.01186,\n    \"10\": 0.00593,\n    \"11\": 0.01186,\n    \"12\": 0.02373,\n    \"13\": 0.16016,\n    \"14\": 3.48802,\n    _: \"0\",\n    \"3.1\": 0,\n    \"3.2\": 0,\n    \"5.1\": 0,\n    \"6.1\": 0.00593,\n    \"7.1\": 0,\n    \"9.1\": 0.02373,\n    \"10.1\": 0.05339,\n    \"11.1\": 0.1305,\n    \"12.1\": 0.18389,\n    \"13.1\": 0.99658\n  },\n  G: {\n    \"8\": 0.00673,\n    \"3.2\": 0,\n    \"4.0-4.1\": 0,\n    \"4.2-4.3\": 0,\n    \"5.0-5.1\": 0.01009,\n    \"6.0-6.1\": 0.03364,\n    \"7.0-7.1\": 0.06392,\n    \"8.1-8.4\": 0.09083,\n    \"9.0-9.2\": 0.04373,\n    \"9.3\": 0.71993,\n    \"10.0-10.2\": 0.08074,\n    \"10.3\": 0.66947,\n    \"11.0-11.2\": 0.24895,\n    \"11.3-11.4\": 0.26913,\n    \"12.0-12.1\": 0.2725,\n    \"12.2-12.4\": 2.88982,\n    \"13.0-13.1\": 0.14129,\n    \"13.2\": 0.08074,\n    \"13.3\": 0.58536,\n    \"13.4-13.7\": 3.61984,\n    \"14.0-14.3\": 23.74089\n  },\n  B: {\n    \"12\": 0.00593,\n    \"13\": 0.00593,\n    \"14\": 0.01186,\n    \"15\": 0.00593,\n    \"16\": 0.00593,\n    \"17\": 0.17796,\n    \"18\": 0.17203,\n    \"79\": 0,\n    \"80\": 0.00593,\n    \"81\": 0.00593,\n    \"83\": 0.00593,\n    \"84\": 0.00593,\n    \"85\": 0.0178,\n    \"86\": 0.08305,\n    \"87\": 3.17362\n  },\n  I: {\n    \"3\": 0,\n    \"4\": 0.0065,\n    \"81\": 0,\n    \"2.1\": 0,\n    \"2.2\": 0,\n    \"2.3\": 0,\n    \"4.1\": 0.01301,\n    \"4.2-4.3\": 0.15932,\n    \"4.4\": 0,\n    \"4.4.3-4.4.4\": 0.31863\n  },\n  P: {\n    \"4\": 0.10646,\n    \"5.0-5.4\": 0,\n    \"6.2-6.4\": 0,\n    \"7.2-7.4\": 0.01065,\n    \"8.2\": 0,\n    \"9.2\": 0.03194,\n    \"10.1\": 0.02129,\n    \"11.1-11.2\": 0.08516,\n    \"12.0\": 0.19162,\n    \"13.0\": 3.33206\n  },\n  K: {\n    _: \"0 10 11 12 11.1 11.5 12.1\"\n  },\n  A: {\n    \"6\": 0.01401,\n    \"7\": 0,\n    \"8\": 0.01401,\n    \"9\": 0.02803,\n    \"10\": 0.00701,\n    \"11\": 0.90386,\n    \"5.5\": 0\n  },\n  N: {\n    \"10\": 0,\n    \"11\": 0\n  },\n  J: {\n    \"7\": 0,\n    \"10\": 0.01627\n  },\n  O: {\n    \"0\": 0.15052\n  },\n  H: {\n    \"0\": 0.12324\n  },\n  L: {\n    \"0\": 25.59948\n  },\n  S: {\n    \"2.5\": 0\n  },\n  R: {\n    _: \"0\"\n  },\n  M: {\n    \"0\": 0.36205\n  },\n  Q: {\n    \"10.4\": 0.03661\n  }\n};","map":{"version":3,"sources":["/Users/bruceseymour/ra-video/client/node_modules/caniuse-lite/data/regions/CA.js"],"names":["module","exports","C","D","F","E","_","G","B","I","P","K","A","N","J","O","H","L","S","R","M","Q"],