{"ast":null,"code":"module.exports = {\n  C: {\n    \"2\": 0,\n    \"3\": 0,\n    \"4\": 0,\n    \"5\": 0,\n    \"6\": 0,\n    \"7\": 0,\n    \"8\": 0,\n    \"9\": 0,\n    \"10\": 0,\n    \"11\": 0,\n    \"12\": 0,\n    \"13\": 0,\n    \"14\": 0,\n    \"15\": 0,\n    \"16\": 0,\n    \"17\": 0,\n    \"18\": 0,\n    \"19\": 0,\n    \"20\": 0,\n    \"21\": 0,\n    \"22\": 0,\n    \"23\": 0,\n    \"24\": 0,\n    \"25\": 0,\n    \"26\": 0,\n    \"27\": 0,\n    \"28\": 0,\n    \"29\": 0,\n    \"30\": 0.00276,\n    \"31\": 0,\n    \"32\": 0,\n    \"33\": 0,\n    \"34\": 0.00552,\n    \"35\": 0,\n    \"36\": 0,\n    \"37\": 0,\n    \"38\": 0,\n    \"39\": 0,\n    \"40\": 0,\n    \"41\": 0,\n    \"42\": 0,\n    \"43\": 0,\n    \"44\": 0,\n    \"45\": 0,\n    \"46\": 0,\n    \"47\": 0,\n    \"48\": 0,\n    \"49\": 0,\n    \"50\": 0,\n    \"51\": 0,\n    \"52\": 0.00552,\n    \"53\": 0,\n    \"54\": 0,\n    \"55\": 0,\n    \"56\": 0,\n    \"57\": 0,\n    \"58\": 0,\n    \"59\": 0,\n    \"60\": 0,\n    \"61\": 0,\n    \"62\": 0,\n    \"63\": 0,\n    \"64\": 0,\n    \"65\": 0,\n    \"66\": 0,\n    \"67\": 0.04972,\n    \"68\": 0.00829,\n    \"69\": 0,\n    \"70\": 0,\n    \"71\": 0,\n    \"72\": 0.00276,\n    \"73\": 0,\n    \"74\": 0,\n    \"75\": 0,\n    \"76\": 0,\n    \"77\": 0,\n    \"78\": 0.03314,\n    \"79\": 0.00276,\n    \"80\": 0.00276,\n    \"81\": 0.00552,\n    \"82\": 0.01105,\n    \"83\": 0.1961,\n    \"84\": 0.09667,\n    \"85\": 0.00276,\n    \"86\": 0,\n    \"3.5\": 0,\n    \"3.6\": 0\n  },\n  D: {\n    \"4\": 0,\n    \"5\": 0,\n    \"6\": 0,\n    \"7\": 0,\n    \"8\": 0,\n    \"9\": 0,\n    \"10\": 0,\n    \"11\": 0,\n    \"12\": 0,\n    \"13\": 0,\n    \"14\": 0,\n    \"15\": 0,\n    \"16\": 0,\n    \"17\": 0,\n    \"18\": 0,\n    \"19\": 0,\n    \"20\": 0,\n    \"21\": 0,\n    \"22\": 0,\n    \"23\": 0,\n    \"24\": 0,\n    \"25\": 0,\n    \"26\": 0,\n    \"27\": 0,\n    \"28\": 0,\n    \"29\": 0,\n    \"30\": 0,\n    \"31\": 0,\n    \"32\": 0,\n    \"33\": 0,\n    \"34\": 0.00276,\n    \"35\": 0,\n    \"36\": 0,\n    \"37\": 0,\n    \"38\": 0.01105,\n    \"39\": 0,\n    \"40\": 0,\n    \"41\": 0,\n    \"42\": 0,\n    \"43\": 0.00276,\n    \"44\": 0,\n    \"45\": 0,\n    \"46\": 0,\n    \"47\": 0.00276,\n    \"48\": 0,\n    \"49\": 0.01657,\n    \"50\": 0,\n    \"51\": 0,\n    \"52\": 0,\n    \"53\": 0,\n    \"54\": 0,\n    \"55\": 0,\n    \"56\": 0.00276,\n    \"57\": 0,\n    \"58\": 0,\n    \"59\": 0,\n    \"60\": 0,\n    \"61\": 0,\n    \"62\": 0,\n    \"63\": 0.00276,\n    \"64\": 0.00276,\n    \"65\": 0.00276,\n    \"66\": 0,\n    \"67\": 0.00276,\n    \"68\": 0.00276,\n    \"69\": 0.01381,\n    \"70\": 0.00552,\n    \"71\": 0.00552,\n    \"72\": 0.00552,\n    \"73\": 0.00552,\n    \"74\": 0.00276,\n    \"75\": 0.00552,\n    \"76\": 0.00276,\n    \"77\": 0.00276,\n    \"78\": 0.00552,\n    \"79\": 0.00552,\n    \"80\": 0.01105,\n    \"81\": 0.01381,\n    \"83\": 0.03038,\n    \"84\": 0.02762,\n    \"85\": 0.04695,\n    \"86\": 0.73745,\n    \"87\": 3.93033,\n    \"88\": 0.00276,\n    \"89\": 0.00276,\n    \"90\": 0\n  },\n  F: {\n    \"9\": 0,\n    \"11\": 0,\n    \"12\": 0,\n    \"15\": 0,\n    \"16\": 0,\n    \"17\": 0,\n    \"18\": 0,\n    \"19\": 0,\n    \"20\": 0,\n    \"21\": 0,\n    \"22\": 0,\n    \"23\": 0,\n    \"24\": 0,\n    \"25\": 0,\n    \"26\": 0,\n    \"27\": 0,\n    \"28\": 0,\n    \"29\": 0,\n    \"30\": 0,\n    \"31\": 0,\n    \"32\": 0,\n    \"33\": 0,\n    \"34\": 0,\n    \"35\": 0,\n    \"36\": 0.00276,\n    \"37\": 0,\n    \"38\": 0,\n    \"39\": 0,\n    \"40\": 0,\n    \"41\": 0,\n    \"42\": 0,\n    \"43\": 0,\n    \"44\": 0,\n    \"45\": 0,\n    \"46\": 0.00276,\n    \"47\": 0,\n    \"48\": 0,\n    \"49\": 0,\n    \"50\": 0,\n    \"51\": 0,\n    \"52\": 0,\n    \"53\": 0.00276,\n    \"54\": 0,\n    \"55\": 0,\n    \"56\": 0,\n    \"57\": 0,\n    \"58\": 0,\n    \"60\": 0,\n    \"62\": 0,\n    \"63\": 0,\n    \"64\": 0,\n    \"65\": 0,\n    \"66\": 0,\n    \"67\": 0,\n    \"68\": 0,\n    \"69\": 0,\n    \"70\": 0,\n    \"71\": 0.0221,\n    \"72\": 0.07734,\n    \"9.5-9.6\": 0,\n    \"10.0-10.1\": 0,\n    \"10.5\": 0,\n    \"10.6\": 0,\n    \"11.1\": 0,\n    \"11.5\": 0,\n    \"11.6\": 0,\n    \"12.1\": 0\n  },\n  E: {\n    \"4\": 0,\n    \"5\": 0,\n    \"6\": 0,\n    \"7\": 0,\n    \"8\": 0,\n    \"9\": 0,\n    \"10\": 0,\n    \"11\": 0.00276,\n    \"12\": 0.00552,\n    \"13\": 0.04419,\n    \"14\": 0.70983,\n    _: \"0\",\n    \"3.1\": 0,\n    \"3.2\": 0,\n    \"5.1\": 0.01105,\n    \"6.1\": 0,\n    \"7.1\": 0,\n    \"9.1\": 0,\n    \"10.1\": 0.00552,\n    \"11.1\": 0.01657,\n    \"12.1\": 0.0221,\n    \"13.1\": 0.22096\n  },\n  G: {\n    \"8\": 0,\n    \"3.2\": 0,\n    \"4.0-4.1\": 0,\n    \"4.2-4.3\": 0,\n    \"5.0-5.1\": 0.0076,\n    \"6.0-6.1\": 0.0076,\n    \"7.0-7.1\": 0.04182,\n    \"8.1-8.4\": 0.01521,\n    \"9.0-9.2\": 0.0076,\n    \"9.3\": 0.22812,\n    \"10.0-10.2\": 0.08364,\n    \"10.3\": 0.15208,\n    \"11.0-11.2\": 0.18629,\n    \"11.3-11.4\": 0.26233,\n    \"12.0-12.1\": 0.49045,\n    \"12.2-12.4\": 2.5625,\n    \"13.0-13.1\": 0.50185,\n    \"13.2\": 0.32316,\n    \"13.3\": 1.68425,\n    \"13.4-13.7\": 5.39494,\n    \"14.0-14.3\": 25.99379\n  },\n  B: {\n    \"12\": 0,\n    \"13\": 0,\n    \"14\": 0.00276,\n    \"15\": 0.00276,\n    \"16\": 0.00276,\n    \"17\": 0.00829,\n    \"18\": 0.04972,\n    \"79\": 0,\n    \"80\": 0,\n    \"81\": 0,\n    \"83\": 0.00552,\n    \"84\": 0.00276,\n    \"85\": 0.00276,\n    \"86\": 0.01381,\n    \"87\": 0.5745\n  },\n  I: {\n    \"3\": 0,\n    \"4\": 0.00372,\n    \"81\": 0,\n    \"2.1\": 0,\n    \"2.2\": 0,\n    \"2.3\": 0,\n    \"4.1\": 0.00186,\n    \"4.2-4.3\": 0.01023,\n    \"4.4\": 0,\n    \"4.4.3-4.4.4\": 0.06972\n  },\n  P: {\n    \"4\": 0.29719,\n    \"5.0-5.4\": 0.01025,\n    \"6.2-6.4\": 0.03074,\n    \"7.2-7.4\": 0.10248,\n    \"8.2\": 0.05124,\n    \"9.2\": 0.17421,\n    \"10.1\": 0.11273,\n    \"11.1-11.2\": 0.32793,\n    \"12.0\": 0.78909,\n    \"13.0\": 3.27932\n  },\n  K: {\n    _: \"0 10 11 12 11.1 11.5 12.1\"\n  },\n  A: {\n    \"6\": 0,\n    \"7\": 0,\n    \"8\": 0,\n    \"9\": 0,\n    \"10\": 0.00304,\n    \"11\": 0.1461,\n    \"5.5\": 0\n  },\n  N: {\n    \"10\": 0,\n    \"11\": 0\n  },\n  J: {\n    \"7\": 0,\n    \"10\": 0\n  },\n  O: {\n    \"0\": 2.18588\n  },\n  H: {\n    \"0\": 0.97305\n  },\n  L: {\n    \"0\": 43.45577\n  },\n  S: {\n    \"2.5\": 0\n  },\n  R: {\n    _: \"0\"\n  },\n  M: {\n    \"0\": 0.10133\n  },\n  Q: {\n    \"10.4\": 0.04343\n  }\n};","map":{"version":3,"sources":["/Users/bruceseymour/ra-video/client/node_modules/caniuse-lite/data/regions/KW.js"],"names":["module","exports","C","D","F","E","_","G","B","I","P","K","A","N","J","O","H","L","S","R","M","Q"],