{"ast":null,"code":"module.exports = {\n  C: {\n    \"2\": 0,\n    \"3\": 0.00423,\n    \"4\": 0.00423,\n    \"5\": 0.00845,\n    \"6\": 0,\n    \"7\": 0,\n    \"8\": 0,\n    \"9\": 0.00423,\n    \"10\": 0.00423,\n    \"11\": 0,\n    \"12\": 0,\n    \"13\": 0,\n    \"14\": 0,\n    \"15\": 0,\n    \"16\": 0,\n    \"17\": 0.00423,\n    \"18\": 0,\n    \"19\": 0,\n    \"20\": 0,\n    \"21\": 0,\n    \"22\": 0,\n    \"23\": 0,\n    \"24\": 0,\n    \"25\": 0,\n    \"26\": 0,\n    \"27\": 0,\n    \"28\": 0,\n    \"29\": 0,\n    \"30\": 0,\n    \"31\": 0,\n    \"32\": 0,\n    \"33\": 0,\n    \"34\": 0,\n    \"35\": 0,\n    \"36\": 0,\n    \"37\": 0,\n    \"38\": 0.00423,\n    \"39\": 0.00423,\n    \"40\": 0,\n    \"41\": 0,\n    \"42\": 0,\n    \"43\": 0,\n    \"44\": 0,\n    \"45\": 0.00423,\n    \"46\": 0.00423,\n    \"47\": 0.01268,\n    \"48\": 0,\n    \"49\": 0.00845,\n    \"50\": 0.00423,\n    \"51\": 0,\n    \"52\": 0.03804,\n    \"53\": 0.00845,\n    \"54\": 0,\n    \"55\": 0,\n    \"56\": 0.00423,\n    \"57\": 0,\n    \"58\": 0,\n    \"59\": 0.01691,\n    \"60\": 0.04227,\n    \"61\": 0.03382,\n    \"62\": 0.00423,\n    \"63\": 0.00423,\n    \"64\": 0,\n    \"65\": 0,\n    \"66\": 0,\n    \"67\": 0.00423,\n    \"68\": 0.08031,\n    \"69\": 0.00845,\n    \"70\": 0.00423,\n    \"71\": 0,\n    \"72\": 0.00845,\n    \"73\": 0,\n    \"74\": 0,\n    \"75\": 0,\n    \"76\": 0.00845,\n    \"77\": 0,\n    \"78\": 2.11773,\n    \"79\": 0,\n    \"80\": 0.00423,\n    \"81\": 0.02114,\n    \"82\": 0.08031,\n    \"83\": 0.83695,\n    \"84\": 0.65519,\n    \"85\": 0.01691,\n    \"86\": 0,\n    \"3.5\": 0.00423,\n    \"3.6\": 0.00423\n  },\n  D: {\n    \"4\": 0,\n    \"5\": 0,\n    \"6\": 0,\n    \"7\": 0,\n    \"8\": 0,\n    \"9\": 0,\n    \"10\": 0,\n    \"11\": 0.00845,\n    \"12\": 0,\n    \"13\": 0.02114,\n    \"14\": 0,\n    \"15\": 0,\n    \"16\": 0,\n    \"17\": 0.01691,\n    \"18\": 0,\n    \"19\": 0,\n    \"20\": 0,\n    \"21\": 0,\n    \"22\": 0.00423,\n    \"23\": 0,\n    \"24\": 0,\n    \"25\": 0,\n    \"26\": 0,\n    \"27\": 0,\n    \"28\": 0,\n    \"29\": 0,\n    \"30\": 0,\n    \"31\": 0,\n    \"32\": 0.00423,\n    \"33\": 0,\n    \"34\": 0.00423,\n    \"35\": 0,\n    \"36\": 0,\n    \"37\": 0,\n    \"38\": 0,\n    \"39\": 0,\n    \"40\": 0.06341,\n    \"41\": 0,\n    \"42\": 0,\n    \"43\": 0.00423,\n    \"44\": 0,\n    \"45\": 0,\n    \"46\": 0,\n    \"47\": 0,\n    \"48\": 0,\n    \"49\": 0.01691,\n    \"50\": 0,\n    \"51\": 0,\n    \"52\": 0,\n    \"53\": 0.00423,\n    \"54\": 0,\n    \"55\": 0,\n    \"56\": 0,\n    \"57\": 0,\n    \"58\": 0.00845,\n    \"59\": 0.00423,\n    \"60\": 0,\n    \"61\": 0.00845,\n    \"62\": 0,\n    \"63\": 0.00845,\n    \"64\": 0,\n    \"65\": 0.01268,\n    \"66\": 0.02114,\n    \"67\": 0.02959,\n    \"68\": 0.03804,\n    \"69\": 0.08877,\n    \"70\": 0.01691,\n    \"71\": 0.0465,\n    \"72\": 1.88947,\n    \"73\": 0.00423,\n    \"74\": 0.02114,\n    \"75\": 0.00423,\n    \"76\": 0.00423,\n    \"77\": 0.02114,\n    \"78\": 0.00423,\n    \"79\": 0.04227,\n    \"80\": 0.02114,\n    \"81\": 0.03804,\n    \"83\": 0.03382,\n    \"84\": 0.02536,\n    \"85\": 0.08031,\n    \"86\": 1.19624,\n    \"87\": 6.45886,\n    \"88\": 0.02114,\n    \"89\": 0.00423,\n    \"90\": 0\n  },\n  F: {\n    \"9\": 0,\n    \"11\": 0,\n    \"12\": 0,\n    \"15\": 0,\n    \"16\": 0,\n    \"17\": 0,\n    \"18\": 0,\n    \"19\": 0,\n    \"20\": 0,\n    \"21\": 0,\n    \"22\": 0,\n    \"23\": 0,\n    \"24\": 0,\n    \"25\": 0,\n    \"26\": 0,\n    \"27\": 0,\n    \"28\": 0,\n    \"29\": 0.00423,\n    \"30\": 0,\n    \"31\": 0,\n    \"32\": 0,\n    \"33\": 0,\n    \"34\": 0,\n    \"35\": 0,\n    \"36\": 0,\n    \"37\": 0,\n    \"38\": 0,\n    \"39\": 0,\n    \"40\": 0,\n    \"41\": 0,\n    \"42\": 0,\n    \"43\": 0,\n    \"44\": 0,\n    \"45\": 0,\n    \"46\": 0,\n    \"47\": 0,\n    \"48\": 0,\n    \"49\": 0,\n    \"50\": 0,\n    \"51\": 0.03382,\n    \"52\": 0.00423,\n    \"53\": 0.00423,\n    \"54\": 0,\n    \"55\": 0,\n    \"56\": 0,\n    \"57\": 0,\n    \"58\": 0,\n    \"60\": 0,\n    \"62\": 0,\n    \"63\": 0,\n    \"64\": 0,\n    \"65\": 0,\n    \"66\": 0,\n    \"67\": 0,\n    \"68\": 0,\n    \"69\": 0.00423,\n    \"70\": 0,\n    \"71\": 0.00845,\n    \"72\": 0.19867,\n    \"9.5-9.6\": 0,\n    \"10.0-10.1\": 0,\n    \"10.5\": 0,\n    \"10.6\": 0,\n    \"11.1\": 0,\n    \"11.5\": 0,\n    \"11.6\": 0,\n    \"12.1\": 0\n  },\n  E: {\n    \"4\": 0,\n    \"5\": 0,\n    \"6\": 0,\n    \"7\": 0,\n    \"8\": 0,\n    \"9\": 0.00423,\n    \"10\": 0,\n    \"11\": 0.00423,\n    \"12\": 0.00423,\n    \"13\": 0.04227,\n    \"14\": 0.41425,\n    _: \"0\",\n    \"3.1\": 0,\n    \"3.2\": 0,\n    \"5.1\": 0,\n    \"6.1\": 0,\n    \"7.1\": 0,\n    \"9.1\": 0,\n    \"10.1\": 0.00423,\n    \"11.1\": 0.02536,\n    \"12.1\": 0.2029,\n    \"13.1\": 0.18176\n  },\n  G: {\n    \"8\": 0.00751,\n    \"3.2\": 0.00322,\n    \"4.0-4.1\": 0,\n    \"4.2-4.3\": 0.00215,\n    \"5.0-5.1\": 0,\n    \"6.0-6.1\": 0,\n    \"7.0-7.1\": 0.01395,\n    \"8.1-8.4\": 0.01609,\n    \"9.0-9.2\": 0.00322,\n    \"9.3\": 0.06115,\n    \"10.0-10.2\": 0.53637,\n    \"10.3\": 0.05578,\n    \"11.0-11.2\": 0.06758,\n    \"11.3-11.4\": 0.31002,\n    \"12.0-12.1\": 0.07187,\n    \"12.2-12.4\": 0.47523,\n    \"13.0-13.1\": 0.14804,\n    \"13.2\": 0.03755,\n    \"13.3\": 0.5825,\n    \"13.4-13.7\": 0.99229,\n    \"14.0-14.3\": 7.33006\n  },\n  B: {\n    \"12\": 0.00423,\n    \"13\": 0.02536,\n    \"14\": 0.02114,\n    \"15\": 0.00845,\n    \"16\": 0.01691,\n    \"17\": 0.02114,\n    \"18\": 0.25785,\n    \"79\": 0,\n    \"80\": 0,\n    \"81\": 0,\n    \"83\": 0,\n    \"84\": 0.00845,\n    \"85\": 0.02959,\n    \"86\": 0.02536,\n    \"87\": 1.03984\n  },\n  I: {\n    \"3\": 0,\n    \"4\": 0.01458,\n    \"81\": 0,\n    \"2.1\": 0,\n    \"2.2\": 0,\n    \"2.3\": 0,\n    \"4.1\": 0.01458,\n    \"4.2-4.3\": 0.05346,\n    \"4.4\": 0,\n    \"4.4.3-4.4.4\": 0.45201\n  },\n  P: {\n    \"4\": 0.12155,\n    \"5.0-5.4\": 0.02026,\n    \"6.2-6.4\": 0.01013,\n    \"7.2-7.4\": 0.36466,\n    \"8.2\": 0.04052,\n    \"9.2\": 0.13168,\n    \"10.1\": 0.39505,\n    \"11.1-11.2\": 0.71919,\n    \"12.0\": 2.08667,\n    \"13.0\": 2.67418\n  },\n  K: {\n    _: \"0 10 11 12 11.1 11.5 12.1\"\n  },\n  A: {\n    \"6\": 0.01366,\n    \"7\": 0.00455,\n    \"8\": 0.04097,\n    \"9\": 0.00455,\n    \"10\": 0,\n    \"11\": 0.22761,\n    \"5.5\": 0\n  },\n  N: {\n    \"10\": 0,\n    \"11\": 0\n  },\n  J: {\n    \"7\": 0,\n    \"10\": 0\n  },\n  O: {\n    \"0\": 4.13924\n  },\n  H: {\n    \"0\": 1.22974\n  },\n  L: {\n    \"0\": 53.02616\n  },\n  S: {\n    \"2.5\": 0.00577\n  },\n  R: {\n    _: \"0\"\n  },\n  M: {\n    \"0\": 0.81977\n  },\n  Q: {\n    \"10.4\": 0\n  }\n};","map":{"version":3,"sources":["/Users/bruceseymour/ra-video/client/node_modules/caniuse-lite/data/regions/SC.js"],"names":["module","exports","C","D","F","E","_","G","B","I","P","K","A","N","J","O","H","L","S","R","M","Q"],