{"ast":null,"code":"module.exports = {\n  C: {\n    \"2\": 0,\n    \"3\": 0,\n    \"4\": 0,\n    \"5\": 0,\n    \"6\": 0,\n    \"7\": 0,\n    \"8\": 0,\n    \"9\": 0,\n    \"10\": 0,\n    \"11\": 0,\n    \"12\": 0,\n    \"13\": 0,\n    \"14\": 0,\n    \"15\": 0,\n    \"16\": 0,\n    \"17\": 0,\n    \"18\": 0,\n    \"19\": 0,\n    \"20\": 0,\n    \"21\": 0,\n    \"22\": 0,\n    \"23\": 0,\n    \"24\": 0,\n    \"25\": 0,\n    \"26\": 0,\n    \"27\": 0,\n    \"28\": 0,\n    \"29\": 0,\n    \"30\": 0,\n    \"31\": 0,\n    \"32\": 0,\n    \"33\": 0,\n    \"34\": 0,\n    \"35\": 0,\n    \"36\": 0,\n    \"37\": 0,\n    \"38\": 0,\n    \"39\": 0,\n    \"40\": 0.00208,\n    \"41\": 0,\n    \"42\": 0,\n    \"43\": 0,\n    \"44\": 0,\n    \"45\": 0.00208,\n    \"46\": 0,\n    \"47\": 0.00208,\n    \"48\": 0,\n    \"49\": 0,\n    \"50\": 0,\n    \"51\": 0,\n    \"52\": 0.00831,\n    \"53\": 0,\n    \"54\": 0,\n    \"55\": 0,\n    \"56\": 0,\n    \"57\": 0,\n    \"58\": 0,\n    \"59\": 0,\n    \"60\": 0,\n    \"61\": 0,\n    \"62\": 0,\n    \"63\": 0,\n    \"64\": 0,\n    \"65\": 0.00208,\n    \"66\": 0.00415,\n    \"67\": 0,\n    \"68\": 0.00208,\n    \"69\": 0,\n    \"70\": 0,\n    \"71\": 0,\n    \"72\": 0.00208,\n    \"73\": 0,\n    \"74\": 0,\n    \"75\": 0,\n    \"76\": 0,\n    \"77\": 0,\n    \"78\": 0.00415,\n    \"79\": 0.00208,\n    \"80\": 0.00208,\n    \"81\": 0.00208,\n    \"82\": 0.00415,\n    \"83\": 0.09762,\n    \"84\": 0.07893,\n    \"85\": 0.00415,\n    \"86\": 0,\n    \"3.5\": 0,\n    \"3.6\": 0\n  },\n  D: {\n    \"4\": 0,\n    \"5\": 0,\n    \"6\": 0,\n    \"7\": 0,\n    \"8\": 0,\n    \"9\": 0,\n    \"10\": 0,\n    \"11\": 0,\n    \"12\": 0,\n    \"13\": 0,\n    \"14\": 0,\n    \"15\": 0,\n    \"16\": 0,\n    \"17\": 0,\n    \"18\": 0,\n    \"19\": 0,\n    \"20\": 0,\n    \"21\": 0,\n    \"22\": 0,\n    \"23\": 0,\n    \"24\": 0,\n    \"25\": 0,\n    \"26\": 0,\n    \"27\": 0,\n    \"28\": 0,\n    \"29\": 0,\n    \"30\": 0,\n    \"31\": 0,\n    \"32\": 0,\n    \"33\": 0,\n    \"34\": 0.00208,\n    \"35\": 0,\n    \"36\": 0,\n    \"37\": 0,\n    \"38\": 0,\n    \"39\": 0,\n    \"40\": 0.00208,\n    \"41\": 0,\n    \"42\": 0.00208,\n    \"43\": 0.00831,\n    \"44\": 0,\n    \"45\": 0.00208,\n    \"46\": 0.00208,\n    \"47\": 0,\n    \"48\": 0.00208,\n    \"49\": 0.01039,\n    \"50\": 0.00208,\n    \"51\": 0,\n    \"52\": 0,\n    \"53\": 0,\n    \"54\": 0,\n    \"55\": 0,\n    \"56\": 0.00415,\n    \"57\": 0,\n    \"58\": 0.00208,\n    \"59\": 0,\n    \"60\": 0,\n    \"61\": 0.00831,\n    \"62\": 0.00208,\n    \"63\": 0.00623,\n    \"64\": 0.00208,\n    \"65\": 0.00208,\n    \"66\": 0,\n    \"67\": 0.00208,\n    \"68\": 0.00208,\n    \"69\": 0.00208,\n    \"70\": 0.00415,\n    \"71\": 0.00623,\n    \"72\": 0.00415,\n    \"73\": 0.00415,\n    \"74\": 0.00623,\n    \"75\": 0.00415,\n    \"76\": 0.00208,\n    \"77\": 0.00415,\n    \"78\": 0.00415,\n    \"79\": 0.01454,\n    \"80\": 0.01454,\n    \"81\": 0.01662,\n    \"83\": 0.01454,\n    \"84\": 0.02908,\n    \"85\": 0.03323,\n    \"86\": 0.41125,\n    \"87\": 2.61494,\n    \"88\": 0.01039,\n    \"89\": 0.00831,\n    \"90\": 0\n  },\n  F: {\n    \"9\": 0,\n    \"11\": 0,\n    \"12\": 0,\n    \"15\": 0,\n    \"16\": 0,\n    \"17\": 0,\n    \"18\": 0.00208,\n    \"19\": 0,\n    \"20\": 0,\n    \"21\": 0,\n    \"22\": 0,\n    \"23\": 0,\n    \"24\": 0,\n    \"25\": 0,\n    \"26\": 0,\n    \"27\": 0,\n    \"28\": 0.00208,\n    \"29\": 0,\n    \"30\": 0,\n    \"31\": 0,\n    \"32\": 0,\n    \"33\": 0,\n    \"34\": 0,\n    \"35\": 0,\n    \"36\": 0,\n    \"37\": 0.00831,\n    \"38\": 0,\n    \"39\": 0,\n    \"40\": 0,\n    \"41\": 0,\n    \"42\": 0,\n    \"43\": 0,\n    \"44\": 0,\n    \"45\": 0,\n    \"46\": 0.00208,\n    \"47\": 0.00208,\n    \"48\": 0,\n    \"49\": 0,\n    \"50\": 0.00623,\n    \"51\": 0.02077,\n    \"52\": 0,\n    \"53\": 0,\n    \"54\": 0.00208,\n    \"55\": 0.00208,\n    \"56\": 0,\n    \"57\": 0,\n    \"58\": 0,\n    \"60\": 0,\n    \"62\": 0,\n    \"63\": 0,\n    \"64\": 0,\n    \"65\": 0,\n    \"66\": 0,\n    \"67\": 0,\n    \"68\": 0,\n    \"69\": 0,\n    \"70\": 0,\n    \"71\": 0.00831,\n    \"72\": 0.07893,\n    \"9.5-9.6\": 0,\n    \"10.0-10.1\": 0,\n    \"10.5\": 0,\n    \"10.6\": 0,\n    \"11.1\": 0,\n    \"11.5\": 0,\n    \"11.6\": 0,\n    \"12.1\": 0\n  },\n  E: {\n    \"4\": 0,\n    \"5\": 0,\n    \"6\": 0,\n    \"7\": 0,\n    \"8\": 0,\n    \"9\": 0,\n    \"10\": 0,\n    \"11\": 0,\n    \"12\": 0,\n    \"13\": 0.00415,\n    \"14\": 0.02908,\n    _: \"0\",\n    \"3.1\": 0,\n    \"3.2\": 0,\n    \"5.1\": 0.01869,\n    \"6.1\": 0,\n    \"7.1\": 0,\n    \"9.1\": 0,\n    \"10.1\": 0,\n    \"11.1\": 0.00208,\n    \"12.1\": 0.00208,\n    \"13.1\": 0.01039\n  },\n  G: {\n    \"8\": 0,\n    \"3.2\": 0.00097,\n    \"4.0-4.1\": 0,\n    \"4.2-4.3\": 0.00032,\n    \"5.0-5.1\": 0.00451,\n    \"6.0-6.1\": 0.0029,\n    \"7.0-7.1\": 0.04769,\n    \"8.1-8.4\": 0.00322,\n    \"9.0-9.2\": 0.00322,\n    \"9.3\": 0.10472,\n    \"10.0-10.2\": 0.01224,\n    \"10.3\": 0.07862,\n    \"11.0-11.2\": 0.03673,\n    \"11.3-11.4\": 0.04447,\n    \"12.0-12.1\": 0.03254,\n    \"12.2-12.4\": 0.53938,\n    \"13.0-13.1\": 0.02642,\n    \"13.2\": 0.00967,\n    \"13.3\": 0.09602,\n    \"13.4-13.7\": 0.4105,\n    \"14.0-14.3\": 1.74509\n  },\n  B: {\n    \"12\": 0.00208,\n    \"13\": 0,\n    \"14\": 0.00415,\n    \"15\": 0.00208,\n    \"16\": 0.00208,\n    \"17\": 0.00208,\n    \"18\": 0.01246,\n    \"79\": 0,\n    \"80\": 0,\n    \"81\": 0,\n    \"83\": 0,\n    \"84\": 0.00208,\n    \"85\": 0.00208,\n    \"86\": 0.00208,\n    \"87\": 0.0997\n  },\n  I: {\n    \"3\": 0,\n    \"4\": 0.00284,\n    \"81\": 0,\n    \"2.1\": 0,\n    \"2.2\": 0,\n    \"2.3\": 0,\n    \"4.1\": 0.00851,\n    \"4.2-4.3\": 0.03119,\n    \"4.4\": 0,\n    \"4.4.3-4.4.4\": 0.46071\n  },\n  P: {\n    \"4\": 0.30204,\n    \"5.0-5.4\": 0.04027,\n    \"6.2-6.4\": 0.02014,\n    \"7.2-7.4\": 0.05034,\n    \"8.2\": 0.02014,\n    \"9.2\": 0.05034,\n    \"10.1\": 0.04027,\n    \"11.1-11.2\": 0.09061,\n    \"12.0\": 0.26177,\n    \"13.0\": 0.94638\n  },\n  K: {\n    _: \"0 10 11 12 11.1 11.5 12.1\"\n  },\n  A: {\n    \"6\": 0,\n    \"7\": 0,\n    \"8\": 0.0091,\n    \"9\": 0,\n    \"10\": 0,\n    \"11\": 0.03867,\n    \"5.5\": 0\n  },\n  N: {\n    \"10\": 0,\n    \"11\": 0\n  },\n  J: {\n    \"7\": 0,\n    \"10\": 0.00792\n  },\n  O: {\n    \"0\": 5.52233\n  },\n  H: {\n    \"0\": 2.01026\n  },\n  L: {\n    \"0\": 80.38334\n  },\n  S: {\n    \"2.5\": 0.11092\n  },\n  R: {\n    _: \"0\"\n  },\n  M: {\n    \"0\": 0.04754\n  },\n  Q: {\n    \"10.4\": 0.01585\n  }\n};","map":{"version":3,"sources":["/Users/bruceseymour/ra-video/client/node_modules/caniuse-lite/data/regions/PK.js"],"names":["module","exports","C","D","F","E","_","G","B","I","P","K","A","N","J","O","H","L","S","R","M","Q"],