{"ast":null,"code":"module.exports = {\n  C: {\n    \"3\": 0.02129,\n    \"4\": 0.00152,\n    \"12\": 0.00152,\n    \"17\": 0.00304,\n    \"18\": 0.00152,\n    \"29\": 0.00304,\n    \"30\": 0.01217,\n    \"31\": 0.00152,\n    \"32\": 0.00304,\n    \"34\": 0.00456,\n    \"38\": 0.00456,\n    \"41\": 0.00456,\n    \"43\": 0.00913,\n    \"44\": 0.00304,\n    \"45\": 0.00456,\n    \"46\": 0.00152,\n    \"47\": 0.00608,\n    \"48\": 0.00456,\n    \"49\": 0.00304,\n    \"50\": 0.00608,\n    \"52\": 0.04107,\n    \"56\": 0.00304,\n    \"57\": 0.00913,\n    \"58\": 0.00913,\n    \"60\": 0.00456,\n    \"61\": 0.00152,\n    \"62\": 0.00456,\n    \"63\": 0.00152,\n    \"66\": 0.00152,\n    \"67\": 0.00304,\n    \"68\": 0.00761,\n    \"69\": 0.00152,\n    \"70\": 0.00152,\n    \"72\": 0.01369,\n    \"75\": 0.00913,\n    \"77\": 0.00456,\n    \"78\": 0.0578,\n    \"79\": 0.01369,\n    \"80\": 0.02282,\n    \"81\": 0.01521,\n    \"82\": 0.04867,\n    \"83\": 0.92477,\n    \"84\": 0.51106,\n    \"85\": 0.00608,\n    \"86\": 0.00304,\n    _: \"2 5 6 7 8 9 10 11 13 14 15 16 19 20 21 22 23 24 25 26 27 28 33 35 36 37 39 40 42 51 53 54 55 59 64 65 71 73 74 76 3.5 3.6\"\n  },\n  D: {\n    \"11\": 0.00608,\n    \"22\": 0.00608,\n    \"23\": 0.00608,\n    \"24\": 0.00152,\n    \"25\": 0.00152,\n    \"26\": 0.02129,\n    \"29\": 0.00304,\n    \"32\": 0.01065,\n    \"38\": 0.00304,\n    \"39\": 0.00152,\n    \"40\": 0.00608,\n    \"43\": 0.01977,\n    \"47\": 0.00304,\n    \"48\": 0.00304,\n    \"49\": 0.04867,\n    \"50\": 0.00456,\n    \"53\": 0.00304,\n    \"55\": 0.00304,\n    \"58\": 0.00304,\n    \"59\": 0.00152,\n    \"60\": 0.00456,\n    \"62\": 0.00304,\n    \"63\": 0.03194,\n    \"64\": 0.00913,\n    \"65\": 0.00913,\n    \"66\": 0.00152,\n    \"67\": 0.00152,\n    \"68\": 0.01673,\n    \"69\": 0.00761,\n    \"70\": 0.02434,\n    \"71\": 0.00304,\n    \"72\": 0.02434,\n    \"73\": 0.00456,\n    \"74\": 0.01065,\n    \"75\": 0.00608,\n    \"76\": 0.01521,\n    \"77\": 0.00608,\n    \"78\": 0.00304,\n    \"79\": 0.06084,\n    \"80\": 0.10343,\n    \"81\": 0.02586,\n    \"83\": 0.03194,\n    \"84\": 0.0578,\n    \"85\": 0.19013,\n    \"86\": 1.01755,\n    \"87\": 4.40786,\n    \"88\": 0.02738,\n    \"89\": 0.00304,\n    _: \"4 5 6 7 8 9 10 12 13 14 15 16 17 18 19 20 21 27 28 30 31 33 34 35 36 37 41 42 44 45 46 51 52 54 56 57 61 90\"\n  },\n  F: {\n    \"18\": 0.01521,\n    \"19\": 0.00304,\n    \"26\": 0.00152,\n    \"34\": 0.00304,\n    \"36\": 0.00152,\n    \"37\": 0.00304,\n    \"42\": 0.00761,\n    \"45\": 0.00152,\n    \"56\": 0.00152,\n    \"60\": 0.00152,\n    \"62\": 0.00761,\n    \"64\": 0.00152,\n    \"66\": 0.00152,\n    \"67\": 0.00152,\n    \"68\": 0.00304,\n    \"69\": 0.03803,\n    \"70\": 0.02129,\n    \"71\": 0.02738,\n    \"72\": 0.91108,\n    _: \"9 11 12 15 16 17 20 21 22 23 24 25 27 28 29 30 31 32 33 35 38 39 40 41 43 44 46 47 48 49 50 51 52 53 54 55 57 58 63 65 9.5-9.6 10.5 10.6 11.1 11.6 12.1\",\n    \"10.0-10.1\": 0,\n    \"11.5\": 0.00152\n  },\n  E: {\n    \"4\": 0,\n    \"11\": 0.00608,\n    \"12\": 0.01369,\n    \"13\": 0.03346,\n    \"14\": 0.18404,\n    _: \"0 5 6 7 8 9 10 3.1 3.2 6.1\",\n    \"5.1\": 0.05324,\n    \"7.1\": 0.00152,\n    \"9.1\": 0.00456,\n    \"10.1\": 0.00913,\n    \"11.1\": 0.00608,\n    \"12.1\": 0.05324,\n    \"13.1\": 0.07453\n  },\n  G: {\n    \"8\": 0.00206,\n    \"3.2\": 0,\n    \"4.0-4.1\": 0,\n    \"4.2-4.3\": 0,\n    \"5.0-5.1\": 0.00052,\n    \"6.0-6.1\": 0.00309,\n    \"7.0-7.1\": 0.03764,\n    \"8.1-8.4\": 0.00052,\n    \"9.0-9.2\": 0.04692,\n    \"9.3\": 0.08714,\n    \"10.0-10.2\": 0.01495,\n    \"10.3\": 0.13612,\n    \"11.0-11.2\": 0.13354,\n    \"11.3-11.4\": 0.12581,\n    \"12.0-12.1\": 0.10415,\n    \"12.2-12.4\": 1.27666,\n    \"13.0-13.1\": 0.15108,\n    \"13.2\": 0.04486,\n    \"13.3\": 0.33412,\n    \"13.4-13.7\": 0.80487,\n    \"14.0-14.3\": 1.80878\n  },\n  B: {\n    \"12\": 0.06236,\n    \"13\": 0.02129,\n    \"14\": 0.01217,\n    \"15\": 0.10039,\n    \"16\": 0.03498,\n    \"17\": 0.03042,\n    \"18\": 0.15058,\n    \"81\": 0.00304,\n    \"83\": 0.00152,\n    \"84\": 0.01217,\n    \"85\": 0.01673,\n    \"86\": 0.04563,\n    \"87\": 1.13162,\n    _: \"79 80\"\n  },\n  I: {\n    \"3\": 0,\n    \"4\": 0.00243,\n    \"81\": 0,\n    \"2.1\": 0,\n    \"2.2\": 0,\n    \"2.3\": 0,\n    \"4.1\": 0.03278,\n    \"4.2-4.3\": 0.08985,\n    \"4.4\": 0,\n    \"4.4.3-4.4.4\": 0.38368\n  },\n  P: {\n    \"4\": 0.41926,\n    \"5.0-5.4\": 0.05113,\n    \"6.2-6.4\": 0.07038,\n    \"7.2-7.4\": 0.14316,\n    \"8.2\": 0.02011,\n    \"9.2\": 0.11249,\n    \"10.1\": 0.05113,\n    \"11.1-11.2\": 0.09203,\n    \"12.0\": 0.46017,\n    \"13.0\": 0.70559\n  },\n  K: {\n    _: \"0 10 11 12 11.1 11.5 12.1\"\n  },\n  A: {\n    \"8\": 0.20217,\n    \"9\": 0.01189,\n    \"10\": 0.01189,\n    \"11\": 0.4083,\n    _: \"6 7 5.5\"\n  },\n  N: {\n    \"10\": 0,\n    \"11\": 0\n  },\n  J: {\n    \"7\": 0,\n    \"10\": 0.07631\n  },\n  O: {\n    \"0\": 1.71276\n  },\n  H: {\n    \"0\": 34.39728\n  },\n  L: {\n    \"0\": 41.00832\n  },\n  S: {\n    \"2.5\": 0.21198\n  },\n  R: {\n    _: \"0\"\n  },\n  M: {\n    \"0\": 0.24589\n  },\n  Q: {\n    \"10.4\": 0.11023\n  }\n};","map":{"version":3,"sources":["/Users/bruceseymour/ra-video/client/node_modules/caniuse-lite/data/regions/CD.js"],"names":["module","exports","C","_","D","F","E","G","B","I","P","K","A","N","J","O","H","L","S","R","M","Q"],