{"ast":null,"code":"module.exports = {\n  C: {\n    \"2\": 0,\n    \"3\": 0,\n    \"4\": 0,\n    \"5\": 0,\n    \"6\": 0,\n    \"7\": 0,\n    \"8\": 0,\n    \"9\": 0,\n    \"10\": 0,\n    \"11\": 0,\n    \"12\": 0,\n    \"13\": 0,\n    \"14\": 0,\n    \"15\": 0,\n    \"16\": 0,\n    \"17\": 0,\n    \"18\": 0,\n    \"19\": 0,\n    \"20\": 0,\n    \"21\": 0,\n    \"22\": 0,\n    \"23\": 0,\n    \"24\": 0,\n    \"25\": 0,\n    \"26\": 0,\n    \"27\": 0,\n    \"28\": 0,\n    \"29\": 0,\n    \"30\": 0.00285,\n    \"31\": 0,\n    \"32\": 0,\n    \"33\": 0,\n    \"34\": 0,\n    \"35\": 0,\n    \"36\": 0,\n    \"37\": 0,\n    \"38\": 0,\n    \"39\": 0,\n    \"40\": 0,\n    \"41\": 0,\n    \"42\": 0,\n    \"43\": 0,\n    \"44\": 0,\n    \"45\": 0,\n    \"46\": 0,\n    \"47\": 0.00285,\n    \"48\": 0,\n    \"49\": 0,\n    \"50\": 0,\n    \"51\": 0,\n    \"52\": 0.00854,\n    \"53\": 0,\n    \"54\": 0,\n    \"55\": 0,\n    \"56\": 0.00285,\n    \"57\": 0,\n    \"58\": 0,\n    \"59\": 0,\n    \"60\": 0.00854,\n    \"61\": 0,\n    \"62\": 0,\n    \"63\": 0,\n    \"64\": 0,\n    \"65\": 0,\n    \"66\": 0,\n    \"67\": 0,\n    \"68\": 0.00285,\n    \"69\": 0,\n    \"70\": 0,\n    \"71\": 0,\n    \"72\": 0.00285,\n    \"73\": 0,\n    \"74\": 0,\n    \"75\": 0,\n    \"76\": 0,\n    \"77\": 0,\n    \"78\": 0.00854,\n    \"79\": 0,\n    \"80\": 0.00569,\n    \"81\": 0.01138,\n    \"82\": 0.01708,\n    \"83\": 0.54928,\n    \"84\": 0.18784,\n    \"85\": 0.00569,\n    \"86\": 0,\n    \"3.5\": 0,\n    \"3.6\": 0\n  },\n  D: {\n    \"4\": 0,\n    \"5\": 0,\n    \"6\": 0,\n    \"7\": 0,\n    \"8\": 0,\n    \"9\": 0,\n    \"10\": 0,\n    \"11\": 0,\n    \"12\": 0,\n    \"13\": 0,\n    \"14\": 0,\n    \"15\": 0,\n    \"16\": 0,\n    \"17\": 0,\n    \"18\": 0,\n    \"19\": 0,\n    \"20\": 0,\n    \"21\": 0,\n    \"22\": 0,\n    \"23\": 0,\n    \"24\": 0,\n    \"25\": 0,\n    \"26\": 0,\n    \"27\": 0,\n    \"28\": 0,\n    \"29\": 0,\n    \"30\": 0,\n    \"31\": 0,\n    \"32\": 0,\n    \"33\": 0,\n    \"34\": 0,\n    \"35\": 0,\n    \"36\": 0,\n    \"37\": 0.00569,\n    \"38\": 0,\n    \"39\": 0,\n    \"40\": 0.00285,\n    \"41\": 0,\n    \"42\": 0,\n    \"43\": 0.00285,\n    \"44\": 0,\n    \"45\": 0,\n    \"46\": 0,\n    \"47\": 0,\n    \"48\": 0,\n    \"49\": 0.00569,\n    \"50\": 0,\n    \"51\": 0,\n    \"52\": 0,\n    \"53\": 0.00285,\n    \"54\": 0,\n    \"55\": 0,\n    \"56\": 0,\n    \"57\": 0.02277,\n    \"58\": 0.00285,\n    \"59\": 0,\n    \"60\": 0,\n    \"61\": 0,\n    \"62\": 0,\n    \"63\": 0.00569,\n    \"64\": 0.00285,\n    \"65\": 0,\n    \"66\": 0,\n    \"67\": 0,\n    \"68\": 0,\n    \"69\": 0.01138,\n    \"70\": 0.01423,\n    \"71\": 0.00285,\n    \"72\": 0.00285,\n    \"73\": 0,\n    \"74\": 0.00854,\n    \"75\": 0.00285,\n    \"76\": 0.01138,\n    \"77\": 0.00285,\n    \"78\": 0.00285,\n    \"79\": 0.01423,\n    \"80\": 0.07684,\n    \"81\": 0.03984,\n    \"83\": 0.01423,\n    \"84\": 0.02561,\n    \"85\": 0.03415,\n    \"86\": 0.70865,\n    \"87\": 3.2046,\n    \"88\": 0.00285,\n    \"89\": 0.00285,\n    \"90\": 0\n  },\n  F: {\n    \"9\": 0,\n    \"11\": 0,\n    \"12\": 0,\n    \"15\": 0,\n    \"16\": 0,\n    \"17\": 0,\n    \"18\": 0,\n    \"19\": 0,\n    \"20\": 0,\n    \"21\": 0,\n    \"22\": 0,\n    \"23\": 0,\n    \"24\": 0,\n    \"25\": 0,\n    \"26\": 0.00569,\n    \"27\": 0,\n    \"28\": 0.00854,\n    \"29\": 0,\n    \"30\": 0.00285,\n    \"31\": 0,\n    \"32\": 0.00285,\n    \"33\": 0,\n    \"34\": 0,\n    \"35\": 0.01423,\n    \"36\": 0,\n    \"37\": 0,\n    \"38\": 0,\n    \"39\": 0,\n    \"40\": 0,\n    \"41\": 0,\n    \"42\": 0,\n    \"43\": 0,\n    \"44\": 0,\n    \"45\": 0.00285,\n    \"46\": 0.00285,\n    \"47\": 0.00285,\n    \"48\": 0,\n    \"49\": 0,\n    \"50\": 0.01708,\n    \"51\": 0.03415,\n    \"52\": 0,\n    \"53\": 0,\n    \"54\": 0,\n    \"55\": 0,\n    \"56\": 0,\n    \"57\": 0,\n    \"58\": 0,\n    \"60\": 0,\n    \"62\": 0,\n    \"63\": 0,\n    \"64\": 0,\n    \"65\": 0,\n    \"66\": 0,\n    \"67\": 0,\n    \"68\": 0.00285,\n    \"69\": 0,\n    \"70\": 0,\n    \"71\": 0.01138,\n    \"72\": 0.21345,\n    \"9.5-9.6\": 0,\n    \"10.0-10.1\": 0,\n    \"10.5\": 0,\n    \"10.6\": 0,\n    \"11.1\": 0,\n    \"11.5\": 0,\n    \"11.6\": 0,\n    \"12.1\": 0.00285\n  },\n  E: {\n    \"4\": 0,\n    \"5\": 0,\n    \"6\": 0,\n    \"7\": 0,\n    \"8\": 0,\n    \"9\": 0,\n    \"10\": 0,\n    \"11\": 0.00285,\n    \"12\": 0,\n    \"13\": 0.00854,\n    \"14\": 0.28745,\n    _: \"0\",\n    \"3.1\": 0,\n    \"3.2\": 0,\n    \"5.1\": 0.01423,\n    \"6.1\": 0,\n    \"7.1\": 0,\n    \"9.1\": 0,\n    \"10.1\": 0,\n    \"11.1\": 0.00569,\n    \"12.1\": 0.00569,\n    \"13.1\": 0.11384\n  },\n  G: {\n    \"8\": 0,\n    \"3.2\": 0,\n    \"4.0-4.1\": 0,\n    \"4.2-4.3\": 0,\n    \"5.0-5.1\": 0.02698,\n    \"6.0-6.1\": 0.02514,\n    \"7.0-7.1\": 0.01778,\n    \"8.1-8.4\": 0.06439,\n    \"9.0-9.2\": 0.00245,\n    \"9.3\": 0.05151,\n    \"10.0-10.2\": 0.00552,\n    \"10.3\": 0.10915,\n    \"11.0-11.2\": 0.01962,\n    \"11.3-11.4\": 0.02085,\n    \"12.0-12.1\": 0.03557,\n    \"12.2-12.4\": 0.82783,\n    \"13.0-13.1\": 0.22321,\n    \"13.2\": 0.01288,\n    \"13.3\": 0.18641,\n    \"13.4-13.7\": 0.64816,\n    \"14.0-14.3\": 3.8448\n  },\n  B: {\n    \"12\": 0.00285,\n    \"13\": 0.00285,\n    \"14\": 0.00285,\n    \"15\": 0.01423,\n    \"16\": 0.01423,\n    \"17\": 0.01992,\n    \"18\": 0.06261,\n    \"79\": 0,\n    \"80\": 0,\n    \"81\": 0.00569,\n    \"83\": 0,\n    \"84\": 0.00285,\n    \"85\": 0.00569,\n    \"86\": 0.04554,\n    \"87\": 0.6062\n  },\n  I: {\n    \"3\": 0,\n    \"4\": 0,\n    \"81\": 0,\n    \"2.1\": 0,\n    \"2.2\": 0,\n    \"2.3\": 0,\n    \"4.1\": 0.0065,\n    \"4.2-4.3\": 0.02041,\n    \"4.4\": 0,\n    \"4.4.3-4.4.4\": 0.21155\n  },\n  P: {\n    \"4\": 0.93498,\n    \"5.0-5.4\": 0.01016,\n    \"6.2-6.4\": 0.20326,\n    \"7.2-7.4\": 2.60169,\n    \"8.2\": 0.09147,\n    \"9.2\": 0.3557,\n    \"10.1\": 0.49798,\n    \"11.1-11.2\": 1.08743,\n    \"12.0\": 1.62606,\n    \"13.0\": 4.04482\n  },\n  K: {\n    _: \"0 10 11 12 11.1 11.5 12.1\"\n  },\n  A: {\n    \"6\": 0,\n    \"7\": 0,\n    \"8\": 0,\n    \"9\": 0,\n    \"10\": 0,\n    \"11\": 0.21914,\n    \"5.5\": 0\n  },\n  N: {\n    \"10\": 0,\n    \"11\": 0\n  },\n  J: {\n    \"7\": 0,\n    \"10\": 0.03577\n  },\n  O: {\n    \"0\": 0.5294\n  },\n  H: {\n    \"0\": 1.70001\n  },\n  L: {\n    \"0\": 68.7212\n  },\n  S: {\n    \"2.5\": 0\n  },\n  R: {\n    _: \"0\"\n  },\n  M: {\n    \"0\": 0.20747\n  },\n  Q: {\n    \"10.4\": 0.00715\n  }\n};","map":{"version":3,"sources":["/Users/bruceseymour/ra-video/client/node_modules/caniuse-lite/data/regions/NA.js"],"names":["module","exports","C","D","F","E","_","G","B","I","P","K","A","N","J","O","H","L","S","R","M","Q"],