{"ast":null,"code":"module.exports = {\n  C: {\n    \"2\": 0,\n    \"3\": 0,\n    \"4\": 0,\n    \"5\": 0,\n    \"6\": 0,\n    \"7\": 0,\n    \"8\": 0,\n    \"9\": 0,\n    \"10\": 0,\n    \"11\": 0,\n    \"12\": 0,\n    \"13\": 0,\n    \"14\": 0,\n    \"15\": 0,\n    \"16\": 0,\n    \"17\": 0,\n    \"18\": 0,\n    \"19\": 0,\n    \"20\": 0,\n    \"21\": 0,\n    \"22\": 0,\n    \"23\": 0,\n    \"24\": 0,\n    \"25\": 0,\n    \"26\": 0,\n    \"27\": 0,\n    \"28\": 0,\n    \"29\": 0,\n    \"30\": 0.00283,\n    \"31\": 0,\n    \"32\": 0,\n    \"33\": 0,\n    \"34\": 0,\n    \"35\": 0,\n    \"36\": 0,\n    \"37\": 0,\n    \"38\": 0,\n    \"39\": 0,\n    \"40\": 0,\n    \"41\": 0,\n    \"42\": 0,\n    \"43\": 0,\n    \"44\": 0,\n    \"45\": 0,\n    \"46\": 0,\n    \"47\": 0,\n    \"48\": 0,\n    \"49\": 0,\n    \"50\": 0,\n    \"51\": 0,\n    \"52\": 0.00566,\n    \"53\": 0,\n    \"54\": 0,\n    \"55\": 0,\n    \"56\": 0,\n    \"57\": 0,\n    \"58\": 0,\n    \"59\": 0,\n    \"60\": 0,\n    \"61\": 0,\n    \"62\": 0,\n    \"63\": 0,\n    \"64\": 0,\n    \"65\": 0.00283,\n    \"66\": 0,\n    \"67\": 0,\n    \"68\": 0.02547,\n    \"69\": 0,\n    \"70\": 0,\n    \"71\": 0,\n    \"72\": 0,\n    \"73\": 0,\n    \"74\": 0.00566,\n    \"75\": 0,\n    \"76\": 0,\n    \"77\": 0.0283,\n    \"78\": 0.00566,\n    \"79\": 0.00283,\n    \"80\": 0.00283,\n    \"81\": 0.00283,\n    \"82\": 0.00849,\n    \"83\": 0.12169,\n    \"84\": 0.10188,\n    \"85\": 0.00283,\n    \"86\": 0,\n    \"3.5\": 0,\n    \"3.6\": 0\n  },\n  D: {\n    \"4\": 0,\n    \"5\": 0,\n    \"6\": 0,\n    \"7\": 0,\n    \"8\": 0,\n    \"9\": 0,\n    \"10\": 0,\n    \"11\": 0,\n    \"12\": 0,\n    \"13\": 0,\n    \"14\": 0,\n    \"15\": 0,\n    \"16\": 0,\n    \"17\": 0,\n    \"18\": 0,\n    \"19\": 0,\n    \"20\": 0,\n    \"21\": 0,\n    \"22\": 0.02264,\n    \"23\": 0,\n    \"24\": 0,\n    \"25\": 0.00283,\n    \"26\": 0.00849,\n    \"27\": 0,\n    \"28\": 0,\n    \"29\": 0,\n    \"30\": 0,\n    \"31\": 0,\n    \"32\": 0,\n    \"33\": 0,\n    \"34\": 0.01415,\n    \"35\": 0,\n    \"36\": 0,\n    \"37\": 0,\n    \"38\": 0.02547,\n    \"39\": 0,\n    \"40\": 0,\n    \"41\": 0,\n    \"42\": 0.00283,\n    \"43\": 0.00283,\n    \"44\": 0,\n    \"45\": 0,\n    \"46\": 0.00283,\n    \"47\": 0.00849,\n    \"48\": 0,\n    \"49\": 0.06792,\n    \"50\": 0,\n    \"51\": 0,\n    \"52\": 0,\n    \"53\": 0.01698,\n    \"54\": 0,\n    \"55\": 0.00283,\n    \"56\": 0.00283,\n    \"57\": 0,\n    \"58\": 0.00283,\n    \"59\": 0.00283,\n    \"60\": 0,\n    \"61\": 0.00283,\n    \"62\": 0.00283,\n    \"63\": 0.00566,\n    \"64\": 0.00283,\n    \"65\": 0.00283,\n    \"66\": 0.00283,\n    \"67\": 0.00283,\n    \"68\": 0.00566,\n    \"69\": 0.00283,\n    \"70\": 0.00849,\n    \"71\": 0.01981,\n    \"72\": 0.00849,\n    \"73\": 0.00566,\n    \"74\": 0.00566,\n    \"75\": 0.00849,\n    \"76\": 0.00566,\n    \"77\": 0.00566,\n    \"78\": 0.00566,\n    \"79\": 0.01698,\n    \"80\": 0.01415,\n    \"81\": 0.01698,\n    \"83\": 0.01981,\n    \"84\": 0.03679,\n    \"85\": 0.04811,\n    \"86\": 0.7358,\n    \"87\": 4.86477,\n    \"88\": 0.00283,\n    \"89\": 0.00283,\n    \"90\": 0\n  },\n  F: {\n    \"9\": 0,\n    \"11\": 0,\n    \"12\": 0,\n    \"15\": 0,\n    \"16\": 0,\n    \"17\": 0,\n    \"18\": 0,\n    \"19\": 0,\n    \"20\": 0,\n    \"21\": 0,\n    \"22\": 0,\n    \"23\": 0,\n    \"24\": 0,\n    \"25\": 0,\n    \"26\": 0,\n    \"27\": 0,\n    \"28\": 0,\n    \"29\": 0,\n    \"30\": 0,\n    \"31\": 0.00283,\n    \"32\": 0.00283,\n    \"33\": 0,\n    \"34\": 0,\n    \"35\": 0,\n    \"36\": 0.00283,\n    \"37\": 0,\n    \"38\": 0,\n    \"39\": 0,\n    \"40\": 0.00849,\n    \"41\": 0,\n    \"42\": 0,\n    \"43\": 0,\n    \"44\": 0,\n    \"45\": 0,\n    \"46\": 0.00283,\n    \"47\": 0,\n    \"48\": 0,\n    \"49\": 0,\n    \"50\": 0,\n    \"51\": 0,\n    \"52\": 0,\n    \"53\": 0,\n    \"54\": 0.00283,\n    \"55\": 0,\n    \"56\": 0,\n    \"57\": 0,\n    \"58\": 0,\n    \"60\": 0,\n    \"62\": 0,\n    \"63\": 0,\n    \"64\": 0,\n    \"65\": 0,\n    \"66\": 0,\n    \"67\": 0,\n    \"68\": 0,\n    \"69\": 0,\n    \"70\": 0,\n    \"71\": 0.06226,\n    \"72\": 0.20942,\n    \"9.5-9.6\": 0,\n    \"10.0-10.1\": 0,\n    \"10.5\": 0,\n    \"10.6\": 0,\n    \"11.1\": 0,\n    \"11.5\": 0,\n    \"11.6\": 0.00283,\n    \"12.1\": 0\n  },\n  E: {\n    \"4\": 0,\n    \"5\": 0,\n    \"6\": 0,\n    \"7\": 0,\n    \"8\": 0,\n    \"9\": 0,\n    \"10\": 0,\n    \"11\": 0,\n    \"12\": 0,\n    \"13\": 0.00566,\n    \"14\": 0.11037,\n    _: \"0\",\n    \"3.1\": 0,\n    \"3.2\": 0,\n    \"5.1\": 0.08207,\n    \"6.1\": 0,\n    \"7.1\": 0,\n    \"9.1\": 0,\n    \"10.1\": 0.00283,\n    \"11.1\": 0.00283,\n    \"12.1\": 0.00566,\n    \"13.1\": 0.03113\n  },\n  G: {\n    \"8\": 0,\n    \"3.2\": 0,\n    \"4.0-4.1\": 0,\n    \"4.2-4.3\": 0,\n    \"5.0-5.1\": 0.00132,\n    \"6.0-6.1\": 0.00526,\n    \"7.0-7.1\": 0.10132,\n    \"8.1-8.4\": 0.01711,\n    \"9.0-9.2\": 0.01184,\n    \"9.3\": 0.24607,\n    \"10.0-10.2\": 0.04737,\n    \"10.3\": 0.26054,\n    \"11.0-11.2\": 0.11843,\n    \"11.3-11.4\": 0.18291,\n    \"12.0-12.1\": 0.11448,\n    \"12.2-12.4\": 2.79229,\n    \"13.0-13.1\": 0.06974,\n    \"13.2\": 0.02632,\n    \"13.3\": 0.26975,\n    \"13.4-13.7\": 1.33825,\n    \"14.0-14.3\": 7.46233\n  },\n  B: {\n    \"12\": 0.00283,\n    \"13\": 0.00283,\n    \"14\": 0.00283,\n    \"15\": 0.00283,\n    \"16\": 0.00283,\n    \"17\": 0.00566,\n    \"18\": 0.02264,\n    \"79\": 0,\n    \"80\": 0,\n    \"81\": 0,\n    \"83\": 0,\n    \"84\": 0.00283,\n    \"85\": 0.00283,\n    \"86\": 0.00566,\n    \"87\": 0.33394\n  },\n  I: {\n    \"3\": 0,\n    \"4\": 0.00102,\n    \"81\": 0,\n    \"2.1\": 0,\n    \"2.2\": 0,\n    \"2.3\": 0,\n    \"4.1\": 0.00763,\n    \"4.2-4.3\": 0.02822,\n    \"4.4\": 0,\n    \"4.4.3-4.4.4\": 0.07577\n  },\n  P: {\n    \"4\": 0.74371,\n    \"5.0-5.4\": 0.05094,\n    \"6.2-6.4\": 0.04075,\n    \"7.2-7.4\": 0.26488,\n    \"8.2\": 0.04075,\n    \"9.2\": 0.19357,\n    \"10.1\": 0.11207,\n    \"11.1-11.2\": 0.31582,\n    \"12.0\": 0.85577,\n    \"13.0\": 3.82041\n  },\n  K: {\n    _: \"0 10 11 12 11.1 11.5 12.1\"\n  },\n  A: {\n    \"6\": 0,\n    \"7\": 0,\n    \"8\": 0.00283,\n    \"9\": 0.00283,\n    \"10\": 0,\n    \"11\": 0.18961,\n    \"5.5\": 0\n  },\n  N: {\n    \"10\": 0,\n    \"11\": 0\n  },\n  J: {\n    \"7\": 0,\n    \"10\": 0\n  },\n  O: {\n    \"0\": 0.15774\n  },\n  H: {\n    \"0\": 0.59056\n  },\n  L: {\n    \"0\": 67.78003\n  },\n  S: {\n    \"2.5\": 0.00717\n  },\n  R: {\n    _: \"0\"\n  },\n  M: {\n    \"0\": 0.38001\n  },\n  Q: {\n    \"10.4\": 0\n  }\n};","map":{"version":3,"sources":["/Users/bruceseymour/ra-video/client/node_modules/caniuse-lite/data/regions/TR.js"],"names":["module","exports","C","D","F","E","_","G","B","I","P","K","A","N","J","O","H","L","S","R","M","Q"],