{"ast":null,"code":"module.exports = {\n  D: {\n    \"11\": 0.080201,\n    \"21\": 0.051037,\n    \"22\": 0.080201,\n    \"24\": 0.029164,\n    \"26\": 0.131238,\n    \"28\": 0.102074,\n    \"31\": 0.51037,\n    \"32\": 0.306222,\n    \"33\": 2.223755,\n    \"34\": 0.204148,\n    \"35\": 1.407163,\n    \"36\": 28.87236,\n    \"38\": 0.080201,\n    _: \"4 5 6 7 8 9 10 12 13 14 15 16 17 18 19 20 23 25 27 29 30 37 39 40\"\n  },\n  C: {\n    \"10\": 0.029164,\n    \"12\": 0.051037,\n    \"21\": 0.029164,\n    \"26\": 0.051037,\n    \"27\": 0.029164,\n    \"29\": 0.029164,\n    \"30\": 4.031923,\n    \"31\": 10.827135,\n    \"32\": 0.051037,\n    _: \"2 3 4 5 6 7 8 9 11 13 14 15 16 17 18 19 20 22 23 24 25 28 33 34 3.5 3.6\"\n  },\n  F: {\n    \"21\": 0.051037,\n    \"23\": 0.051037,\n    \"24\": 0.051037,\n    _: \"9 11 12 15 16 17 18 19 20 22 25 9.5-9.6 10.5 10.6 11.1 11.5 11.6\",\n    \"10.0-10.1\": 0,\n    \"12.1\": 0.539534\n  },\n  E: {\n    \"4\": 0,\n    \"5\": 0.233312,\n    \"6\": 0.102074,\n    \"7\": 6.05153,\n    \"8\": 0.029164,\n    _: \"3.1 3.2\",\n    \"5.1\": 0.765555,\n    \"6.1\": 0.561407\n  },\n  I: {\n    \"3\": 0,\n    \"4\": 0.648893454545,\n    \"2.1\": 0.00612163636364,\n    \"2.2\": 0.0428514545455,\n    \"2.3\": 0.832542545455,\n    \"4.1\": 1.62223363636,\n    \"4.2-4.3\": 1.69569327273,\n    \"4.4\": 1.279422,\n    _: \"4.4.3\"\n  },\n  K: {\n    \"10\": 0,\n    \"11\": 0,\n    \"12\": 0.0000648307692308,\n    _: \"0\",\n    \"11.1\": 0,\n    \"11.5\": 0,\n    \"12.1\": 0.000356569230769\n  },\n  A: {\n    \"8\": 1.4582,\n    \"9\": 2.47894,\n    \"10\": 1.633184,\n    \"11\": 9.471009,\n    _: \"6 7 5.5\"\n  },\n  G: {\n    \"8\": 0,\n    \"3.2\": 0,\n    \"4.0-4.1\": 0,\n    \"4.2-4.3\": 0,\n    \"5.0-5.1\": 0.0939043474576,\n    \"6.0-6.1\": 0.473354567797,\n    \"7.0-7.1\": 8.93049508475\n  },\n  J: {\n    \"7\": 0.40838175,\n    _: \"10\"\n  },\n  M: {\n    \"0\": 0.051471\n  },\n  N: {\n    \"10\": 0.09419193\n  },\n  H: {\n    \"5.0-7.0\": 0.0239596\n  },\n  L: {\n    \"0\": 8.88552\n  }\n};","map":{"version":3,"sources":["/Users/bruceseymour/ra-video/client/node_modules/caniuse-lite/data/regions/AN.js"],"names":["module","exports","D","_","C","F","E","I","K","A","G","J","M","N","H","L"],"mappings":"AAAAA,MAAM,CAACC,OAAP,GAAe;AAACC,EAAAA,CAAC,EAAC;AAAC,UAAK,QAAN;AAAe,UAAK,QAApB;AAA6B,UAAK,QAAlC;AAA2C,UAAK,QAAhD;AAAyD,UAAK,QAA9D;AAAuE,UAAK,QAA5E;AAAqF,UAAK,OAA1F;AAAkG,UAAK,QAAvG;AAAgH,UAAK,QAArH;AAA8H,UAAK,QAAnI;AAA4I,UAAK,QAAjJ;AAA0J,UAAK,QAA/J;AAAwK,UAAK,QAA7K;AAAsLC,IAAAA,CAAC,EAAC;AAAxL,GAAH;AAAgQC,EAAAA,CAAC,EAAC;AAAC,UAAK,QAAN;AAAe,UAAK,QAApB;AAA6B,UAAK,QAAlC;AAA2C,UAAK,QAAhD;AAAyD,UAAK,QAA9D;AAAuE,UAAK,QAA5E;AAAqF,UAAK,QAA1F;AAAmG,UAAK,SAAxG;AAAkH,UAAK,QAAvH;AAAgID,IAAAA,CAAC,EAAC;AAAlI,GAAlQ;AAA+cE,EAAAA,CAAC,EAAC;AAAC,UAAK,QAAN;AAAe,UAAK,QAApB;AAA6B,UAAK,QAAlC;AAA2CF,IAAAA,CAAC,EAAC,kEAA7C;AAAgH,iBAAY,CAA5H;AAA8H,YAAO;AAArI,GAAjd;AAAgmBG,EAAAA,CAAC,EAAC;AAAC,SAAI,CAAL;AAAO,SAAI,QAAX;AAAoB,SAAI,QAAxB;AAAiC,SAAI,OAArC;AAA6C,SAAI,QAAjD;AAA0DH,IAAAA,CAAC,EAAC,SAA5D;AAAsE,WAAM,QAA5E;AAAqF,WAAM;AAA3F,GAAlmB;AAAusBI,EAAAA,CAAC,EAAC;AAAC,SAAI,CAAL;AAAO,SAAI,cAAX;AAA0B,WAAM,gBAAhC;AAAiD,WAAM,eAAvD;AAAuE,WAAM,cAA7E;AAA4F,WAAM,aAAlG;AAAgH,eAAU,aAA1H;AAAwI,WAAM,QAA9I;AAAuJJ,IAAAA,CAAC,EAAC;AAAzJ,GAAzsB;AAA22BK,EAAAA,CAAC,EAAC;AAAC,UAAK,CAAN;AAAQ,UAAK,CAAb;AAAe,UAAK,kBAApB;AAAuCL,IAAAA,CAAC,EAAC,GAAzC;AAA6C,YAAO,CAApD;AAAsD,YAAO,CAA7D;AAA+D,YAAO;AAAtE,GAA72B;AAAs8BM,EAAAA,CAAC,EAAC;AAAC,SAAI,MAAL;AAAY,SAAI,OAAhB;AAAwB,UAAK,QAA7B;AAAsC,UAAK,QAA3C;AAAoDN,IAAAA,CAAC,EAAC;AAAtD,GAAx8B;AAAygCO,EAAAA,CAAC,EAAC;AAAC,SAAI,CAAL;AAAO,WAAM,CAAb;AAAe,eAAU,CAAzB;AAA2B,eAAU,CAArC;AAAuC,eAAU,eAAjD;AAAiE,eAAU,cAA3E;AAA0F,eAAU;AAApG,GAA3gC;AAA8nCC,EAAAA,CAAC,EAAC;AAAC,SAAI,UAAL;AAAgBR,IAAAA,CAAC,EAAC;AAAlB,GAAhoC;AAAwpCS,EAAAA,CAAC,EAAC;AAAC,SAAI;AAAL,GAA1pC;AAAyqCC,EAAAA,CAAC,EAAC;AAAC,UAAK;AAAN,GAA3qC;AAA6rCC,EAAAA,CAAC,EAAC;AAAC,eAAU;AAAX,GAA/rC;AAAqtCC,EAAAA,CAAC,EAAC;AAAC,SAAI;AAAL;AAAvtC,CAAf","sourcesContent":["module.exports={D:{\"11\":0.080201,\"21\":0.051037,\"22\":0.080201,\"24\":0.029164,\"26\":0.131238,\"28\":0.102074,\"31\":0.51037,\"32\":0.306222,\"33\":2.223755,\"34\":0.204148,\"35\":1.407163,\"36\":28.87236,\"38\":0.080201,_:\"4 5 6 7 8 9 10 12 13 14 15 16 17 18 19 20 23 25 27 29 30 37 39 40\"},C:{\"10\":0.029164,\"12\":0.051037,\"21\":0.029164,\"26\":0.051037,\"27\":0.029164,\"29\":0.029164,\"30\":4.031923,\"31\":10.827135,\"32\":0.051037,_:\"2 3 4 5 6 7 8 9 11 13 14 15 16 17 18 19 20 22 23 24 25 28 33 34 3.5 3.6\"},F:{\"21\":0.051037,\"23\":0.051037,\"24\":0.051037,_:\"9 11 12 15 16 17 18 19 20 22 25 9.5-9.6 10.5 10.6 11.1 11.5 11.6\",\"10.0-10.1\":0,\"12.1\":0.539534},E:{\"4\":0,\"5\":0.233312,\"6\":0.102074,\"7\":6.05153,\"8\":0.029164,_:\"3.1 3.2\",\"5.1\":0.765555,\"6.1\":0.561407},I:{\"3\":0,\"4\":0.648893454545,\"2.1\":0.00612163636364,\"2.2\":0.0428514545455,\"2.3\":0.832542545455,\"4.1\":1.62223363636,\"4.2-4.3\":1.69569327273,\"4.4\":1.279422,_:\"4.4.3\"},K:{\"10\":0,\"11\":0,\"12\":0.0000648307692308,_:\"0\",\"11.1\":0,\"11.5\":0,\"12.1\":0.000356569230769},A:{\"8\":1.4582,\"9\":2.47894,\"10\":1.633184,\"11\":9.471009,_:\"6 7 5.5\"},G:{\"8\":0,\"3.2\":0,\"4.0-4.1\":0,\"4.2-4.3\":0,\"5.0-5.1\":0.0939043474576,\"6.0-6.1\":0.473354567797,\"7.0-7.1\":8.93049508475},J:{\"7\":0.40838175,_:\"10\"},M:{\"0\":0.051471},N:{\"10\":0.09419193},H:{\"5.0-7.0\":0.0239596},L:{\"0\":8.88552}};\n"]},"metadata":{},"sourceType":"script"}