{"ast":null,"code":"module.exports = {\n  C: {\n    \"48\": 0.01467,\n    \"52\": 0.05379,\n    \"54\": 0.00489,\n    \"56\": 0.00978,\n    \"60\": 0.00978,\n    \"65\": 0.00489,\n    \"66\": 0.01467,\n    \"68\": 0.01467,\n    \"71\": 0.00489,\n    \"72\": 0.01467,\n    \"74\": 0.00489,\n    \"76\": 0.00978,\n    \"77\": 0.01467,\n    \"78\": 0.11736,\n    \"79\": 0.01467,\n    \"80\": 0.01956,\n    \"81\": 0.03912,\n    \"82\": 0.10269,\n    \"83\": 1.60392,\n    \"84\": 0.99756,\n    \"85\": 0.00978,\n    _: \"2 3 4 5 6 7 8 9 10 11 12 13 14 15 16 17 18 19 20 21 22 23 24 25 26 27 28 29 30 31 32 33 34 35 36 37 38 39 40 41 42 43 44 45 46 47 49 50 51 53 55 57 58 59 61 62 63 64 67 69 70 73 75 86 3.5 3.6\"\n  },\n  D: {\n    \"26\": 0.00489,\n    \"34\": 0.01467,\n    \"38\": 0.03912,\n    \"40\": 0.01467,\n    \"46\": 0.06357,\n    \"47\": 0.00489,\n    \"48\": 0.00489,\n    \"49\": 0.43032,\n    \"52\": 0.00489,\n    \"53\": 0.05868,\n    \"55\": 0.00978,\n    \"56\": 0.00978,\n    \"57\": 0.00978,\n    \"58\": 0.01467,\n    \"59\": 0.01956,\n    \"60\": 0.00978,\n    \"61\": 0.01956,\n    \"62\": 0.00489,\n    \"63\": 0.02445,\n    \"64\": 0.01956,\n    \"65\": 0.05379,\n    \"66\": 0.01956,\n    \"67\": 0.05379,\n    \"68\": 0.03423,\n    \"69\": 0.05868,\n    \"70\": 0.05379,\n    \"71\": 0.04401,\n    \"72\": 0.06846,\n    \"73\": 0.0489,\n    \"74\": 0.08313,\n    \"75\": 0.0489,\n    \"76\": 0.06357,\n    \"77\": 0.03912,\n    \"78\": 0.05868,\n    \"79\": 0.10269,\n    \"80\": 0.17604,\n    \"81\": 0.10758,\n    \"83\": 0.13203,\n    \"84\": 0.35208,\n    \"85\": 0.51345,\n    \"86\": 5.87778,\n    \"87\": 21.11013,\n    \"88\": 0.02934,\n    \"89\": 0.00978,\n    _: \"4 5 6 7 8 9 10 11 12 13 14 15 16 17 18 19 20 21 22 23 24 25 27 28 29 30 31 32 33 35 36 37 39 41 42 43 44 45 50 51 54 90\"\n  },\n  F: {\n    \"71\": 0.0489,\n    \"72\": 0.2445,\n    _: \"9 11 12 15 16 17 18 19 20 21 22 23 24 25 26 27 28 29 30 31 32 33 34 35 36 37 38 39 40 41 42 43 44 45 46 47 48 49 50 51 52 53 54 55 56 57 58 60 62 63 64 65 66 67 68 69 70 9.5-9.6 10.5 10.6 11.1 11.5 11.6 12.1\",\n    \"10.0-10.1\": 0\n  },\n  E: {\n    \"4\": 0,\n    \"5\": 0.00489,\n    \"8\": 0.01467,\n    \"10\": 0.00489,\n    \"11\": 0.03423,\n    \"12\": 0.0489,\n    \"13\": 0.3423,\n    \"14\": 5.51103,\n    _: \"0 6 7 9 3.1 3.2 6.1 7.1\",\n    \"5.1\": 0.00978,\n    \"9.1\": 0.02445,\n    \"10.1\": 0.07335,\n    \"11.1\": 0.15648,\n    \"12.1\": 0.27873,\n    \"13.1\": 1.70172\n  },\n  G: {\n    \"8\": 0.0048,\n    \"3.2\": 0,\n    \"4.0-4.1\": 0,\n    \"4.2-4.3\": 0,\n    \"5.0-5.1\": 0.0144,\n    \"6.0-6.1\": 0.03121,\n    \"7.0-7.1\": 0.07202,\n    \"8.1-8.4\": 0.10803,\n    \"9.0-9.2\": 0.03601,\n    \"9.3\": 0.51376,\n    \"10.0-10.2\": 0.07202,\n    \"10.3\": 0.51616,\n    \"11.0-11.2\": 0.20886,\n    \"11.3-11.4\": 0.26168,\n    \"12.0-12.1\": 0.27128,\n    \"12.2-12.4\": 2.24229,\n    \"13.0-13.1\": 0.13684,\n    \"13.2\": 0.06242,\n    \"13.3\": 0.51136,\n    \"13.4-13.7\": 2.63122,\n    \"14.0-14.3\": 16.27704\n  },\n  B: {\n    \"14\": 0.00978,\n    \"15\": 0.00978,\n    \"16\": 0.01467,\n    \"17\": 0.03423,\n    \"18\": 0.25917,\n    \"80\": 0.00978,\n    \"83\": 0.00489,\n    \"84\": 0.00978,\n    \"85\": 0.01956,\n    \"86\": 0.10758,\n    \"87\": 4.0587,\n    _: \"12 13 79 81\"\n  },\n  I: {\n    \"3\": 0,\n    \"4\": 0.00451,\n    \"81\": 0,\n    \"2.1\": 0,\n    \"2.2\": 0,\n    \"2.3\": 0,\n    \"4.1\": 0.00601,\n    \"4.2-4.3\": 0.01653,\n    \"4.4\": 0,\n    \"4.4.3-4.4.4\": 0.10068\n  },\n  P: {\n    \"4\": 0.11908,\n    \"5.0-5.4\": 0.01022,\n    \"6.2-6.4\": 0.02045,\n    \"7.2-7.4\": 0.11245,\n    \"8.2\": 0.01083,\n    \"9.2\": 0.07578,\n    \"10.1\": 0.05413,\n    \"11.1-11.2\": 0.12991,\n    \"12.0\": 0.38972,\n    \"13.0\": 3.22602\n  },\n  K: {\n    _: \"0 10 11 12 11.1 11.5 12.1\"\n  },\n  A: {\n    \"6\": 0.04901,\n    \"8\": 0.00817,\n    \"9\": 0.01634,\n    \"11\": 1.41305,\n    _: \"7 10 5.5\"\n  },\n  N: {\n    \"10\": 0,\n    \"11\": 0\n  },\n  J: {\n    \"7\": 0,\n    \"10\": 0\n  },\n  O: {\n    \"0\": 0.24012\n  },\n  H: {\n    \"0\": 0.27086\n  },\n  L: {\n    \"0\": 22.35895\n  },\n  S: {\n    \"2.5\": 0\n  },\n  R: {\n    _: \"0\"\n  },\n  M: {\n    \"0\": 0.41894\n  },\n  Q: {\n    \"10.4\": 0.10729\n  }\n};","map":{"version":3,"sources":["/Users/bruceseymour/ra-video/client/node_modules/caniuse-lite/data/regions/alt-oc.js"],"names":["module","exports","C","_","D","F","E","G","B","I","P","K","A","N","J","O","H","L","S","R","M","Q"],"mappings":"AAAAA,MAAM,CAACC,OAAP,GAAe;AAACC,EAAAA,CAAC,EAAC;AAAC,UAAK,OAAN;AAAc,UAAK,OAAnB;AAA2B,UAAK,OAAhC;AAAwC,UAAK,OAA7C;AAAqD,UAAK,OAA1D;AAAkE,UAAK,OAAvE;AAA+E,UAAK,OAApF;AAA4F,UAAK,OAAjG;AAAyG,UAAK,OAA9G;AAAsH,UAAK,OAA3H;AAAmI,UAAK,OAAxI;AAAgJ,UAAK,OAArJ;AAA6J,UAAK,OAAlK;AAA0K,UAAK,OAA/K;AAAuL,UAAK,OAA5L;AAAoM,UAAK,OAAzM;AAAiN,UAAK,OAAtN;AAA8N,UAAK,OAAnO;AAA2O,UAAK,OAAhP;AAAwP,UAAK,OAA7P;AAAqQ,UAAK,OAA1Q;AAAkRC,IAAAA,CAAC,EAAC;AAApR,GAAH;AAA0dC,EAAAA,CAAC,EAAC;AAAC,UAAK,OAAN;AAAc,UAAK,OAAnB;AAA2B,UAAK,OAAhC;AAAwC,UAAK,OAA7C;AAAqD,UAAK,OAA1D;AAAkE,UAAK,OAAvE;AAA+E,UAAK,OAApF;AAA4F,UAAK,OAAjG;AAAyG,UAAK,OAA9G;AAAsH,UAAK,OAA3H;AAAmI,UAAK,OAAxI;AAAgJ,UAAK,OAArJ;AAA6J,UAAK,OAAlK;AAA0K,UAAK,OAA/K;AAAuL,UAAK,OAA5L;AAAoM,UAAK,OAAzM;AAAiN,UAAK,OAAtN;AAA8N,UAAK,OAAnO;AAA2O,UAAK,OAAhP;AAAwP,UAAK,OAA7P;AAAqQ,UAAK,OAA1Q;AAAkR,UAAK,OAAvR;AAA+R,UAAK,OAApS;AAA4S,UAAK,OAAjT;AAAyT,UAAK,OAA9T;AAAsU,UAAK,OAA3U;AAAmV,UAAK,OAAxV;AAAgW,UAAK,OAArW;AAA6W,UAAK,MAAlX;AAAyX,UAAK,OAA9X;AAAsY,UAAK,MAA3Y;AAAkZ,UAAK,OAAvZ;AAA+Z,UAAK,OAApa;AAA4a,UAAK,OAAjb;AAAyb,UAAK,OAA9b;AAAsc,UAAK,OAA3c;AAAmd,UAAK,OAAxd;AAAge,UAAK,OAAre;AAA6e,UAAK,OAAlf;AAA0f,UAAK,OAA/f;AAAugB,UAAK,OAA5gB;AAAohB,UAAK,QAAzhB;AAAkiB,UAAK,OAAviB;AAA+iB,UAAK,OAApjB;AAA4jBD,IAAAA,CAAC,EAAC;AAA9jB,GAA5d;AAAqpCE,EAAAA,CAAC,EAAC;AAAC,UAAK,MAAN;AAAa,UAAK,MAAlB;AAAyBF,IAAAA,CAAC,EAAC,iNAA3B;AAA6O,iBAAY;AAAzP,GAAvpC;AAAm5CG,EAAAA,CAAC,EAAC;AAAC,SAAI,CAAL;AAAO,SAAI,OAAX;AAAmB,SAAI,OAAvB;AAA+B,UAAK,OAApC;AAA4C,UAAK,OAAjD;AAAyD,UAAK,MAA9D;AAAqE,UAAK,MAA1E;AAAiF,UAAK,OAAtF;AAA8FH,IAAAA,CAAC,EAAC,yBAAhG;AAA0H,WAAM,OAAhI;AAAwI,WAAM,OAA9I;AAAsJ,YAAO,OAA7J;AAAqK,YAAO,OAA5K;AAAoL,YAAO,OAA3L;AAAmM,YAAO;AAA1M,GAAr5C;AAAwmDI,EAAAA,CAAC,EAAC;AAAC,SAAI,MAAL;AAAY,WAAM,CAAlB;AAAoB,eAAU,CAA9B;AAAgC,eAAU,CAA1C;AAA4C,eAAU,MAAtD;AAA6D,eAAU,OAAvE;AAA+E,eAAU,OAAzF;AAAiG,eAAU,OAA3G;AAAmH,eAAU,OAA7H;AAAqI,WAAM,OAA3I;AAAmJ,iBAAY,OAA/J;AAAuK,YAAO,OAA9K;AAAsL,iBAAY,OAAlM;AAA0M,iBAAY,OAAtN;AAA8N,iBAAY,OAA1O;AAAkP,iBAAY,OAA9P;AAAsQ,iBAAY,OAAlR;AAA0R,YAAO,OAAjS;AAAyS,YAAO,OAAhT;AAAwT,iBAAY,OAApU;AAA4U,iBAAY;AAAxV,GAA1mD;AAA48DC,EAAAA,CAAC,EAAC;AAAC,UAAK,OAAN;AAAc,UAAK,OAAnB;AAA2B,UAAK,OAAhC;AAAwC,UAAK,OAA7C;AAAqD,UAAK,OAA1D;AAAkE,UAAK,OAAvE;AAA+E,UAAK,OAApF;AAA4F,UAAK,OAAjG;AAAyG,UAAK,OAA9G;AAAsH,UAAK,OAA3H;AAAmI,UAAK,MAAxI;AAA+IL,IAAAA,CAAC,EAAC;AAAjJ,GAA98D;AAA8mEM,EAAAA,CAAC,EAAC;AAAC,SAAI,CAAL;AAAO,SAAI,OAAX;AAAmB,UAAK,CAAxB;AAA0B,WAAM,CAAhC;AAAkC,WAAM,CAAxC;AAA0C,WAAM,CAAhD;AAAkD,WAAM,OAAxD;AAAgE,eAAU,OAA1E;AAAkF,WAAM,CAAxF;AAA0F,mBAAc;AAAxG,GAAhnE;AAAiuEC,EAAAA,CAAC,EAAC;AAAC,SAAI,OAAL;AAAa,eAAU,OAAvB;AAA+B,eAAU,OAAzC;AAAiD,eAAU,OAA3D;AAAmE,WAAM,OAAzE;AAAiF,WAAM,OAAvF;AAA+F,YAAO,OAAtG;AAA8G,iBAAY,OAA1H;AAAkI,YAAO,OAAzI;AAAiJ,YAAO;AAAxJ,GAAnuE;AAAo4EC,EAAAA,CAAC,EAAC;AAACR,IAAAA,CAAC,EAAC;AAAH,GAAt4E;AAAs6ES,EAAAA,CAAC,EAAC;AAAC,SAAI,OAAL;AAAa,SAAI,OAAjB;AAAyB,SAAI,OAA7B;AAAqC,UAAK,OAA1C;AAAkDT,IAAAA,CAAC,EAAC;AAApD,GAAx6E;AAAw+EU,EAAAA,CAAC,EAAC;AAAC,UAAK,CAAN;AAAQ,UAAK;AAAb,GAA1+E;AAA0/EC,EAAAA,CAAC,EAAC;AAAC,SAAI,CAAL;AAAO,UAAK;AAAZ,GAA5/E;AAA2gFC,EAAAA,CAAC,EAAC;AAAC,SAAI;AAAL,GAA7gF;AAA2hFC,EAAAA,CAAC,EAAC;AAAC,SAAI;AAAL,GAA7hF;AAA2iFC,EAAAA,CAAC,EAAC;AAAC,SAAI;AAAL,GAA7iF;AAA4jFC,EAAAA,CAAC,EAAC;AAAC,WAAM;AAAP,GAA9jF;AAAwkFC,EAAAA,CAAC,EAAC;AAAChB,IAAAA,CAAC,EAAC;AAAH,GAA1kF;AAAklFiB,EAAAA,CAAC,EAAC;AAAC,SAAI;AAAL,GAAplF;AAAkmFC,EAAAA,CAAC,EAAC;AAAC,YAAO;AAAR;AAApmF,CAAf",