{"ast":null,"code":"module.exports = {\n  C: {\n    \"2\": 0,\n    \"3\": 0,\n    \"4\": 0,\n    \"5\": 0,\n    \"6\": 0,\n    \"7\": 0,\n    \"8\": 0,\n    \"9\": 0,\n    \"10\": 0.00181,\n    \"11\": 0,\n    \"12\": 0,\n    \"13\": 0,\n    \"14\": 0,\n    \"15\": 0,\n    \"16\": 0,\n    \"17\": 0,\n    \"18\": 0,\n    \"19\": 0,\n    \"20\": 0,\n    \"21\": 0,\n    \"22\": 0,\n    \"23\": 0,\n    \"24\": 0.00181,\n    \"25\": 0,\n    \"26\": 0,\n    \"27\": 0,\n    \"28\": 0,\n    \"29\": 0,\n    \"30\": 0,\n    \"31\": 0,\n    \"32\": 0.00362,\n    \"33\": 0,\n    \"34\": 0,\n    \"35\": 0.00543,\n    \"36\": 0,\n    \"37\": 0,\n    \"38\": 0,\n    \"39\": 0,\n    \"40\": 0,\n    \"41\": 0,\n    \"42\": 0,\n    \"43\": 0,\n    \"44\": 0,\n    \"45\": 0,\n    \"46\": 0,\n    \"47\": 0,\n    \"48\": 0,\n    \"49\": 0,\n    \"50\": 0,\n    \"51\": 0,\n    \"52\": 0,\n    \"53\": 0,\n    \"54\": 0,\n    \"55\": 0,\n    \"56\": 0,\n    \"57\": 0,\n    \"58\": 0,\n    \"59\": 0,\n    \"60\": 0,\n    \"61\": 0,\n    \"62\": 0,\n    \"63\": 0,\n    \"64\": 0,\n    \"65\": 0,\n    \"66\": 0,\n    \"67\": 0,\n    \"68\": 0.00362,\n    \"69\": 0,\n    \"70\": 0,\n    \"71\": 0,\n    \"72\": 0,\n    \"73\": 0.00543,\n    \"74\": 0,\n    \"75\": 0,\n    \"76\": 0,\n    \"77\": 0,\n    \"78\": 0.00362,\n    \"79\": 0,\n    \"80\": 0,\n    \"81\": 0.00362,\n    \"82\": 0.00543,\n    \"83\": 0.06512,\n    \"84\": 0.03799,\n    \"85\": 0.00181,\n    \"86\": 0,\n    \"3.5\": 0,\n    \"3.6\": 0\n  },\n  D: {\n    \"4\": 0,\n    \"5\": 0,\n    \"6\": 0,\n    \"7\": 0,\n    \"8\": 0,\n    \"9\": 0,\n    \"10\": 0,\n    \"11\": 0.00543,\n    \"12\": 0,\n    \"13\": 0,\n    \"14\": 0,\n    \"15\": 0,\n    \"16\": 0,\n    \"17\": 0,\n    \"18\": 0,\n    \"19\": 0,\n    \"20\": 0,\n    \"21\": 0,\n    \"22\": 0,\n    \"23\": 0,\n    \"24\": 0,\n    \"25\": 0,\n    \"26\": 0.00181,\n    \"27\": 0,\n    \"28\": 0,\n    \"29\": 0.00362,\n    \"30\": 0,\n    \"31\": 0,\n    \"32\": 0,\n    \"33\": 0.01628,\n    \"34\": 0,\n    \"35\": 0,\n    \"36\": 0,\n    \"37\": 0,\n    \"38\": 0,\n    \"39\": 0,\n    \"40\": 0,\n    \"41\": 0,\n    \"42\": 0,\n    \"43\": 0.00543,\n    \"44\": 0,\n    \"45\": 0,\n    \"46\": 0.00181,\n    \"47\": 0,\n    \"48\": 0,\n    \"49\": 0.00181,\n    \"50\": 0,\n    \"51\": 0,\n    \"52\": 0,\n    \"53\": 0,\n    \"54\": 0,\n    \"55\": 0,\n    \"56\": 0.00181,\n    \"57\": 0,\n    \"58\": 0,\n    \"59\": 0,\n    \"60\": 0,\n    \"61\": 0.00181,\n    \"62\": 0,\n    \"63\": 0.00543,\n    \"64\": 0.00543,\n    \"65\": 0,\n    \"66\": 0,\n    \"67\": 0,\n    \"68\": 0,\n    \"69\": 0,\n    \"70\": 0,\n    \"71\": 0,\n    \"72\": 0.00181,\n    \"73\": 0,\n    \"74\": 0,\n    \"75\": 0,\n    \"76\": 0,\n    \"77\": 0,\n    \"78\": 0,\n    \"79\": 0.00905,\n    \"80\": 0.00543,\n    \"81\": 0.02714,\n    \"83\": 0.00181,\n    \"84\": 0.0597,\n    \"85\": 0.00724,\n    \"86\": 0.37627,\n    \"87\": 1.3658,\n    \"88\": 0,\n    \"89\": 0.00181,\n    \"90\": 0\n  },\n  F: {\n    \"9\": 0,\n    \"11\": 0,\n    \"12\": 0,\n    \"15\": 0,\n    \"16\": 0,\n    \"17\": 0,\n    \"18\": 0,\n    \"19\": 0,\n    \"20\": 0,\n    \"21\": 0,\n    \"22\": 0,\n    \"23\": 0,\n    \"24\": 0,\n    \"25\": 0,\n    \"26\": 0.00543,\n    \"27\": 0,\n    \"28\": 0,\n    \"29\": 0,\n    \"30\": 0,\n    \"31\": 0,\n    \"32\": 0,\n    \"33\": 0,\n    \"34\": 0,\n    \"35\": 0,\n    \"36\": 0,\n    \"37\": 0,\n    \"38\": 0,\n    \"39\": 0,\n    \"40\": 0,\n    \"41\": 0,\n    \"42\": 0,\n    \"43\": 0.00181,\n    \"44\": 0,\n    \"45\": 0,\n    \"46\": 0,\n    \"47\": 0,\n    \"48\": 0,\n    \"49\": 0,\n    \"50\": 0,\n    \"51\": 0,\n    \"52\": 0,\n    \"53\": 0,\n    \"54\": 0,\n    \"55\": 0,\n    \"56\": 0,\n    \"57\": 0,\n    \"58\": 0,\n    \"60\": 0,\n    \"62\": 0,\n    \"63\": 0,\n    \"64\": 0,\n    \"65\": 0,\n    \"66\": 0,\n    \"67\": 0,\n    \"68\": 0.00362,\n    \"69\": 0,\n    \"70\": 0.0199,\n    \"71\": 0,\n    \"72\": 0.0398,\n    \"9.5-9.6\": 0,\n    \"10.0-10.1\": 0,\n    \"10.5\": 0,\n    \"10.6\": 0,\n    \"11.1\": 0,\n    \"11.5\": 0,\n    \"11.6\": 0,\n    \"12.1\": 0\n  },\n  E: {\n    \"4\": 0,\n    \"5\": 0,\n    \"6\": 0,\n    \"7\": 0,\n    \"8\": 0,\n    \"9\": 0,\n    \"10\": 0,\n    \"11\": 0.00181,\n    \"12\": 0,\n    \"13\": 0,\n    \"14\": 0.00724,\n    _: \"0\",\n    \"3.1\": 0,\n    \"3.2\": 0,\n    \"5.1\": 0.01085,\n    \"6.1\": 0,\n    \"7.1\": 0,\n    \"9.1\": 0,\n    \"10.1\": 0,\n    \"11.1\": 0,\n    \"12.1\": 0,\n    \"13.1\": 0.00181\n  },\n  G: {\n    \"8\": 0.03633,\n    \"3.2\": 0,\n    \"4.0-4.1\": 0,\n    \"4.2-4.3\": 0,\n    \"5.0-5.1\": 0.01013,\n    \"6.0-6.1\": 0,\n    \"7.0-7.1\": 0.05042,\n    \"8.1-8.4\": 0.01409,\n    \"9.0-9.2\": 0.1779,\n    \"9.3\": 0.04448,\n    \"10.0-10.2\": 0.00198,\n    \"10.3\": 0.03831,\n    \"11.0-11.2\": 0.01409,\n    \"11.3-11.4\": 0.14356,\n    \"12.0-12.1\": 0.08697,\n    \"12.2-12.4\": 0.15148,\n    \"13.0-13.1\": 0.02224,\n    \"13.2\": 0.00198,\n    \"13.3\": 0.16579,\n    \"13.4-13.7\": 0.25695,\n    \"14.0-14.3\": 0.98244\n  },\n  B: {\n    \"12\": 0.07236,\n    \"13\": 0,\n    \"14\": 0.00181,\n    \"15\": 0.05246,\n    \"16\": 0.00181,\n    \"17\": 0.00362,\n    \"18\": 0.01266,\n    \"79\": 0,\n    \"80\": 0.00181,\n    \"81\": 0,\n    \"83\": 0,\n    \"84\": 0,\n    \"85\": 0.00181,\n    \"86\": 0.01085,\n    \"87\": 0.18271\n  },\n  I: {\n    \"3\": 0,\n    \"4\": 0,\n    \"81\": 0,\n    \"2.1\": 0,\n    \"2.2\": 0,\n    \"2.3\": 0,\n    \"4.1\": 0.00106,\n    \"4.2-4.3\": 0.00034,\n    \"4.4\": 0,\n    \"4.4.3-4.4.4\": 0.05127\n  },\n  P: {\n    \"4\": 0.85712,\n    \"5.0-5.4\": 0.28235,\n    \"6.2-6.4\": 0.08067,\n    \"7.2-7.4\": 0.87729,\n    \"8.2\": 0.02017,\n    \"9.2\": 0.34285,\n    \"10.1\": 0.07059,\n    \"11.1-11.2\": 0.3731,\n    \"12.0\": 0.95796,\n    \"13.0\": 1.06888\n  },\n  K: {\n    _: \"0 10 11 12 11.1 11.5 12.1\"\n  },\n  A: {\n    \"6\": 0,\n    \"7\": 0,\n    \"8\": 0.00362,\n    \"9\": 0,\n    \"10\": 0,\n    \"11\": 0.00724,\n    \"5.5\": 0\n  },\n  N: {\n    \"10\": 0,\n    \"11\": 0.00819\n  },\n  J: {\n    \"7\": 0,\n    \"10\": 0\n  },\n  O: {\n    \"0\": 0.58975\n  },\n  H: {\n    \"0\": 8.62324\n  },\n  L: {\n    \"0\": 77.46512\n  },\n  S: {\n    \"2.5\": 0.26211\n  },\n  R: {\n    _: \"0\"\n  },\n  M: {\n    \"0\": 0.0901\n  },\n  Q: {\n    \"10.4\": 0.00819\n  }\n};","map":{"version":3,"sources":["/Users/bruceseymour/ra-video/client/node_modules/caniuse-lite/data/regions/GW.js"],"names":["module","exports","C","D","F","E","_","G","B","I","P","K","A","N","J","O","H","L","S","R","M","Q"],