{"ast":null,"code":"module.exports = {\n  C: {\n    \"2\": 0,\n    \"3\": 0,\n    \"4\": 0,\n    \"5\": 0,\n    \"6\": 0,\n    \"7\": 0,\n    \"8\": 0,\n    \"9\": 0,\n    \"10\": 0,\n    \"11\": 0,\n    \"12\": 0,\n    \"13\": 0,\n    \"14\": 0,\n    \"15\": 0,\n    \"16\": 0,\n    \"17\": 0,\n    \"18\": 0,\n    \"19\": 0,\n    \"20\": 0,\n    \"21\": 0,\n    \"22\": 0,\n    \"23\": 0,\n    \"24\": 0,\n    \"25\": 0,\n    \"26\": 0,\n    \"27\": 0,\n    \"28\": 0,\n    \"29\": 0,\n    \"30\": 0,\n    \"31\": 0,\n    \"32\": 0,\n    \"33\": 0,\n    \"34\": 0,\n    \"35\": 0,\n    \"36\": 0,\n    \"37\": 0,\n    \"38\": 0,\n    \"39\": 0,\n    \"40\": 0,\n    \"41\": 0,\n    \"42\": 0,\n    \"43\": 0,\n    \"44\": 0,\n    \"45\": 0,\n    \"46\": 0,\n    \"47\": 0,\n    \"48\": 0,\n    \"49\": 0,\n    \"50\": 0,\n    \"51\": 0.00427,\n    \"52\": 0.01282,\n    \"53\": 0,\n    \"54\": 0,\n    \"55\": 0,\n    \"56\": 0.00855,\n    \"57\": 0,\n    \"58\": 0.00427,\n    \"59\": 0,\n    \"60\": 0,\n    \"61\": 0,\n    \"62\": 0,\n    \"63\": 0.00855,\n    \"64\": 0.00427,\n    \"65\": 0.01282,\n    \"66\": 0.31628,\n    \"67\": 0.00427,\n    \"68\": 0.00855,\n    \"69\": 0,\n    \"70\": 0,\n    \"71\": 0,\n    \"72\": 0.00427,\n    \"73\": 0.0171,\n    \"74\": 0,\n    \"75\": 0,\n    \"76\": 0,\n    \"77\": 0.00427,\n    \"78\": 0.0171,\n    \"79\": 0.00855,\n    \"80\": 0.02992,\n    \"81\": 0.02137,\n    \"82\": 0.02564,\n    \"83\": 0.39748,\n    \"84\": 0.2308,\n    \"85\": 0.00427,\n    \"86\": 0,\n    \"3.5\": 0,\n    \"3.6\": 0\n  },\n  D: {\n    \"4\": 0,\n    \"5\": 0,\n    \"6\": 0,\n    \"7\": 0,\n    \"8\": 0,\n    \"9\": 0,\n    \"10\": 0,\n    \"11\": 0,\n    \"12\": 0,\n    \"13\": 0,\n    \"14\": 0,\n    \"15\": 0,\n    \"16\": 0,\n    \"17\": 0,\n    \"18\": 0,\n    \"19\": 0,\n    \"20\": 0,\n    \"21\": 0,\n    \"22\": 0,\n    \"23\": 0,\n    \"24\": 0,\n    \"25\": 0,\n    \"26\": 0,\n    \"27\": 0,\n    \"28\": 0,\n    \"29\": 0,\n    \"30\": 0,\n    \"31\": 0,\n    \"32\": 0.00427,\n    \"33\": 0,\n    \"34\": 0,\n    \"35\": 0,\n    \"36\": 0,\n    \"37\": 0,\n    \"38\": 0.01282,\n    \"39\": 0,\n    \"40\": 0,\n    \"41\": 0,\n    \"42\": 0,\n    \"43\": 0,\n    \"44\": 0,\n    \"45\": 0,\n    \"46\": 0.00427,\n    \"47\": 0,\n    \"48\": 0.00427,\n    \"49\": 0.14104,\n    \"50\": 0.00427,\n    \"51\": 0,\n    \"52\": 0,\n    \"53\": 0.00855,\n    \"54\": 0,\n    \"55\": 0,\n    \"56\": 0.00427,\n    \"57\": 0,\n    \"58\": 0,\n    \"59\": 0.00855,\n    \"60\": 0,\n    \"61\": 0.01282,\n    \"62\": 0.00427,\n    \"63\": 0.00855,\n    \"64\": 0.00427,\n    \"65\": 0.00855,\n    \"66\": 0,\n    \"67\": 0.00427,\n    \"68\": 0.0171,\n    \"69\": 0.01282,\n    \"70\": 0.05556,\n    \"71\": 0.03419,\n    \"72\": 0.02564,\n    \"73\": 0.0171,\n    \"74\": 0.01282,\n    \"75\": 0.01282,\n    \"76\": 0.02992,\n    \"77\": 0.00855,\n    \"78\": 0.00855,\n    \"79\": 0.02992,\n    \"80\": 0.09403,\n    \"81\": 0.02992,\n    \"83\": 0.05129,\n    \"84\": 0.14532,\n    \"85\": 0.18806,\n    \"86\": 2.13273,\n    \"87\": 9.75754,\n    \"88\": 0.00427,\n    \"89\": 0.00855,\n    \"90\": 0\n  },\n  F: {\n    \"9\": 0,\n    \"11\": 0,\n    \"12\": 0,\n    \"15\": 0,\n    \"16\": 0,\n    \"17\": 0,\n    \"18\": 0,\n    \"19\": 0,\n    \"20\": 0,\n    \"21\": 0,\n    \"22\": 0,\n    \"23\": 0,\n    \"24\": 0,\n    \"25\": 0,\n    \"26\": 0,\n    \"27\": 0,\n    \"28\": 0,\n    \"29\": 0,\n    \"30\": 0,\n    \"31\": 0,\n    \"32\": 0,\n    \"33\": 0,\n    \"34\": 0,\n    \"35\": 0,\n    \"36\": 0,\n    \"37\": 0,\n    \"38\": 0,\n    \"39\": 0,\n    \"40\": 0,\n    \"41\": 0,\n    \"42\": 0,\n    \"43\": 0,\n    \"44\": 0,\n    \"45\": 0,\n    \"46\": 0,\n    \"47\": 0.00427,\n    \"48\": 0,\n    \"49\": 0,\n    \"50\": 0,\n    \"51\": 0,\n    \"52\": 0,\n    \"53\": 0,\n    \"54\": 0,\n    \"55\": 0,\n    \"56\": 0,\n    \"57\": 0,\n    \"58\": 0.00427,\n    \"60\": 0,\n    \"62\": 0,\n    \"63\": 0,\n    \"64\": 0,\n    \"65\": 0,\n    \"66\": 0,\n    \"67\": 0,\n    \"68\": 0,\n    \"69\": 0,\n    \"70\": 0,\n    \"71\": 0.13677,\n    \"72\": 0.30345,\n    \"9.5-9.6\": 0,\n    \"10.0-10.1\": 0,\n    \"10.5\": 0,\n    \"10.6\": 0,\n    \"11.1\": 0,\n    \"11.5\": 0,\n    \"11.6\": 0,\n    \"12.1\": 0\n  },\n  E: {\n    \"4\": 0,\n    \"5\": 0,\n    \"6\": 0,\n    \"7\": 0,\n    \"8\": 0,\n    \"9\": 0,\n    \"10\": 0.00855,\n    \"11\": 0,\n    \"12\": 0.00855,\n    \"13\": 0.02564,\n    \"14\": 0.52998,\n    _: \"0\",\n    \"3.1\": 0,\n    \"3.2\": 0,\n    \"5.1\": 0.48724,\n    \"6.1\": 0,\n    \"7.1\": 0,\n    \"9.1\": 0,\n    \"10.1\": 0.0171,\n    \"11.1\": 0.0171,\n    \"12.1\": 0.05129,\n    \"13.1\": 0.1966\n  },\n  G: {\n    \"8\": 0,\n    \"3.2\": 0.01339,\n    \"4.0-4.1\": 0,\n    \"4.2-4.3\": 0,\n    \"5.0-5.1\": 0.01339,\n    \"6.0-6.1\": 0.00191,\n    \"7.0-7.1\": 0.04399,\n    \"8.1-8.4\": 0.00383,\n    \"9.0-9.2\": 0.0153,\n    \"9.3\": 0.18554,\n    \"10.0-10.2\": 0.01913,\n    \"10.3\": 0.1492,\n    \"11.0-11.2\": 0.08034,\n    \"11.3-11.4\": 0.1186,\n    \"12.0-12.1\": 0.11094,\n    \"12.2-12.4\": 1.92621,\n    \"13.0-13.1\": 0.10329,\n    \"13.2\": 0.05738,\n    \"13.3\": 0.52603,\n    \"13.4-13.7\": 2.60335,\n    \"14.0-14.3\": 13.08946\n  },\n  B: {\n    \"12\": 0.00427,\n    \"13\": 0.00427,\n    \"14\": 0.00855,\n    \"15\": 0.00427,\n    \"16\": 0.00427,\n    \"17\": 0.03419,\n    \"18\": 0.26926,\n    \"79\": 0,\n    \"80\": 0,\n    \"81\": 0,\n    \"83\": 0,\n    \"84\": 0.00427,\n    \"85\": 0.00427,\n    \"86\": 0.02137,\n    \"87\": 0.85053\n  },\n  I: {\n    \"3\": 0,\n    \"4\": 0.03796,\n    \"81\": 0,\n    \"2.1\": 0,\n    \"2.2\": 0,\n    \"2.3\": 0,\n    \"4.1\": 0.03321,\n    \"4.2-4.3\": 0.06168,\n    \"4.4\": 0,\n    \"4.4.3-4.4.4\": 0.67373\n  },\n  P: {\n    \"4\": 0.17522,\n    \"5.0-5.4\": 0.01031,\n    \"6.2-6.4\": 0.03092,\n    \"7.2-7.4\": 0.05153,\n    \"8.2\": 0.01031,\n    \"9.2\": 0.06184,\n    \"10.1\": 0.03092,\n    \"11.1-11.2\": 0.11337,\n    \"12.0\": 0.23706,\n    \"13.0\": 1.23682\n  },\n  K: {\n    _: \"0 10 11 12 11.1 11.5 12.1\"\n  },\n  A: {\n    \"6\": 0,\n    \"7\": 0,\n    \"8\": 0.00902,\n    \"9\": 0.00451,\n    \"10\": 0.00451,\n    \"11\": 0.14437,\n    \"5.5\": 0\n  },\n  N: {\n    \"10\": 0,\n    \"11\": 0\n  },\n  J: {\n    \"7\": 0,\n    \"10\": 0\n  },\n  O: {\n    \"0\": 0.1317\n  },\n  H: {\n    \"0\": 0.18431\n  },\n  L: {\n    \"0\": 58.2889\n  },\n  S: {\n    \"2.5\": 0\n  },\n  R: {\n    _: \"0\"\n  },\n  M: {\n    \"0\": 0.836\n  },\n  Q: {\n    \"10.4\": 0\n  }\n};","map":{"version":3,"sources":["/Users/bruceseymour/ra-video/client/node_modules/caniuse-lite/data/regions/DO.js"],"names":["module","exports","C","D","F","E","_","G","B","I","P","K","A","N","J","O","H","L","S","R","M","Q"],