{"ast":null,"code":"module.exports = {\n  C: {\n    \"2\": 0,\n    \"3\": 0,\n    \"4\": 0,\n    \"5\": 0,\n    \"6\": 0,\n    \"7\": 0,\n    \"8\": 0,\n    \"9\": 0,\n    \"10\": 0,\n    \"11\": 0,\n    \"12\": 0,\n    \"13\": 0,\n    \"14\": 0,\n    \"15\": 0,\n    \"16\": 0,\n    \"17\": 0,\n    \"18\": 0,\n    \"19\": 0,\n    \"20\": 0,\n    \"21\": 0,\n    \"22\": 0,\n    \"23\": 0,\n    \"24\": 0,\n    \"25\": 0,\n    \"26\": 0,\n    \"27\": 0,\n    \"28\": 0,\n    \"29\": 0,\n    \"30\": 0.00485,\n    \"31\": 0,\n    \"32\": 0,\n    \"33\": 0,\n    \"34\": 0,\n    \"35\": 0,\n    \"36\": 0,\n    \"37\": 0,\n    \"38\": 0,\n    \"39\": 0,\n    \"40\": 0,\n    \"41\": 0,\n    \"42\": 0,\n    \"43\": 0,\n    \"44\": 0,\n    \"45\": 0,\n    \"46\": 0,\n    \"47\": 0,\n    \"48\": 0,\n    \"49\": 0,\n    \"50\": 0.00485,\n    \"51\": 0,\n    \"52\": 0.01455,\n    \"53\": 0,\n    \"54\": 0,\n    \"55\": 0,\n    \"56\": 0.00485,\n    \"57\": 0,\n    \"58\": 0.0097,\n    \"59\": 0,\n    \"60\": 0.00485,\n    \"61\": 0,\n    \"62\": 0.00485,\n    \"63\": 0.00485,\n    \"64\": 0.00485,\n    \"65\": 0.00485,\n    \"66\": 0.00485,\n    \"67\": 0.00485,\n    \"68\": 0.0194,\n    \"69\": 0,\n    \"70\": 0,\n    \"71\": 0.00485,\n    \"72\": 0.00485,\n    \"73\": 0,\n    \"74\": 0,\n    \"75\": 0.00485,\n    \"76\": 0,\n    \"77\": 0.0097,\n    \"78\": 0.04366,\n    \"79\": 0.0097,\n    \"80\": 0.0097,\n    \"81\": 0.01455,\n    \"82\": 0.02426,\n    \"83\": 0.63548,\n    \"84\": 0.39293,\n    \"85\": 0.00485,\n    \"86\": 0,\n    \"3.5\": 0,\n    \"3.6\": 0\n  },\n  D: {\n    \"4\": 0,\n    \"5\": 0,\n    \"6\": 0,\n    \"7\": 0,\n    \"8\": 0,\n    \"9\": 0,\n    \"10\": 0,\n    \"11\": 0,\n    \"12\": 0,\n    \"13\": 0,\n    \"14\": 0,\n    \"15\": 0,\n    \"16\": 0,\n    \"17\": 0,\n    \"18\": 0,\n    \"19\": 0,\n    \"20\": 0,\n    \"21\": 0,\n    \"22\": 0,\n    \"23\": 0,\n    \"24\": 0,\n    \"25\": 0,\n    \"26\": 0,\n    \"27\": 0,\n    \"28\": 0,\n    \"29\": 0,\n    \"30\": 0,\n    \"31\": 0,\n    \"32\": 0,\n    \"33\": 0,\n    \"34\": 0.00485,\n    \"35\": 0,\n    \"36\": 0,\n    \"37\": 0,\n    \"38\": 0.0097,\n    \"39\": 0,\n    \"40\": 0,\n    \"41\": 0,\n    \"42\": 0,\n    \"43\": 0.00485,\n    \"44\": 0,\n    \"45\": 0,\n    \"46\": 0,\n    \"47\": 0.00485,\n    \"48\": 0.00485,\n    \"49\": 0.05336,\n    \"50\": 0,\n    \"51\": 0.00485,\n    \"52\": 0,\n    \"53\": 0.0194,\n    \"54\": 0.0097,\n    \"55\": 0.00485,\n    \"56\": 0.00485,\n    \"57\": 0,\n    \"58\": 0.0097,\n    \"59\": 0.00485,\n    \"60\": 0,\n    \"61\": 0.0194,\n    \"62\": 0,\n    \"63\": 0.01455,\n    \"64\": 0,\n    \"65\": 0.00485,\n    \"66\": 0.00485,\n    \"67\": 0.00485,\n    \"68\": 0.0097,\n    \"69\": 0.0097,\n    \"70\": 0.03396,\n    \"71\": 0.05336,\n    \"72\": 0.03881,\n    \"73\": 0.02426,\n    \"74\": 0.01455,\n    \"75\": 0.02911,\n    \"76\": 0.01455,\n    \"77\": 0.01455,\n    \"78\": 0.02426,\n    \"79\": 0.04366,\n    \"80\": 0.07762,\n    \"81\": 0.04366,\n    \"83\": 0.06306,\n    \"84\": 0.12613,\n    \"85\": 0.15523,\n    \"86\": 2.70686,\n    \"87\": 14.65487,\n    \"88\": 0.05821,\n    \"89\": 0.0194,\n    \"90\": 0\n  },\n  F: {\n    \"9\": 0,\n    \"11\": 0,\n    \"12\": 0,\n    \"15\": 0,\n    \"16\": 0,\n    \"17\": 0,\n    \"18\": 0,\n    \"19\": 0,\n    \"20\": 0,\n    \"21\": 0,\n    \"22\": 0,\n    \"23\": 0,\n    \"24\": 0,\n    \"25\": 0,\n    \"26\": 0,\n    \"27\": 0,\n    \"28\": 0,\n    \"29\": 0,\n    \"30\": 0,\n    \"31\": 0,\n    \"32\": 0,\n    \"33\": 0,\n    \"34\": 0,\n    \"35\": 0,\n    \"36\": 0.00485,\n    \"37\": 0,\n    \"38\": 0,\n    \"39\": 0,\n    \"40\": 0,\n    \"41\": 0,\n    \"42\": 0,\n    \"43\": 0,\n    \"44\": 0,\n    \"45\": 0,\n    \"46\": 0,\n    \"47\": 0,\n    \"48\": 0,\n    \"49\": 0,\n    \"50\": 0.00485,\n    \"51\": 0,\n    \"52\": 0,\n    \"53\": 0,\n    \"54\": 0,\n    \"55\": 0,\n    \"56\": 0,\n    \"57\": 0,\n    \"58\": 0,\n    \"60\": 0,\n    \"62\": 0,\n    \"63\": 0,\n    \"64\": 0,\n    \"65\": 0,\n    \"66\": 0,\n    \"67\": 0,\n    \"68\": 0.00485,\n    \"69\": 0,\n    \"70\": 0,\n    \"71\": 0.4851,\n    \"72\": 0.65489,\n    \"9.5-9.6\": 0,\n    \"10.0-10.1\": 0,\n    \"10.5\": 0,\n    \"10.6\": 0,\n    \"11.1\": 0,\n    \"11.5\": 0,\n    \"11.6\": 0,\n    \"12.1\": 0\n  },\n  E: {\n    \"4\": 0,\n    \"5\": 0,\n    \"6\": 0,\n    \"7\": 0,\n    \"8\": 0,\n    \"9\": 0,\n    \"10\": 0,\n    \"11\": 0,\n    \"12\": 0.00485,\n    \"13\": 0.0194,\n    \"14\": 0.2571,\n    _: \"0\",\n    \"3.1\": 0,\n    \"3.2\": 0,\n    \"5.1\": 0.00485,\n    \"6.1\": 0,\n    \"7.1\": 0,\n    \"9.1\": 0.00485,\n    \"10.1\": 0.00485,\n    \"11.1\": 0.0097,\n    \"12.1\": 0.0194,\n    \"13.1\": 0.09702\n  },\n  G: {\n    \"8\": 0,\n    \"3.2\": 0.00199,\n    \"4.0-4.1\": 0,\n    \"4.2-4.3\": 0,\n    \"5.0-5.1\": 0.01291,\n    \"6.0-6.1\": 0.00199,\n    \"7.0-7.1\": 0.00695,\n    \"8.1-8.4\": 0.00199,\n    \"9.0-9.2\": 0.00695,\n    \"9.3\": 0.09034,\n    \"10.0-10.2\": 0.01291,\n    \"10.3\": 0.10821,\n    \"11.0-11.2\": 0.03673,\n    \"11.3-11.4\": 0.05559,\n    \"12.0-12.1\": 0.04666,\n    \"12.2-12.4\": 0.70582,\n    \"13.0-13.1\": 0.04864,\n    \"13.2\": 0.01489,\n    \"13.3\": 0.18266,\n    \"13.4-13.7\": 1.08504,\n    \"14.0-14.3\": 7.47911\n  },\n  B: {\n    \"12\": 0,\n    \"13\": 0,\n    \"14\": 0.00485,\n    \"15\": 0.00485,\n    \"16\": 0.00485,\n    \"17\": 0.0097,\n    \"18\": 0.06306,\n    \"79\": 0,\n    \"80\": 0.00485,\n    \"81\": 0,\n    \"83\": 0,\n    \"84\": 0.0097,\n    \"85\": 0.00485,\n    \"86\": 0.01455,\n    \"87\": 1.31947\n  },\n  I: {\n    \"3\": 0,\n    \"4\": 0,\n    \"81\": 0,\n    \"2.1\": 0,\n    \"2.2\": 0,\n    \"2.3\": 0,\n    \"4.1\": 0.01438,\n    \"4.2-4.3\": 0.02876,\n    \"4.4\": 0,\n    \"4.4.3-4.4.4\": 0.15201\n  },\n  P: {\n    \"4\": 0.14212,\n    \"5.0-5.4\": 0.01015,\n    \"6.2-6.4\": 0,\n    \"7.2-7.4\": 0.17257,\n    \"8.2\": 0.01015,\n    \"9.2\": 0.07106,\n    \"10.1\": 0.03045,\n    \"11.1-11.2\": 0.17257,\n    \"12.0\": 0.28424,\n    \"13.0\": 2.31451\n  },\n  K: {\n    _: \"0 10 11 12 11.1 11.5 12.1\"\n  },\n  A: {\n    \"6\": 0,\n    \"7\": 0,\n    \"8\": 0.04956,\n    \"9\": 0.00551,\n    \"10\": 0.00551,\n    \"11\": 0.14317,\n    \"5.5\": 0\n  },\n  N: {\n    \"10\": 0,\n    \"11\": 0\n  },\n  J: {\n    \"7\": 0,\n    \"10\": 0\n  },\n  O: {\n    \"0\": 0.14932\n  },\n  H: {\n    \"0\": 0.22911\n  },\n  L: {\n    \"0\": 60.83199\n  },\n  S: {\n    \"2.5\": 0\n  },\n  R: {\n    _: \"0\"\n  },\n  M: {\n    \"0\": 0.14417\n  },\n  Q: {\n    \"10.4\": 0.00515\n  }\n};","map":{"version":3,"sources":["/Users/bruceseymour/ra-video/client/node_modules/caniuse-lite/data/regions/BR.js"],"names":["module","exports","C","D","F","E","_","G","B","I","P","K","A","N","J","O","H","L","S","R","M","Q"],