{"ast":null,"code":"module.exports = {\n  C: {\n    \"2\": 0,\n    \"3\": 0,\n    \"4\": 0,\n    \"5\": 0,\n    \"6\": 0,\n    \"7\": 0,\n    \"8\": 0,\n    \"9\": 0,\n    \"10\": 0,\n    \"11\": 0,\n    \"12\": 0,\n    \"13\": 0,\n    \"14\": 0,\n    \"15\": 0,\n    \"16\": 0,\n    \"17\": 0,\n    \"18\": 0,\n    \"19\": 0,\n    \"20\": 0,\n    \"21\": 0,\n    \"22\": 0,\n    \"23\": 0,\n    \"24\": 0,\n    \"25\": 0,\n    \"26\": 0,\n    \"27\": 0,\n    \"28\": 0,\n    \"29\": 0,\n    \"30\": 0.01097,\n    \"31\": 0,\n    \"32\": 0,\n    \"33\": 0,\n    \"34\": 0,\n    \"35\": 0,\n    \"36\": 0,\n    \"37\": 0,\n    \"38\": 0,\n    \"39\": 0,\n    \"40\": 0,\n    \"41\": 0,\n    \"42\": 0,\n    \"43\": 0,\n    \"44\": 0,\n    \"45\": 0,\n    \"46\": 0,\n    \"47\": 0,\n    \"48\": 0.00548,\n    \"49\": 0,\n    \"50\": 0,\n    \"51\": 0,\n    \"52\": 0.01097,\n    \"53\": 0,\n    \"54\": 0,\n    \"55\": 0,\n    \"56\": 0.01097,\n    \"57\": 0,\n    \"58\": 0,\n    \"59\": 0,\n    \"60\": 0.00548,\n    \"61\": 0,\n    \"62\": 0,\n    \"63\": 0,\n    \"64\": 0,\n    \"65\": 0,\n    \"66\": 0.01645,\n    \"67\": 0,\n    \"68\": 0.01097,\n    \"69\": 0,\n    \"70\": 0,\n    \"71\": 0,\n    \"72\": 0,\n    \"73\": 0,\n    \"74\": 0,\n    \"75\": 0,\n    \"76\": 0.00548,\n    \"77\": 0,\n    \"78\": 0.0658,\n    \"79\": 0.02193,\n    \"80\": 0.00548,\n    \"81\": 0.0329,\n    \"82\": 0.03838,\n    \"83\": 0.86083,\n    \"84\": 0.66344,\n    \"85\": 0,\n    \"86\": 0.00548,\n    \"3.5\": 0,\n    \"3.6\": 0\n  },\n  D: {\n    \"4\": 0,\n    \"5\": 0,\n    \"6\": 0,\n    \"7\": 0,\n    \"8\": 0,\n    \"9\": 0,\n    \"10\": 0,\n    \"11\": 0,\n    \"12\": 0,\n    \"13\": 0,\n    \"14\": 0,\n    \"15\": 0,\n    \"16\": 0,\n    \"17\": 0,\n    \"18\": 0,\n    \"19\": 0,\n    \"20\": 0,\n    \"21\": 0,\n    \"22\": 0,\n    \"23\": 0,\n    \"24\": 0,\n    \"25\": 0,\n    \"26\": 0,\n    \"27\": 0,\n    \"28\": 0,\n    \"29\": 0,\n    \"30\": 0,\n    \"31\": 0,\n    \"32\": 0,\n    \"33\": 0,\n    \"34\": 0,\n    \"35\": 0,\n    \"36\": 0,\n    \"37\": 0,\n    \"38\": 0,\n    \"39\": 0,\n    \"40\": 0,\n    \"41\": 0,\n    \"42\": 0,\n    \"43\": 0,\n    \"44\": 0,\n    \"45\": 0,\n    \"46\": 0,\n    \"47\": 0,\n    \"48\": 0,\n    \"49\": 0.29608,\n    \"50\": 0,\n    \"51\": 0,\n    \"52\": 0,\n    \"53\": 0,\n    \"54\": 0,\n    \"55\": 0,\n    \"56\": 0,\n    \"57\": 0,\n    \"58\": 0,\n    \"59\": 0,\n    \"60\": 0,\n    \"61\": 0,\n    \"62\": 0,\n    \"63\": 0.00548,\n    \"64\": 0,\n    \"65\": 0.01097,\n    \"66\": 0,\n    \"67\": 0.09869,\n    \"68\": 0,\n    \"69\": 0.01097,\n    \"70\": 0.04935,\n    \"71\": 0.00548,\n    \"72\": 0.15352,\n    \"73\": 0,\n    \"74\": 0.01097,\n    \"75\": 0.02193,\n    \"76\": 0.01645,\n    \"77\": 0.01645,\n    \"78\": 0.01097,\n    \"79\": 0.0329,\n    \"80\": 0.06031,\n    \"81\": 0.0329,\n    \"83\": 0.02742,\n    \"84\": 0.05483,\n    \"85\": 0.16449,\n    \"86\": 2.14934,\n    \"87\": 13.01664,\n    \"88\": 0.01645,\n    \"89\": 0,\n    \"90\": 0\n  },\n  F: {\n    \"9\": 0,\n    \"11\": 0,\n    \"12\": 0,\n    \"15\": 0,\n    \"16\": 0,\n    \"17\": 0,\n    \"18\": 0,\n    \"19\": 0,\n    \"20\": 0,\n    \"21\": 0,\n    \"22\": 0,\n    \"23\": 0,\n    \"24\": 0,\n    \"25\": 0,\n    \"26\": 0,\n    \"27\": 0,\n    \"28\": 0,\n    \"29\": 0,\n    \"30\": 0,\n    \"31\": 0,\n    \"32\": 0,\n    \"33\": 0,\n    \"34\": 0,\n    \"35\": 0,\n    \"36\": 0,\n    \"37\": 0,\n    \"38\": 0,\n    \"39\": 0,\n    \"40\": 0,\n    \"41\": 0,\n    \"42\": 0,\n    \"43\": 0,\n    \"44\": 0,\n    \"45\": 0,\n    \"46\": 0,\n    \"47\": 0,\n    \"48\": 0,\n    \"49\": 0,\n    \"50\": 0,\n    \"51\": 0,\n    \"52\": 0,\n    \"53\": 0,\n    \"54\": 0,\n    \"55\": 0,\n    \"56\": 0,\n    \"57\": 0,\n    \"58\": 0,\n    \"60\": 0,\n    \"62\": 0,\n    \"63\": 0,\n    \"64\": 0,\n    \"65\": 0,\n    \"66\": 0,\n    \"67\": 0,\n    \"68\": 0,\n    \"69\": 0,\n    \"70\": 0.01097,\n    \"71\": 0.02193,\n    \"72\": 0.19191,\n    \"9.5-9.6\": 0,\n    \"10.0-10.1\": 0,\n    \"10.5\": 0,\n    \"10.6\": 0,\n    \"11.1\": 0,\n    \"11.5\": 0,\n    \"11.6\": 0,\n    \"12.1\": 0\n  },\n  E: {\n    \"4\": 0,\n    \"5\": 0,\n    \"6\": 0,\n    \"7\": 0,\n    \"8\": 0,\n    \"9\": 0.00548,\n    \"10\": 0,\n    \"11\": 0.02193,\n    \"12\": 0.01645,\n    \"13\": 0.17546,\n    \"14\": 3.86552,\n    _: \"0\",\n    \"3.1\": 0,\n    \"3.2\": 0,\n    \"5.1\": 0,\n    \"6.1\": 0,\n    \"7.1\": 0,\n    \"9.1\": 0.00548,\n    \"10.1\": 0.02193,\n    \"11.1\": 0.18642,\n    \"12.1\": 0.10966,\n    \"13.1\": 0.92114\n  },\n  G: {\n    \"8\": 0,\n    \"3.2\": 0,\n    \"4.0-4.1\": 0,\n    \"4.2-4.3\": 0,\n    \"5.0-5.1\": 0,\n    \"6.0-6.1\": 0,\n    \"7.0-7.1\": 0.00418,\n    \"8.1-8.4\": 0.02089,\n    \"9.0-9.2\": 0.01254,\n    \"9.3\": 1.60874,\n    \"10.0-10.2\": 0.00836,\n    \"10.3\": 0.97778,\n    \"11.0-11.2\": 0.08775,\n    \"11.3-11.4\": 0.07104,\n    \"12.0-12.1\": 0.18804,\n    \"12.2-12.4\": 4.56298,\n    \"13.0-13.1\": 0.35936,\n    \"13.2\": 0.03343,\n    \"13.3\": 0.61843,\n    \"13.4-13.7\": 3.53506,\n    \"14.0-14.3\": 29.63015\n  },\n  B: {\n    \"12\": 0,\n    \"13\": 0,\n    \"14\": 0.06031,\n    \"15\": 0.00548,\n    \"16\": 0.00548,\n    \"17\": 0.01097,\n    \"18\": 0.24674,\n    \"79\": 0,\n    \"80\": 0.00548,\n    \"81\": 0,\n    \"83\": 0,\n    \"84\": 0,\n    \"85\": 0.01097,\n    \"86\": 0.07676,\n    \"87\": 2.99372\n  },\n  I: {\n    \"3\": 0,\n    \"4\": 0.11975,\n    \"81\": 0,\n    \"2.1\": 0,\n    \"2.2\": 0,\n    \"2.3\": 0,\n    \"4.1\": 0,\n    \"4.2-4.3\": 0.01633,\n    \"4.4\": 0,\n    \"4.4.3-4.4.4\": 0.26128\n  },\n  P: {\n    \"4\": 0.03269,\n    \"5.0-5.4\": 0,\n    \"6.2-6.4\": 0,\n    \"7.2-7.4\": 0,\n    \"8.2\": 0.0109,\n    \"9.2\": 0.0109,\n    \"10.1\": 0.04359,\n    \"11.1-11.2\": 0.04359,\n    \"12.0\": 0.17436,\n    \"13.0\": 4.04288\n  },\n  K: {\n    _: \"0 10 11 12 11.1 11.5 12.1\"\n  },\n  A: {\n    \"6\": 0,\n    \"7\": 0,\n    \"8\": 0,\n    \"9\": 0.099,\n    \"10\": 0,\n    \"11\": 0.57541,\n    \"5.5\": 0\n  },\n  N: {\n    \"10\": 0,\n    \"11\": 0\n  },\n  J: {\n    \"7\": 0,\n    \"10\": 0.00452\n  },\n  O: {\n    \"0\": 0.01355\n  },\n  H: {\n    \"0\": 0.07698\n  },\n  L: {\n    \"0\": 22.53616\n  },\n  S: {\n    \"2.5\": 0\n  },\n  R: {\n    _: \"0\"\n  },\n  M: {\n    \"0\": 0.3975\n  },\n  Q: {\n    \"10.4\": 0\n  }\n};","map":{"version":3,"sources":["/Users/bruceseymour/ra-video/client/node_modules/caniuse-lite/data/regions/IM.js"],"names":["module","exports","C","D","F","E","_","G","B","I","P","K","A","N","J","O","H","L","S","R","M","Q"],