{"ast":null,"code":"module.exports = {\n  C: {\n    \"17\": 0.00649,\n    \"34\": 0.00324,\n    \"36\": 0.00649,\n    \"43\": 0.09732,\n    \"47\": 0.00973,\n    \"48\": 0.00649,\n    \"49\": 0.00324,\n    \"50\": 0.00324,\n    \"52\": 0.07786,\n    \"55\": 0.00324,\n    \"56\": 0.01298,\n    \"57\": 0.00324,\n    \"58\": 0.00324,\n    \"60\": 0.00649,\n    \"63\": 0.00324,\n    \"64\": 0.00649,\n    \"65\": 0.00649,\n    \"66\": 0.00649,\n    \"67\": 0.00324,\n    \"68\": 0.00973,\n    \"70\": 0.00324,\n    \"72\": 0.01298,\n    \"74\": 0.00649,\n    \"75\": 0.00324,\n    \"76\": 0.00649,\n    \"77\": 0.00649,\n    \"78\": 0.04217,\n    \"79\": 0.01298,\n    \"80\": 0.01622,\n    \"81\": 0.02595,\n    \"82\": 0.03893,\n    \"83\": 0.89859,\n    \"84\": 0.67151,\n    \"85\": 0.0292,\n    _: \"2 3 4 5 6 7 8 9 10 11 12 13 14 15 16 18 19 20 21 22 23 24 25 26 27 28 29 30 31 32 33 35 37 38 39 40 41 42 44 45 46 51 53 54 59 61 62 69 71 73 86 3.5 3.6\"\n  },\n  D: {\n    \"11\": 0.00324,\n    \"13\": 0.01298,\n    \"22\": 0.01298,\n    \"26\": 0.00649,\n    \"31\": 0.02271,\n    \"34\": 0.01622,\n    \"35\": 0.00324,\n    \"38\": 0.04542,\n    \"40\": 0.00649,\n    \"42\": 0.00649,\n    \"43\": 0.00649,\n    \"45\": 0.00649,\n    \"47\": 0.00973,\n    \"48\": 0.01298,\n    \"49\": 0.1622,\n    \"50\": 0.00324,\n    \"51\": 0.00324,\n    \"53\": 0.07137,\n    \"54\": 0.00324,\n    \"55\": 0.01946,\n    \"56\": 0.00973,\n    \"57\": 0.01946,\n    \"58\": 0.01622,\n    \"59\": 0.00649,\n    \"60\": 0.00649,\n    \"61\": 0.02595,\n    \"62\": 0.02271,\n    \"63\": 0.0292,\n    \"64\": 0.00649,\n    \"65\": 0.02271,\n    \"66\": 0.00973,\n    \"67\": 0.02271,\n    \"68\": 0.02595,\n    \"69\": 0.08759,\n    \"70\": 0.03893,\n    \"71\": 0.07137,\n    \"72\": 0.04542,\n    \"73\": 0.03568,\n    \"74\": 0.21735,\n    \"75\": 0.03893,\n    \"76\": 0.0292,\n    \"77\": 0.0292,\n    \"78\": 0.04866,\n    \"79\": 0.06812,\n    \"80\": 0.10381,\n    \"81\": 0.06812,\n    \"83\": 0.10056,\n    \"84\": 0.15896,\n    \"85\": 0.21086,\n    \"86\": 3.25698,\n    \"87\": 17.51436,\n    \"88\": 0.03244,\n    \"89\": 0.01946,\n    _: \"4 5 6 7 8 9 10 12 14 15 16 17 18 19 20 21 23 24 25 27 28 29 30 32 33 36 37 39 41 44 46 52 90\"\n  },\n  F: {\n    \"36\": 0.00649,\n    \"40\": 0.00649,\n    \"46\": 0.00649,\n    \"68\": 0.00324,\n    \"71\": 0.05839,\n    \"72\": 0.30169,\n    _: \"9 11 12 15 16 17 18 19 20 21 22 23 24 25 26 27 28 29 30 31 32 33 34 35 37 38 39 41 42 43 44 45 47 48 49 50 51 52 53 54 55 56 57 58 60 62 63 64 65 66 67 69 70 9.5-9.6 10.5 10.6 11.1 11.5 11.6 12.1\",\n    \"10.0-10.1\": 0\n  },\n  E: {\n    \"4\": 0,\n    \"8\": 0.00324,\n    \"11\": 0.00649,\n    \"12\": 0.00973,\n    \"13\": 0.07461,\n    \"14\": 0.96022,\n    _: \"0 5 6 7 9 10 3.1 3.2 6.1 7.1\",\n    \"5.1\": 0.2433,\n    \"9.1\": 0.00324,\n    \"10.1\": 0.01298,\n    \"11.1\": 0.02271,\n    \"12.1\": 0.04542,\n    \"13.1\": 0.3244\n  },\n  G: {\n    \"8\": 0.00182,\n    \"3.2\": 0,\n    \"4.0-4.1\": 0,\n    \"4.2-4.3\": 0.00455,\n    \"5.0-5.1\": 0.0091,\n    \"6.0-6.1\": 0.0091,\n    \"7.0-7.1\": 0.04006,\n    \"8.1-8.4\": 0.02003,\n    \"9.0-9.2\": 0.03368,\n    \"9.3\": 0.13018,\n    \"10.0-10.2\": 0.03186,\n    \"10.3\": 0.12381,\n    \"11.0-11.2\": 0.09832,\n    \"11.3-11.4\": 0.10014,\n    \"12.0-12.1\": 0.12927,\n    \"12.2-12.4\": 0.91675,\n    \"13.0-13.1\": 0.10469,\n    \"13.2\": 0.05371,\n    \"13.3\": 0.28313,\n    \"13.4-13.7\": 1.2636,\n    \"14.0-14.3\": 5.72625\n  },\n  B: {\n    \"12\": 0.00649,\n    \"13\": 0.00649,\n    \"14\": 0.00649,\n    \"15\": 0.00649,\n    \"16\": 0.00973,\n    \"17\": 0.01946,\n    \"18\": 0.10056,\n    \"84\": 0.00649,\n    \"85\": 0.00973,\n    \"86\": 0.03893,\n    \"87\": 1.6512,\n    _: \"79 80 81 83\"\n  },\n  I: {\n    \"3\": 0,\n    \"4\": 0.0032,\n    \"81\": 0,\n    \"2.1\": 0,\n    \"2.2\": 0,\n    \"2.3\": 0,\n    \"4.1\": 0.00853,\n    \"4.2-4.3\": 0.02987,\n    \"4.4\": 0,\n    \"4.4.3-4.4.4\": 0.14081\n  },\n  P: {\n    \"4\": 0.48048,\n    \"5.0-5.4\": 0.01022,\n    \"6.2-6.4\": 0.02045,\n    \"7.2-7.4\": 0.11245,\n    \"8.2\": 0.02045,\n    \"9.2\": 0.14312,\n    \"10.1\": 0.09201,\n    \"11.1-11.2\": 0.23513,\n    \"12.0\": 0.51114,\n    \"13.0\": 2.25926\n  },\n  K: {\n    _: \"0 10 11 12 11.1 11.5 12.1\"\n  },\n  A: {\n    \"8\": 0.07078,\n    \"9\": 0.03539,\n    \"10\": 0.0118,\n    \"11\": 1.37428,\n    _: \"6 7 5.5\"\n  },\n  N: {\n    \"10\": 0,\n    \"11\": 0\n  },\n  J: {\n    \"7\": 0,\n    \"10\": 0\n  },\n  O: {\n    \"0\": 3.15505\n  },\n  H: {\n    \"0\": 1.57985\n  },\n  L: {\n    \"0\": 49.17217\n  },\n  S: {\n    \"2.5\": 0.16214\n  },\n  R: {\n    _: \"0\"\n  },\n  M: {\n    \"0\": 0.19592\n  },\n  Q: {\n    \"10.4\": 0.42563\n  }\n};","map":{"version":3,"sources":["/Users/bruceseymour/ra-video/client/node_modules/caniuse-lite/data/regions/alt-as.js"],"names":["module","exports","C","_","D","F","E","G","B","I","P","K","A","N","J","O","H","L","S","R","M","Q"],