{"ast":null,"code":"module.exports = {\n  C: {\n    \"2\": 0,\n    \"3\": 0,\n    \"4\": 0,\n    \"5\": 0,\n    \"6\": 0,\n    \"7\": 0,\n    \"8\": 0,\n    \"9\": 0,\n    \"10\": 0,\n    \"11\": 0,\n    \"12\": 0,\n    \"13\": 0,\n    \"14\": 0,\n    \"15\": 0,\n    \"16\": 0,\n    \"17\": 0,\n    \"18\": 0,\n    \"19\": 0,\n    \"20\": 0,\n    \"21\": 0,\n    \"22\": 0,\n    \"23\": 0.00384,\n    \"24\": 0,\n    \"25\": 0,\n    \"26\": 0,\n    \"27\": 0,\n    \"28\": 0,\n    \"29\": 0,\n    \"30\": 0.00384,\n    \"31\": 0,\n    \"32\": 0,\n    \"33\": 0,\n    \"34\": 0,\n    \"35\": 0,\n    \"36\": 0.00384,\n    \"37\": 0,\n    \"38\": 0.00384,\n    \"39\": 0,\n    \"40\": 0,\n    \"41\": 0.00384,\n    \"42\": 0,\n    \"43\": 0,\n    \"44\": 0,\n    \"45\": 0.00384,\n    \"46\": 0,\n    \"47\": 0.00768,\n    \"48\": 0.00384,\n    \"49\": 0,\n    \"50\": 0,\n    \"51\": 0,\n    \"52\": 0.0384,\n    \"53\": 0,\n    \"54\": 0,\n    \"55\": 0,\n    \"56\": 0.00384,\n    \"57\": 0,\n    \"58\": 0.00384,\n    \"59\": 0.00384,\n    \"60\": 0.00384,\n    \"61\": 0,\n    \"62\": 0,\n    \"63\": 0,\n    \"64\": 0,\n    \"65\": 0.01152,\n    \"66\": 0.00384,\n    \"67\": 0.00384,\n    \"68\": 0.0192,\n    \"69\": 0.00384,\n    \"70\": 0,\n    \"71\": 0,\n    \"72\": 0.01536,\n    \"73\": 0,\n    \"74\": 0.00384,\n    \"75\": 0,\n    \"76\": 0,\n    \"77\": 0.00768,\n    \"78\": 0.02688,\n    \"79\": 0.00384,\n    \"80\": 0.00384,\n    \"81\": 0.03072,\n    \"82\": 0.0384,\n    \"83\": 0.70272,\n    \"84\": 0.41472,\n    \"85\": 0.04224,\n    \"86\": 0,\n    \"3.5\": 0,\n    \"3.6\": 0\n  },\n  D: {\n    \"4\": 0,\n    \"5\": 0,\n    \"6\": 0,\n    \"7\": 0,\n    \"8\": 0,\n    \"9\": 0,\n    \"10\": 0,\n    \"11\": 0.00384,\n    \"12\": 0,\n    \"13\": 0.00768,\n    \"14\": 0,\n    \"15\": 0,\n    \"16\": 0,\n    \"17\": 0,\n    \"18\": 0,\n    \"19\": 0,\n    \"20\": 0,\n    \"21\": 0,\n    \"22\": 0,\n    \"23\": 0,\n    \"24\": 0,\n    \"25\": 0,\n    \"26\": 0,\n    \"27\": 0,\n    \"28\": 0,\n    \"29\": 0,\n    \"30\": 0,\n    \"31\": 0,\n    \"32\": 0,\n    \"33\": 0,\n    \"34\": 0,\n    \"35\": 0,\n    \"36\": 0,\n    \"37\": 0,\n    \"38\": 0,\n    \"39\": 0,\n    \"40\": 0.02688,\n    \"41\": 0,\n    \"42\": 0.00384,\n    \"43\": 0,\n    \"44\": 0.00384,\n    \"45\": 0,\n    \"46\": 0.01536,\n    \"47\": 0.00384,\n    \"48\": 0,\n    \"49\": 0.01152,\n    \"50\": 0.00384,\n    \"51\": 0,\n    \"52\": 0,\n    \"53\": 0.00384,\n    \"54\": 0,\n    \"55\": 0.02688,\n    \"56\": 0,\n    \"57\": 0,\n    \"58\": 0.01152,\n    \"59\": 0,\n    \"60\": 0.00384,\n    \"61\": 0,\n    \"62\": 0,\n    \"63\": 0.0384,\n    \"64\": 0.00384,\n    \"65\": 0.00768,\n    \"66\": 0.00384,\n    \"67\": 0.00384,\n    \"68\": 0.00384,\n    \"69\": 0.01536,\n    \"70\": 0.02304,\n    \"71\": 0.00768,\n    \"72\": 0.00768,\n    \"73\": 0.00384,\n    \"74\": 0.02304,\n    \"75\": 0.01152,\n    \"76\": 0.03072,\n    \"77\": 0.01152,\n    \"78\": 0.01536,\n    \"79\": 0.06144,\n    \"80\": 0.08064,\n    \"81\": 0.09216,\n    \"83\": 0.03072,\n    \"84\": 0.09984,\n    \"85\": 0.10752,\n    \"86\": 1.18272,\n    \"87\": 5.74848,\n    \"88\": 0.02688,\n    \"89\": 0.00384,\n    \"90\": 0\n  },\n  F: {\n    \"9\": 0,\n    \"11\": 0,\n    \"12\": 0,\n    \"15\": 0,\n    \"16\": 0,\n    \"17\": 0,\n    \"18\": 0,\n    \"19\": 0.00384,\n    \"20\": 0,\n    \"21\": 0.00384,\n    \"22\": 0,\n    \"23\": 0.01152,\n    \"24\": 0.01152,\n    \"25\": 0.00384,\n    \"26\": 0.03072,\n    \"27\": 0,\n    \"28\": 0.06144,\n    \"29\": 0.00768,\n    \"30\": 0.01152,\n    \"31\": 0.00384,\n    \"32\": 0.06144,\n    \"33\": 0.08448,\n    \"34\": 0.00384,\n    \"35\": 0.09984,\n    \"36\": 0.00768,\n    \"37\": 0.00384,\n    \"38\": 0.08064,\n    \"39\": 0.00384,\n    \"40\": 0,\n    \"41\": 0.00768,\n    \"42\": 0.10368,\n    \"43\": 0,\n    \"44\": 0.00384,\n    \"45\": 0.01152,\n    \"46\": 0.06912,\n    \"47\": 0.04608,\n    \"48\": 0.00384,\n    \"49\": 0,\n    \"50\": 0.2688,\n    \"51\": 0.41856,\n    \"52\": 0,\n    \"53\": 0.01536,\n    \"54\": 0,\n    \"55\": 0.00384,\n    \"56\": 0,\n    \"57\": 0.00384,\n    \"58\": 0,\n    \"60\": 0.00768,\n    \"62\": 0,\n    \"63\": 0,\n    \"64\": 0,\n    \"65\": 0,\n    \"66\": 0,\n    \"67\": 0,\n    \"68\": 0.00384,\n    \"69\": 0.00384,\n    \"70\": 0.01152,\n    \"71\": 0.0192,\n    \"72\": 0.81024,\n    \"9.5-9.6\": 0,\n    \"10.0-10.1\": 0,\n    \"10.5\": 0,\n    \"10.6\": 0,\n    \"11.1\": 0,\n    \"11.5\": 0,\n    \"11.6\": 0,\n    \"12.1\": 0.2688\n  },\n  E: {\n    \"4\": 0,\n    \"5\": 0,\n    \"6\": 0,\n    \"7\": 0.00384,\n    \"8\": 0,\n    \"9\": 0,\n    \"10\": 0,\n    \"11\": 0.00384,\n    \"12\": 0.0192,\n    \"13\": 0.0192,\n    \"14\": 0.25344,\n    _: \"0\",\n    \"3.1\": 0,\n    \"3.2\": 0,\n    \"5.1\": 0.11904,\n    \"6.1\": 0,\n    \"7.1\": 0,\n    \"9.1\": 0,\n    \"10.1\": 0.00768,\n    \"11.1\": 0.00768,\n    \"12.1\": 0.01152,\n    \"13.1\": 0.10368\n  },\n  G: {\n    \"8\": 0.00082,\n    \"3.2\": 0,\n    \"4.0-4.1\": 0,\n    \"4.2-4.3\": 0,\n    \"5.0-5.1\": 0.00898,\n    \"6.0-6.1\": 0.00326,\n    \"7.0-7.1\": 0.05306,\n    \"8.1-8.4\": 0.00408,\n    \"9.0-9.2\": 0.01143,\n    \"9.3\": 0.46771,\n    \"10.0-10.2\": 0.01877,\n    \"10.3\": 0.35262,\n    \"11.0-11.2\": 0.231,\n    \"11.3-11.4\": 0.08244,\n    \"12.0-12.1\": 0.07999,\n    \"12.2-12.4\": 1.23498,\n    \"13.0-13.1\": 0.04897,\n    \"13.2\": 0.0253,\n    \"13.3\": 0.2914,\n    \"13.4-13.7\": 1.05541,\n    \"14.0-14.3\": 4.15552\n  },\n  B: {\n    \"12\": 0.03456,\n    \"13\": 0.02688,\n    \"14\": 0.0192,\n    \"15\": 0.03072,\n    \"16\": 0.02304,\n    \"17\": 0.04992,\n    \"18\": 0.18816,\n    \"79\": 0,\n    \"80\": 0,\n    \"81\": 0.00384,\n    \"83\": 0.00384,\n    \"84\": 0.00768,\n    \"85\": 0.02688,\n    \"86\": 0.04608,\n    \"87\": 1.15968\n  },\n  I: {\n    \"3\": 0,\n    \"4\": 0.00979,\n    \"81\": 0,\n    \"2.1\": 0,\n    \"2.2\": 0,\n    \"2.3\": 0,\n    \"4.1\": 0.01157,\n    \"4.2-4.3\": 0.04893,\n    \"4.4\": 0,\n    \"4.4.3-4.4.4\": 0.49196\n  },\n  P: {\n    \"4\": 0.53954,\n    \"5.0-5.4\": 0.02075,\n    \"6.2-6.4\": 0.01038,\n    \"7.2-7.4\": 0.18676,\n    \"8.2\": 0.01038,\n    \"9.2\": 0.11413,\n    \"10.1\": 0.06225,\n    \"11.1-11.2\": 0.22827,\n    \"12.0\": 0.57067,\n    \"13.0\": 1.57711\n  },\n  K: {\n    _: \"0 10 11 12 11.1 11.5 12.1\"\n  },\n  A: {\n    \"6\": 0,\n    \"7\": 0,\n    \"8\": 0.00896,\n    \"9\": 0,\n    \"10\": 0.00448,\n    \"11\": 0.2016,\n    \"5.5\": 0\n  },\n  N: {\n    \"10\": 0.01232,\n    \"11\": 0.01232\n  },\n  J: {\n    \"7\": 0,\n    \"10\": 0.02464\n  },\n  O: {\n    \"0\": 1.98352\n  },\n  H: {\n    \"0\": 13.57664\n  },\n  L: {\n    \"0\": 50.66112\n  },\n  S: {\n    \"2.5\": 0.00616\n  },\n  R: {\n    _: \"0\"\n  },\n  M: {\n    \"0\": 0.22176\n  },\n  Q: {\n    \"10.4\": 0.03696\n  }\n};","map":{"version":3,"sources":["/Users/bruceseymour/ra-video/client/node_modules/caniuse-lite/data/regions/ZW.js"],"names":["module","exports","C","D","F","E","_","G","B","I","P","K","A","N","J","O","H","L","S","R","M","Q"],