{"ast":null,"code":"module.exports = {\n  C: {\n    \"2\": 0,\n    \"3\": 0,\n    \"4\": 0,\n    \"5\": 0,\n    \"6\": 0,\n    \"7\": 0,\n    \"8\": 0,\n    \"9\": 0,\n    \"10\": 0,\n    \"11\": 0,\n    \"12\": 0,\n    \"13\": 0,\n    \"14\": 0,\n    \"15\": 0,\n    \"16\": 0,\n    \"17\": 0,\n    \"18\": 0,\n    \"19\": 0,\n    \"20\": 0,\n    \"21\": 0,\n    \"22\": 0,\n    \"23\": 0,\n    \"24\": 0,\n    \"25\": 0,\n    \"26\": 0,\n    \"27\": 0,\n    \"28\": 0,\n    \"29\": 0,\n    \"30\": 0.00415,\n    \"31\": 0,\n    \"32\": 0,\n    \"33\": 0.34835,\n    \"34\": 0,\n    \"35\": 0,\n    \"36\": 0,\n    \"37\": 0,\n    \"38\": 0,\n    \"39\": 0,\n    \"40\": 0,\n    \"41\": 0,\n    \"42\": 0,\n    \"43\": 0,\n    \"44\": 0,\n    \"45\": 0.02074,\n    \"46\": 0.01659,\n    \"47\": 0.01659,\n    \"48\": 0.02074,\n    \"49\": 0.01659,\n    \"50\": 0.02074,\n    \"51\": 0.01659,\n    \"52\": 0.03732,\n    \"53\": 0.01659,\n    \"54\": 0.02074,\n    \"55\": 0.01659,\n    \"56\": 0.01659,\n    \"57\": 0,\n    \"58\": 0,\n    \"59\": 0,\n    \"60\": 0.00415,\n    \"61\": 0,\n    \"62\": 0,\n    \"63\": 0,\n    \"64\": 0,\n    \"65\": 0,\n    \"66\": 0,\n    \"67\": 0,\n    \"68\": 0.00829,\n    \"69\": 0,\n    \"70\": 0,\n    \"71\": 0,\n    \"72\": 0.26126,\n    \"73\": 0,\n    \"74\": 0,\n    \"75\": 0,\n    \"76\": 0,\n    \"77\": 0.00415,\n    \"78\": 0.02074,\n    \"79\": 0.44788,\n    \"80\": 0.00415,\n    \"81\": 0.01244,\n    \"82\": 0.00829,\n    \"83\": 0.41055,\n    \"84\": 0.18247,\n    \"85\": 0.01244,\n    \"86\": 0,\n    \"3.5\": 0,\n    \"3.6\": 0\n  },\n  D: {\n    \"4\": 0,\n    \"5\": 0,\n    \"6\": 0,\n    \"7\": 0,\n    \"8\": 0,\n    \"9\": 0,\n    \"10\": 0,\n    \"11\": 0,\n    \"12\": 0,\n    \"13\": 0,\n    \"14\": 0,\n    \"15\": 0,\n    \"16\": 0,\n    \"17\": 0,\n    \"18\": 0,\n    \"19\": 0,\n    \"20\": 0,\n    \"21\": 0,\n    \"22\": 0.00415,\n    \"23\": 0,\n    \"24\": 0,\n    \"25\": 0,\n    \"26\": 0,\n    \"27\": 0,\n    \"28\": 0,\n    \"29\": 0,\n    \"30\": 0,\n    \"31\": 0,\n    \"32\": 0,\n    \"33\": 0,\n    \"34\": 0,\n    \"35\": 0.00415,\n    \"36\": 0,\n    \"37\": 0,\n    \"38\": 0,\n    \"39\": 0.00415,\n    \"40\": 0.00415,\n    \"41\": 0,\n    \"42\": 0,\n    \"43\": 0,\n    \"44\": 0,\n    \"45\": 0,\n    \"46\": 0,\n    \"47\": 0,\n    \"48\": 0,\n    \"49\": 0.14929,\n    \"50\": 0,\n    \"51\": 0,\n    \"52\": 0,\n    \"53\": 0.00415,\n    \"54\": 0,\n    \"55\": 0,\n    \"56\": 0.02903,\n    \"57\": 0.00415,\n    \"58\": 0,\n    \"59\": 0.00415,\n    \"60\": 0.00829,\n    \"61\": 0.00415,\n    \"62\": 0.00415,\n    \"63\": 0.00829,\n    \"64\": 0.00415,\n    \"65\": 0,\n    \"66\": 0.00415,\n    \"67\": 0.00829,\n    \"68\": 0.00415,\n    \"69\": 0.00415,\n    \"70\": 0.00829,\n    \"71\": 0.06221,\n    \"72\": 0.01244,\n    \"73\": 0.00415,\n    \"74\": 0.01244,\n    \"75\": 0.00415,\n    \"76\": 0.01244,\n    \"77\": 0.00415,\n    \"78\": 0.02074,\n    \"79\": 0.02488,\n    \"80\": 0.06221,\n    \"81\": 0.04147,\n    \"83\": 0.04562,\n    \"84\": 0.07879,\n    \"85\": 0.0705,\n    \"86\": 1.42657,\n    \"87\": 8.25668,\n    \"88\": 0.01244,\n    \"89\": 0.01659,\n    \"90\": 0\n  },\n  F: {\n    \"9\": 0,\n    \"11\": 0,\n    \"12\": 0,\n    \"15\": 0,\n    \"16\": 0,\n    \"17\": 0,\n    \"18\": 0,\n    \"19\": 0,\n    \"20\": 0,\n    \"21\": 0,\n    \"22\": 0,\n    \"23\": 0,\n    \"24\": 0,\n    \"25\": 0,\n    \"26\": 0,\n    \"27\": 0,\n    \"28\": 0,\n    \"29\": 0,\n    \"30\": 0,\n    \"31\": 0,\n    \"32\": 0,\n    \"33\": 0,\n    \"34\": 0,\n    \"35\": 0,\n    \"36\": 0.00415,\n    \"37\": 0.00415,\n    \"38\": 0,\n    \"39\": 0,\n    \"40\": 0,\n    \"41\": 0,\n    \"42\": 0.00415,\n    \"43\": 0,\n    \"44\": 0.00415,\n    \"45\": 0.01244,\n    \"46\": 0.00415,\n    \"47\": 0.00415,\n    \"48\": 0.00415,\n    \"49\": 0.00415,\n    \"50\": 0.00415,\n    \"51\": 0.00829,\n    \"52\": 0.00415,\n    \"53\": 0.03732,\n    \"54\": 0.01244,\n    \"55\": 0.02074,\n    \"56\": 0.00829,\n    \"57\": 0.04147,\n    \"58\": 0.01244,\n    \"60\": 0.02903,\n    \"62\": 0.02488,\n    \"63\": 0.00829,\n    \"64\": 0.01659,\n    \"65\": 0.01244,\n    \"66\": 0.00829,\n    \"67\": 0.01659,\n    \"68\": 0.01659,\n    \"69\": 0.00415,\n    \"70\": 0.0705,\n    \"71\": 0.02488,\n    \"72\": 0.07465,\n    \"9.5-9.6\": 0,\n    \"10.0-10.1\": 0,\n    \"10.5\": 0,\n    \"10.6\": 0,\n    \"11.1\": 0,\n    \"11.5\": 0,\n    \"11.6\": 0,\n    \"12.1\": 0.00415\n  },\n  E: {\n    \"4\": 0,\n    \"5\": 0,\n    \"6\": 0,\n    \"7\": 0,\n    \"8\": 0,\n    \"9\": 0,\n    \"10\": 0,\n    \"11\": 0,\n    \"12\": 0,\n    \"13\": 0.00829,\n    \"14\": 0.16173,\n    _: \"0\",\n    \"3.1\": 0,\n    \"3.2\": 0,\n    \"5.1\": 1.51366,\n    \"6.1\": 0,\n    \"7.1\": 0,\n    \"9.1\": 0,\n    \"10.1\": 0,\n    \"11.1\": 0.00415,\n    \"12.1\": 0.00829,\n    \"13.1\": 0.05391\n  },\n  G: {\n    \"8\": 0,\n    \"3.2\": 0,\n    \"4.0-4.1\": 0,\n    \"4.2-4.3\": 0.00115,\n    \"5.0-5.1\": 0.01093,\n    \"6.0-6.1\": 0.00173,\n    \"7.0-7.1\": 0.10122,\n    \"8.1-8.4\": 0.0207,\n    \"9.0-9.2\": 0.00978,\n    \"9.3\": 0.11675,\n    \"10.0-10.2\": 0.01725,\n    \"10.3\": 0.11675,\n    \"11.0-11.2\": 0.05924,\n    \"11.3-11.4\": 0.09605,\n    \"12.0-12.1\": 0.10525,\n    \"12.2-12.4\": 0.92883,\n    \"13.0-13.1\": 0.05234,\n    \"13.2\": 0.02761,\n    \"13.3\": 0.15126,\n    \"13.4-13.7\": 0.7793,\n    \"14.0-14.3\": 3.10397\n  },\n  B: {\n    \"12\": 0.00415,\n    \"13\": 0,\n    \"14\": 0.00415,\n    \"15\": 0.00829,\n    \"16\": 0.00829,\n    \"17\": 0.00829,\n    \"18\": 0.04562,\n    \"79\": 0,\n    \"80\": 0,\n    \"81\": 0,\n    \"83\": 0,\n    \"84\": 0.00829,\n    \"85\": 0.00415,\n    \"86\": 0.00415,\n    \"87\": 0.26956\n  },\n  I: {\n    \"3\": 0,\n    \"4\": 0.00358,\n    \"81\": 0,\n    \"2.1\": 0,\n    \"2.2\": 0,\n    \"2.3\": 0,\n    \"4.1\": 0.02007,\n    \"4.2-4.3\": 0.02652,\n    \"4.4\": 0,\n    \"4.4.3-4.4.4\": 0.19495\n  },\n  P: {\n    \"4\": 1.4722,\n    \"5.0-5.4\": 0.13109,\n    \"6.2-6.4\": 0.27226,\n    \"7.2-7.4\": 0.5546,\n    \"8.2\": 0.0605,\n    \"9.2\": 0.39326,\n    \"10.1\": 0.16134,\n    \"11.1-11.2\": 0.74618,\n    \"12.0\": 1.06886,\n    \"13.0\": 1.90579\n  },\n  K: {\n    _: \"0 10 11 12 11.1 11.5 12.1\"\n  },\n  A: {\n    \"6\": 0,\n    \"7\": 0,\n    \"8\": 0.01083,\n    \"9\": 0,\n    \"10\": 0,\n    \"11\": 0.18408,\n    \"5.5\": 0\n  },\n  N: {\n    \"10\": 0,\n    \"11\": 0.01756\n  },\n  J: {\n    \"7\": 0,\n    \"10\": 0.00585\n  },\n  O: {\n    \"0\": 4.75264\n  },\n  H: {\n    \"0\": 0.42668\n  },\n  L: {\n    \"0\": 59.19055\n  },\n  S: {\n    \"2.5\": 0\n  },\n  R: {\n    _: \"0\"\n  },\n  M: {\n    \"0\": 0.04682\n  },\n  Q: {\n    \"10.4\": 0.04097\n  }\n};","map":{"version":3,"sources":["/Users/bruceseymour/ra-video/client/node_modules/caniuse-lite/data/regions/UZ.js"],"names":["module","exports","C","D","F","E","_","G","B","I","P","K","A","N","J","O","H","L","S","R","M","Q"],