{"ast":null,"code":"module.exports = {\n  C: {\n    \"2\": 0,\n    \"3\": 0,\n    \"4\": 0,\n    \"5\": 0,\n    \"6\": 0,\n    \"7\": 0,\n    \"8\": 0,\n    \"9\": 0,\n    \"10\": 0,\n    \"11\": 0,\n    \"12\": 0,\n    \"13\": 0,\n    \"14\": 0,\n    \"15\": 0,\n    \"16\": 0,\n    \"17\": 0,\n    \"18\": 0,\n    \"19\": 0,\n    \"20\": 0,\n    \"21\": 0,\n    \"22\": 0,\n    \"23\": 0,\n    \"24\": 0,\n    \"25\": 0,\n    \"26\": 0,\n    \"27\": 0,\n    \"28\": 0,\n    \"29\": 0,\n    \"30\": 0.00683,\n    \"31\": 0,\n    \"32\": 0.01025,\n    \"33\": 0,\n    \"34\": 0,\n    \"35\": 0,\n    \"36\": 0.00342,\n    \"37\": 0,\n    \"38\": 0,\n    \"39\": 0,\n    \"40\": 0.00342,\n    \"41\": 0,\n    \"42\": 0.00342,\n    \"43\": 0,\n    \"44\": 0,\n    \"45\": 0,\n    \"46\": 0,\n    \"47\": 0.00342,\n    \"48\": 0,\n    \"49\": 0,\n    \"50\": 0,\n    \"51\": 0,\n    \"52\": 0.03416,\n    \"53\": 0,\n    \"54\": 0,\n    \"55\": 0,\n    \"56\": 0,\n    \"57\": 0,\n    \"58\": 0,\n    \"59\": 0,\n    \"60\": 0,\n    \"61\": 0,\n    \"62\": 0,\n    \"63\": 0,\n    \"64\": 0,\n    \"65\": 0,\n    \"66\": 0,\n    \"67\": 0,\n    \"68\": 0.01708,\n    \"69\": 0,\n    \"70\": 0,\n    \"71\": 0.00342,\n    \"72\": 0.01366,\n    \"73\": 0,\n    \"74\": 0,\n    \"75\": 0.00342,\n    \"76\": 0,\n    \"77\": 0.00342,\n    \"78\": 0.0205,\n    \"79\": 0.00683,\n    \"80\": 0.00683,\n    \"81\": 0.01366,\n    \"82\": 0.04782,\n    \"83\": 0.60122,\n    \"84\": 0.34843,\n    \"85\": 0.00342,\n    \"86\": 0,\n    \"3.5\": 0,\n    \"3.6\": 0\n  },\n  D: {\n    \"4\": 0,\n    \"5\": 0,\n    \"6\": 0,\n    \"7\": 0,\n    \"8\": 0,\n    \"9\": 0,\n    \"10\": 0,\n    \"11\": 0,\n    \"12\": 0,\n    \"13\": 0,\n    \"14\": 0,\n    \"15\": 0,\n    \"16\": 0,\n    \"17\": 0,\n    \"18\": 0.01366,\n    \"19\": 0,\n    \"20\": 0,\n    \"21\": 0,\n    \"22\": 0,\n    \"23\": 0,\n    \"24\": 0,\n    \"25\": 0,\n    \"26\": 0,\n    \"27\": 0,\n    \"28\": 0,\n    \"29\": 0.0205,\n    \"30\": 0,\n    \"31\": 0.01025,\n    \"32\": 0,\n    \"33\": 0,\n    \"34\": 0,\n    \"35\": 0.00342,\n    \"36\": 0,\n    \"37\": 0,\n    \"38\": 0.00342,\n    \"39\": 0,\n    \"40\": 0.00342,\n    \"41\": 0,\n    \"42\": 0,\n    \"43\": 0.02733,\n    \"44\": 0,\n    \"45\": 0,\n    \"46\": 0,\n    \"47\": 0.00342,\n    \"48\": 0.01025,\n    \"49\": 0.06149,\n    \"50\": 0.00342,\n    \"51\": 0.00683,\n    \"52\": 0,\n    \"53\": 0.01025,\n    \"54\": 0,\n    \"55\": 0,\n    \"56\": 0.00683,\n    \"57\": 0.00342,\n    \"58\": 0.01025,\n    \"59\": 0.00342,\n    \"60\": 0.00342,\n    \"61\": 0.01708,\n    \"62\": 0.00342,\n    \"63\": 0.01708,\n    \"64\": 0.00683,\n    \"65\": 0.00342,\n    \"66\": 0.00683,\n    \"67\": 0.00342,\n    \"68\": 0.00683,\n    \"69\": 0.03074,\n    \"70\": 0.0205,\n    \"71\": 0.01366,\n    \"72\": 0.01708,\n    \"73\": 0.01025,\n    \"74\": 0.03416,\n    \"75\": 0.02733,\n    \"76\": 0.02733,\n    \"77\": 0.02391,\n    \"78\": 0.03416,\n    \"79\": 0.05807,\n    \"80\": 0.14006,\n    \"81\": 0.05807,\n    \"83\": 0.07515,\n    \"84\": 0.16397,\n    \"85\": 0.15372,\n    \"86\": 1.16144,\n    \"87\": 5.4656,\n    \"88\": 0.01025,\n    \"89\": 0.04782,\n    \"90\": 0\n  },\n  F: {\n    \"9\": 0,\n    \"11\": 0,\n    \"12\": 0,\n    \"15\": 0,\n    \"16\": 0,\n    \"17\": 0,\n    \"18\": 0,\n    \"19\": 0,\n    \"20\": 0,\n    \"21\": 0,\n    \"22\": 0,\n    \"23\": 0,\n    \"24\": 0.00342,\n    \"25\": 0,\n    \"26\": 0.00683,\n    \"27\": 0.00683,\n    \"28\": 0.01025,\n    \"29\": 0,\n    \"30\": 0.00683,\n    \"31\": 0.00342,\n    \"32\": 0.00683,\n    \"33\": 0.00342,\n    \"34\": 0,\n    \"35\": 0,\n    \"36\": 0,\n    \"37\": 0,\n    \"38\": 0.00342,\n    \"39\": 0,\n    \"40\": 0,\n    \"41\": 0.00342,\n    \"42\": 0.00683,\n    \"43\": 0,\n    \"44\": 0,\n    \"45\": 0,\n    \"46\": 0.00683,\n    \"47\": 0.00342,\n    \"48\": 0,\n    \"49\": 0,\n    \"50\": 0.03074,\n    \"51\": 0.07174,\n    \"52\": 0,\n    \"53\": 0,\n    \"54\": 0,\n    \"55\": 0,\n    \"56\": 0,\n    \"57\": 0,\n    \"58\": 0,\n    \"60\": 0.00342,\n    \"62\": 0,\n    \"63\": 0,\n    \"64\": 0,\n    \"65\": 0,\n    \"66\": 0,\n    \"67\": 0.00342,\n    \"68\": 0.00342,\n    \"69\": 0,\n    \"70\": 0,\n    \"71\": 0.01366,\n    \"72\": 0.38259,\n    \"9.5-9.6\": 0,\n    \"10.0-10.1\": 0,\n    \"10.5\": 0,\n    \"10.6\": 0,\n    \"11.1\": 0,\n    \"11.5\": 0,\n    \"11.6\": 0,\n    \"12.1\": 0.00342\n  },\n  E: {\n    \"4\": 0,\n    \"5\": 0,\n    \"6\": 0,\n    \"7\": 0,\n    \"8\": 0,\n    \"9\": 0,\n    \"10\": 0,\n    \"11\": 0,\n    \"12\": 0.00342,\n    \"13\": 0.01025,\n    \"14\": 0.13322,\n    _: \"0\",\n    \"3.1\": 0,\n    \"3.2\": 0,\n    \"5.1\": 0.03416,\n    \"6.1\": 0,\n    \"7.1\": 0,\n    \"9.1\": 0.00342,\n    \"10.1\": 0.00342,\n    \"11.1\": 0.00683,\n    \"12.1\": 0.00683,\n    \"13.1\": 0.03416\n  },\n  G: {\n    \"8\": 0.011,\n    \"3.2\": 0,\n    \"4.0-4.1\": 0,\n    \"4.2-4.3\": 0.00137,\n    \"5.0-5.1\": 0,\n    \"6.0-6.1\": 0.00137,\n    \"7.0-7.1\": 0.03025,\n    \"8.1-8.4\": 0.00137,\n    \"9.0-9.2\": 0,\n    \"9.3\": 0.06187,\n    \"10.0-10.2\": 0.01375,\n    \"10.3\": 0.21034,\n    \"11.0-11.2\": 0.36982,\n    \"11.3-11.4\": 0.27908,\n    \"12.0-12.1\": 0.26121,\n    \"12.2-12.4\": 2.74821,\n    \"13.0-13.1\": 0.22684,\n    \"13.2\": 0.18285,\n    \"13.3\": 0.73414,\n    \"13.4-13.7\": 1.99207,\n    \"14.0-14.3\": 6.53575\n  },\n  B: {\n    \"12\": 0.00342,\n    \"13\": 0.00342,\n    \"14\": 0.00683,\n    \"15\": 0.00342,\n    \"16\": 0.00342,\n    \"17\": 0.01366,\n    \"18\": 0.0649,\n    \"79\": 0,\n    \"80\": 0,\n    \"81\": 0.00342,\n    \"83\": 0,\n    \"84\": 0.00342,\n    \"85\": 0.00683,\n    \"86\": 0.01708,\n    \"87\": 0.79593\n  },\n  I: {\n    \"3\": 0,\n    \"4\": 0.00392,\n    \"81\": 0,\n    \"2.1\": 0,\n    \"2.2\": 0,\n    \"2.3\": 0,\n    \"4.1\": 0.00392,\n    \"4.2-4.3\": 0.01765,\n    \"4.4\": 0,\n    \"4.4.3-4.4.4\": 0.18234\n  },\n  P: {\n    \"4\": 0.0907,\n    \"5.0-5.4\": 0,\n    \"6.2-6.4\": 0.01008,\n    \"7.2-7.4\": 0.12094,\n    \"8.2\": 0.01008,\n    \"9.2\": 0.10078,\n    \"10.1\": 0.05039,\n    \"11.1-11.2\": 0.22172,\n    \"12.0\": 0.45352,\n    \"13.0\": 0.74579\n  },\n  K: {\n    _: \"0 10 11 12 11.1 11.5 12.1\"\n  },\n  A: {\n    \"6\": 0,\n    \"7\": 0,\n    \"8\": 0.01684,\n    \"9\": 0,\n    \"10\": 0,\n    \"11\": 0.06173,\n    \"5.5\": 0\n  },\n  N: {\n    \"10\": 0,\n    \"11\": 0\n  },\n  J: {\n    \"7\": 0,\n    \"10\": 0.01975\n  },\n  O: {\n    \"0\": 0.39504\n  },\n  H: {\n    \"0\": 3.90205\n  },\n  L: {\n    \"0\": 66.03311\n  },\n  S: {\n    \"2.5\": 0.01975\n  },\n  R: {\n    _: \"0\"\n  },\n  M: {\n    \"0\": 0.33578\n  },\n  Q: {\n    \"10.4\": 0.02634\n  }\n};","map":{"version":3,"sources":["/Users/bruceseymour/ra-video/client/node_modules/caniuse-lite/data/regions/CI.js"],"names":["module","exports","C","D","F","E","_","G","B","I","P","K","A","N","J","O","H","L","S","R","M","Q"],