{"ast":null,"code":"module.exports = {\n  C: {\n    \"2\": 0,\n    \"3\": 0,\n    \"4\": 0.28255,\n    \"5\": 0,\n    \"6\": 0,\n    \"7\": 0,\n    \"8\": 0,\n    \"9\": 0,\n    \"10\": 0,\n    \"11\": 0,\n    \"12\": 0,\n    \"13\": 0,\n    \"14\": 0,\n    \"15\": 0,\n    \"16\": 0,\n    \"17\": 0,\n    \"18\": 0,\n    \"19\": 0,\n    \"20\": 0,\n    \"21\": 0,\n    \"22\": 0,\n    \"23\": 0,\n    \"24\": 0,\n    \"25\": 0,\n    \"26\": 0,\n    \"27\": 0,\n    \"28\": 0,\n    \"29\": 0,\n    \"30\": 0.00428,\n    \"31\": 0,\n    \"32\": 0,\n    \"33\": 0,\n    \"34\": 0,\n    \"35\": 0,\n    \"36\": 0,\n    \"37\": 0,\n    \"38\": 0,\n    \"39\": 0,\n    \"40\": 0,\n    \"41\": 0,\n    \"42\": 0,\n    \"43\": 0,\n    \"44\": 0,\n    \"45\": 0,\n    \"46\": 0,\n    \"47\": 0,\n    \"48\": 0.00428,\n    \"49\": 0,\n    \"50\": 0,\n    \"51\": 0,\n    \"52\": 0.01284,\n    \"53\": 0,\n    \"54\": 0,\n    \"55\": 0,\n    \"56\": 0,\n    \"57\": 0,\n    \"58\": 0,\n    \"59\": 0,\n    \"60\": 0.00428,\n    \"61\": 0,\n    \"62\": 0,\n    \"63\": 0,\n    \"64\": 0,\n    \"65\": 0.00428,\n    \"66\": 0.02141,\n    \"67\": 0,\n    \"68\": 0.00856,\n    \"69\": 0,\n    \"70\": 0,\n    \"71\": 0,\n    \"72\": 0.00428,\n    \"73\": 0.00428,\n    \"74\": 0,\n    \"75\": 0,\n    \"76\": 0,\n    \"77\": 0.00428,\n    \"78\": 0.03425,\n    \"79\": 0.00428,\n    \"80\": 0.00856,\n    \"81\": 0.01284,\n    \"82\": 0.02141,\n    \"83\": 0.54369,\n    \"84\": 0.30395,\n    \"85\": 0.00428,\n    \"86\": 0,\n    \"3.5\": 0,\n    \"3.6\": 0\n  },\n  D: {\n    \"4\": 0,\n    \"5\": 0,\n    \"6\": 0,\n    \"7\": 0,\n    \"8\": 0,\n    \"9\": 0,\n    \"10\": 0,\n    \"11\": 0,\n    \"12\": 0,\n    \"13\": 0,\n    \"14\": 0,\n    \"15\": 0,\n    \"16\": 0,\n    \"17\": 0,\n    \"18\": 0,\n    \"19\": 0,\n    \"20\": 0,\n    \"21\": 0,\n    \"22\": 0.00428,\n    \"23\": 0,\n    \"24\": 0,\n    \"25\": 0,\n    \"26\": 0,\n    \"27\": 0,\n    \"28\": 0,\n    \"29\": 0,\n    \"30\": 0,\n    \"31\": 0,\n    \"32\": 0,\n    \"33\": 0,\n    \"34\": 0,\n    \"35\": 0,\n    \"36\": 0,\n    \"37\": 0,\n    \"38\": 0.00428,\n    \"39\": 0,\n    \"40\": 0,\n    \"41\": 0,\n    \"42\": 0,\n    \"43\": 0,\n    \"44\": 0,\n    \"45\": 0,\n    \"46\": 0,\n    \"47\": 0,\n    \"48\": 0.00428,\n    \"49\": 0.0685,\n    \"50\": 0,\n    \"51\": 0,\n    \"52\": 0.00428,\n    \"53\": 0.00856,\n    \"54\": 0,\n    \"55\": 0,\n    \"56\": 0,\n    \"57\": 0,\n    \"58\": 0.00428,\n    \"59\": 0,\n    \"60\": 0,\n    \"61\": 0.01284,\n    \"62\": 0,\n    \"63\": 0.00428,\n    \"64\": 0,\n    \"65\": 0.01284,\n    \"66\": 0.00428,\n    \"67\": 0.01284,\n    \"68\": 0.00428,\n    \"69\": 0.00428,\n    \"70\": 0.01284,\n    \"71\": 0.01712,\n    \"72\": 0.00856,\n    \"73\": 0.00856,\n    \"74\": 0.00856,\n    \"75\": 0.01712,\n    \"76\": 0.01712,\n    \"77\": 0.01712,\n    \"78\": 0.02141,\n    \"79\": 0.03425,\n    \"80\": 0.04709,\n    \"81\": 0.03425,\n    \"83\": 0.03853,\n    \"84\": 0.05993,\n    \"85\": 0.10703,\n    \"86\": 2.38024,\n    \"87\": 9.93192,\n    \"88\": 0.00856,\n    \"89\": 0.00428,\n    \"90\": 0\n  },\n  F: {\n    \"9\": 0,\n    \"11\": 0,\n    \"12\": 0,\n    \"15\": 0,\n    \"16\": 0,\n    \"17\": 0,\n    \"18\": 0,\n    \"19\": 0,\n    \"20\": 0,\n    \"21\": 0,\n    \"22\": 0,\n    \"23\": 0,\n    \"24\": 0,\n    \"25\": 0,\n    \"26\": 0,\n    \"27\": 0,\n    \"28\": 0,\n    \"29\": 0,\n    \"30\": 0,\n    \"31\": 0,\n    \"32\": 0,\n    \"33\": 0,\n    \"34\": 0,\n    \"35\": 0,\n    \"36\": 0,\n    \"37\": 0,\n    \"38\": 0,\n    \"39\": 0,\n    \"40\": 0,\n    \"41\": 0,\n    \"42\": 0,\n    \"43\": 0,\n    \"44\": 0,\n    \"45\": 0,\n    \"46\": 0,\n    \"47\": 0,\n    \"48\": 0,\n    \"49\": 0,\n    \"50\": 0,\n    \"51\": 0,\n    \"52\": 0,\n    \"53\": 0,\n    \"54\": 0,\n    \"55\": 0,\n    \"56\": 0,\n    \"57\": 0,\n    \"58\": 0,\n    \"60\": 0,\n    \"62\": 0,\n    \"63\": 0,\n    \"64\": 0,\n    \"65\": 0,\n    \"66\": 0,\n    \"67\": 0,\n    \"68\": 0,\n    \"69\": 0,\n    \"70\": 0,\n    \"71\": 0.11131,\n    \"72\": 0.27827,\n    \"9.5-9.6\": 0,\n    \"10.0-10.1\": 0,\n    \"10.5\": 0,\n    \"10.6\": 0,\n    \"11.1\": 0,\n    \"11.5\": 0,\n    \"11.6\": 0,\n    \"12.1\": 0\n  },\n  E: {\n    \"4\": 0,\n    \"5\": 0,\n    \"6\": 0,\n    \"7\": 0,\n    \"8\": 0,\n    \"9\": 0,\n    \"10\": 0.00428,\n    \"11\": 0.00428,\n    \"12\": 0.00856,\n    \"13\": 0.03425,\n    \"14\": 0.61646,\n    _: \"0\",\n    \"3.1\": 0,\n    \"3.2\": 0,\n    \"5.1\": 0.25258,\n    \"6.1\": 0,\n    \"7.1\": 0,\n    \"9.1\": 0.00428,\n    \"10.1\": 0.00856,\n    \"11.1\": 0.02141,\n    \"12.1\": 0.03853,\n    \"13.1\": 0.21833\n  },\n  G: {\n    \"8\": 0.00264,\n    \"3.2\": 0,\n    \"4.0-4.1\": 0,\n    \"4.2-4.3\": 0,\n    \"5.0-5.1\": 0.01453,\n    \"6.0-6.1\": 0.0066,\n    \"7.0-7.1\": 0.02774,\n    \"8.1-8.4\": 0.00925,\n    \"9.0-9.2\": 0.00792,\n    \"9.3\": 0.19944,\n    \"10.0-10.2\": 0.01453,\n    \"10.3\": 0.19019,\n    \"11.0-11.2\": 0.04491,\n    \"11.3-11.4\": 0.08321,\n    \"12.0-12.1\": 0.05547,\n    \"12.2-12.4\": 1.22304,\n    \"13.0-13.1\": 0.05944,\n    \"13.2\": 0.02642,\n    \"13.3\": 0.20736,\n    \"13.4-13.7\": 1.23493,\n    \"14.0-14.3\": 9.76058\n  },\n  B: {\n    \"12\": 0,\n    \"13\": 0.00428,\n    \"14\": 0.00428,\n    \"15\": 0.00856,\n    \"16\": 0.00428,\n    \"17\": 0.01284,\n    \"18\": 0.0685,\n    \"79\": 0,\n    \"80\": 0,\n    \"81\": 0,\n    \"83\": 0,\n    \"84\": 0.00428,\n    \"85\": 0.00428,\n    \"86\": 0.02569,\n    \"87\": 1.1045\n  },\n  I: {\n    \"3\": 0,\n    \"4\": 0.00265,\n    \"81\": 0,\n    \"2.1\": 0,\n    \"2.2\": 0,\n    \"2.3\": 0,\n    \"4.1\": 0.01194,\n    \"4.2-4.3\": 0.02123,\n    \"4.4\": 0,\n    \"4.4.3-4.4.4\": 0.18839\n  },\n  P: {\n    \"4\": 0.16399,\n    \"5.0-5.4\": 0,\n    \"6.2-6.4\": 0,\n    \"7.2-7.4\": 0.03075,\n    \"8.2\": 0.01025,\n    \"9.2\": 0.041,\n    \"10.1\": 0.0205,\n    \"11.1-11.2\": 0.082,\n    \"12.0\": 0.17424,\n    \"13.0\": 1.05571\n  },\n  K: {\n    _: \"0 10 11 12 11.1 11.5 12.1\"\n  },\n  A: {\n    \"6\": 0,\n    \"7\": 0,\n    \"8\": 0.0136,\n    \"9\": 0.00453,\n    \"10\": 0.00453,\n    \"11\": 0.20851,\n    \"5.5\": 0\n  },\n  N: {\n    \"10\": 0,\n    \"11\": 0\n  },\n  J: {\n    \"7\": 0,\n    \"10\": 0\n  },\n  O: {\n    \"0\": 0.08579\n  },\n  H: {\n    \"0\": 0.20033\n  },\n  L: {\n    \"0\": 65.83882\n  },\n  S: {\n    \"2.5\": 0.00572\n  },\n  R: {\n    _: \"0\"\n  },\n  M: {\n    \"0\": 0.18301\n  },\n  Q: {\n    \"10.4\": 0\n  }\n};","map":{"version":3,"sources":["/Users/bruceseymour/ra-video/client/node_modules/caniuse-lite/data/regions/MX.js"],"names":["module","exports","C","D","F","E","_","G","B","I","P","K","A","N","J","O","H","L","S","R","M","Q"],