{"ast":null,"code":"module.exports = {\n  C: {\n    \"16\": 0.01538,\n    \"24\": 0.00308,\n    \"25\": 0.00308,\n    \"27\": 0.00615,\n    \"29\": 0.0123,\n    \"30\": 0.00923,\n    \"31\": 0.00923,\n    \"32\": 0.00615,\n    \"33\": 0.02153,\n    \"34\": 0.00615,\n    \"35\": 0.00615,\n    \"37\": 0.00615,\n    \"38\": 0.00615,\n    \"39\": 0.00615,\n    \"40\": 0.00615,\n    \"41\": 0.01538,\n    \"42\": 0.00308,\n    \"43\": 0.02768,\n    \"44\": 0.00615,\n    \"45\": 0.00615,\n    \"46\": 0.00308,\n    \"47\": 0.03999,\n    \"48\": 0.01538,\n    \"49\": 0.0123,\n    \"50\": 0.00923,\n    \"52\": 0.20609,\n    \"53\": 0.0123,\n    \"54\": 0.00923,\n    \"55\": 0.00615,\n    \"56\": 0.02153,\n    \"57\": 0.00923,\n    \"58\": 0.00615,\n    \"59\": 0.00615,\n    \"60\": 0.01538,\n    \"61\": 0.00308,\n    \"62\": 0.00615,\n    \"63\": 0.0123,\n    \"64\": 0.0123,\n    \"65\": 0.01538,\n    \"66\": 0.00923,\n    \"67\": 0.00615,\n    \"68\": 0.0123,\n    \"69\": 0.00615,\n    \"70\": 0.00923,\n    \"71\": 0.00615,\n    \"72\": 0.04922,\n    \"73\": 0.00615,\n    \"74\": 0.00923,\n    \"75\": 0.0123,\n    \"76\": 0.0123,\n    \"77\": 0.01538,\n    \"78\": 0.17533,\n    \"79\": 0.02461,\n    \"80\": 0.04614,\n    \"81\": 0.0769,\n    \"82\": 0.11996,\n    \"83\": 2.9345,\n    \"84\": 2.03939,\n    \"85\": 0.02768,\n    _: \"2 3 4 5 6 7 8 9 10 11 12 13 14 15 17 18 19 20 21 22 23 26 28 36 51 86 3.5 3.6\"\n  },\n  D: {\n    \"11\": 0.00308,\n    \"13\": 0.51369,\n    \"29\": 0.00615,\n    \"31\": 0.00615,\n    \"33\": 0.01538,\n    \"34\": 0.00615,\n    \"35\": 0.03384,\n    \"38\": 0.01538,\n    \"39\": 0.00308,\n    \"42\": 0.00308,\n    \"43\": 0.00615,\n    \"44\": 0.00308,\n    \"46\": 0.00615,\n    \"47\": 0.00308,\n    \"48\": 0.0123,\n    \"49\": 0.11996,\n    \"50\": 0.00308,\n    \"51\": 0.00923,\n    \"52\": 0.00308,\n    \"53\": 0.00923,\n    \"54\": 0.01538,\n    \"55\": 0.00615,\n    \"56\": 0.00615,\n    \"57\": 0.00308,\n    \"58\": 0.0123,\n    \"59\": 0.00615,\n    \"60\": 0.00923,\n    \"61\": 0.02768,\n    \"62\": 0.0123,\n    \"63\": 0.04614,\n    \"64\": 0.00615,\n    \"65\": 0.00923,\n    \"66\": 0.00615,\n    \"67\": 0.01846,\n    \"68\": 0.00923,\n    \"69\": 0.01538,\n    \"70\": 0.07075,\n    \"71\": 0.13227,\n    \"72\": 0.07998,\n    \"73\": 0.03999,\n    \"74\": 0.0123,\n    \"75\": 0.04922,\n    \"76\": 0.14457,\n    \"77\": 0.02768,\n    \"78\": 0.02461,\n    \"79\": 0.06767,\n    \"80\": 0.25838,\n    \"81\": 0.05229,\n    \"83\": 0.11074,\n    \"84\": 0.21224,\n    \"85\": 0.27069,\n    \"86\": 2.37775,\n    \"87\": 13.40828,\n    \"88\": 0.01538,\n    \"89\": 0.00615,\n    _: \"4 5 6 7 8 9 10 12 14 15 16 17 18 19 20 21 22 23 24 25 26 27 28 30 32 36 37 40 41 45 90\"\n  },\n  F: {\n    \"12\": 0.00615,\n    \"36\": 0.00308,\n    \"56\": 0.00615,\n    \"57\": 0.00308,\n    \"58\": 0.00615,\n    \"64\": 0.00615,\n    \"68\": 0.00923,\n    \"69\": 0.00308,\n    \"70\": 0.0123,\n    \"71\": 0.03691,\n    \"72\": 0.41834,\n    _: \"9 11 15 16 17 18 19 20 21 22 23 24 25 26 27 28 29 30 31 32 33 34 35 37 38 39 40 41 42 43 44 45 46 47 48 49 50 51 52 53 54 55 60 62 63 65 66 67 9.5-9.6 10.5 10.6 11.1\",\n    \"10.0-10.1\": 0,\n    \"11.5\": 0.00615,\n    \"11.6\": 0.0123,\n    \"12.1\": 0.02153\n  },\n  E: {\n    \"4\": 0,\n    \"12\": 0.00308,\n    \"13\": 0.03384,\n    \"14\": 0.08613,\n    _: \"0 5 6 7 8 9 10 11 3.1 3.2 6.1 7.1 9.1 10.1\",\n    \"5.1\": 0.05537,\n    \"11.1\": 0.00308,\n    \"12.1\": 0.00615,\n    \"13.1\": 0.03999\n  },\n  G: {\n    \"8\": 0,\n    \"3.2\": 0,\n    \"4.0-4.1\": 0,\n    \"4.2-4.3\": 0,\n    \"5.0-5.1\": 0.00224,\n    \"6.0-6.1\": 0.00186,\n    \"7.0-7.1\": 0.00783,\n    \"8.1-8.4\": 0.00075,\n    \"9.0-9.2\": 0.00746,\n    \"9.3\": 0.03468,\n    \"10.0-10.2\": 0.02424,\n    \"10.3\": 0.07085,\n    \"11.0-11.2\": 0.0716,\n    \"11.3-11.4\": 0.09397,\n    \"12.0-12.1\": 0.0936,\n    \"12.2-12.4\": 0.66824,\n    \"13.0-13.1\": 0.0619,\n    \"13.2\": 0.03282,\n    \"13.3\": 0.21404,\n    \"13.4-13.7\": 0.64735,\n    \"14.0-14.3\": 1.6773\n  },\n  B: {\n    \"12\": 0.00923,\n    \"13\": 0.00923,\n    \"14\": 0.01538,\n    \"15\": 0.00923,\n    \"16\": 0.0123,\n    \"17\": 0.02153,\n    \"18\": 0.11074,\n    \"81\": 0.00308,\n    \"83\": 0.00308,\n    \"84\": 0.01846,\n    \"85\": 0.0123,\n    \"86\": 0.03076,\n    \"87\": 0.4737,\n    _: \"79 80\"\n  },\n  I: {\n    \"3\": 0,\n    \"4\": 0.00118,\n    \"81\": 0,\n    \"2.1\": 0,\n    \"2.2\": 0,\n    \"2.3\": 0,\n    \"4.1\": 0.00669,\n    \"4.2-4.3\": 0.05546,\n    \"4.4\": 0,\n    \"4.4.3-4.4.4\": 0.17898\n  },\n  P: {\n    \"4\": 1.61829,\n    \"5.0-5.4\": 0.22251,\n    \"6.2-6.4\": 0.16183,\n    \"7.2-7.4\": 0.75857,\n    \"8.2\": 0.19217,\n    \"9.2\": 1.08223,\n    \"10.1\": 0.54617,\n    \"11.1-11.2\": 1.23394,\n    \"12.0\": 2.49823,\n    \"13.0\": 3.99515\n  },\n  K: {\n    _: \"0 10 11 12 11.1 11.5 12.1\"\n  },\n  A: {\n    \"7\": 0.0031,\n    \"8\": 0.56094,\n    \"9\": 0.22314,\n    \"10\": 0.02169,\n    \"11\": 2.90386,\n    _: \"6 5.5\"\n  },\n  N: {\n    \"10\": 0,\n    \"11\": 0.0269\n  },\n  J: {\n    \"7\": 0,\n    \"10\": 0\n  },\n  O: {\n    \"0\": 0.13154\n  },\n  H: {\n    \"0\": 0.43913\n  },\n  L: {\n    \"0\": 52.00926\n  },\n  S: {\n    \"2.5\": 0\n  },\n  R: {\n    _: \"0\"\n  },\n  M: {\n    \"0\": 0.87922\n  },\n  Q: {\n    \"10.4\": 0\n  }\n};","map":{"version":3,"sources":["/Users/bruceseymour/ra-video/client/node_modules/caniuse-lite/data/regions/IR.js"],"names":["module","exports","C","_","D","F","E","G","B","I","P","K","A","N","J","O","H","L","S","R","M","Q"],