{"ast":null,"code":"module.exports = {\n  C: {\n    \"2\": 0,\n    \"3\": 0,\n    \"4\": 0,\n    \"5\": 0,\n    \"6\": 0,\n    \"7\": 0,\n    \"8\": 0,\n    \"9\": 0,\n    \"10\": 0,\n    \"11\": 0.03168,\n    \"12\": 0.00528,\n    \"13\": 0,\n    \"14\": 0,\n    \"15\": 0,\n    \"16\": 0,\n    \"17\": 0,\n    \"18\": 0,\n    \"19\": 0,\n    \"20\": 0.00528,\n    \"21\": 0,\n    \"22\": 0,\n    \"23\": 0,\n    \"24\": 0,\n    \"25\": 0,\n    \"26\": 0,\n    \"27\": 0,\n    \"28\": 0,\n    \"29\": 0.00528,\n    \"30\": 0.01056,\n    \"31\": 0,\n    \"32\": 0,\n    \"33\": 0,\n    \"34\": 0,\n    \"35\": 0,\n    \"36\": 0,\n    \"37\": 0,\n    \"38\": 0,\n    \"39\": 0,\n    \"40\": 0,\n    \"41\": 0,\n    \"42\": 0,\n    \"43\": 0,\n    \"44\": 0,\n    \"45\": 0.00528,\n    \"46\": 0.00528,\n    \"47\": 0.00528,\n    \"48\": 0.03168,\n    \"49\": 0,\n    \"50\": 0.00528,\n    \"51\": 0.00528,\n    \"52\": 0.08448,\n    \"53\": 0,\n    \"54\": 0,\n    \"55\": 0,\n    \"56\": 0.03168,\n    \"57\": 0.00528,\n    \"58\": 0.00528,\n    \"59\": 0.01056,\n    \"60\": 0.03168,\n    \"61\": 0.00528,\n    \"62\": 0.00528,\n    \"63\": 0.01056,\n    \"64\": 0.01056,\n    \"65\": 0.01056,\n    \"66\": 0.01056,\n    \"67\": 0.00528,\n    \"68\": 0.07392,\n    \"69\": 0.02112,\n    \"70\": 0.00528,\n    \"71\": 0.00528,\n    \"72\": 0.01584,\n    \"73\": 0.00528,\n    \"74\": 0.00528,\n    \"75\": 0.01584,\n    \"76\": 0.00528,\n    \"77\": 0.02112,\n    \"78\": 0.27984,\n    \"79\": 0.02112,\n    \"80\": 0.03696,\n    \"81\": 0.0528,\n    \"82\": 0.11088,\n    \"83\": 2.09616,\n    \"84\": 1.29888,\n    \"85\": 0.00528,\n    \"86\": 0,\n    \"3.5\": 0,\n    \"3.6\": 0\n  },\n  D: {\n    \"4\": 0,\n    \"5\": 0,\n    \"6\": 0,\n    \"7\": 0,\n    \"8\": 0,\n    \"9\": 0,\n    \"10\": 0,\n    \"11\": 0,\n    \"12\": 0,\n    \"13\": 0,\n    \"14\": 0,\n    \"15\": 0,\n    \"16\": 0,\n    \"17\": 0,\n    \"18\": 0.00528,\n    \"19\": 0,\n    \"20\": 0,\n    \"21\": 0,\n    \"22\": 0,\n    \"23\": 0,\n    \"24\": 0,\n    \"25\": 0,\n    \"26\": 0,\n    \"27\": 0,\n    \"28\": 0,\n    \"29\": 0,\n    \"30\": 0,\n    \"31\": 0,\n    \"32\": 0,\n    \"33\": 0,\n    \"34\": 0,\n    \"35\": 0,\n    \"36\": 0,\n    \"37\": 0,\n    \"38\": 0.00528,\n    \"39\": 0,\n    \"40\": 0.00528,\n    \"41\": 0,\n    \"42\": 0,\n    \"43\": 0,\n    \"44\": 0,\n    \"45\": 0,\n    \"46\": 0,\n    \"47\": 0,\n    \"48\": 0.00528,\n    \"49\": 0.25872,\n    \"50\": 0,\n    \"51\": 0.00528,\n    \"52\": 0.03696,\n    \"53\": 0.00528,\n    \"54\": 0.19536,\n    \"55\": 0.00528,\n    \"56\": 0.01056,\n    \"57\": 0.00528,\n    \"58\": 0.01056,\n    \"59\": 0.00528,\n    \"60\": 0.00528,\n    \"61\": 0.01584,\n    \"62\": 0.00528,\n    \"63\": 0.01056,\n    \"64\": 0.03168,\n    \"65\": 0.02112,\n    \"66\": 0.04752,\n    \"67\": 0.02112,\n    \"68\": 0.00528,\n    \"69\": 0.01056,\n    \"70\": 0.06864,\n    \"71\": 0.0792,\n    \"72\": 0.06336,\n    \"73\": 0.04224,\n    \"74\": 0.02112,\n    \"75\": 0.04752,\n    \"76\": 0.02112,\n    \"77\": 0.0264,\n    \"78\": 0.03696,\n    \"79\": 0.06336,\n    \"80\": 0.08448,\n    \"81\": 0.05808,\n    \"83\": 0.09504,\n    \"84\": 0.13728,\n    \"85\": 0.27456,\n    \"86\": 2.46576,\n    \"87\": 11.00352,\n    \"88\": 0.01056,\n    \"89\": 0.00528,\n    \"90\": 0\n  },\n  F: {\n    \"9\": 0,\n    \"11\": 0,\n    \"12\": 0,\n    \"15\": 0,\n    \"16\": 0,\n    \"17\": 0,\n    \"18\": 0,\n    \"19\": 0,\n    \"20\": 0,\n    \"21\": 0,\n    \"22\": 0,\n    \"23\": 0,\n    \"24\": 0,\n    \"25\": 0,\n    \"26\": 0,\n    \"27\": 0,\n    \"28\": 0,\n    \"29\": 0,\n    \"30\": 0,\n    \"31\": 0,\n    \"32\": 0,\n    \"33\": 0,\n    \"34\": 0,\n    \"35\": 0,\n    \"36\": 0.00528,\n    \"37\": 0,\n    \"38\": 0,\n    \"39\": 0,\n    \"40\": 0,\n    \"41\": 0,\n    \"42\": 0,\n    \"43\": 0,\n    \"44\": 0,\n    \"45\": 0,\n    \"46\": 0,\n    \"47\": 0,\n    \"48\": 0,\n    \"49\": 0,\n    \"50\": 0.00528,\n    \"51\": 0.00528,\n    \"52\": 0,\n    \"53\": 0,\n    \"54\": 0,\n    \"55\": 0,\n    \"56\": 0,\n    \"57\": 0.00528,\n    \"58\": 0.00528,\n    \"60\": 0,\n    \"62\": 0,\n    \"63\": 0,\n    \"64\": 0,\n    \"65\": 0,\n    \"66\": 0,\n    \"67\": 0,\n    \"68\": 0.00528,\n    \"69\": 0.00528,\n    \"70\": 0.00528,\n    \"71\": 0.0792,\n    \"72\": 0.30096,\n    \"9.5-9.6\": 0,\n    \"10.0-10.1\": 0,\n    \"10.5\": 0,\n    \"10.6\": 0,\n    \"11.1\": 0,\n    \"11.5\": 0,\n    \"11.6\": 0,\n    \"12.1\": 0\n  },\n  E: {\n    \"4\": 0,\n    \"5\": 0,\n    \"6\": 0,\n    \"7\": 0,\n    \"8\": 0,\n    \"9\": 0,\n    \"10\": 0.00528,\n    \"11\": 0.01056,\n    \"12\": 0.0264,\n    \"13\": 0.132,\n    \"14\": 1.8744,\n    _: \"0\",\n    \"3.1\": 0,\n    \"3.2\": 0,\n    \"5.1\": 0.00528,\n    \"6.1\": 0,\n    \"7.1\": 0,\n    \"9.1\": 0.01056,\n    \"10.1\": 0.03168,\n    \"11.1\": 0.09504,\n    \"12.1\": 0.16368,\n    \"13.1\": 0.6864\n  },\n  G: {\n    \"8\": 0.00923,\n    \"3.2\": 0,\n    \"4.0-4.1\": 0,\n    \"4.2-4.3\": 0,\n    \"5.0-5.1\": 0.00231,\n    \"6.0-6.1\": 0.00923,\n    \"7.0-7.1\": 0.02308,\n    \"8.1-8.4\": 0.04154,\n    \"9.0-9.2\": 0.14076,\n    \"9.3\": 0.62995,\n    \"10.0-10.2\": 0.08307,\n    \"10.3\": 0.41304,\n    \"11.0-11.2\": 0.16153,\n    \"11.3-11.4\": 0.22844,\n    \"12.0-12.1\": 0.20075,\n    \"12.2-12.4\": 1.8437,\n    \"13.0-13.1\": 0.17768,\n    \"13.2\": 0.07615,\n    \"13.3\": 0.52842,\n    \"13.4-13.7\": 2.5198,\n    \"14.0-14.3\": 15.93797\n  },\n  B: {\n    \"12\": 0,\n    \"13\": 0.00528,\n    \"14\": 0.00528,\n    \"15\": 0.01056,\n    \"16\": 0.01056,\n    \"17\": 0.03168,\n    \"18\": 0.132,\n    \"79\": 0,\n    \"80\": 0.00528,\n    \"81\": 0,\n    \"83\": 0.00528,\n    \"84\": 0.01056,\n    \"85\": 0.01056,\n    \"86\": 0.0792,\n    \"87\": 2.25984\n  },\n  I: {\n    \"3\": 0,\n    \"4\": 0.00659,\n    \"81\": 0,\n    \"2.1\": 0,\n    \"2.2\": 0,\n    \"2.3\": 0,\n    \"4.1\": 0.01538,\n    \"4.2-4.3\": 0.02856,\n    \"4.4\": 0,\n    \"4.4.3-4.4.4\": 0.25923\n  },\n  P: {\n    \"4\": 0.09397,\n    \"5.0-5.4\": 0.02088,\n    \"6.2-6.4\": 0,\n    \"7.2-7.4\": 0.03132,\n    \"8.2\": 0.01044,\n    \"9.2\": 0.07309,\n    \"10.1\": 0.06264,\n    \"11.1-11.2\": 0.13573,\n    \"12.0\": 0.42807,\n    \"13.0\": 2.78769\n  },\n  K: {\n    _: \"0 10 11 12 11.1 11.5 12.1\"\n  },\n  A: {\n    \"6\": 0.04038,\n    \"7\": 0,\n    \"8\": 0.02884,\n    \"9\": 0.02884,\n    \"10\": 0.01154,\n    \"11\": 0.51343,\n    \"5.5\": 0\n  },\n  N: {\n    \"10\": 0,\n    \"11\": 0\n  },\n  J: {\n    \"7\": 0,\n    \"10\": 0.00472\n  },\n  O: {\n    \"0\": 0.58528\n  },\n  H: {\n    \"0\": 0.37089\n  },\n  L: {\n    \"0\": 42.056\n  },\n  S: {\n    \"2.5\": 0\n  },\n  R: {\n    _: \"0\"\n  },\n  M: {\n    \"0\": 0.50032\n  },\n  Q: {\n    \"10.4\": 0.01416\n  }\n};","map":{"version":3,"sources":["/Users/bruceseymour/ra-video/client/node_modules/caniuse-lite/data/regions/FR.js"],"names":["module","exports","C","D","F","E","_","G","B","I","P","K","A","N","J","O","H","L","S","R","M","Q"],