{"ast":null,"code":"module.exports = {\n  C: {\n    \"2\": 0,\n    \"3\": 0,\n    \"4\": 0,\n    \"5\": 0,\n    \"6\": 0,\n    \"7\": 0,\n    \"8\": 0,\n    \"9\": 0,\n    \"10\": 0,\n    \"11\": 0,\n    \"12\": 0,\n    \"13\": 0,\n    \"14\": 0,\n    \"15\": 0,\n    \"16\": 0,\n    \"17\": 0,\n    \"18\": 0,\n    \"19\": 0,\n    \"20\": 0,\n    \"21\": 0,\n    \"22\": 0,\n    \"23\": 0,\n    \"24\": 0,\n    \"25\": 0,\n    \"26\": 0,\n    \"27\": 0,\n    \"28\": 0,\n    \"29\": 0,\n    \"30\": 0.0064,\n    \"31\": 0,\n    \"32\": 0,\n    \"33\": 0,\n    \"34\": 0,\n    \"35\": 0,\n    \"36\": 0,\n    \"37\": 0,\n    \"38\": 0,\n    \"39\": 0,\n    \"40\": 0,\n    \"41\": 0,\n    \"42\": 0,\n    \"43\": 0,\n    \"44\": 0,\n    \"45\": 0,\n    \"46\": 0,\n    \"47\": 0,\n    \"48\": 0.0064,\n    \"49\": 0,\n    \"50\": 0,\n    \"51\": 0,\n    \"52\": 0.03839,\n    \"53\": 0,\n    \"54\": 0,\n    \"55\": 0,\n    \"56\": 0.0064,\n    \"57\": 0.0064,\n    \"58\": 0.0064,\n    \"59\": 0,\n    \"60\": 0,\n    \"61\": 0,\n    \"62\": 0,\n    \"63\": 0,\n    \"64\": 0.0064,\n    \"65\": 0.0064,\n    \"66\": 0.0064,\n    \"67\": 0,\n    \"68\": 0.0192,\n    \"69\": 0.0064,\n    \"70\": 0,\n    \"71\": 0,\n    \"72\": 0.0128,\n    \"73\": 0,\n    \"74\": 0,\n    \"75\": 0.0064,\n    \"76\": 0,\n    \"77\": 0.0064,\n    \"78\": 0.07039,\n    \"79\": 0.0128,\n    \"80\": 0.0192,\n    \"81\": 0.0192,\n    \"82\": 0.05119,\n    \"83\": 1.36299,\n    \"84\": 0.88306,\n    \"85\": 0.0064,\n    \"86\": 0,\n    \"3.5\": 0,\n    \"3.6\": 0\n  },\n  D: {\n    \"4\": 0,\n    \"5\": 0,\n    \"6\": 0,\n    \"7\": 0,\n    \"8\": 0,\n    \"9\": 0,\n    \"10\": 0,\n    \"11\": 0,\n    \"12\": 0,\n    \"13\": 0,\n    \"14\": 0,\n    \"15\": 0,\n    \"16\": 0,\n    \"17\": 0,\n    \"18\": 0,\n    \"19\": 0,\n    \"20\": 0,\n    \"21\": 0,\n    \"22\": 0,\n    \"23\": 0.0064,\n    \"24\": 0,\n    \"25\": 0,\n    \"26\": 0,\n    \"27\": 0,\n    \"28\": 0,\n    \"29\": 0,\n    \"30\": 0,\n    \"31\": 0,\n    \"32\": 0,\n    \"33\": 0,\n    \"34\": 0,\n    \"35\": 0,\n    \"36\": 0,\n    \"37\": 0,\n    \"38\": 0.0128,\n    \"39\": 0,\n    \"40\": 0,\n    \"41\": 0,\n    \"42\": 0,\n    \"43\": 0.23036,\n    \"44\": 0,\n    \"45\": 0,\n    \"46\": 0,\n    \"47\": 0,\n    \"48\": 0,\n    \"49\": 0.18557,\n    \"50\": 0,\n    \"51\": 0,\n    \"52\": 0,\n    \"53\": 0.0128,\n    \"54\": 0,\n    \"55\": 0,\n    \"56\": 0,\n    \"57\": 0,\n    \"58\": 0.0064,\n    \"59\": 0,\n    \"60\": 0,\n    \"61\": 0,\n    \"62\": 0.0128,\n    \"63\": 0.0128,\n    \"64\": 0.0064,\n    \"65\": 0.0128,\n    \"66\": 0.0064,\n    \"67\": 0.0128,\n    \"68\": 0.0064,\n    \"69\": 0.0064,\n    \"70\": 0.0256,\n    \"71\": 0.03839,\n    \"72\": 0.032,\n    \"73\": 0.03839,\n    \"74\": 0.0128,\n    \"75\": 0.0192,\n    \"76\": 0.0256,\n    \"77\": 0.0192,\n    \"78\": 0.032,\n    \"79\": 0.06399,\n    \"80\": 0.13438,\n    \"81\": 0.05119,\n    \"83\": 0.08959,\n    \"84\": 0.12798,\n    \"85\": 0.15998,\n    \"86\": 5.01042,\n    \"87\": 23.11319,\n    \"88\": 0.032,\n    \"89\": 0.0128,\n    \"90\": 0\n  },\n  F: {\n    \"9\": 0,\n    \"11\": 0,\n    \"12\": 0,\n    \"15\": 0,\n    \"16\": 0,\n    \"17\": 0,\n    \"18\": 0,\n    \"19\": 0,\n    \"20\": 0,\n    \"21\": 0,\n    \"22\": 0,\n    \"23\": 0,\n    \"24\": 0,\n    \"25\": 0,\n    \"26\": 0,\n    \"27\": 0,\n    \"28\": 0,\n    \"29\": 0,\n    \"30\": 0,\n    \"31\": 0,\n    \"32\": 0,\n    \"33\": 0,\n    \"34\": 0,\n    \"35\": 0,\n    \"36\": 0.0192,\n    \"37\": 0.0064,\n    \"38\": 0,\n    \"39\": 0,\n    \"40\": 0,\n    \"41\": 0,\n    \"42\": 0,\n    \"43\": 0,\n    \"44\": 0,\n    \"45\": 0,\n    \"46\": 0,\n    \"47\": 0,\n    \"48\": 0,\n    \"49\": 0,\n    \"50\": 0,\n    \"51\": 0,\n    \"52\": 0,\n    \"53\": 0,\n    \"54\": 0,\n    \"55\": 0,\n    \"56\": 0,\n    \"57\": 0,\n    \"58\": 0,\n    \"60\": 0,\n    \"62\": 0,\n    \"63\": 0,\n    \"64\": 0.0064,\n    \"65\": 0,\n    \"66\": 0,\n    \"67\": 0,\n    \"68\": 0,\n    \"69\": 0,\n    \"70\": 0,\n    \"71\": 0.33915,\n    \"72\": 0.70389,\n    \"9.5-9.6\": 0,\n    \"10.0-10.1\": 0,\n    \"10.5\": 0,\n    \"10.6\": 0,\n    \"11.1\": 0,\n    \"11.5\": 0,\n    \"11.6\": 0,\n    \"12.1\": 0\n  },\n  E: {\n    \"4\": 0,\n    \"5\": 0,\n    \"6\": 0,\n    \"7\": 0,\n    \"8\": 0,\n    \"9\": 0,\n    \"10\": 0,\n    \"11\": 0.0064,\n    \"12\": 0.0256,\n    \"13\": 0.08319,\n    \"14\": 1.61255,\n    _: \"0\",\n    \"3.1\": 0,\n    \"3.2\": 0,\n    \"5.1\": 0.05119,\n    \"6.1\": 0,\n    \"7.1\": 0,\n    \"9.1\": 0.0064,\n    \"10.1\": 0.05759,\n    \"11.1\": 0.06399,\n    \"12.1\": 0.07679,\n    \"13.1\": 0.47353\n  },\n  G: {\n    \"8\": 0.00148,\n    \"3.2\": 0,\n    \"4.0-4.1\": 0,\n    \"4.2-4.3\": 0,\n    \"5.0-5.1\": 0.00444,\n    \"6.0-6.1\": 0.00592,\n    \"7.0-7.1\": 0.01333,\n    \"8.1-8.4\": 0.01036,\n    \"9.0-9.2\": 0.00592,\n    \"9.3\": 0.21024,\n    \"10.0-10.2\": 0.01333,\n    \"10.3\": 0.23097,\n    \"11.0-11.2\": 0.06663,\n    \"11.3-11.4\": 0.07255,\n    \"12.0-12.1\": 0.07403,\n    \"12.2-12.4\": 1.18744,\n    \"13.0-13.1\": 0.09328,\n    \"13.2\": 0.03998,\n    \"13.3\": 0.28131,\n    \"13.4-13.7\": 1.41693,\n    \"14.0-14.3\": 11.05118\n  },\n  B: {\n    \"12\": 0,\n    \"13\": 0,\n    \"14\": 0.0064,\n    \"15\": 0.0064,\n    \"16\": 0.0064,\n    \"17\": 0.0128,\n    \"18\": 0.09599,\n    \"79\": 0,\n    \"80\": 0.0064,\n    \"81\": 0,\n    \"83\": 0.0064,\n    \"84\": 0.0064,\n    \"85\": 0.0128,\n    \"86\": 0.05759,\n    \"87\": 2.93074\n  },\n  I: {\n    \"3\": 0,\n    \"4\": 0.00246,\n    \"81\": 0,\n    \"2.1\": 0,\n    \"2.2\": 0,\n    \"2.3\": 0,\n    \"4.1\": 0.00984,\n    \"4.2-4.3\": 0.03197,\n    \"4.4\": 0,\n    \"4.4.3-4.4.4\": 0.27294\n  },\n  P: {\n    \"4\": 0.04187,\n    \"5.0-5.4\": 0,\n    \"6.2-6.4\": 0,\n    \"7.2-7.4\": 0.01047,\n    \"8.2\": 0,\n    \"9.2\": 0.01047,\n    \"10.1\": 0.02094,\n    \"11.1-11.2\": 0.04187,\n    \"12.0\": 0.12561,\n    \"13.0\": 1.43405\n  },\n  K: {\n    _: \"0 10 11 12 11.1 11.5 12.1\"\n  },\n  A: {\n    \"6\": 0,\n    \"7\": 0,\n    \"8\": 0.00662,\n    \"9\": 0.00662,\n    \"10\": 0,\n    \"11\": 0.56907,\n    \"5.5\": 0\n  },\n  N: {\n    \"10\": 0,\n    \"11\": 0\n  },\n  J: {\n    \"7\": 0,\n    \"10\": 0\n  },\n  O: {\n    \"0\": 0.20886\n  },\n  H: {\n    \"0\": 0.18069\n  },\n  L: {\n    \"0\": 41.23725\n  },\n  S: {\n    \"2.5\": 0\n  },\n  R: {\n    _: \"0\"\n  },\n  M: {\n    \"0\": 0.18005\n  },\n  Q: {\n    \"10.4\": 0.0144\n  }\n};","map":{"version":3,"sources":["/Users/bruceseymour/ra-video/client/node_modules/caniuse-lite/data/regions/PT.js"],"names":["module","exports","C","D","F","E","_","G","B","I","P","K","A","N","J","O","H","L","S","R","M","Q"],