{"ast":null,"code":"module.exports = {\n  C: {\n    \"2\": 0,\n    \"3\": 0,\n    \"4\": 0,\n    \"5\": 0,\n    \"6\": 0,\n    \"7\": 0,\n    \"8\": 0,\n    \"9\": 0,\n    \"10\": 0,\n    \"11\": 0,\n    \"12\": 0,\n    \"13\": 0,\n    \"14\": 0,\n    \"15\": 0,\n    \"16\": 0,\n    \"17\": 0,\n    \"18\": 0,\n    \"19\": 0.00575,\n    \"20\": 0,\n    \"21\": 0,\n    \"22\": 0,\n    \"23\": 0,\n    \"24\": 0,\n    \"25\": 0,\n    \"26\": 0,\n    \"27\": 0,\n    \"28\": 0,\n    \"29\": 0,\n    \"30\": 0.00575,\n    \"31\": 0,\n    \"32\": 0,\n    \"33\": 0,\n    \"34\": 0,\n    \"35\": 0,\n    \"36\": 0,\n    \"37\": 0,\n    \"38\": 0,\n    \"39\": 0,\n    \"40\": 0,\n    \"41\": 0,\n    \"42\": 0,\n    \"43\": 0,\n    \"44\": 0,\n    \"45\": 0,\n    \"46\": 0,\n    \"47\": 0.00575,\n    \"48\": 0.01149,\n    \"49\": 0,\n    \"50\": 0,\n    \"51\": 0,\n    \"52\": 0.16663,\n    \"53\": 0,\n    \"54\": 0,\n    \"55\": 0.00575,\n    \"56\": 0.00575,\n    \"57\": 0,\n    \"58\": 0.00575,\n    \"59\": 0.00575,\n    \"60\": 0.00575,\n    \"61\": 0.00575,\n    \"62\": 0.00575,\n    \"63\": 0,\n    \"64\": 0.00575,\n    \"65\": 0.00575,\n    \"66\": 0.00575,\n    \"67\": 0.00575,\n    \"68\": 0.04022,\n    \"69\": 0.00575,\n    \"70\": 0.00575,\n    \"71\": 0,\n    \"72\": 0.01149,\n    \"73\": 0,\n    \"74\": 0.00575,\n    \"75\": 0,\n    \"76\": 0.00575,\n    \"77\": 0.00575,\n    \"78\": 0.06321,\n    \"79\": 0.01149,\n    \"80\": 0.01724,\n    \"81\": 0.03448,\n    \"82\": 0.05746,\n    \"83\": 3.24074,\n    \"84\": 2.16624,\n    \"85\": 0.01149,\n    \"86\": 0,\n    \"3.5\": 0,\n    \"3.6\": 0\n  },\n  D: {\n    \"4\": 0,\n    \"5\": 0,\n    \"6\": 0,\n    \"7\": 0,\n    \"8\": 0,\n    \"9\": 0,\n    \"10\": 0,\n    \"11\": 0,\n    \"12\": 0,\n    \"13\": 0,\n    \"14\": 0,\n    \"15\": 0,\n    \"16\": 0,\n    \"17\": 0,\n    \"18\": 0,\n    \"19\": 0,\n    \"20\": 0,\n    \"21\": 0,\n    \"22\": 0.00575,\n    \"23\": 0,\n    \"24\": 0,\n    \"25\": 0,\n    \"26\": 0.00575,\n    \"27\": 0,\n    \"28\": 0,\n    \"29\": 0,\n    \"30\": 0,\n    \"31\": 0,\n    \"32\": 0,\n    \"33\": 0,\n    \"34\": 0.00575,\n    \"35\": 0,\n    \"36\": 0,\n    \"37\": 0,\n    \"38\": 0.01724,\n    \"39\": 0,\n    \"40\": 0,\n    \"41\": 0,\n    \"42\": 0,\n    \"43\": 0.00575,\n    \"44\": 0,\n    \"45\": 0,\n    \"46\": 0,\n    \"47\": 0,\n    \"48\": 0,\n    \"49\": 0.35625,\n    \"50\": 0.00575,\n    \"51\": 0,\n    \"52\": 0,\n    \"53\": 0.03448,\n    \"54\": 0,\n    \"55\": 0.00575,\n    \"56\": 0.00575,\n    \"57\": 0.01149,\n    \"58\": 0.00575,\n    \"59\": 0,\n    \"60\": 0,\n    \"61\": 0.09768,\n    \"62\": 0,\n    \"63\": 0.00575,\n    \"64\": 0.00575,\n    \"65\": 0.01724,\n    \"66\": 0.00575,\n    \"67\": 0.01149,\n    \"68\": 0.01149,\n    \"69\": 0.01724,\n    \"70\": 0.02298,\n    \"71\": 0.03448,\n    \"72\": 0.02298,\n    \"73\": 0.01724,\n    \"74\": 0.01724,\n    \"75\": 0.02873,\n    \"76\": 0.01724,\n    \"77\": 0.15514,\n    \"78\": 0.01724,\n    \"79\": 0.02298,\n    \"80\": 0.04022,\n    \"81\": 0.13216,\n    \"83\": 0.06895,\n    \"84\": 0.08619,\n    \"85\": 0.12067,\n    \"86\": 3.09709,\n    \"87\": 17.49082,\n    \"88\": 0.01724,\n    \"89\": 0.00575,\n    \"90\": 0\n  },\n  F: {\n    \"9\": 0,\n    \"11\": 0,\n    \"12\": 0,\n    \"15\": 0,\n    \"16\": 0,\n    \"17\": 0,\n    \"18\": 0,\n    \"19\": 0,\n    \"20\": 0,\n    \"21\": 0,\n    \"22\": 0,\n    \"23\": 0,\n    \"24\": 0,\n    \"25\": 0,\n    \"26\": 0,\n    \"27\": 0,\n    \"28\": 0,\n    \"29\": 0,\n    \"30\": 0,\n    \"31\": 0,\n    \"32\": 0,\n    \"33\": 0,\n    \"34\": 0,\n    \"35\": 0,\n    \"36\": 0.06321,\n    \"37\": 0,\n    \"38\": 0,\n    \"39\": 0,\n    \"40\": 0.00575,\n    \"41\": 0,\n    \"42\": 0,\n    \"43\": 0,\n    \"44\": 0,\n    \"45\": 0,\n    \"46\": 0,\n    \"47\": 0,\n    \"48\": 0,\n    \"49\": 0,\n    \"50\": 0,\n    \"51\": 0.00575,\n    \"52\": 0,\n    \"53\": 0.00575,\n    \"54\": 0,\n    \"55\": 0,\n    \"56\": 0,\n    \"57\": 0,\n    \"58\": 0,\n    \"60\": 0,\n    \"62\": 0,\n    \"63\": 0,\n    \"64\": 0,\n    \"65\": 0,\n    \"66\": 0,\n    \"67\": 0.00575,\n    \"68\": 0,\n    \"69\": 0,\n    \"70\": 0,\n    \"71\": 0.0747,\n    \"72\": 0.61482,\n    \"9.5-9.6\": 0,\n    \"10.0-10.1\": 0,\n    \"10.5\": 0,\n    \"10.6\": 0,\n    \"11.1\": 0,\n    \"11.5\": 0,\n    \"11.6\": 0,\n    \"12.1\": 0\n  },\n  E: {\n    \"4\": 0,\n    \"5\": 0,\n    \"6\": 0,\n    \"7\": 0,\n    \"8\": 0,\n    \"9\": 0,\n    \"10\": 0,\n    \"11\": 0.00575,\n    \"12\": 0.00575,\n    \"13\": 0.05171,\n    \"14\": 0.67803,\n    _: \"0\",\n    \"3.1\": 0,\n    \"3.2\": 0,\n    \"5.1\": 0,\n    \"6.1\": 0,\n    \"7.1\": 0,\n    \"9.1\": 0,\n    \"10.1\": 0.01149,\n    \"11.1\": 0.04022,\n    \"12.1\": 0.04022,\n    \"13.1\": 0.18962\n  },\n  G: {\n    \"8\": 0.00097,\n    \"3.2\": 0.00195,\n    \"4.0-4.1\": 0,\n    \"4.2-4.3\": 0,\n    \"5.0-5.1\": 0.00584,\n    \"6.0-6.1\": 0.00973,\n    \"7.0-7.1\": 0.03598,\n    \"8.1-8.4\": 0.01848,\n    \"9.0-9.2\": 0.00778,\n    \"9.3\": 0.27426,\n    \"10.0-10.2\": 0.03015,\n    \"10.3\": 0.20618,\n    \"11.0-11.2\": 0.05835,\n    \"11.3-11.4\": 0.08267,\n    \"12.0-12.1\": 0.06613,\n    \"12.2-12.4\": 1.09022,\n    \"13.0-13.1\": 0.05154,\n    \"13.2\": 0.02918,\n    \"13.3\": 0.18187,\n    \"13.4-13.7\": 0.94434,\n    \"14.0-14.3\": 6.59674\n  },\n  B: {\n    \"12\": 0,\n    \"13\": 0,\n    \"14\": 0.00575,\n    \"15\": 0.01149,\n    \"16\": 0.00575,\n    \"17\": 0.01149,\n    \"18\": 0.05171,\n    \"79\": 0,\n    \"80\": 0,\n    \"81\": 0,\n    \"83\": 0,\n    \"84\": 0.01149,\n    \"85\": 0.01149,\n    \"86\": 0.01724,\n    \"87\": 1.53418\n  },\n  I: {\n    \"3\": 0,\n    \"4\": 0,\n    \"81\": 0,\n    \"2.1\": 0,\n    \"2.2\": 0,\n    \"2.3\": 0,\n    \"4.1\": 0.00765,\n    \"4.2-4.3\": 0.03518,\n    \"4.4\": 0,\n    \"4.4.3-4.4.4\": 0.36866\n  },\n  P: {\n    \"4\": 0.16816,\n    \"5.0-5.4\": 0,\n    \"6.2-6.4\": 0,\n    \"7.2-7.4\": 0.01051,\n    \"8.2\": 0,\n    \"9.2\": 0.03153,\n    \"10.1\": 0.02102,\n    \"11.1-11.2\": 0.08408,\n    \"12.0\": 0.2102,\n    \"13.0\": 1.79719\n  },\n  K: {\n    _: \"0 10 11 12 11.1 11.5 12.1\"\n  },\n  A: {\n    \"6\": 0,\n    \"7\": 0,\n    \"8\": 0.00608,\n    \"9\": 0,\n    \"10\": 0,\n    \"11\": 0.3042,\n    \"5.5\": 0\n  },\n  N: {\n    \"10\": 0,\n    \"11\": 0\n  },\n  J: {\n    \"7\": 0,\n    \"10\": 0\n  },\n  O: {\n    \"0\": 0.14038\n  },\n  H: {\n    \"0\": 0.26178\n  },\n  L: {\n    \"0\": 52.78979\n  },\n  S: {\n    \"2.5\": 0.00425\n  },\n  R: {\n    _: \"0\"\n  },\n  M: {\n    \"0\": 0.22121\n  },\n  Q: {\n    \"10.4\": 0.00851\n  }\n};","map":{"version":3,"sources":["/Users/bruceseymour/ra-video/client/node_modules/caniuse-lite/data/regions/GR.js"],"names":["module","exports","C","D","F","E","_","G","B","I","P","K","A","N","J","O","H","L","S","R","M","Q"],