{"ast":null,"code":"module.exports = {\n  C: {\n    \"2\": 0,\n    \"3\": 0,\n    \"4\": 0,\n    \"5\": 0,\n    \"6\": 0,\n    \"7\": 0,\n    \"8\": 0,\n    \"9\": 0,\n    \"10\": 0,\n    \"11\": 0,\n    \"12\": 0,\n    \"13\": 0,\n    \"14\": 0,\n    \"15\": 0,\n    \"16\": 0,\n    \"17\": 0,\n    \"18\": 0,\n    \"19\": 0,\n    \"20\": 0,\n    \"21\": 0,\n    \"22\": 0,\n    \"23\": 0,\n    \"24\": 0,\n    \"25\": 0,\n    \"26\": 0,\n    \"27\": 0,\n    \"28\": 0,\n    \"29\": 0,\n    \"30\": 0.00482,\n    \"31\": 0,\n    \"32\": 0,\n    \"33\": 0,\n    \"34\": 0,\n    \"35\": 0,\n    \"36\": 0,\n    \"37\": 0,\n    \"38\": 0.12522,\n    \"39\": 0,\n    \"40\": 0,\n    \"41\": 0,\n    \"42\": 0,\n    \"43\": 0.00482,\n    \"44\": 0,\n    \"45\": 0,\n    \"46\": 0,\n    \"47\": 0,\n    \"48\": 0,\n    \"49\": 0,\n    \"50\": 0,\n    \"51\": 0,\n    \"52\": 0.34675,\n    \"53\": 0,\n    \"54\": 0,\n    \"55\": 0,\n    \"56\": 0,\n    \"57\": 0,\n    \"58\": 0,\n    \"59\": 0,\n    \"60\": 0.00482,\n    \"61\": 0.00482,\n    \"62\": 0,\n    \"63\": 0,\n    \"64\": 0,\n    \"65\": 0,\n    \"66\": 0.00963,\n    \"67\": 0,\n    \"68\": 0.01445,\n    \"69\": 0,\n    \"70\": 0,\n    \"71\": 0,\n    \"72\": 0.00963,\n    \"73\": 0,\n    \"74\": 0,\n    \"75\": 0.00482,\n    \"76\": 0,\n    \"77\": 0.00482,\n    \"78\": 0.04334,\n    \"79\": 0,\n    \"80\": 0.00482,\n    \"81\": 0.0289,\n    \"82\": 0.26006,\n    \"83\": 1.29069,\n    \"84\": 0.80909,\n    \"85\": 0.00482,\n    \"86\": 0,\n    \"3.5\": 0,\n    \"3.6\": 0\n  },\n  D: {\n    \"4\": 0,\n    \"5\": 0,\n    \"6\": 0,\n    \"7\": 0,\n    \"8\": 0,\n    \"9\": 0,\n    \"10\": 0,\n    \"11\": 0,\n    \"12\": 0,\n    \"13\": 0,\n    \"14\": 0,\n    \"15\": 0,\n    \"16\": 0,\n    \"17\": 0,\n    \"18\": 0,\n    \"19\": 0,\n    \"20\": 0,\n    \"21\": 0,\n    \"22\": 0,\n    \"23\": 0,\n    \"24\": 0,\n    \"25\": 0,\n    \"26\": 0,\n    \"27\": 0,\n    \"28\": 0,\n    \"29\": 0,\n    \"30\": 0,\n    \"31\": 0,\n    \"32\": 0,\n    \"33\": 0,\n    \"34\": 0,\n    \"35\": 0,\n    \"36\": 0,\n    \"37\": 0,\n    \"38\": 0,\n    \"39\": 0,\n    \"40\": 0,\n    \"41\": 0,\n    \"42\": 0,\n    \"43\": 0,\n    \"44\": 0,\n    \"45\": 0,\n    \"46\": 0,\n    \"47\": 0,\n    \"48\": 0,\n    \"49\": 0.10114,\n    \"50\": 0,\n    \"51\": 0,\n    \"52\": 0,\n    \"53\": 0.00482,\n    \"54\": 0,\n    \"55\": 0,\n    \"56\": 0,\n    \"57\": 0,\n    \"58\": 0.00482,\n    \"59\": 0,\n    \"60\": 0,\n    \"61\": 0,\n    \"62\": 0,\n    \"63\": 0.01445,\n    \"64\": 0,\n    \"65\": 0.00963,\n    \"66\": 0,\n    \"67\": 0,\n    \"68\": 0,\n    \"69\": 0,\n    \"70\": 0.00482,\n    \"71\": 0.01926,\n    \"72\": 0.01445,\n    \"73\": 0.00482,\n    \"74\": 0.00482,\n    \"75\": 0.00482,\n    \"76\": 0.00482,\n    \"77\": 0.00482,\n    \"78\": 0.00963,\n    \"79\": 0.01926,\n    \"80\": 0.01926,\n    \"81\": 0.01445,\n    \"83\": 0.1204,\n    \"84\": 0.03853,\n    \"85\": 0.06261,\n    \"86\": 2.03235,\n    \"87\": 8.14867,\n    \"88\": 0.00482,\n    \"89\": 0.00963,\n    \"90\": 0\n  },\n  F: {\n    \"9\": 0,\n    \"11\": 0,\n    \"12\": 0,\n    \"15\": 0,\n    \"16\": 0,\n    \"17\": 0,\n    \"18\": 0,\n    \"19\": 0,\n    \"20\": 0,\n    \"21\": 0,\n    \"22\": 0,\n    \"23\": 0,\n    \"24\": 0,\n    \"25\": 0,\n    \"26\": 0,\n    \"27\": 0,\n    \"28\": 0,\n    \"29\": 0,\n    \"30\": 0,\n    \"31\": 0,\n    \"32\": 0,\n    \"33\": 0,\n    \"34\": 0,\n    \"35\": 0,\n    \"36\": 0,\n    \"37\": 0,\n    \"38\": 0,\n    \"39\": 0,\n    \"40\": 0,\n    \"41\": 0,\n    \"42\": 0,\n    \"43\": 0,\n    \"44\": 0,\n    \"45\": 0,\n    \"46\": 0,\n    \"47\": 0,\n    \"48\": 0,\n    \"49\": 0,\n    \"50\": 0.00482,\n    \"51\": 0,\n    \"52\": 0,\n    \"53\": 0,\n    \"54\": 0,\n    \"55\": 0,\n    \"56\": 0,\n    \"57\": 0,\n    \"58\": 0,\n    \"60\": 0,\n    \"62\": 0,\n    \"63\": 0,\n    \"64\": 0,\n    \"65\": 0,\n    \"66\": 0,\n    \"67\": 0,\n    \"68\": 0,\n    \"69\": 0,\n    \"70\": 0,\n    \"71\": 0.09632,\n    \"72\": 0.2697,\n    \"9.5-9.6\": 0,\n    \"10.0-10.1\": 0,\n    \"10.5\": 0,\n    \"10.6\": 0,\n    \"11.1\": 0,\n    \"11.5\": 0,\n    \"11.6\": 0,\n    \"12.1\": 0\n  },\n  E: {\n    \"4\": 0,\n    \"5\": 0,\n    \"6\": 0,\n    \"7\": 0,\n    \"8\": 0,\n    \"9\": 0,\n    \"10\": 0,\n    \"11\": 0.00482,\n    \"12\": 0.00482,\n    \"13\": 0.07706,\n    \"14\": 2.67288,\n    _: \"0\",\n    \"3.1\": 0,\n    \"3.2\": 0,\n    \"5.1\": 0.01926,\n    \"6.1\": 0,\n    \"7.1\": 0,\n    \"9.1\": 0.00963,\n    \"10.1\": 0.01445,\n    \"11.1\": 0.08187,\n    \"12.1\": 0.25525,\n    \"13.1\": 0.48642\n  },\n  G: {\n    \"8\": 0,\n    \"3.2\": 0,\n    \"4.0-4.1\": 0,\n    \"4.2-4.3\": 0,\n    \"5.0-5.1\": 0,\n    \"6.0-6.1\": 0,\n    \"7.0-7.1\": 0.0037,\n    \"8.1-8.4\": 0.03515,\n    \"9.0-9.2\": 0,\n    \"9.3\": 0.57164,\n    \"10.0-10.2\": 0.01665,\n    \"10.3\": 0.1221,\n    \"11.0-11.2\": 0.04625,\n    \"11.3-11.4\": 0.30524,\n    \"12.0-12.1\": 0.12025,\n    \"12.2-12.4\": 1.42262,\n    \"13.0-13.1\": 0.19055,\n    \"13.2\": 0.0481,\n    \"13.3\": 0.40329,\n    \"13.4-13.7\": 1.90361,\n    \"14.0-14.3\": 13.3031\n  },\n  B: {\n    \"12\": 0,\n    \"13\": 0.00482,\n    \"14\": 0,\n    \"15\": 0.00482,\n    \"16\": 0.00963,\n    \"17\": 0.01445,\n    \"18\": 0.07224,\n    \"79\": 0,\n    \"80\": 0.01445,\n    \"81\": 0.00482,\n    \"83\": 0,\n    \"84\": 0,\n    \"85\": 0.00482,\n    \"86\": 0.07706,\n    \"87\": 3.20264\n  },\n  I: {\n    \"3\": 0,\n    \"4\": 0,\n    \"81\": 0,\n    \"2.1\": 0,\n    \"2.2\": 0,\n    \"2.3\": 0,\n    \"4.1\": 0.00707,\n    \"4.2-4.3\": 0.00942,\n    \"4.4\": 0,\n    \"4.4.3-4.4.4\": 0.2002\n  },\n  P: {\n    \"4\": 0.08388,\n    \"5.0-5.4\": 0.02097,\n    \"6.2-6.4\": 0,\n    \"7.2-7.4\": 0.04194,\n    \"8.2\": 0.01048,\n    \"9.2\": 0.32502,\n    \"10.1\": 0.05242,\n    \"11.1-11.2\": 0.35647,\n    \"12.0\": 0.73391,\n    \"13.0\": 3.51227\n  },\n  K: {\n    _: \"0 10 11 12 11.1 11.5 12.1\"\n  },\n  A: {\n    \"6\": 0,\n    \"7\": 0,\n    \"8\": 0,\n    \"9\": 0,\n    \"10\": 0,\n    \"11\": 0.53458,\n    \"5.5\": 0\n  },\n  N: {\n    \"10\": 0,\n    \"11\": 0\n  },\n  J: {\n    \"7\": 0,\n    \"10\": 0\n  },\n  O: {\n    \"0\": 0.02592\n  },\n  H: {\n    \"0\": 0.21104\n  },\n  L: {\n    \"0\": 50.66675\n  },\n  S: {\n    \"2.5\": 0.01555\n  },\n  R: {\n    _: \"0\"\n  },\n  M: {\n    \"0\": 0.29549\n  },\n  Q: {\n    \"10.4\": 0.11405\n  }\n};","map":{"version":3,"sources":["/Users/bruceseymour/ra-video/client/node_modules/caniuse-lite/data/regions/MQ.js"],"names":["module","exports","C","D","F","E","_","G","B","I","P","K","A","N","J","O","H","L","S","R","M","Q"],