{"ast":null,"code":"module.exports = {\n  C: {\n    \"2\": 0,\n    \"3\": 0,\n    \"4\": 0,\n    \"5\": 0,\n    \"6\": 0,\n    \"7\": 0,\n    \"8\": 0,\n    \"9\": 0,\n    \"10\": 0,\n    \"11\": 0,\n    \"12\": 0,\n    \"13\": 0,\n    \"14\": 0.00498,\n    \"15\": 0,\n    \"16\": 0,\n    \"17\": 0,\n    \"18\": 0,\n    \"19\": 0,\n    \"20\": 0,\n    \"21\": 0.00498,\n    \"22\": 0,\n    \"23\": 0,\n    \"24\": 0,\n    \"25\": 0,\n    \"26\": 0,\n    \"27\": 0,\n    \"28\": 0,\n    \"29\": 0,\n    \"30\": 0.04478,\n    \"31\": 0,\n    \"32\": 0,\n    \"33\": 0.00498,\n    \"34\": 0,\n    \"35\": 0,\n    \"36\": 0,\n    \"37\": 0,\n    \"38\": 0,\n    \"39\": 0,\n    \"40\": 0.00498,\n    \"41\": 0,\n    \"42\": 0.00498,\n    \"43\": 0,\n    \"44\": 0,\n    \"45\": 0.00498,\n    \"46\": 0,\n    \"47\": 0,\n    \"48\": 0,\n    \"49\": 0.00498,\n    \"50\": 0,\n    \"51\": 0,\n    \"52\": 0.00498,\n    \"53\": 0.04478,\n    \"54\": 0,\n    \"55\": 0.00498,\n    \"56\": 0,\n    \"57\": 0,\n    \"58\": 0,\n    \"59\": 0,\n    \"60\": 0,\n    \"61\": 0,\n    \"62\": 0,\n    \"63\": 0,\n    \"64\": 0,\n    \"65\": 0,\n    \"66\": 0,\n    \"67\": 0,\n    \"68\": 0.00498,\n    \"69\": 0.00498,\n    \"70\": 0,\n    \"71\": 0.00498,\n    \"72\": 0,\n    \"73\": 0,\n    \"74\": 0,\n    \"75\": 0,\n    \"76\": 0,\n    \"77\": 0,\n    \"78\": 0.00498,\n    \"79\": 0.00498,\n    \"80\": 0,\n    \"81\": 0.00995,\n    \"82\": 0.00995,\n    \"83\": 0.54725,\n    \"84\": 0.53233,\n    \"85\": 0,\n    \"86\": 0,\n    \"3.5\": 0,\n    \"3.6\": 0\n  },\n  D: {\n    \"4\": 0,\n    \"5\": 0,\n    \"6\": 0,\n    \"7\": 0,\n    \"8\": 0,\n    \"9\": 0,\n    \"10\": 0,\n    \"11\": 0,\n    \"12\": 0,\n    \"13\": 0,\n    \"14\": 0,\n    \"15\": 0,\n    \"16\": 0,\n    \"17\": 0,\n    \"18\": 0,\n    \"19\": 0,\n    \"20\": 0,\n    \"21\": 0,\n    \"22\": 0.00995,\n    \"23\": 0,\n    \"24\": 0.00498,\n    \"25\": 0,\n    \"26\": 0,\n    \"27\": 0,\n    \"28\": 0,\n    \"29\": 0,\n    \"30\": 0,\n    \"31\": 0,\n    \"32\": 0,\n    \"33\": 0,\n    \"34\": 0,\n    \"35\": 0,\n    \"36\": 0,\n    \"37\": 0,\n    \"38\": 0,\n    \"39\": 0,\n    \"40\": 0.00498,\n    \"41\": 0.00995,\n    \"42\": 0,\n    \"43\": 0,\n    \"44\": 0,\n    \"45\": 0,\n    \"46\": 0.00498,\n    \"47\": 0.00498,\n    \"48\": 0.00498,\n    \"49\": 0.40795,\n    \"50\": 0,\n    \"51\": 0,\n    \"52\": 0,\n    \"53\": 0,\n    \"54\": 0.00498,\n    \"55\": 0,\n    \"56\": 0.00995,\n    \"57\": 0.00498,\n    \"58\": 0.00995,\n    \"59\": 0,\n    \"60\": 0,\n    \"61\": 0,\n    \"62\": 0,\n    \"63\": 0.00498,\n    \"64\": 0.00498,\n    \"65\": 0.0199,\n    \"66\": 0,\n    \"67\": 0,\n    \"68\": 0,\n    \"69\": 0,\n    \"70\": 0.00995,\n    \"71\": 0.00995,\n    \"72\": 0,\n    \"73\": 0,\n    \"74\": 0.00498,\n    \"75\": 0.10448,\n    \"76\": 0.02488,\n    \"77\": 0.00995,\n    \"78\": 0.01493,\n    \"79\": 0.01493,\n    \"80\": 0.03483,\n    \"81\": 0.04975,\n    \"83\": 0.03483,\n    \"84\": 0.04975,\n    \"85\": 0.04478,\n    \"86\": 1.92533,\n    \"87\": 10.33805,\n    \"88\": 0.04975,\n    \"89\": 0,\n    \"90\": 0\n  },\n  F: {\n    \"9\": 0,\n    \"11\": 0,\n    \"12\": 0,\n    \"15\": 0,\n    \"16\": 0,\n    \"17\": 0,\n    \"18\": 0,\n    \"19\": 0,\n    \"20\": 0,\n    \"21\": 0,\n    \"22\": 0,\n    \"23\": 0,\n    \"24\": 0,\n    \"25\": 0,\n    \"26\": 0,\n    \"27\": 0,\n    \"28\": 0,\n    \"29\": 0,\n    \"30\": 0,\n    \"31\": 0,\n    \"32\": 0,\n    \"33\": 0,\n    \"34\": 0,\n    \"35\": 0,\n    \"36\": 0,\n    \"37\": 0,\n    \"38\": 0,\n    \"39\": 0,\n    \"40\": 0,\n    \"41\": 0,\n    \"42\": 0,\n    \"43\": 0,\n    \"44\": 0,\n    \"45\": 0,\n    \"46\": 0,\n    \"47\": 0,\n    \"48\": 0,\n    \"49\": 0,\n    \"50\": 0,\n    \"51\": 0,\n    \"52\": 0,\n    \"53\": 0,\n    \"54\": 0,\n    \"55\": 0,\n    \"56\": 0,\n    \"57\": 0,\n    \"58\": 0,\n    \"60\": 0,\n    \"62\": 0,\n    \"63\": 0,\n    \"64\": 0,\n    \"65\": 0,\n    \"66\": 0,\n    \"67\": 0,\n    \"68\": 0,\n    \"69\": 0,\n    \"70\": 0,\n    \"71\": 0.00995,\n    \"72\": 0.2587,\n    \"9.5-9.6\": 0,\n    \"10.0-10.1\": 0,\n    \"10.5\": 0,\n    \"10.6\": 0,\n    \"11.1\": 0,\n    \"11.5\": 0,\n    \"11.6\": 0,\n    \"12.1\": 0.00995\n  },\n  E: {\n    \"4\": 0,\n    \"5\": 0,\n    \"6\": 0,\n    \"7\": 0,\n    \"8\": 0,\n    \"9\": 0,\n    \"10\": 0,\n    \"11\": 0,\n    \"12\": 0,\n    \"13\": 0.00995,\n    \"14\": 1.12933,\n    _: \"0\",\n    \"3.1\": 0,\n    \"3.2\": 0,\n    \"5.1\": 0,\n    \"6.1\": 0,\n    \"7.1\": 0,\n    \"9.1\": 0,\n    \"10.1\": 0.00498,\n    \"11.1\": 0.00498,\n    \"12.1\": 0.01493,\n    \"13.1\": 0.12438\n  },\n  G: {\n    \"8\": 0,\n    \"3.2\": 0,\n    \"4.0-4.1\": 0,\n    \"4.2-4.3\": 0,\n    \"5.0-5.1\": 0.01112,\n    \"6.0-6.1\": 0,\n    \"7.0-7.1\": 0.89654,\n    \"8.1-8.4\": 0.00111,\n    \"9.0-9.2\": 0.02113,\n    \"9.3\": 0.1446,\n    \"10.0-10.2\": 0.01335,\n    \"10.3\": 0.08565,\n    \"11.0-11.2\": 0.0178,\n    \"11.3-11.4\": 0.15795,\n    \"12.0-12.1\": 0.02781,\n    \"12.2-12.4\": 0.90544,\n    \"13.0-13.1\": 0.01112,\n    \"13.2\": 0.00556,\n    \"13.3\": 0.1357,\n    \"13.4-13.7\": 1.20243,\n    \"14.0-14.3\": 7.43262\n  },\n  B: {\n    \"12\": 0,\n    \"13\": 0.00995,\n    \"14\": 0,\n    \"15\": 0.03483,\n    \"16\": 0,\n    \"17\": 0.0597,\n    \"18\": 0.12935,\n    \"79\": 0,\n    \"80\": 0,\n    \"81\": 0.00498,\n    \"83\": 0.00995,\n    \"84\": 0.00498,\n    \"85\": 0.00995,\n    \"86\": 0.2786,\n    \"87\": 2.9054\n  },\n  I: {\n    \"3\": 0,\n    \"4\": 0.03606,\n    \"81\": 0,\n    \"2.1\": 0,\n    \"2.2\": 0,\n    \"2.3\": 0,\n    \"4.1\": 0.05409,\n    \"4.2-4.3\": 0.12621,\n    \"4.4\": 0,\n    \"4.4.3-4.4.4\": 1.17192\n  },\n  P: {\n    \"4\": 0.24103,\n    \"5.0-5.4\": 0,\n    \"6.2-6.4\": 0,\n    \"7.2-7.4\": 0.1033,\n    \"8.2\": 0,\n    \"9.2\": 0.44762,\n    \"10.1\": 0.02296,\n    \"11.1-11.2\": 0.1033,\n    \"12.0\": 0.3558,\n    \"13.0\": 2.76609\n  },\n  K: {\n    _: \"0 10 11 12 11.1 11.5 12.1\"\n  },\n  A: {\n    \"6\": 0,\n    \"7\": 0,\n    \"8\": 0.01493,\n    \"9\": 0.00995,\n    \"10\": 0.00995,\n    \"11\": 0.3781,\n    \"5.5\": 0\n  },\n  N: {\n    \"10\": 0.03518,\n    \"11\": 0\n  },\n  J: {\n    \"7\": 0,\n    \"10\": 0.03518\n  },\n  O: {\n    \"0\": 0.11055\n  },\n  H: {\n    \"0\": 0.05233\n  },\n  L: {\n    \"0\": 60.39978\n  },\n  S: {\n    \"2.5\": 0\n  },\n  R: {\n    _: \"0\"\n  },\n  M: {\n    \"0\": 0.3216\n  },\n  Q: {\n    \"10.4\": 0\n  }\n};","map":{"version":3,"sources":["/Users/bruceseymour/ra-video/client/node_modules/caniuse-lite/data/regions/VC.js"],"names":["module","exports","C","D","F","E","_","G","B","I","P","K","A","N","J","O","H","L","S","R","M","Q"],