{"ast":null,"code":"module.exports = {\n  C: {\n    \"2\": 0,\n    \"3\": 0,\n    \"4\": 0,\n    \"5\": 0,\n    \"6\": 0,\n    \"7\": 0,\n    \"8\": 0,\n    \"9\": 0,\n    \"10\": 0,\n    \"11\": 0,\n    \"12\": 0,\n    \"13\": 0,\n    \"14\": 0,\n    \"15\": 0,\n    \"16\": 0,\n    \"17\": 0.00528,\n    \"18\": 0,\n    \"19\": 0,\n    \"20\": 0,\n    \"21\": 0,\n    \"22\": 0,\n    \"23\": 0,\n    \"24\": 0,\n    \"25\": 0,\n    \"26\": 0,\n    \"27\": 0,\n    \"28\": 0,\n    \"29\": 0.00528,\n    \"30\": 0.01056,\n    \"31\": 0,\n    \"32\": 0,\n    \"33\": 0,\n    \"34\": 0,\n    \"35\": 0,\n    \"36\": 0,\n    \"37\": 0,\n    \"38\": 0,\n    \"39\": 0,\n    \"40\": 0,\n    \"41\": 0,\n    \"42\": 0,\n    \"43\": 0,\n    \"44\": 0,\n    \"45\": 0.02112,\n    \"46\": 0.00528,\n    \"47\": 0.00528,\n    \"48\": 0.01056,\n    \"49\": 0.00528,\n    \"50\": 0.00528,\n    \"51\": 0.00528,\n    \"52\": 0.04753,\n    \"53\": 0.00528,\n    \"54\": 0.00528,\n    \"55\": 0.00528,\n    \"56\": 0.02112,\n    \"57\": 0,\n    \"58\": 0,\n    \"59\": 0,\n    \"60\": 0.01056,\n    \"61\": 0,\n    \"62\": 0,\n    \"63\": 0.01056,\n    \"64\": 0,\n    \"65\": 0,\n    \"66\": 0.01056,\n    \"67\": 0.00528,\n    \"68\": 0.02112,\n    \"69\": 0,\n    \"70\": 0.00528,\n    \"71\": 0.00528,\n    \"72\": 0.01056,\n    \"73\": 0,\n    \"74\": 0,\n    \"75\": 0,\n    \"76\": 0,\n    \"77\": 0.01584,\n    \"78\": 0.07393,\n    \"79\": 0.01056,\n    \"80\": 0.01056,\n    \"81\": 0.02112,\n    \"82\": 0.04753,\n    \"83\": 0.87137,\n    \"84\": 0.639,\n    \"85\": 0.00528,\n    _: \"86\",\n    \"3.5\": 0,\n    \"3.6\": 0\n  },\n  D: {\n    \"4\": 0,\n    \"5\": 0,\n    \"6\": 0,\n    \"7\": 0,\n    \"8\": 0,\n    \"9\": 0,\n    \"10\": 0,\n    \"11\": 0,\n    \"12\": 0,\n    \"13\": 0,\n    \"14\": 0,\n    \"15\": 0,\n    \"16\": 0,\n    \"17\": 0,\n    \"18\": 0,\n    \"19\": 0,\n    \"20\": 0,\n    \"21\": 0,\n    \"22\": 0,\n    \"23\": 0,\n    \"24\": 0.00528,\n    \"25\": 0,\n    \"26\": 0,\n    \"27\": 0,\n    \"28\": 0,\n    \"29\": 0,\n    \"30\": 0,\n    \"31\": 0,\n    \"32\": 0,\n    \"33\": 0,\n    \"34\": 0,\n    \"35\": 0,\n    \"36\": 0,\n    \"37\": 0,\n    \"38\": 0,\n    \"39\": 0,\n    \"40\": 0,\n    \"41\": 0,\n    \"42\": 0.00528,\n    \"43\": 0.00528,\n    \"44\": 0,\n    \"45\": 0,\n    \"46\": 0.00528,\n    \"47\": 0,\n    \"48\": 0.00528,\n    \"49\": 0.26405,\n    \"50\": 0.00528,\n    \"51\": 0,\n    \"52\": 0.00528,\n    \"53\": 0.00528,\n    \"54\": 0,\n    \"55\": 0.00528,\n    \"56\": 0.00528,\n    \"57\": 0.00528,\n    \"58\": 0.00528,\n    \"59\": 0,\n    \"60\": 0.00528,\n    \"61\": 0.07393,\n    \"62\": 0.02112,\n    \"63\": 0.00528,\n    \"64\": 0.00528,\n    \"65\": 0.01584,\n    \"66\": 0.00528,\n    \"67\": 0.01584,\n    \"68\": 0.00528,\n    \"69\": 0.03169,\n    \"70\": 0.03169,\n    \"71\": 0.03169,\n    \"72\": 0.02112,\n    \"73\": 0.02112,\n    \"74\": 0.03697,\n    \"75\": 0.01584,\n    \"76\": 0.01584,\n    \"77\": 0.01584,\n    \"78\": 0.01584,\n    \"79\": 0.05281,\n    \"80\": 0.05809,\n    \"81\": 0.10034,\n    \"83\": 0.07393,\n    \"84\": 0.12674,\n    \"85\": 0.16371,\n    \"86\": 2.16521,\n    \"87\": 9.41074,\n    \"88\": 0.01056,\n    \"89\": 0.01056,\n    \"90\": 0\n  },\n  F: {\n    \"9\": 0,\n    \"11\": 0,\n    \"12\": 0,\n    \"15\": 0,\n    \"16\": 0,\n    \"17\": 0,\n    \"18\": 0,\n    \"19\": 0,\n    \"20\": 0,\n    \"21\": 0,\n    \"22\": 0,\n    \"23\": 0,\n    \"24\": 0,\n    \"25\": 0,\n    \"26\": 0,\n    \"27\": 0,\n    \"28\": 0,\n    \"29\": 0,\n    \"30\": 0,\n    \"31\": 0,\n    \"32\": 0,\n    \"33\": 0,\n    \"34\": 0,\n    \"35\": 0,\n    \"36\": 0,\n    \"37\": 0,\n    \"38\": 0,\n    \"39\": 0,\n    \"40\": 0,\n    \"41\": 0,\n    \"42\": 0,\n    \"43\": 0,\n    \"44\": 0,\n    \"45\": 0,\n    \"46\": 0,\n    \"47\": 0,\n    \"48\": 0,\n    \"49\": 0,\n    \"50\": 0.00528,\n    \"51\": 0,\n    \"52\": 0,\n    \"53\": 0,\n    \"54\": 0,\n    \"55\": 0,\n    \"56\": 0,\n    \"57\": 0,\n    \"58\": 0,\n    \"60\": 0,\n    \"62\": 0,\n    \"63\": 0,\n    \"64\": 0,\n    \"65\": 0,\n    \"66\": 0,\n    \"67\": 0,\n    \"68\": 0,\n    \"69\": 0,\n    \"70\": 0,\n    \"71\": 0.00528,\n    \"72\": 0.10034,\n    \"9.5-9.6\": 0,\n    \"10.0-10.1\": 0,\n    \"10.5\": 0,\n    \"10.6\": 0,\n    \"11.1\": 0,\n    \"11.5\": 0,\n    \"11.6\": 0,\n    \"12.1\": 0.00528\n  },\n  E: {\n    \"4\": 0,\n    \"5\": 0,\n    \"6\": 0,\n    \"7\": 0.00528,\n    \"8\": 0,\n    \"9\": 0,\n    \"10\": 0,\n    \"11\": 0.01056,\n    \"12\": 0.02112,\n    \"13\": 0.0845,\n    \"14\": 1.4998,\n    _: \"0\",\n    \"3.1\": 0,\n    \"3.2\": 0,\n    \"5.1\": 0,\n    \"6.1\": 0,\n    \"7.1\": 0,\n    \"9.1\": 0.01056,\n    \"10.1\": 0.01584,\n    \"11.1\": 0.04753,\n    \"12.1\": 0.06865,\n    \"13.1\": 0.43832\n  },\n  G: {\n    \"8\": 0.01326,\n    \"3.2\": 0,\n    \"4.0-4.1\": 0,\n    \"4.2-4.3\": 0,\n    \"5.0-5.1\": 0.00884,\n    \"6.0-6.1\": 0.0221,\n    \"7.0-7.1\": 0.0663,\n    \"8.1-8.4\": 0.09724,\n    \"9.0-9.2\": 0.32707,\n    \"9.3\": 0.31823,\n    \"10.0-10.2\": 0.15912,\n    \"10.3\": 0.35801,\n    \"11.0-11.2\": 0.38011,\n    \"11.3-11.4\": 0.40663,\n    \"12.0-12.1\": 0.45525,\n    \"12.2-12.4\": 2.13038,\n    \"13.0-13.1\": 0.22099,\n    \"13.2\": 0.10166,\n    \"13.3\": 0.8442,\n    \"13.4-13.7\": 5.19777,\n    \"14.0-14.2\": 33.05179\n  },\n  B: {\n    \"12\": 0,\n    \"13\": 0,\n    \"14\": 0.00528,\n    \"15\": 0.00528,\n    \"16\": 0.01056,\n    \"17\": 0.02641,\n    \"18\": 0.17955,\n    \"79\": 0,\n    \"80\": 0,\n    \"81\": 0.00528,\n    \"83\": 0.00528,\n    \"84\": 0.00528,\n    \"85\": 0.01056,\n    \"86\": 0.05281,\n    \"87\": 3.77063\n  },\n  P: {\n    \"4\": 0.01059,\n    \"5.0-5.4\": 0,\n    \"6.2-6.4\": 0,\n    \"7.2-7.4\": 0,\n    \"8.2\": 0,\n    \"9.2\": 0.03178,\n    \"10.1\": 0.02119,\n    \"11.1-11.2\": 0.06356,\n    \"12.0\": 0.12712,\n    \"13.0\": 1.26057\n  },\n  I: {\n    \"3\": 0,\n    \"4\": 0.02232,\n    \"81\": 0,\n    \"2.1\": 0,\n    \"2.2\": 0.00957,\n    \"2.3\": 0,\n    \"4.1\": 0.03507,\n    \"4.2-4.3\": 0.1116,\n    \"4.4\": 0,\n    \"4.4.3-4.4.4\": 0.54841\n  },\n  K: {\n    _: \"0 10 11 12 11.1 11.5 12.1\"\n  },\n  A: {\n    \"6\": 0,\n    \"7\": 0,\n    \"8\": 0.02329,\n    \"9\": 0.02329,\n    \"10\": 0.01165,\n    \"11\": 2.3235,\n    \"5.5\": 0\n  },\n  N: {\n    \"10\": 0,\n    \"11\": 0\n  },\n  J: {\n    \"7\": 0,\n    \"10\": 0\n  },\n  O: {\n    \"0\": 0.35393\n  },\n  H: {\n    \"0\": 0.18317\n  },\n  L: {\n    \"0\": 27.16323\n  },\n  S: {\n    \"2.5\": 0\n  },\n  R: {\n    _: \"0\"\n  },\n  M: {\n    \"0\": 0.25483\n  },\n  Q: {\n    \"10.4\": 0.10854\n  }\n};","map":{"version":3,"sources":["/Users/bruceseymour/ra-video/client/node_modules/caniuse-lite/data/regions/JP.js"],"names":["module","exports","C","_","D","F","E","G","B","P","I","K","A","N","J","O","H","L","S","R","M","Q"],