{"ast":null,"code":"module.exports = {\n  C: {\n    \"2\": 0,\n    \"3\": 0,\n    \"4\": 0,\n    \"5\": 0,\n    \"6\": 0,\n    \"7\": 0,\n    \"8\": 0,\n    \"9\": 0,\n    \"10\": 0,\n    \"11\": 0,\n    \"12\": 0,\n    \"13\": 0,\n    \"14\": 0,\n    \"15\": 0,\n    \"16\": 0,\n    \"17\": 0,\n    \"18\": 0,\n    \"19\": 0,\n    \"20\": 0,\n    \"21\": 0,\n    \"22\": 0,\n    \"23\": 0,\n    \"24\": 0,\n    \"25\": 0,\n    \"26\": 0,\n    \"27\": 0,\n    \"28\": 0,\n    \"29\": 0,\n    \"30\": 0.01363,\n    \"31\": 0,\n    \"32\": 0,\n    \"33\": 0,\n    \"34\": 0,\n    \"35\": 0,\n    \"36\": 0,\n    \"37\": 0,\n    \"38\": 0,\n    \"39\": 0,\n    \"40\": 0,\n    \"41\": 0,\n    \"42\": 0,\n    \"43\": 0,\n    \"44\": 0,\n    \"45\": 0,\n    \"46\": 0,\n    \"47\": 0.00682,\n    \"48\": 0.00682,\n    \"49\": 0,\n    \"50\": 0,\n    \"51\": 0,\n    \"52\": 0.01363,\n    \"53\": 0,\n    \"54\": 0,\n    \"55\": 0,\n    \"56\": 0.10907,\n    \"57\": 0,\n    \"58\": 0,\n    \"59\": 0,\n    \"60\": 0,\n    \"61\": 0,\n    \"62\": 0,\n    \"63\": 0,\n    \"64\": 0,\n    \"65\": 0.00682,\n    \"66\": 0,\n    \"67\": 0,\n    \"68\": 0.01363,\n    \"69\": 0,\n    \"70\": 0.01363,\n    \"71\": 0,\n    \"72\": 0.00682,\n    \"73\": 0.00682,\n    \"74\": 0.00682,\n    \"75\": 0.00682,\n    \"76\": 0,\n    \"77\": 0.00682,\n    \"78\": 0.06817,\n    \"79\": 0.00682,\n    \"80\": 0.00682,\n    \"81\": 0.01363,\n    \"82\": 0.04772,\n    \"83\": 0.95438,\n    \"84\": 0.65443,\n    \"85\": 0,\n    \"86\": 0,\n    \"3.5\": 0,\n    \"3.6\": 0\n  },\n  D: {\n    \"4\": 0,\n    \"5\": 0,\n    \"6\": 0,\n    \"7\": 0,\n    \"8\": 0,\n    \"9\": 0,\n    \"10\": 0,\n    \"11\": 0,\n    \"12\": 0,\n    \"13\": 0,\n    \"14\": 0,\n    \"15\": 0,\n    \"16\": 0,\n    \"17\": 0,\n    \"18\": 0,\n    \"19\": 0,\n    \"20\": 0,\n    \"21\": 0,\n    \"22\": 0,\n    \"23\": 0,\n    \"24\": 0,\n    \"25\": 0,\n    \"26\": 0,\n    \"27\": 0,\n    \"28\": 0,\n    \"29\": 0,\n    \"30\": 0,\n    \"31\": 0,\n    \"32\": 0,\n    \"33\": 0,\n    \"34\": 0,\n    \"35\": 0,\n    \"36\": 0,\n    \"37\": 0,\n    \"38\": 0.00682,\n    \"39\": 0,\n    \"40\": 0,\n    \"41\": 0,\n    \"42\": 0,\n    \"43\": 0,\n    \"44\": 0,\n    \"45\": 0,\n    \"46\": 0,\n    \"47\": 0,\n    \"48\": 0,\n    \"49\": 0.07499,\n    \"50\": 0,\n    \"51\": 0,\n    \"52\": 0.03409,\n    \"53\": 0.01363,\n    \"54\": 0,\n    \"55\": 0,\n    \"56\": 0,\n    \"57\": 0.00682,\n    \"58\": 0.01363,\n    \"59\": 0.01363,\n    \"60\": 0.00682,\n    \"61\": 0,\n    \"62\": 0.00682,\n    \"63\": 0.00682,\n    \"64\": 0,\n    \"65\": 0.01363,\n    \"66\": 0.01363,\n    \"67\": 0.02045,\n    \"68\": 0.00682,\n    \"69\": 0.17724,\n    \"70\": 0.02727,\n    \"71\": 0.01363,\n    \"72\": 0.02727,\n    \"73\": 0.01363,\n    \"74\": 0.01363,\n    \"75\": 0.02045,\n    \"76\": 0.06135,\n    \"77\": 0.02045,\n    \"78\": 0.02045,\n    \"79\": 0.06135,\n    \"80\": 0.06817,\n    \"81\": 0.06817,\n    \"83\": 0.13634,\n    \"84\": 0.20451,\n    \"85\": 0.43629,\n    \"86\": 6.59204,\n    \"87\": 23.82542,\n    \"88\": 0.01363,\n    \"89\": 0.01363,\n    \"90\": 0\n  },\n  F: {\n    \"9\": 0,\n    \"11\": 0,\n    \"12\": 0,\n    \"15\": 0,\n    \"16\": 0,\n    \"17\": 0,\n    \"18\": 0,\n    \"19\": 0,\n    \"20\": 0,\n    \"21\": 0,\n    \"22\": 0,\n    \"23\": 0,\n    \"24\": 0,\n    \"25\": 0,\n    \"26\": 0,\n    \"27\": 0,\n    \"28\": 0,\n    \"29\": 0,\n    \"30\": 0,\n    \"31\": 0,\n    \"32\": 0,\n    \"33\": 0,\n    \"34\": 0,\n    \"35\": 0,\n    \"36\": 0,\n    \"37\": 0,\n    \"38\": 0,\n    \"39\": 0,\n    \"40\": 0,\n    \"41\": 0,\n    \"42\": 0,\n    \"43\": 0,\n    \"44\": 0,\n    \"45\": 0,\n    \"46\": 0,\n    \"47\": 0,\n    \"48\": 0,\n    \"49\": 0,\n    \"50\": 0,\n    \"51\": 0,\n    \"52\": 0,\n    \"53\": 0,\n    \"54\": 0,\n    \"55\": 0,\n    \"56\": 0,\n    \"57\": 0,\n    \"58\": 0,\n    \"60\": 0,\n    \"62\": 0,\n    \"63\": 0,\n    \"64\": 0,\n    \"65\": 0,\n    \"66\": 0,\n    \"67\": 0,\n    \"68\": 0,\n    \"69\": 0,\n    \"70\": 0,\n    \"71\": 0.08862,\n    \"72\": 0.24541,\n    \"9.5-9.6\": 0,\n    \"10.0-10.1\": 0,\n    \"10.5\": 0,\n    \"10.6\": 0,\n    \"11.1\": 0,\n    \"11.5\": 0,\n    \"11.6\": 0,\n    \"12.1\": 0\n  },\n  E: {\n    \"4\": 0,\n    \"5\": 0,\n    \"6\": 0,\n    \"7\": 0,\n    \"8\": 0,\n    \"9\": 0,\n    \"10\": 0.00682,\n    \"11\": 0.02727,\n    \"12\": 0.06135,\n    \"13\": 0.31358,\n    \"14\": 4.77872,\n    _: \"0\",\n    \"3.1\": 0,\n    \"3.2\": 0,\n    \"5.1\": 0,\n    \"6.1\": 0,\n    \"7.1\": 0,\n    \"9.1\": 0.01363,\n    \"10.1\": 0.0409,\n    \"11.1\": 0.14316,\n    \"12.1\": 0.37494,\n    \"13.1\": 1.67017\n  },\n  G: {\n    \"8\": 0,\n    \"3.2\": 0,\n    \"4.0-4.1\": 0,\n    \"4.2-4.3\": 0,\n    \"5.0-5.1\": 0,\n    \"6.0-6.1\": 0,\n    \"7.0-7.1\": 0,\n    \"8.1-8.4\": 0.02668,\n    \"9.0-9.2\": 0.11674,\n    \"9.3\": 0.25682,\n    \"10.0-10.2\": 0.0467,\n    \"10.3\": 0.43694,\n    \"11.0-11.2\": 0.12007,\n    \"11.3-11.4\": 0.18678,\n    \"12.0-12.1\": 0.17678,\n    \"12.2-12.4\": 1.82779,\n    \"13.0-13.1\": 0.10006,\n    \"13.2\": 0.0467,\n    \"13.3\": 0.537,\n    \"13.4-13.7\": 3.06189,\n    \"14.0-14.3\": 26.35624\n  },\n  B: {\n    \"12\": 0,\n    \"13\": 0,\n    \"14\": 0,\n    \"15\": 0.00682,\n    \"16\": 0.00682,\n    \"17\": 0.01363,\n    \"18\": 0.11589,\n    \"79\": 0,\n    \"80\": 0,\n    \"81\": 0.00682,\n    \"83\": 0.00682,\n    \"84\": 0.00682,\n    \"85\": 0.01363,\n    \"86\": 0.09544,\n    \"87\": 2.44049\n  },\n  I: {\n    \"3\": 0,\n    \"4\": 0.00345,\n    \"81\": 0,\n    \"2.1\": 0,\n    \"2.2\": 0,\n    \"2.3\": 0,\n    \"4.1\": 0.00345,\n    \"4.2-4.3\": 0.01209,\n    \"4.4\": 0,\n    \"4.4.3-4.4.4\": 0.09328\n  },\n  P: {\n    \"4\": 0.0418,\n    \"5.0-5.4\": 0,\n    \"6.2-6.4\": 0,\n    \"7.2-7.4\": 0,\n    \"8.2\": 0,\n    \"9.2\": 0.01045,\n    \"10.1\": 0.01045,\n    \"11.1-11.2\": 0.03135,\n    \"12.0\": 0.13584,\n    \"13.0\": 1.35843\n  },\n  K: {\n    _: \"0 10 11 12 11.1 11.5 12.1\"\n  },\n  A: {\n    \"6\": 0,\n    \"7\": 0.02758,\n    \"8\": 0.0069,\n    \"9\": 0,\n    \"10\": 0.01379,\n    \"11\": 0.55163,\n    \"5.5\": 0\n  },\n  N: {\n    \"10\": 0,\n    \"11\": 0\n  },\n  J: {\n    \"7\": 0,\n    \"10\": 0\n  },\n  O: {\n    \"0\": 0.04775\n  },\n  H: {\n    \"0\": 0.07534\n  },\n  L: {\n    \"0\": 17.81106\n  },\n  S: {\n    \"2.5\": 0\n  },\n  R: {\n    _: \"0\"\n  },\n  M: {\n    \"0\": 0.23236\n  },\n  Q: {\n    \"10.4\": 0.01592\n  }\n};","map":{"version":3,"sources":["/Users/bruceseymour/ra-video/client/node_modules/caniuse-lite/data/regions/DK.js"],"names":["module","exports","C","D","F","E","_","G","B","I","P","K","A","N","J","O","H","L","S","R","M","Q"],