{"ast":null,"code":"module.exports = {\n  C: {\n    \"2\": 0,\n    \"3\": 0,\n    \"4\": 0,\n    \"5\": 0,\n    \"6\": 0,\n    \"7\": 0,\n    \"8\": 0,\n    \"9\": 0,\n    \"10\": 0,\n    \"11\": 0,\n    \"12\": 0,\n    \"13\": 0,\n    \"14\": 0,\n    \"15\": 0,\n    \"16\": 0,\n    \"17\": 0,\n    \"18\": 0,\n    \"19\": 0,\n    \"20\": 0,\n    \"21\": 0,\n    \"22\": 0,\n    \"23\": 0,\n    \"24\": 0,\n    \"25\": 0,\n    \"26\": 0,\n    \"27\": 0,\n    \"28\": 0,\n    \"29\": 0.00252,\n    \"30\": 0.00252,\n    \"31\": 0,\n    \"32\": 0,\n    \"33\": 0,\n    \"34\": 0.00252,\n    \"35\": 0,\n    \"36\": 0.00252,\n    \"37\": 0.00757,\n    \"38\": 0,\n    \"39\": 0.00252,\n    \"40\": 0,\n    \"41\": 0.00252,\n    \"42\": 0.00252,\n    \"43\": 0.00504,\n    \"44\": 0.00252,\n    \"45\": 0.00252,\n    \"46\": 0,\n    \"47\": 0.00504,\n    \"48\": 0.00252,\n    \"49\": 0.00252,\n    \"50\": 0.00252,\n    \"51\": 0,\n    \"52\": 0.00504,\n    \"53\": 0.00252,\n    \"54\": 0.00252,\n    \"55\": 0,\n    \"56\": 0.00504,\n    \"57\": 0.00504,\n    \"58\": 0.00252,\n    \"59\": 0.00252,\n    \"60\": 0.03783,\n    \"61\": 0.00252,\n    \"62\": 0.00757,\n    \"63\": 0,\n    \"64\": 0,\n    \"65\": 0.00252,\n    \"66\": 0.01009,\n    \"67\": 0.00252,\n    \"68\": 0.01765,\n    \"69\": 0.00252,\n    \"70\": 0.00252,\n    \"71\": 0.00252,\n    \"72\": 0.02522,\n    \"73\": 0.00252,\n    \"74\": 0.00252,\n    \"75\": 0.00504,\n    \"76\": 0.00504,\n    \"77\": 0.01261,\n    \"78\": 0.02018,\n    \"79\": 0.00757,\n    \"80\": 0.01009,\n    \"81\": 0.0227,\n    \"82\": 0.02774,\n    \"83\": 0.48675,\n    \"84\": 0.33795,\n    \"85\": 0.03531,\n    \"86\": 0,\n    \"3.5\": 0,\n    \"3.6\": 0\n  },\n  D: {\n    \"4\": 0,\n    \"5\": 0,\n    \"6\": 0,\n    \"7\": 0,\n    \"8\": 0,\n    \"9\": 0,\n    \"10\": 0,\n    \"11\": 0.00252,\n    \"12\": 0,\n    \"13\": 0,\n    \"14\": 0,\n    \"15\": 0,\n    \"16\": 0,\n    \"17\": 0,\n    \"18\": 0,\n    \"19\": 0,\n    \"20\": 0,\n    \"21\": 0,\n    \"22\": 0,\n    \"23\": 0,\n    \"24\": 0,\n    \"25\": 0,\n    \"26\": 0,\n    \"27\": 0,\n    \"28\": 0,\n    \"29\": 0,\n    \"30\": 0,\n    \"31\": 0.00252,\n    \"32\": 0.00504,\n    \"33\": 0,\n    \"34\": 0,\n    \"35\": 0,\n    \"36\": 0,\n    \"37\": 0.00504,\n    \"38\": 0.00757,\n    \"39\": 0,\n    \"40\": 0.00504,\n    \"41\": 0,\n    \"42\": 0.00252,\n    \"43\": 0,\n    \"44\": 0,\n    \"45\": 0,\n    \"46\": 0,\n    \"47\": 0,\n    \"48\": 0,\n    \"49\": 0.01261,\n    \"50\": 0,\n    \"51\": 0,\n    \"52\": 0,\n    \"53\": 0.01009,\n    \"54\": 0,\n    \"55\": 0,\n    \"56\": 0,\n    \"57\": 0.00252,\n    \"58\": 0.00252,\n    \"59\": 0,\n    \"60\": 0,\n    \"61\": 0.00252,\n    \"62\": 0,\n    \"63\": 0.01009,\n    \"64\": 0,\n    \"65\": 0.00252,\n    \"66\": 0,\n    \"67\": 0.00252,\n    \"68\": 0.00252,\n    \"69\": 0.00252,\n    \"70\": 0.00252,\n    \"71\": 0.01765,\n    \"72\": 0.00252,\n    \"73\": 0.00252,\n    \"74\": 0.00504,\n    \"75\": 0.00252,\n    \"76\": 0.00504,\n    \"77\": 0.00252,\n    \"78\": 0.00504,\n    \"79\": 0.03026,\n    \"80\": 0.01765,\n    \"81\": 0.01261,\n    \"83\": 0.02018,\n    \"84\": 0.02774,\n    \"85\": 0.03783,\n    \"86\": 0.51197,\n    \"87\": 2.96083,\n    \"88\": 0.00504,\n    \"89\": 0.00252,\n    \"90\": 0\n  },\n  F: {\n    \"9\": 0,\n    \"11\": 0,\n    \"12\": 0,\n    \"15\": 0,\n    \"16\": 0,\n    \"17\": 0,\n    \"18\": 0,\n    \"19\": 0,\n    \"20\": 0,\n    \"21\": 0,\n    \"22\": 0,\n    \"23\": 0,\n    \"24\": 0,\n    \"25\": 0,\n    \"26\": 0,\n    \"27\": 0,\n    \"28\": 0,\n    \"29\": 0,\n    \"30\": 0,\n    \"31\": 0,\n    \"32\": 0,\n    \"33\": 0,\n    \"34\": 0,\n    \"35\": 0,\n    \"36\": 0,\n    \"37\": 0.01513,\n    \"38\": 0,\n    \"39\": 0,\n    \"40\": 0,\n    \"41\": 0,\n    \"42\": 0,\n    \"43\": 0,\n    \"44\": 0,\n    \"45\": 0,\n    \"46\": 0,\n    \"47\": 0,\n    \"48\": 0,\n    \"49\": 0,\n    \"50\": 0,\n    \"51\": 0,\n    \"52\": 0,\n    \"53\": 0,\n    \"54\": 0.00504,\n    \"55\": 0.00252,\n    \"56\": 0,\n    \"57\": 0,\n    \"58\": 0,\n    \"60\": 0,\n    \"62\": 0,\n    \"63\": 0,\n    \"64\": 0,\n    \"65\": 0,\n    \"66\": 0,\n    \"67\": 0,\n    \"68\": 0,\n    \"69\": 0,\n    \"70\": 0,\n    \"71\": 0.00504,\n    \"72\": 0.06305,\n    \"9.5-9.6\": 0,\n    \"10.0-10.1\": 0,\n    \"10.5\": 0,\n    \"10.6\": 0,\n    \"11.1\": 0,\n    \"11.5\": 0,\n    \"11.6\": 0,\n    \"12.1\": 0\n  },\n  E: {\n    \"4\": 0,\n    \"5\": 0,\n    \"6\": 0,\n    \"7\": 0,\n    \"8\": 0,\n    \"9\": 0,\n    \"10\": 0,\n    \"11\": 0.00504,\n    \"12\": 0.01009,\n    \"13\": 0.02018,\n    \"14\": 0.2749,\n    _: \"0\",\n    \"3.1\": 0,\n    \"3.2\": 0,\n    \"5.1\": 0,\n    \"6.1\": 0,\n    \"7.1\": 0,\n    \"9.1\": 0.00252,\n    \"10.1\": 0.00504,\n    \"11.1\": 0.02018,\n    \"12.1\": 0.01513,\n    \"13.1\": 0.0807\n  },\n  G: {\n    \"8\": 0,\n    \"3.2\": 0,\n    \"4.0-4.1\": 0,\n    \"4.2-4.3\": 0.00184,\n    \"5.0-5.1\": 0.02121,\n    \"6.0-6.1\": 0.0083,\n    \"7.0-7.1\": 0.0295,\n    \"8.1-8.4\": 0.01106,\n    \"9.0-9.2\": 0.01567,\n    \"9.3\": 0.13277,\n    \"10.0-10.2\": 0.02582,\n    \"10.3\": 0.1383,\n    \"11.0-11.2\": 0.07837,\n    \"11.3-11.4\": 0.05901,\n    \"12.0-12.1\": 0.06638,\n    \"12.2-12.4\": 0.90908,\n    \"13.0-13.1\": 0.11617,\n    \"13.2\": 0.02858,\n    \"13.3\": 0.22497,\n    \"13.4-13.7\": 1.21057,\n    \"14.0-14.3\": 6.10542\n  },\n  B: {\n    \"12\": 0.00504,\n    \"13\": 0,\n    \"14\": 0.00252,\n    \"15\": 0.00504,\n    \"16\": 0.00252,\n    \"17\": 0.00504,\n    \"18\": 0.03783,\n    \"79\": 0,\n    \"80\": 0,\n    \"81\": 0.00252,\n    \"83\": 0,\n    \"84\": 0.00504,\n    \"85\": 0.00504,\n    \"86\": 0.01261,\n    \"87\": 0.39343\n  },\n  I: {\n    \"3\": 0,\n    \"4\": 0,\n    \"81\": 0,\n    \"2.1\": 0,\n    \"2.2\": 0,\n    \"2.3\": 0,\n    \"4.1\": 0.01308,\n    \"4.2-4.3\": 0.09154,\n    \"4.4\": 0,\n    \"4.4.3-4.4.4\": 1.9572\n  },\n  P: {\n    \"4\": 0.32776,\n    \"5.0-5.4\": 0.03073,\n    \"6.2-6.4\": 0.02048,\n    \"7.2-7.4\": 0.0717,\n    \"8.2\": 0.02048,\n    \"9.2\": 0.11267,\n    \"10.1\": 0.0717,\n    \"11.1-11.2\": 0.17412,\n    \"12.0\": 0.338,\n    \"13.0\": 0.99351\n  },\n  K: {\n    _: \"0 10 11 12 11.1 11.5 12.1\"\n  },\n  A: {\n    \"6\": 0,\n    \"7\": 0,\n    \"8\": 0.00468,\n    \"9\": 0,\n    \"10\": 0,\n    \"11\": 0.06089,\n    \"5.5\": 0\n  },\n  N: {\n    \"10\": 0,\n    \"11\": 0\n  },\n  J: {\n    \"7\": 0,\n    \"10\": 0.02243\n  },\n  O: {\n    \"0\": 2.6173\n  },\n  H: {\n    \"0\": 0.67965\n  },\n  L: {\n    \"0\": 75.06773\n  },\n  S: {\n    \"2.5\": 0\n  },\n  R: {\n    _: \"0\"\n  },\n  M: {\n    \"0\": 0.32903\n  },\n  Q: {\n    \"10.4\": 0.19443\n  }\n};","map":{"version":3,"sources":["/Users/bruceseymour/ra-video/client/node_modules/caniuse-lite/data/regions/MM.js"],"names":["module","exports","C","D","F","E","_","G","B","I","P","K","A","N","J","O","H","L","S","R","M","Q"],