{"ast":null,"code":"module.exports = {\n  C: {\n    \"2\": 0,\n    \"3\": 0,\n    \"4\": 0,\n    \"5\": 0,\n    \"6\": 0,\n    \"7\": 0,\n    \"8\": 0,\n    \"9\": 0,\n    \"10\": 0,\n    \"11\": 0,\n    \"12\": 0,\n    \"13\": 0,\n    \"14\": 0,\n    \"15\": 0,\n    \"16\": 0,\n    \"17\": 0,\n    \"18\": 0,\n    \"19\": 0,\n    \"20\": 0,\n    \"21\": 0,\n    \"22\": 0,\n    \"23\": 0,\n    \"24\": 0,\n    \"25\": 0,\n    \"26\": 0,\n    \"27\": 0,\n    \"28\": 0,\n    \"29\": 0,\n    \"30\": 0,\n    \"31\": 0,\n    \"32\": 0,\n    \"33\": 0,\n    \"34\": 0,\n    \"35\": 0.00486,\n    \"36\": 0.01215,\n    \"37\": 0,\n    \"38\": 0,\n    \"39\": 0,\n    \"40\": 0,\n    \"41\": 0,\n    \"42\": 0,\n    \"43\": 0,\n    \"44\": 0,\n    \"45\": 0,\n    \"46\": 0,\n    \"47\": 0,\n    \"48\": 0,\n    \"49\": 0,\n    \"50\": 0,\n    \"51\": 0,\n    \"52\": 0.00729,\n    \"53\": 0,\n    \"54\": 0,\n    \"55\": 0,\n    \"56\": 0.00729,\n    \"57\": 0.00243,\n    \"58\": 0,\n    \"59\": 0,\n    \"60\": 0.00729,\n    \"61\": 0,\n    \"62\": 0,\n    \"63\": 0.00243,\n    \"64\": 0,\n    \"65\": 0,\n    \"66\": 0,\n    \"67\": 0.02187,\n    \"68\": 0.08991,\n    \"69\": 0.00729,\n    \"70\": 0,\n    \"71\": 0,\n    \"72\": 0.00486,\n    \"73\": 0,\n    \"74\": 0,\n    \"75\": 0,\n    \"76\": 0.00243,\n    \"77\": 0,\n    \"78\": 0.09963,\n    \"79\": 0,\n    \"80\": 0.00729,\n    \"81\": 0.04131,\n    \"82\": 0.05589,\n    \"83\": 0.48357,\n    \"84\": 0.16767,\n    \"85\": 0,\n    \"86\": 0,\n    \"3.5\": 0,\n    \"3.6\": 0\n  },\n  D: {\n    \"4\": 0,\n    \"5\": 0,\n    \"6\": 0,\n    \"7\": 0,\n    \"8\": 0,\n    \"9\": 0,\n    \"10\": 0,\n    \"11\": 0.00486,\n    \"12\": 0,\n    \"13\": 0,\n    \"14\": 0,\n    \"15\": 0,\n    \"16\": 0,\n    \"17\": 0,\n    \"18\": 0,\n    \"19\": 0,\n    \"20\": 0,\n    \"21\": 0,\n    \"22\": 0,\n    \"23\": 0.01215,\n    \"24\": 0,\n    \"25\": 0,\n    \"26\": 0.00243,\n    \"27\": 0,\n    \"28\": 0,\n    \"29\": 0,\n    \"30\": 0,\n    \"31\": 0,\n    \"32\": 0,\n    \"33\": 0,\n    \"34\": 0,\n    \"35\": 0.00243,\n    \"36\": 0,\n    \"37\": 0,\n    \"38\": 0.00243,\n    \"39\": 0,\n    \"40\": 0.04131,\n    \"41\": 0,\n    \"42\": 0,\n    \"43\": 0,\n    \"44\": 0,\n    \"45\": 0,\n    \"46\": 0,\n    \"47\": 0,\n    \"48\": 0,\n    \"49\": 0.01458,\n    \"50\": 0,\n    \"51\": 0,\n    \"52\": 0,\n    \"53\": 0.00243,\n    \"54\": 0,\n    \"55\": 0,\n    \"56\": 0,\n    \"57\": 0,\n    \"58\": 0.00486,\n    \"59\": 0,\n    \"60\": 0.00243,\n    \"61\": 0,\n    \"62\": 0,\n    \"63\": 0,\n    \"64\": 0.00243,\n    \"65\": 0.00486,\n    \"66\": 0,\n    \"67\": 0,\n    \"68\": 0.00243,\n    \"69\": 0,\n    \"70\": 0,\n    \"71\": 0.00243,\n    \"72\": 0.00243,\n    \"73\": 0,\n    \"74\": 0.00972,\n    \"75\": 0.00243,\n    \"76\": 0,\n    \"77\": 0.00243,\n    \"78\": 0.00243,\n    \"79\": 0.02673,\n    \"80\": 0.00729,\n    \"81\": 0.03645,\n    \"83\": 0.00729,\n    \"84\": 0.00972,\n    \"85\": 0.00972,\n    \"86\": 0.59292,\n    \"87\": 1.46286,\n    \"88\": 0,\n    \"89\": 0,\n    \"90\": 0\n  },\n  F: {\n    \"9\": 0,\n    \"11\": 0,\n    \"12\": 0,\n    \"15\": 0,\n    \"16\": 0,\n    \"17\": 0,\n    \"18\": 0.00243,\n    \"19\": 0,\n    \"20\": 0,\n    \"21\": 0,\n    \"22\": 0.00243,\n    \"23\": 0,\n    \"24\": 0,\n    \"25\": 0,\n    \"26\": 0,\n    \"27\": 0,\n    \"28\": 0,\n    \"29\": 0,\n    \"30\": 0,\n    \"31\": 0,\n    \"32\": 0,\n    \"33\": 0,\n    \"34\": 0,\n    \"35\": 0,\n    \"36\": 0.00972,\n    \"37\": 0,\n    \"38\": 0,\n    \"39\": 0,\n    \"40\": 0,\n    \"41\": 0,\n    \"42\": 0,\n    \"43\": 0,\n    \"44\": 0,\n    \"45\": 0,\n    \"46\": 0,\n    \"47\": 0.00729,\n    \"48\": 0,\n    \"49\": 0,\n    \"50\": 0.02673,\n    \"51\": 0.00243,\n    \"52\": 0,\n    \"53\": 0,\n    \"54\": 0,\n    \"55\": 0,\n    \"56\": 0,\n    \"57\": 0,\n    \"58\": 0,\n    \"60\": 0,\n    \"62\": 0,\n    \"63\": 0,\n    \"64\": 0,\n    \"65\": 0,\n    \"66\": 0,\n    \"67\": 0,\n    \"68\": 0,\n    \"69\": 0,\n    \"70\": 0,\n    \"71\": 0.00243,\n    \"72\": 0.06075,\n    \"9.5-9.6\": 0,\n    \"10.0-10.1\": 0,\n    \"10.5\": 0,\n    \"10.6\": 0,\n    \"11.1\": 0,\n    \"11.5\": 0,\n    \"11.6\": 0,\n    \"12.1\": 0.00486\n  },\n  E: {\n    \"4\": 0,\n    \"5\": 0,\n    \"6\": 0,\n    \"7\": 0,\n    \"8\": 0,\n    \"9\": 0,\n    \"10\": 0,\n    \"11\": 0,\n    \"12\": 0,\n    \"13\": 0,\n    \"14\": 0.01701,\n    _: \"0\",\n    \"3.1\": 0,\n    \"3.2\": 0,\n    \"5.1\": 0.08748,\n    \"6.1\": 0,\n    \"7.1\": 0,\n    \"9.1\": 0,\n    \"10.1\": 0,\n    \"11.1\": 0.00486,\n    \"12.1\": 0.02187,\n    \"13.1\": 0.03888\n  },\n  G: {\n    \"8\": 0,\n    \"3.2\": 0,\n    \"4.0-4.1\": 0,\n    \"4.2-4.3\": 0,\n    \"5.0-5.1\": 0,\n    \"6.0-6.1\": 0,\n    \"7.0-7.1\": 0,\n    \"8.1-8.4\": 0,\n    \"9.0-9.2\": 0.01346,\n    \"9.3\": 0.02232,\n    \"10.0-10.2\": 0,\n    \"10.3\": 0.10698,\n    \"11.0-11.2\": 0.00461,\n    \"11.3-11.4\": 0.10698,\n    \"12.0-12.1\": 0.06695,\n    \"12.2-12.4\": 0.37444,\n    \"13.0-13.1\": 0.04889,\n    \"13.2\": 0.00461,\n    \"13.3\": 0.13816,\n    \"13.4-13.7\": 1.29727,\n    \"14.0-14.3\": 1.3458\n  },\n  B: {\n    \"12\": 0.05103,\n    \"13\": 0.01701,\n    \"14\": 0.00972,\n    \"15\": 0.15795,\n    \"16\": 0.00972,\n    \"17\": 0.00729,\n    \"18\": 0.02187,\n    \"79\": 0,\n    \"80\": 0,\n    \"81\": 0,\n    \"83\": 0,\n    \"84\": 0.00243,\n    \"85\": 0.00486,\n    \"86\": 0.04131,\n    \"87\": 0.4374\n  },\n  I: {\n    \"3\": 0,\n    \"4\": 0,\n    \"81\": 0,\n    \"2.1\": 0,\n    \"2.2\": 0,\n    \"2.3\": 0,\n    \"4.1\": 0.19774,\n    \"4.2-4.3\": 0.23936,\n    \"4.4\": 0,\n    \"4.4.3-4.4.4\": 2.71626\n  },\n  P: {\n    \"4\": 0.16199,\n    \"5.0-5.4\": 0.03037,\n    \"6.2-6.4\": 0,\n    \"7.2-7.4\": 0.15187,\n    \"8.2\": 0.01012,\n    \"9.2\": 0.24299,\n    \"10.1\": 2.22739,\n    \"11.1-11.2\": 1.28581,\n    \"12.0\": 0.28349,\n    \"13.0\": 0.52647\n  },\n  K: {\n    _: \"0 10 11 12 11.1 11.5 12.1\"\n  },\n  A: {\n    \"6\": 0,\n    \"7\": 0,\n    \"8\": 0.01196,\n    \"9\": 0,\n    \"10\": 0,\n    \"11\": 0.02692,\n    \"5.5\": 0\n  },\n  N: {\n    \"10\": 0,\n    \"11\": 0\n  },\n  J: {\n    \"7\": 0,\n    \"10\": 0\n  },\n  O: {\n    \"0\": 0.68887\n  },\n  H: {\n    \"0\": 8.42814\n  },\n  L: {\n    \"0\": 70.18307\n  },\n  S: {\n    \"2.5\": 0.03028\n  },\n  R: {\n    _: \"0\"\n  },\n  M: {\n    \"0\": 0.41635\n  },\n  Q: {\n    \"10.4\": 0.16654\n  }\n};","map":{"version":3,"sources":["/Users/bruceseymour/ra-video/client/node_modules/caniuse-lite/data/regions/CF.js"],"names":["module","exports","C","D","F","E","_","G","B","I","P","K","A","N","J","O","H","L","S","R","M","Q"],