{"ast":null,"code":"module.exports = {\n  C: {\n    \"40\": 0.01414,\n    \"78\": 0.20262,\n    \"82\": 0.16492,\n    \"83\": 2.36071,\n    \"84\": 1.70574,\n    \"85\": 0.01885,\n    _: \"2 3 4 5 6 7 8 9 10 11 12 13 14 15 16 17 18 19 20 21 22 23 24 25 26 27 28 29 30 31 32 33 34 35 36 37 38 39 41 42 43 44 45 46 47 48 49 50 51 52 53 54 55 56 57 58 59 60 61 62 63 64 65 66 67 68 69 70 71 72 73 74 75 76 77 79 80 81 86 3.5 3.6\"\n  },\n  D: {\n    \"28\": 0.00471,\n    \"40\": 0.00471,\n    \"49\": 0.06126,\n    \"65\": 0.02827,\n    \"67\": 0.06597,\n    \"69\": 0.00471,\n    \"72\": 0.0377,\n    \"77\": 0.01414,\n    \"78\": 0.01414,\n    \"79\": 0.04241,\n    \"80\": 5.13137,\n    \"83\": 0.06126,\n    \"84\": 0.02356,\n    \"85\": 0.02827,\n    \"86\": 3.73662,\n    \"87\": 19.16842,\n    \"88\": 0.00471,\n    \"89\": 0.10366,\n    _: \"4 5 6 7 8 9 10 11 12 13 14 15 16 17 18 19 20 21 22 23 24 25 26 27 29 30 31 32 33 34 35 36 37 38 39 41 42 43 44 45 46 47 48 50 51 52 53 54 55 56 57 58 59 60 61 62 63 64 66 68 70 71 73 74 75 76 81 90\"\n  },\n  F: {\n    \"72\": 0.45235,\n    _: \"9 11 12 15 16 17 18 19 20 21 22 23 24 25 26 27 28 29 30 31 32 33 34 35 36 37 38 39 40 41 42 43 44 45 46 47 48 49 50 51 52 53 54 55 56 57 58 60 62 63 64 65 66 67 68 69 70 71 9.5-9.6 10.5 10.6 11.1 11.5 11.6 12.1\",\n    \"10.0-10.1\": 0\n  },\n  E: {\n    \"4\": 0,\n    \"13\": 0.07539,\n    \"14\": 0.22146,\n    _: \"0 5 6 7 8 9 10 11 12 3.1 3.2 5.1 6.1 7.1\",\n    \"9.1\": 0.01414,\n    \"10.1\": 0.04241,\n    \"11.1\": 0.01414,\n    \"12.1\": 0.10366,\n    \"13.1\": 0.65026\n  },\n  G: {\n    \"8\": 0,\n    \"3.2\": 0,\n    \"4.0-4.1\": 0,\n    \"4.2-4.3\": 0,\n    \"5.0-5.1\": 0,\n    \"6.0-6.1\": 0.00333,\n    \"7.0-7.1\": 0,\n    \"8.1-8.4\": 0,\n    \"9.0-9.2\": 0,\n    \"9.3\": 0.02293,\n    \"10.0-10.2\": 0,\n    \"10.3\": 0.00333,\n    \"11.0-11.2\": 0.01627,\n    \"11.3-11.4\": 0.00333,\n    \"12.0-12.1\": 0.00998,\n    \"12.2-12.4\": 1.07278,\n    \"13.0-13.1\": 0.25812,\n    \"13.2\": 0.00333,\n    \"13.3\": 0.78471,\n    \"13.4-13.7\": 0.2522,\n    \"14.0-14.3\": 1.18668\n  },\n  B: {\n    \"14\": 0.00471,\n    \"15\": 0.04241,\n    \"16\": 0.00471,\n    \"17\": 2.24762,\n    \"18\": 0.28272,\n    \"80\": 0.02827,\n    \"85\": 0.07068,\n    \"86\": 1.42774,\n    \"87\": 4.41986,\n    _: \"12 13 79 81 83 84\"\n  },\n  I: {\n    \"3\": 0,\n    \"4\": 0,\n    \"81\": 0,\n    \"2.1\": 0,\n    \"2.2\": 0,\n    \"2.3\": 0,\n    \"4.1\": 0,\n    \"4.2-4.3\": 0.00151,\n    \"4.4\": 0,\n    \"4.4.3-4.4.4\": 0.00378\n  },\n  P: {\n    \"4\": 0.4027,\n    \"5.0-5.4\": 0,\n    \"6.2-6.4\": 0,\n    \"7.2-7.4\": 0.03075,\n    \"8.2\": 0.01025,\n    \"9.2\": 0.041,\n    \"10.1\": 0.15488,\n    \"11.1-11.2\": 0.07228,\n    \"12.0\": 0.17553,\n    \"13.0\": 1.15646\n  },\n  K: {\n    _: \"0 10 11 12 11.1 11.5 12.1\"\n  },\n  A: {\n    \"11\": 1.36177,\n    _: \"6 7 8 9 10 5.5\"\n  },\n  N: {\n    \"10\": 0,\n    \"11\": 0\n  },\n  J: {\n    \"7\": 0,\n    \"10\": 0\n  },\n  O: {\n    \"0\": 0.13749\n  },\n  H: {\n    \"0\": 1.13644\n  },\n  L: {\n    \"0\": 48.33605\n  },\n  S: {\n    \"2.5\": 0\n  },\n  R: {\n    _: \"0\"\n  },\n  M: {\n    \"0\": 0.10047\n  },\n  Q: {\n    \"10.4\": 0\n  }\n};","map":{"version":3,"sources":["/Users/bruceseymour/ra-video/client/node_modules/caniuse-lite/data/regions/FM.js"],"names":["module","exports","C","_","D","F","E","G","B","I","P","K","A","N","J","O","H","L","S","R","M","Q"],"mappings":"AAAAA,MAAM,CAACC,OAAP,GAAe;AAACC,EAAAA,CAAC,EAAC;AAAC,UAAK,OAAN;AAAc,UAAK,OAAnB;AAA2B,UAAK,OAAhC;AAAwC,UAAK,OAA7C;AAAqD,UAAK,OAA1D;AAAkE,UAAK,OAAvE;AAA+EC,IAAAA,CAAC,EAAC;AAAjF,GAAH;AAAoUC,EAAAA,CAAC,EAAC;AAAC,UAAK,OAAN;AAAc,UAAK,OAAnB;AAA2B,UAAK,OAAhC;AAAwC,UAAK,OAA7C;AAAqD,UAAK,OAA1D;AAAkE,UAAK,OAAvE;AAA+E,UAAK,MAApF;AAA2F,UAAK,OAAhG;AAAwG,UAAK,OAA7G;AAAqH,UAAK,OAA1H;AAAkI,UAAK,OAAvI;AAA+I,UAAK,OAApJ;AAA4J,UAAK,OAAjK;AAAyK,UAAK,OAA9K;AAAsL,UAAK,OAA3L;AAAmM,UAAK,QAAxM;AAAiN,UAAK,OAAtN;AAA8N,UAAK,OAAnO;AAA2OD,IAAAA,CAAC,EAAC;AAA7O,GAAtU;AAA4vBE,EAAAA,CAAC,EAAC;AAAC,UAAK,OAAN;AAAcF,IAAAA,CAAC,EAAC,oNAAhB;AAAqO,iBAAY;AAAjP,GAA9vB;AAAk/BG,EAAAA,CAAC,EAAC;AAAC,SAAI,CAAL;AAAO,UAAK,OAAZ;AAAoB,UAAK,OAAzB;AAAiCH,IAAAA,CAAC,EAAC,0CAAnC;AAA8E,WAAM,OAApF;AAA4F,YAAO,OAAnG;AAA2G,YAAO,OAAlH;AAA0H,YAAO,OAAjI;AAAyI,YAAO;AAAhJ,GAAp/B;AAA6oCI,EAAAA,CAAC,EAAC;AAAC,SAAI,CAAL;AAAO,WAAM,CAAb;AAAe,eAAU,CAAzB;AAA2B,eAAU,CAArC;AAAuC,eAAU,CAAjD;AAAmD,eAAU,OAA7D;AAAqE,eAAU,CAA/E;AAAiF,eAAU,CAA3F;AAA6F,eAAU,CAAvG;AAAyG,WAAM,OAA/G;AAAuH,iBAAY,CAAnI;AAAqI,YAAO,OAA5I;AAAoJ,iBAAY,OAAhK;AAAwK,iBAAY,OAApL;AAA4L,iBAAY,OAAxM;AAAgN,iBAAY,OAA5N;AAAoO,iBAAY,OAAhP;AAAwP,YAAO,OAA/P;AAAuQ,YAAO,OAA9Q;AAAsR,iBAAY,MAAlS;AAAyS,iBAAY;AAArT,GAA/oC;AAA68CC,EAAAA,CAAC,EAAC;AAAC,UAAK,OAAN;AAAc,UAAK,OAAnB;AAA2B,UAAK,OAAhC;AAAwC,UAAK,OAA7C;AAAqD,UAAK,OAA1D;AAAkE,UAAK,OAAvE;AAA+E,UAAK,OAApF;AAA4F,UAAK,OAAjG;AAAyG,UAAK,OAA9G;AAAsHL,IAAAA,CAAC,EAAC;AAAxH,GAA/8C;AAA4lDM,EAAAA,CAAC,EAAC;AAAC,SAAI,CAAL;AAAO,SAAI,CAAX;AAAa,UAAK,CAAlB;AAAoB,WAAM,CAA1B;AAA4B,WAAM,CAAlC;AAAoC,WAAM,CAA1C;AAA4C,WAAM,CAAlD;AAAoD,eAAU,OAA9D;AAAsE,WAAM,CAA5E;AAA8E,mBAAc;AAA5F,GAA9lD;AAAmsDC,EAAAA,CAAC,EAAC;AAAC,SAAI,MAAL;AAAY,eAAU,CAAtB;AAAwB,eAAU,CAAlC;AAAoC,eAAU,OAA9C;AAAsD,WAAM,OAA5D;AAAoE,WAAM,KAA1E;AAAgF,YAAO,OAAvF;AAA+F,iBAAY,OAA3G;AAAmH,YAAO,OAA1H;AAAkI,YAAO;AAAzI,GAArsD;AAAu1DC,EAAAA,CAAC,EAAC;AAACR,IAAAA,CAAC,EAAC;AAAH,GAAz1D;AAAy3DS,EAAAA,CAAC,EAAC;AAAC,UAAK,OAAN;AAAcT,IAAAA,CAAC,EAAC;AAAhB,GAA33D;AAA65DU,EAAAA,CAAC,EAAC;AAAC,UAAK,CAAN;AAAQ,UAAK;AAAb,GAA/5D;AAA+6DC,EAAAA,CAAC,EAAC;AAAC,SAAI,CAAL;AAAO,UAAK;AAAZ,GAAj7D;AAAg8DC,EAAAA,CAAC,EAAC;AAAC,SAAI;AAAL,GAAl8D;AAAg9DC,EAAAA,CAAC,EAAC;AAAC,SAAI;AAAL,GAAl9D;AAAg+DC,EAAAA,CAAC,EAAC;AAAC,SAAI;AAAL,GAAl+D;AAAi/DC,EAAAA,CAAC,EAAC;AAAC,WAAM;AAAP,GAAn/D;AAA6/DC,EAAAA,CAAC,EAAC;AAAChB,IAAAA,CAAC,EAAC;AAAH,GAA//D;AAAugEiB,EAAAA,CAAC,EAAC;AAAC,SAAI;AAAL,GAAzgE;AAAuhEC,EAAAA,CAAC,EAAC;AAAC,YAAO;AAAR;AAAzhE,CAAf",