{"ast":null,"code":"module.exports = {\n  C: {\n    \"2\": 0,\n    \"3\": 0,\n    \"4\": 0,\n    \"5\": 0,\n    \"6\": 0,\n    \"7\": 0,\n    \"8\": 0,\n    \"9\": 0,\n    \"10\": 0,\n    \"11\": 0,\n    \"12\": 0,\n    \"13\": 0,\n    \"14\": 0,\n    \"15\": 0,\n    \"16\": 0,\n    \"17\": 0,\n    \"18\": 0,\n    \"19\": 0,\n    \"20\": 0,\n    \"21\": 0,\n    \"22\": 0,\n    \"23\": 0,\n    \"24\": 0,\n    \"25\": 0,\n    \"26\": 0,\n    \"27\": 0,\n    \"28\": 0,\n    \"29\": 0,\n    \"30\": 0.00446,\n    \"31\": 0,\n    \"32\": 0,\n    \"33\": 0,\n    \"34\": 0.00223,\n    \"35\": 0,\n    \"36\": 0,\n    \"37\": 0,\n    \"38\": 0.00223,\n    \"39\": 0.00223,\n    \"40\": 0,\n    \"41\": 0.00223,\n    \"42\": 0.00223,\n    \"43\": 0.00223,\n    \"44\": 0,\n    \"45\": 0.00223,\n    \"46\": 0.00223,\n    \"47\": 0.00446,\n    \"48\": 0.00223,\n    \"49\": 0.00223,\n    \"50\": 0,\n    \"51\": 0.00223,\n    \"52\": 0.00892,\n    \"53\": 0,\n    \"54\": 0,\n    \"55\": 0.00223,\n    \"56\": 0.00223,\n    \"57\": 0.00223,\n    \"58\": 0,\n    \"59\": 0,\n    \"60\": 0.00223,\n    \"61\": 0,\n    \"62\": 0,\n    \"63\": 0.00223,\n    \"64\": 0,\n    \"65\": 0,\n    \"66\": 0,\n    \"67\": 0.00223,\n    \"68\": 0.01785,\n    \"69\": 0.00223,\n    \"70\": 0.00223,\n    \"71\": 0,\n    \"72\": 0.00669,\n    \"73\": 0.00892,\n    \"74\": 0,\n    \"75\": 0.00223,\n    \"76\": 0.00223,\n    \"77\": 0.00223,\n    \"78\": 0.01562,\n    \"79\": 0.00669,\n    \"80\": 0.00669,\n    \"81\": 0.01339,\n    \"82\": 0.02008,\n    \"83\": 0.2521,\n    \"84\": 0.16286,\n    \"85\": 0.01562,\n    \"86\": 0,\n    \"3.5\": 0,\n    \"3.6\": 0\n  },\n  D: {\n    \"4\": 0,\n    \"5\": 0,\n    \"6\": 0,\n    \"7\": 0,\n    \"8\": 0,\n    \"9\": 0,\n    \"10\": 0,\n    \"11\": 0,\n    \"12\": 0,\n    \"13\": 0,\n    \"14\": 0,\n    \"15\": 0,\n    \"16\": 0,\n    \"17\": 0,\n    \"18\": 0,\n    \"19\": 0,\n    \"20\": 0,\n    \"21\": 0,\n    \"22\": 0,\n    \"23\": 0,\n    \"24\": 0,\n    \"25\": 0,\n    \"26\": 0,\n    \"27\": 0,\n    \"28\": 0,\n    \"29\": 0,\n    \"30\": 0,\n    \"31\": 0,\n    \"32\": 0,\n    \"33\": 0,\n    \"34\": 0,\n    \"35\": 0,\n    \"36\": 0,\n    \"37\": 0,\n    \"38\": 0,\n    \"39\": 0,\n    \"40\": 0.00446,\n    \"41\": 0,\n    \"42\": 0,\n    \"43\": 0.00223,\n    \"44\": 0,\n    \"45\": 0.00223,\n    \"46\": 0.00223,\n    \"47\": 0.00223,\n    \"48\": 0,\n    \"49\": 0.00669,\n    \"50\": 0.00446,\n    \"51\": 0.00223,\n    \"52\": 0,\n    \"53\": 0,\n    \"54\": 0,\n    \"55\": 0.00223,\n    \"56\": 0.00223,\n    \"57\": 0.00223,\n    \"58\": 0.00223,\n    \"59\": 0.00223,\n    \"60\": 0.00223,\n    \"61\": 0.00223,\n    \"62\": 0,\n    \"63\": 0.00669,\n    \"64\": 0.00446,\n    \"65\": 0.00669,\n    \"66\": 0.00223,\n    \"67\": 0.00223,\n    \"68\": 0.00446,\n    \"69\": 0.00669,\n    \"70\": 0.00892,\n    \"71\": 0.01116,\n    \"72\": 0.00446,\n    \"73\": 0.00223,\n    \"74\": 0.00669,\n    \"75\": 0.00446,\n    \"76\": 0.00446,\n    \"77\": 0.01116,\n    \"78\": 0.00892,\n    \"79\": 0.02231,\n    \"80\": 0.03347,\n    \"81\": 0.02231,\n    \"83\": 0.02677,\n    \"84\": 0.04908,\n    \"85\": 0.05578,\n    \"86\": 0.45512,\n    \"87\": 1.86289,\n    \"88\": 0.01116,\n    \"89\": 0.00446,\n    \"90\": 0\n  },\n  F: {\n    \"9\": 0,\n    \"11\": 0,\n    \"12\": 0,\n    \"15\": 0.00223,\n    \"16\": 0.00223,\n    \"17\": 0,\n    \"18\": 0,\n    \"19\": 0,\n    \"20\": 0.00223,\n    \"21\": 0,\n    \"22\": 0,\n    \"23\": 0.00446,\n    \"24\": 0.04239,\n    \"25\": 0.00223,\n    \"26\": 0.0357,\n    \"27\": 0.06693,\n    \"28\": 0.029,\n    \"29\": 0.00446,\n    \"30\": 0.0357,\n    \"31\": 0.01562,\n    \"32\": 0.029,\n    \"33\": 0.01562,\n    \"34\": 0,\n    \"35\": 0.00446,\n    \"36\": 0.00223,\n    \"37\": 0.00223,\n    \"38\": 0.03123,\n    \"39\": 0,\n    \"40\": 0,\n    \"41\": 0.00223,\n    \"42\": 0.06024,\n    \"43\": 0.00223,\n    \"44\": 0.00223,\n    \"45\": 0.02454,\n    \"46\": 0.10263,\n    \"47\": 0.07362,\n    \"48\": 0,\n    \"49\": 0,\n    \"50\": 0.3235,\n    \"51\": 0.55775,\n    \"52\": 0,\n    \"53\": 0.00223,\n    \"54\": 0.00223,\n    \"55\": 0,\n    \"56\": 0.00223,\n    \"57\": 0,\n    \"58\": 0.00223,\n    \"60\": 0.01339,\n    \"62\": 0,\n    \"63\": 0.00223,\n    \"64\": 0.00223,\n    \"65\": 0,\n    \"66\": 0,\n    \"67\": 0,\n    \"68\": 0.00223,\n    \"69\": 0,\n    \"70\": 0.00223,\n    \"71\": 0.01116,\n    \"72\": 0.21641,\n    \"9.5-9.6\": 0,\n    \"10.0-10.1\": 0,\n    \"10.5\": 0,\n    \"10.6\": 0,\n    \"11.1\": 0,\n    \"11.5\": 0,\n    \"11.6\": 0,\n    \"12.1\": 0.01116\n  },\n  E: {\n    \"4\": 0,\n    \"5\": 0,\n    \"6\": 0,\n    \"7\": 0,\n    \"8\": 0,\n    \"9\": 0,\n    \"10\": 0,\n    \"11\": 0,\n    \"12\": 0.00223,\n    \"13\": 0.00669,\n    \"14\": 0.0647,\n    _: \"0\",\n    \"3.1\": 0,\n    \"3.2\": 0,\n    \"5.1\": 0.01339,\n    \"6.1\": 0,\n    \"7.1\": 0,\n    \"9.1\": 0,\n    \"10.1\": 0.00223,\n    \"11.1\": 0.00446,\n    \"12.1\": 0.00446,\n    \"13.1\": 0.02231\n  },\n  G: {\n    \"8\": 0.04568,\n    \"3.2\": 0,\n    \"4.0-4.1\": 0,\n    \"4.2-4.3\": 0.00109,\n    \"5.0-5.1\": 0.00544,\n    \"6.0-6.1\": 0.00653,\n    \"7.0-7.1\": 0.02719,\n    \"8.1-8.4\": 0.00218,\n    \"9.0-9.2\": 0.02937,\n    \"9.3\": 0.08049,\n    \"10.0-10.2\": 0.02719,\n    \"10.3\": 0.22298,\n    \"11.0-11.2\": 1.42923,\n    \"11.3-11.4\": 0.15336,\n    \"12.0-12.1\": 0.15989,\n    \"12.2-12.4\": 1.75336,\n    \"13.0-13.1\": 0.2034,\n    \"13.2\": 0.08702,\n    \"13.3\": 0.48076,\n    \"13.4-13.7\": 1.50754,\n    \"14.0-14.3\": 4.60637\n  },\n  B: {\n    \"12\": 0.00669,\n    \"13\": 0.00446,\n    \"14\": 0.00446,\n    \"15\": 0.00892,\n    \"16\": 0.00446,\n    \"17\": 0.00669,\n    \"18\": 0.029,\n    \"79\": 0,\n    \"80\": 0,\n    \"81\": 0.00223,\n    \"83\": 0.00223,\n    \"84\": 0.00446,\n    \"85\": 0.00892,\n    \"86\": 0.01785,\n    \"87\": 0.2521\n  },\n  I: {\n    \"3\": 0,\n    \"4\": 0.00223,\n    \"81\": 0,\n    \"2.1\": 0,\n    \"2.2\": 0,\n    \"2.3\": 0,\n    \"4.1\": 0.00594,\n    \"4.2-4.3\": 0.01857,\n    \"4.4\": 0,\n    \"4.4.3-4.4.4\": 0.15673\n  },\n  P: {\n    \"4\": 0.32737,\n    \"5.0-5.4\": 0.03069,\n    \"6.2-6.4\": 0.02046,\n    \"7.2-7.4\": 0.14323,\n    \"8.2\": 0.01023,\n    \"9.2\": 0.09207,\n    \"10.1\": 0.04092,\n    \"11.1-11.2\": 0.20461,\n    \"12.0\": 0.43991,\n    \"13.0\": 0.75705\n  },\n  K: {\n    _: \"0 10 11 12 11.1 11.5 12.1\"\n  },\n  A: {\n    \"6\": 0,\n    \"7\": 0,\n    \"8\": 0.00803,\n    \"9\": 0.00268,\n    \"10\": 0.00268,\n    \"11\": 0.02677,\n    \"5.5\": 0\n  },\n  N: {\n    \"10\": 0.01295,\n    \"11\": 0.0259\n  },\n  J: {\n    \"7\": 0,\n    \"10\": 0.03885\n  },\n  O: {\n    \"0\": 3.09983\n  },\n  H: {\n    \"0\": 18.66011\n  },\n  L: {\n    \"0\": 53.75076\n  },\n  S: {\n    \"2.5\": 0.00777\n  },\n  R: {\n    _: \"0\"\n  },\n  M: {\n    \"0\": 0.29522\n  },\n  Q: {\n    \"10.4\": 0.02331\n  }\n};","map":{"version":3,"sources":["/Users/bruceseymour/ra-video/client/node_modules/caniuse-lite/data/regions/GH.js"],"names":["module","exports","C","D","F","E","_","G","B","I","P","K","A","N","J","O","H","L","S","R","M","Q"],