{"ast":null,"code":"module.exports = {\n  C: {\n    \"2\": 0,\n    \"3\": 0,\n    \"4\": 0,\n    \"5\": 0,\n    \"6\": 0,\n    \"7\": 0,\n    \"8\": 0,\n    \"9\": 0,\n    \"10\": 0,\n    \"11\": 0,\n    \"12\": 0,\n    \"13\": 0,\n    \"14\": 0,\n    \"15\": 0,\n    \"16\": 0,\n    \"17\": 0,\n    \"18\": 0,\n    \"19\": 0,\n    \"20\": 0,\n    \"21\": 0,\n    \"22\": 0,\n    \"23\": 0,\n    \"24\": 0,\n    \"25\": 0,\n    \"26\": 0,\n    \"27\": 0,\n    \"28\": 0,\n    \"29\": 0,\n    \"30\": 0.01958,\n    \"31\": 0,\n    \"32\": 0,\n    \"33\": 0,\n    \"34\": 0,\n    \"35\": 0,\n    \"36\": 0,\n    \"37\": 0,\n    \"38\": 0,\n    \"39\": 0,\n    \"40\": 0,\n    \"41\": 0,\n    \"42\": 0,\n    \"43\": 0,\n    \"44\": 0,\n    \"45\": 0,\n    \"46\": 0,\n    \"47\": 0,\n    \"48\": 0.00392,\n    \"49\": 0,\n    \"50\": 0,\n    \"51\": 0,\n    \"52\": 0.00783,\n    \"53\": 0,\n    \"54\": 0,\n    \"55\": 0,\n    \"56\": 0.00392,\n    \"57\": 0,\n    \"58\": 0,\n    \"59\": 0,\n    \"60\": 0,\n    \"61\": 0,\n    \"62\": 0,\n    \"63\": 0.00783,\n    \"64\": 0.00392,\n    \"65\": 0.00392,\n    \"66\": 0.00392,\n    \"67\": 0,\n    \"68\": 0.01566,\n    \"69\": 0,\n    \"70\": 0,\n    \"71\": 0,\n    \"72\": 0.00392,\n    \"73\": 0,\n    \"74\": 0.00392,\n    \"75\": 0,\n    \"76\": 0,\n    \"77\": 0.00392,\n    \"78\": 0.03133,\n    \"79\": 0.00392,\n    \"80\": 0.00783,\n    \"81\": 0.01175,\n    \"82\": 0.0235,\n    \"83\": 0.47384,\n    \"84\": 0.34069,\n    \"85\": 0.00392,\n    \"86\": 0,\n    \"3.5\": 0,\n    \"3.6\": 0\n  },\n  D: {\n    \"4\": 0,\n    \"5\": 0,\n    \"6\": 0,\n    \"7\": 0,\n    \"8\": 0,\n    \"9\": 0,\n    \"10\": 0,\n    \"11\": 0,\n    \"12\": 0,\n    \"13\": 0,\n    \"14\": 0,\n    \"15\": 0,\n    \"16\": 0,\n    \"17\": 0,\n    \"18\": 0,\n    \"19\": 0,\n    \"20\": 0,\n    \"21\": 0,\n    \"22\": 0.00392,\n    \"23\": 0,\n    \"24\": 0,\n    \"25\": 0,\n    \"26\": 0.00392,\n    \"27\": 0,\n    \"28\": 0,\n    \"29\": 0,\n    \"30\": 0,\n    \"31\": 0,\n    \"32\": 0,\n    \"33\": 0,\n    \"34\": 0.03916,\n    \"35\": 0,\n    \"36\": 0,\n    \"37\": 0,\n    \"38\": 0.08224,\n    \"39\": 0,\n    \"40\": 0.00392,\n    \"41\": 0.00392,\n    \"42\": 0,\n    \"43\": 0,\n    \"44\": 0,\n    \"45\": 0,\n    \"46\": 0,\n    \"47\": 0.01175,\n    \"48\": 0.00392,\n    \"49\": 0.19972,\n    \"50\": 0,\n    \"51\": 0,\n    \"52\": 0,\n    \"53\": 0.09007,\n    \"54\": 0.00392,\n    \"55\": 0.00392,\n    \"56\": 0.00392,\n    \"57\": 0.00392,\n    \"58\": 0.00392,\n    \"59\": 0,\n    \"60\": 0,\n    \"61\": 0.00783,\n    \"62\": 0.00783,\n    \"63\": 0.00392,\n    \"64\": 0.00783,\n    \"65\": 0.01175,\n    \"66\": 0.00392,\n    \"67\": 0.01566,\n    \"68\": 0.01958,\n    \"69\": 0.00783,\n    \"70\": 0.01958,\n    \"71\": 0.0235,\n    \"72\": 0.01958,\n    \"73\": 0.01958,\n    \"74\": 0.01175,\n    \"75\": 0.01566,\n    \"76\": 0.01175,\n    \"77\": 0.00783,\n    \"78\": 0.01175,\n    \"79\": 0.02741,\n    \"80\": 0.05874,\n    \"81\": 0.05482,\n    \"83\": 0.05482,\n    \"84\": 0.0744,\n    \"85\": 0.11748,\n    \"86\": 1.64864,\n    \"87\": 7.50697,\n    \"88\": 0.01175,\n    \"89\": 0.00392,\n    \"90\": 0\n  },\n  F: {\n    \"9\": 0,\n    \"11\": 0,\n    \"12\": 0,\n    \"15\": 0,\n    \"16\": 0,\n    \"17\": 0,\n    \"18\": 0,\n    \"19\": 0,\n    \"20\": 0,\n    \"21\": 0,\n    \"22\": 0,\n    \"23\": 0,\n    \"24\": 0,\n    \"25\": 0,\n    \"26\": 0,\n    \"27\": 0,\n    \"28\": 0,\n    \"29\": 0,\n    \"30\": 0,\n    \"31\": 0,\n    \"32\": 0,\n    \"33\": 0,\n    \"34\": 0,\n    \"35\": 0,\n    \"36\": 0.00783,\n    \"37\": 0.0235,\n    \"38\": 0,\n    \"39\": 0,\n    \"40\": 0.00392,\n    \"41\": 0,\n    \"42\": 0,\n    \"43\": 0,\n    \"44\": 0,\n    \"45\": 0,\n    \"46\": 0.00783,\n    \"47\": 0,\n    \"48\": 0,\n    \"49\": 0,\n    \"50\": 0.00392,\n    \"51\": 0.00783,\n    \"52\": 0,\n    \"53\": 0,\n    \"54\": 0.00392,\n    \"55\": 0,\n    \"56\": 0,\n    \"57\": 0,\n    \"58\": 0,\n    \"60\": 0,\n    \"62\": 0,\n    \"63\": 0,\n    \"64\": 0,\n    \"65\": 0,\n    \"66\": 0,\n    \"67\": 0,\n    \"68\": 0,\n    \"69\": 0,\n    \"70\": 0,\n    \"71\": 0.01175,\n    \"72\": 0.09398,\n    \"9.5-9.6\": 0,\n    \"10.0-10.1\": 0,\n    \"10.5\": 0,\n    \"10.6\": 0,\n    \"11.1\": 0,\n    \"11.5\": 0,\n    \"11.6\": 0,\n    \"12.1\": 0\n  },\n  E: {\n    \"4\": 0,\n    \"5\": 0,\n    \"6\": 0,\n    \"7\": 0,\n    \"8\": 0.00392,\n    \"9\": 0,\n    \"10\": 0,\n    \"11\": 0.00783,\n    \"12\": 0.00783,\n    \"13\": 0.06657,\n    \"14\": 1.23354,\n    _: \"0\",\n    \"3.1\": 0,\n    \"3.2\": 0,\n    \"5.1\": 0.00392,\n    \"6.1\": 0,\n    \"7.1\": 0,\n    \"9.1\": 0.00392,\n    \"10.1\": 0.01566,\n    \"11.1\": 0.0235,\n    \"12.1\": 0.03524,\n    \"13.1\": 0.38377\n  },\n  G: {\n    \"8\": 0,\n    \"3.2\": 0,\n    \"4.0-4.1\": 0,\n    \"4.2-4.3\": 0,\n    \"5.0-5.1\": 0.01402,\n    \"6.0-6.1\": 0.02243,\n    \"7.0-7.1\": 0.05328,\n    \"8.1-8.4\": 0.06169,\n    \"9.0-9.2\": 0.03926,\n    \"9.3\": 0.3898,\n    \"10.0-10.2\": 0.07572,\n    \"10.3\": 0.25799,\n    \"11.0-11.2\": 0.14863,\n    \"11.3-11.4\": 0.18228,\n    \"12.0-12.1\": 0.22715,\n    \"12.2-12.4\": 1.64892,\n    \"13.0-13.1\": 0.16265,\n    \"13.2\": 0.08132,\n    \"13.3\": 0.56927,\n    \"13.4-13.7\": 3.08191,\n    \"14.0-14.3\": 20.98445\n  },\n  B: {\n    \"12\": 0,\n    \"13\": 0,\n    \"14\": 0,\n    \"15\": 0,\n    \"16\": 0.00392,\n    \"17\": 0.01175,\n    \"18\": 0.03916,\n    \"79\": 0,\n    \"80\": 0,\n    \"81\": 0,\n    \"83\": 0,\n    \"84\": 0.00392,\n    \"85\": 0.00392,\n    \"86\": 0.01566,\n    \"87\": 0.89676\n  },\n  I: {\n    \"3\": 0,\n    \"4\": 0,\n    \"81\": 0,\n    \"2.1\": 0,\n    \"2.2\": 0,\n    \"2.3\": 0,\n    \"4.1\": 0.02186,\n    \"4.2-4.3\": 0.0583,\n    \"4.4\": 0,\n    \"4.4.3-4.4.4\": 0.37893\n  },\n  P: {\n    \"4\": 0.50747,\n    \"5.0-5.4\": 0,\n    \"6.2-6.4\": 0.02114,\n    \"7.2-7.4\": 0.01057,\n    \"8.2\": 0,\n    \"9.2\": 0.03172,\n    \"10.1\": 0.02114,\n    \"11.1-11.2\": 0.07401,\n    \"12.0\": 0.31717,\n    \"13.0\": 4.17602\n  },\n  K: {\n    _: \"0 10 11 12 11.1 11.5 12.1\"\n  },\n  A: {\n    \"6\": 0,\n    \"7\": 0,\n    \"8\": 0.02145,\n    \"9\": 0.01609,\n    \"10\": 0.00536,\n    \"11\": 0.30563,\n    \"5.5\": 0\n  },\n  N: {\n    \"10\": 0,\n    \"11\": 0\n  },\n  J: {\n    \"7\": 0,\n    \"10\": 0\n  },\n  O: {\n    \"0\": 0.86393\n  },\n  H: {\n    \"0\": 0.81215\n  },\n  L: {\n    \"0\": 38.09318\n  },\n  S: {\n    \"2.5\": 0\n  },\n  R: {\n    _: \"0\"\n  },\n  M: {\n    \"0\": 0.49889\n  },\n  Q: {\n    \"10.4\": 0.07301\n  }\n};","map":{"version":3,"sources":["/Users/bruceseymour/ra-video/client/node_modules/caniuse-lite/data/regions/SG.js"],"names":["module","exports","C","D","F","E","_","G","B","I","P","K","A","N","J","O","H","L","S","R","M","Q"],