{"ast":null,"code":"module.exports = {\n  C: {\n    \"2\": 0,\n    \"3\": 0,\n    \"4\": 0,\n    \"5\": 0,\n    \"6\": 0,\n    \"7\": 0,\n    \"8\": 0,\n    \"9\": 0,\n    \"10\": 0,\n    \"11\": 0,\n    \"12\": 0,\n    \"13\": 0,\n    \"14\": 0,\n    \"15\": 0,\n    \"16\": 0,\n    \"17\": 0,\n    \"18\": 0,\n    \"19\": 0,\n    \"20\": 0,\n    \"21\": 0,\n    \"22\": 0,\n    \"23\": 0,\n    \"24\": 0,\n    \"25\": 0,\n    \"26\": 0,\n    \"27\": 0,\n    \"28\": 0,\n    \"29\": 0,\n    \"30\": 0,\n    \"31\": 0,\n    \"32\": 0,\n    \"33\": 0,\n    \"34\": 0,\n    \"35\": 0,\n    \"36\": 0,\n    \"37\": 0,\n    \"38\": 0,\n    \"39\": 0,\n    \"40\": 0,\n    \"41\": 0,\n    \"42\": 0,\n    \"43\": 0,\n    \"44\": 0,\n    \"45\": 0,\n    \"46\": 0,\n    \"47\": 0,\n    \"48\": 0,\n    \"49\": 0,\n    \"50\": 0,\n    \"51\": 0,\n    \"52\": 0.04031,\n    \"53\": 0.00403,\n    \"54\": 0,\n    \"55\": 0,\n    \"56\": 0,\n    \"57\": 0,\n    \"58\": 0.00403,\n    \"59\": 0.00403,\n    \"60\": 0.00403,\n    \"61\": 0,\n    \"62\": 0,\n    \"63\": 0,\n    \"64\": 0,\n    \"65\": 0.00403,\n    \"66\": 0.01612,\n    \"67\": 0.00403,\n    \"68\": 0.00806,\n    \"69\": 0,\n    \"70\": 0.00403,\n    \"71\": 0,\n    \"72\": 0.00403,\n    \"73\": 0.00403,\n    \"74\": 0,\n    \"75\": 0.00403,\n    \"76\": 0,\n    \"77\": 0.00403,\n    \"78\": 0.02016,\n    \"79\": 0.00806,\n    \"80\": 0.00806,\n    \"81\": 0.01209,\n    \"82\": 0.01612,\n    \"83\": 0.43938,\n    \"84\": 0.2862,\n    \"85\": 0.00403,\n    \"86\": 0,\n    \"3.5\": 0,\n    \"3.6\": 0\n  },\n  D: {\n    \"4\": 0,\n    \"5\": 0,\n    \"6\": 0,\n    \"7\": 0,\n    \"8\": 0,\n    \"9\": 0,\n    \"10\": 0,\n    \"11\": 0,\n    \"12\": 0,\n    \"13\": 0,\n    \"14\": 0,\n    \"15\": 0,\n    \"16\": 0,\n    \"17\": 0,\n    \"18\": 0,\n    \"19\": 0,\n    \"20\": 0,\n    \"21\": 0,\n    \"22\": 0.00403,\n    \"23\": 0,\n    \"24\": 0,\n    \"25\": 0,\n    \"26\": 0,\n    \"27\": 0,\n    \"28\": 0,\n    \"29\": 0,\n    \"30\": 0,\n    \"31\": 0,\n    \"32\": 0.00403,\n    \"33\": 0,\n    \"34\": 0.00403,\n    \"35\": 0,\n    \"36\": 0,\n    \"37\": 0,\n    \"38\": 0.01209,\n    \"39\": 0,\n    \"40\": 0.00403,\n    \"41\": 0,\n    \"42\": 0,\n    \"43\": 0,\n    \"44\": 0.00403,\n    \"45\": 0,\n    \"46\": 0,\n    \"47\": 0.00403,\n    \"48\": 0,\n    \"49\": 0.18543,\n    \"50\": 0,\n    \"51\": 0,\n    \"52\": 0,\n    \"53\": 0.00403,\n    \"54\": 0,\n    \"55\": 0,\n    \"56\": 0.00403,\n    \"57\": 0,\n    \"58\": 0.00806,\n    \"59\": 0.00403,\n    \"60\": 0,\n    \"61\": 0.01209,\n    \"62\": 0.00403,\n    \"63\": 0.00806,\n    \"64\": 0,\n    \"65\": 0.00403,\n    \"66\": 0.02016,\n    \"67\": 0.00403,\n    \"68\": 0.00403,\n    \"69\": 0.00403,\n    \"70\": 0.01209,\n    \"71\": 0.01612,\n    \"72\": 0.01209,\n    \"73\": 0.00806,\n    \"74\": 0.00806,\n    \"75\": 0.00806,\n    \"76\": 0.00806,\n    \"77\": 0.01209,\n    \"78\": 0.01612,\n    \"79\": 0.03225,\n    \"80\": 0.04837,\n    \"81\": 0.03628,\n    \"83\": 0.02822,\n    \"84\": 0.06047,\n    \"85\": 0.08062,\n    \"86\": 1.91069,\n    \"87\": 10.24277,\n    \"88\": 0.00806,\n    \"89\": 0.00806,\n    \"90\": 0\n  },\n  F: {\n    \"9\": 0,\n    \"11\": 0,\n    \"12\": 0,\n    \"15\": 0,\n    \"16\": 0,\n    \"17\": 0,\n    \"18\": 0,\n    \"19\": 0,\n    \"20\": 0,\n    \"21\": 0,\n    \"22\": 0,\n    \"23\": 0,\n    \"24\": 0,\n    \"25\": 0,\n    \"26\": 0,\n    \"27\": 0,\n    \"28\": 0,\n    \"29\": 0,\n    \"30\": 0,\n    \"31\": 0,\n    \"32\": 0,\n    \"33\": 0,\n    \"34\": 0,\n    \"35\": 0,\n    \"36\": 0.00806,\n    \"37\": 0,\n    \"38\": 0,\n    \"39\": 0,\n    \"40\": 0,\n    \"41\": 0,\n    \"42\": 0,\n    \"43\": 0,\n    \"44\": 0,\n    \"45\": 0,\n    \"46\": 0,\n    \"47\": 0,\n    \"48\": 0,\n    \"49\": 0,\n    \"50\": 0,\n    \"51\": 0,\n    \"52\": 0,\n    \"53\": 0,\n    \"54\": 0,\n    \"55\": 0,\n    \"56\": 0,\n    \"57\": 0,\n    \"58\": 0,\n    \"60\": 0,\n    \"62\": 0,\n    \"63\": 0,\n    \"64\": 0,\n    \"65\": 0,\n    \"66\": 0,\n    \"67\": 0,\n    \"68\": 0,\n    \"69\": 0,\n    \"70\": 0,\n    \"71\": 0.14512,\n    \"72\": 0.26605,\n    \"9.5-9.6\": 0,\n    \"10.0-10.1\": 0,\n    \"10.5\": 0,\n    \"10.6\": 0,\n    \"11.1\": 0,\n    \"11.5\": 0,\n    \"11.6\": 0,\n    \"12.1\": 0\n  },\n  E: {\n    \"4\": 0,\n    \"5\": 0,\n    \"6\": 0,\n    \"7\": 0,\n    \"8\": 0,\n    \"9\": 0,\n    \"10\": 0,\n    \"11\": 0,\n    \"12\": 0,\n    \"13\": 0.01209,\n    \"14\": 0.17333,\n    _: \"0\",\n    \"3.1\": 0,\n    \"3.2\": 0,\n    \"5.1\": 0.43132,\n    \"6.1\": 0,\n    \"7.1\": 0,\n    \"9.1\": 0,\n    \"10.1\": 0.00403,\n    \"11.1\": 0.01209,\n    \"12.1\": 0.00806,\n    \"13.1\": 0.05643\n  },\n  G: {\n    \"8\": 0,\n    \"3.2\": 0.00177,\n    \"4.0-4.1\": 0,\n    \"4.2-4.3\": 0,\n    \"5.0-5.1\": 0.03067,\n    \"6.0-6.1\": 0.00177,\n    \"7.0-7.1\": 0.01062,\n    \"8.1-8.4\": 0.0059,\n    \"9.0-9.2\": 0.01239,\n    \"9.3\": 0.0867,\n    \"10.0-10.2\": 0.01003,\n    \"10.3\": 0.05839,\n    \"11.0-11.2\": 0.02005,\n    \"11.3-11.4\": 0.07727,\n    \"12.0-12.1\": 0.03126,\n    \"12.2-12.4\": 0.48601,\n    \"13.0-13.1\": 0.0289,\n    \"13.2\": 0.01239,\n    \"13.3\": 0.1103,\n    \"13.4-13.7\": 0.62521,\n    \"14.0-14.3\": 4.27558\n  },\n  B: {\n    \"12\": 0,\n    \"13\": 0.00403,\n    \"14\": 0.00403,\n    \"15\": 0.01612,\n    \"16\": 0.00403,\n    \"17\": 0.00806,\n    \"18\": 0.02822,\n    \"79\": 0,\n    \"80\": 0,\n    \"81\": 0,\n    \"83\": 0,\n    \"84\": 0.00403,\n    \"85\": 0.00403,\n    \"86\": 0.01612,\n    \"87\": 0.59256\n  },\n  I: {\n    \"3\": 0,\n    \"4\": 0.001,\n    \"81\": 0,\n    \"2.1\": 0,\n    \"2.2\": 0,\n    \"2.3\": 0,\n    \"4.1\": 0.00749,\n    \"4.2-4.3\": 0.01049,\n    \"4.4\": 0,\n    \"4.4.3-4.4.4\": 0.09537\n  },\n  P: {\n    \"4\": 0.24407,\n    \"5.0-5.4\": 0.01017,\n    \"6.2-6.4\": 0.01017,\n    \"7.2-7.4\": 0.12203,\n    \"8.2\": 0.02034,\n    \"9.2\": 0.08136,\n    \"10.1\": 0.06102,\n    \"11.1-11.2\": 0.17288,\n    \"12.0\": 0.39661,\n    \"13.0\": 2.17625\n  },\n  K: {\n    _: \"0 10 11 12 11.1 11.5 12.1\"\n  },\n  A: {\n    \"6\": 0,\n    \"7\": 0,\n    \"8\": 0.0124,\n    \"9\": 0.00413,\n    \"10\": 0.00413,\n    \"11\": 0.14057,\n    \"5.5\": 0\n  },\n  N: {\n    \"10\": 0,\n    \"11\": 0\n  },\n  J: {\n    \"7\": 0,\n    \"10\": 0\n  },\n  O: {\n    \"0\": 0.05372\n  },\n  H: {\n    \"0\": 0.22039\n  },\n  L: {\n    \"0\": 72.75251\n  },\n  S: {\n    \"2.5\": 0\n  },\n  R: {\n    _: \"0\"\n  },\n  M: {\n    \"0\": 0.13729\n  },\n  Q: {\n    \"10.4\": 0.00597\n  }\n};","map":{"version":3,"sources":["/Users/bruceseymour/ra-video/client/node_modules/caniuse-lite/data/regions/AR.js"],"names":["module","exports","C","D","F","E","_","G","B","I","P","K","A","N","J","O","H","L","S","R","M","Q"],