{"ast":null,"code":"module.exports = {\n  C: {\n    \"2\": 0,\n    \"3\": 0,\n    \"4\": 0,\n    \"5\": 0,\n    \"6\": 0,\n    \"7\": 0,\n    \"8\": 0,\n    \"9\": 0,\n    \"10\": 0,\n    \"11\": 0,\n    \"12\": 0,\n    \"13\": 0,\n    \"14\": 0,\n    \"15\": 0.00241,\n    \"16\": 0,\n    \"17\": 0.00241,\n    \"18\": 0,\n    \"19\": 0,\n    \"20\": 0,\n    \"21\": 0,\n    \"22\": 0,\n    \"23\": 0,\n    \"24\": 0,\n    \"25\": 0,\n    \"26\": 0,\n    \"27\": 0,\n    \"28\": 0,\n    \"29\": 0.00482,\n    \"30\": 0,\n    \"31\": 0,\n    \"32\": 0,\n    \"33\": 0,\n    \"34\": 0,\n    \"35\": 0,\n    \"36\": 0,\n    \"37\": 0,\n    \"38\": 0.02409,\n    \"39\": 0,\n    \"40\": 0.00241,\n    \"41\": 0.00241,\n    \"42\": 0,\n    \"43\": 0.00241,\n    \"44\": 0.00241,\n    \"45\": 0.00241,\n    \"46\": 0,\n    \"47\": 0.00241,\n    \"48\": 0.00241,\n    \"49\": 0,\n    \"50\": 0.00241,\n    \"51\": 0,\n    \"52\": 0.00241,\n    \"53\": 0,\n    \"54\": 0,\n    \"55\": 0,\n    \"56\": 0.00482,\n    \"57\": 0.00241,\n    \"58\": 0.00482,\n    \"59\": 0,\n    \"60\": 0.00241,\n    \"61\": 0,\n    \"62\": 0,\n    \"63\": 0,\n    \"64\": 0,\n    \"65\": 0,\n    \"66\": 0.00241,\n    \"67\": 0,\n    \"68\": 0.00964,\n    \"69\": 0.00241,\n    \"70\": 0.00241,\n    \"71\": 0,\n    \"72\": 0.00964,\n    \"73\": 0.00241,\n    \"74\": 0,\n    \"75\": 0,\n    \"76\": 0,\n    \"77\": 0.00241,\n    \"78\": 0.00723,\n    \"79\": 0.00241,\n    \"80\": 0.00482,\n    \"81\": 0.00723,\n    \"82\": 0.01205,\n    \"83\": 0.24813,\n    \"84\": 0.23367,\n    \"85\": 0.01205,\n    \"86\": 0,\n    \"3.5\": 0,\n    \"3.6\": 0\n  },\n  D: {\n    \"4\": 0,\n    \"5\": 0,\n    \"6\": 0,\n    \"7\": 0,\n    \"8\": 0,\n    \"9\": 0,\n    \"10\": 0,\n    \"11\": 0,\n    \"12\": 0,\n    \"13\": 0.05541,\n    \"14\": 0,\n    \"15\": 0,\n    \"16\": 0,\n    \"17\": 0,\n    \"18\": 0,\n    \"19\": 0,\n    \"20\": 0,\n    \"21\": 0,\n    \"22\": 0,\n    \"23\": 0,\n    \"24\": 0,\n    \"25\": 0,\n    \"26\": 0,\n    \"27\": 0,\n    \"28\": 0,\n    \"29\": 0,\n    \"30\": 0.00241,\n    \"31\": 0,\n    \"32\": 0,\n    \"33\": 0.00241,\n    \"34\": 0.00241,\n    \"35\": 0,\n    \"36\": 0,\n    \"37\": 0.00241,\n    \"38\": 0.00482,\n    \"39\": 0.00241,\n    \"40\": 0.00241,\n    \"41\": 0,\n    \"42\": 0,\n    \"43\": 0.00964,\n    \"44\": 0.00241,\n    \"45\": 0,\n    \"46\": 0.00241,\n    \"47\": 0.00241,\n    \"48\": 0.00241,\n    \"49\": 0.01445,\n    \"50\": 0.00241,\n    \"51\": 0,\n    \"52\": 0.00241,\n    \"53\": 0,\n    \"54\": 0.00241,\n    \"55\": 0.00723,\n    \"56\": 0.00241,\n    \"57\": 0.00241,\n    \"58\": 0.00241,\n    \"59\": 0.00241,\n    \"60\": 0.00241,\n    \"61\": 0.00241,\n    \"62\": 0.00723,\n    \"63\": 0.00723,\n    \"64\": 0.00482,\n    \"65\": 0.00241,\n    \"66\": 0.00241,\n    \"67\": 0.00241,\n    \"68\": 0,\n    \"69\": 0.00482,\n    \"70\": 0.00482,\n    \"71\": 0.00723,\n    \"72\": 0.00964,\n    \"73\": 0.00241,\n    \"74\": 0.00723,\n    \"75\": 0.00241,\n    \"76\": 0.00241,\n    \"77\": 0.00482,\n    \"78\": 0.00482,\n    \"79\": 0.03132,\n    \"80\": 0.04818,\n    \"81\": 0.0265,\n    \"83\": 0.03132,\n    \"84\": 0.04336,\n    \"85\": 0.04336,\n    \"86\": 0.59502,\n    \"87\": 2.8643,\n    \"88\": 0.00482,\n    \"89\": 0.00241,\n    \"90\": 0\n  },\n  F: {\n    \"9\": 0,\n    \"11\": 0,\n    \"12\": 0,\n    \"15\": 0,\n    \"16\": 0,\n    \"17\": 0,\n    \"18\": 0,\n    \"19\": 0,\n    \"20\": 0,\n    \"21\": 0,\n    \"22\": 0,\n    \"23\": 0,\n    \"24\": 0,\n    \"25\": 0,\n    \"26\": 0,\n    \"27\": 0,\n    \"28\": 0,\n    \"29\": 0,\n    \"30\": 0,\n    \"31\": 0,\n    \"32\": 0,\n    \"33\": 0,\n    \"34\": 0,\n    \"35\": 0,\n    \"36\": 0,\n    \"37\": 0.00241,\n    \"38\": 0,\n    \"39\": 0,\n    \"40\": 0,\n    \"41\": 0,\n    \"42\": 0,\n    \"43\": 0,\n    \"44\": 0,\n    \"45\": 0,\n    \"46\": 0.00482,\n    \"47\": 0,\n    \"48\": 0,\n    \"49\": 0,\n    \"50\": 0.00241,\n    \"51\": 0.00482,\n    \"52\": 0,\n    \"53\": 0.00241,\n    \"54\": 0,\n    \"55\": 0,\n    \"56\": 0,\n    \"57\": 0,\n    \"58\": 0.00241,\n    \"60\": 0.00241,\n    \"62\": 0,\n    \"63\": 0,\n    \"64\": 0,\n    \"65\": 0,\n    \"66\": 0,\n    \"67\": 0,\n    \"68\": 0,\n    \"69\": 0,\n    \"70\": 0,\n    \"71\": 0.00241,\n    \"72\": 0.20477,\n    \"9.5-9.6\": 0,\n    \"10.0-10.1\": 0,\n    \"10.5\": 0,\n    \"10.6\": 0,\n    \"11.1\": 0,\n    \"11.5\": 0,\n    \"11.6\": 0,\n    \"12.1\": 0.00241\n  },\n  E: {\n    \"4\": 0,\n    \"5\": 0,\n    \"6\": 0,\n    \"7\": 0,\n    \"8\": 0,\n    \"9\": 0,\n    \"10\": 0.00241,\n    \"11\": 0,\n    \"12\": 0.00241,\n    \"13\": 0.00482,\n    \"14\": 0.03373,\n    _: \"0\",\n    \"3.1\": 0,\n    \"3.2\": 0,\n    \"5.1\": 0.01927,\n    \"6.1\": 0,\n    \"7.1\": 0,\n    \"9.1\": 0,\n    \"10.1\": 0,\n    \"11.1\": 0.00241,\n    \"12.1\": 0.00241,\n    \"13.1\": 0.02168\n  },\n  G: {\n    \"8\": 0,\n    \"3.2\": 0,\n    \"4.0-4.1\": 0,\n    \"4.2-4.3\": 0.00134,\n    \"5.0-5.1\": 0,\n    \"6.0-6.1\": 0,\n    \"7.0-7.1\": 0.02538,\n    \"8.1-8.4\": 0,\n    \"9.0-9.2\": 0.03606,\n    \"9.3\": 0.07946,\n    \"10.0-10.2\": 0.02003,\n    \"10.3\": 0.19032,\n    \"11.0-11.2\": 0.11419,\n    \"11.3-11.4\": 0.20234,\n    \"12.0-12.1\": 0.22437,\n    \"12.2-12.4\": 1.05375,\n    \"13.0-13.1\": 0.2237,\n    \"13.2\": 0.06277,\n    \"13.3\": 0.36861,\n    \"13.4-13.7\": 1.12386,\n    \"14.0-14.3\": 2.91015\n  },\n  B: {\n    \"12\": 0.00241,\n    \"13\": 0.00482,\n    \"14\": 0.00482,\n    \"15\": 0.00482,\n    \"16\": 0.01205,\n    \"17\": 0.00964,\n    \"18\": 0.05782,\n    \"79\": 0,\n    \"80\": 0,\n    \"81\": 0,\n    \"83\": 0,\n    \"84\": 0.00241,\n    \"85\": 0.00482,\n    \"86\": 0.01445,\n    \"87\": 0.23126\n  },\n  I: {\n    \"3\": 0,\n    \"4\": 0,\n    \"81\": 0,\n    \"2.1\": 0,\n    \"2.2\": 0,\n    \"2.3\": 0,\n    \"4.1\": 0.00492,\n    \"4.2-4.3\": 0.05689,\n    \"4.4\": 0,\n    \"4.4.3-4.4.4\": 0.2936\n  },\n  P: {\n    \"4\": 2.23253,\n    \"5.0-5.4\": 0.47479,\n    \"6.2-6.4\": 0.27275,\n    \"7.2-7.4\": 0.64652,\n    \"8.2\": 0.15153,\n    \"9.2\": 0.79805,\n    \"10.1\": 0.14143,\n    \"11.1-11.2\": 0.45459,\n    \"12.0\": 1.12132,\n    \"13.0\": 1.61631\n  },\n  K: {\n    _: \"0 10 11 12 11.1 11.5 12.1\"\n  },\n  A: {\n    \"6\": 0,\n    \"7\": 0,\n    \"8\": 0.00964,\n    \"9\": 0.00482,\n    \"10\": 0,\n    \"11\": 0.16622,\n    \"5.5\": 0\n  },\n  N: {\n    \"10\": 0,\n    \"11\": 0\n  },\n  J: {\n    \"7\": 0,\n    \"10\": 0\n  },\n  O: {\n    \"0\": 2.56576\n  },\n  H: {\n    \"0\": 1.25048\n  },\n  L: {\n    \"0\": 72.56576\n  },\n  S: {\n    \"2.5\": 0.00759\n  },\n  R: {\n    _: \"0\"\n  },\n  M: {\n    \"0\": 0.09868\n  },\n  Q: {\n    \"10.4\": 0.00759\n  }\n};","map":{"version":3,"sources":["/Users/bruceseymour/ra-video/client/node_modules/caniuse-lite/data/regions/AF.js"],"names":["module","exports","C","D","F","E","_","G","B","I","P","K","A","N","J","O","H","L","S","R","M","Q"],