{"ast":null,"code":"module.exports = {\n  C: {\n    \"2\": 0,\n    \"3\": 0,\n    \"4\": 0,\n    \"5\": 0,\n    \"6\": 0,\n    \"7\": 0,\n    \"8\": 0,\n    \"9\": 0,\n    \"10\": 0,\n    \"11\": 0,\n    \"12\": 0,\n    \"13\": 0,\n    \"14\": 0,\n    \"15\": 0,\n    \"16\": 0,\n    \"17\": 0,\n    \"18\": 0,\n    \"19\": 0,\n    \"20\": 0.00354,\n    \"21\": 0,\n    \"22\": 0,\n    \"23\": 0,\n    \"24\": 0,\n    \"25\": 0,\n    \"26\": 0,\n    \"27\": 0,\n    \"28\": 0,\n    \"29\": 0,\n    \"30\": 0.00354,\n    \"31\": 0,\n    \"32\": 0.00354,\n    \"33\": 0,\n    \"34\": 0,\n    \"35\": 0.04246,\n    \"36\": 0,\n    \"37\": 0,\n    \"38\": 0,\n    \"39\": 0,\n    \"40\": 0,\n    \"41\": 0,\n    \"42\": 0,\n    \"43\": 0,\n    \"44\": 0.00354,\n    \"45\": 0,\n    \"46\": 0,\n    \"47\": 0.00354,\n    \"48\": 0,\n    \"49\": 0,\n    \"50\": 0,\n    \"51\": 0,\n    \"52\": 0,\n    \"53\": 0,\n    \"54\": 0,\n    \"55\": 0,\n    \"56\": 0.00354,\n    \"57\": 0,\n    \"58\": 0.00354,\n    \"59\": 0.00354,\n    \"60\": 0,\n    \"61\": 0.00354,\n    \"62\": 0.00354,\n    \"63\": 0,\n    \"64\": 0.02123,\n    \"65\": 0.00354,\n    \"66\": 0.00354,\n    \"67\": 0.00354,\n    \"68\": 0.01061,\n    \"69\": 0.00708,\n    \"70\": 0.00354,\n    \"71\": 0,\n    \"72\": 0.00354,\n    \"73\": 0,\n    \"74\": 0,\n    \"75\": 0.00354,\n    \"76\": 0.00354,\n    \"77\": 0.01061,\n    \"78\": 0.01769,\n    \"79\": 0.01415,\n    \"80\": 0.00354,\n    \"81\": 0.01415,\n    \"82\": 0.04599,\n    \"83\": 0.27596,\n    \"84\": 0.27596,\n    \"85\": 0.00354,\n    \"86\": 0,\n    \"3.5\": 0,\n    \"3.6\": 0\n  },\n  D: {\n    \"4\": 0,\n    \"5\": 0,\n    \"6\": 0,\n    \"7\": 0,\n    \"8\": 0,\n    \"9\": 0,\n    \"10\": 0,\n    \"11\": 0.01061,\n    \"12\": 0,\n    \"13\": 0,\n    \"14\": 0,\n    \"15\": 0,\n    \"16\": 0,\n    \"17\": 0.00708,\n    \"18\": 0,\n    \"19\": 0,\n    \"20\": 0,\n    \"21\": 0,\n    \"22\": 0,\n    \"23\": 0,\n    \"24\": 0,\n    \"25\": 0,\n    \"26\": 0.00354,\n    \"27\": 0,\n    \"28\": 0,\n    \"29\": 0,\n    \"30\": 0,\n    \"31\": 0,\n    \"32\": 0,\n    \"33\": 0,\n    \"34\": 0,\n    \"35\": 0,\n    \"36\": 0,\n    \"37\": 0.00354,\n    \"38\": 0,\n    \"39\": 0,\n    \"40\": 0.04953,\n    \"41\": 0,\n    \"42\": 0,\n    \"43\": 0,\n    \"44\": 0,\n    \"45\": 0,\n    \"46\": 0.01061,\n    \"47\": 0,\n    \"48\": 0,\n    \"49\": 0.00708,\n    \"50\": 0.00354,\n    \"51\": 0,\n    \"52\": 0,\n    \"53\": 0.00354,\n    \"54\": 0,\n    \"55\": 0.01769,\n    \"56\": 0,\n    \"57\": 0.00354,\n    \"58\": 0.02477,\n    \"59\": 0.00354,\n    \"60\": 0,\n    \"61\": 0.00354,\n    \"62\": 0.00354,\n    \"63\": 0.01415,\n    \"64\": 0.00354,\n    \"65\": 0,\n    \"66\": 0.00354,\n    \"67\": 0.00708,\n    \"68\": 0.00708,\n    \"69\": 0.01061,\n    \"70\": 0.0743,\n    \"71\": 0.00708,\n    \"72\": 0.00354,\n    \"73\": 0.00708,\n    \"74\": 0.01061,\n    \"75\": 0.00708,\n    \"76\": 0.00708,\n    \"77\": 0.00708,\n    \"78\": 0.01061,\n    \"79\": 0.0283,\n    \"80\": 0.03184,\n    \"81\": 0.04599,\n    \"83\": 0.02477,\n    \"84\": 0.03538,\n    \"85\": 0.10968,\n    \"86\": 0.97295,\n    \"87\": 5.13718,\n    \"88\": 0,\n    \"89\": 0,\n    \"90\": 0\n  },\n  F: {\n    \"9\": 0,\n    \"11\": 0,\n    \"12\": 0,\n    \"15\": 0,\n    \"16\": 0,\n    \"17\": 0,\n    \"18\": 0,\n    \"19\": 0,\n    \"20\": 0,\n    \"21\": 0.00354,\n    \"22\": 0,\n    \"23\": 0,\n    \"24\": 0,\n    \"25\": 0,\n    \"26\": 0,\n    \"27\": 0,\n    \"28\": 0,\n    \"29\": 0,\n    \"30\": 0,\n    \"31\": 0,\n    \"32\": 0,\n    \"33\": 0.00708,\n    \"34\": 0,\n    \"35\": 0,\n    \"36\": 0,\n    \"37\": 0.03184,\n    \"38\": 0,\n    \"39\": 0,\n    \"40\": 0,\n    \"41\": 0,\n    \"42\": 0,\n    \"43\": 0,\n    \"44\": 0,\n    \"45\": 0,\n    \"46\": 0,\n    \"47\": 0.00354,\n    \"48\": 0,\n    \"49\": 0,\n    \"50\": 0.00708,\n    \"51\": 0.04246,\n    \"52\": 0,\n    \"53\": 0,\n    \"54\": 0,\n    \"55\": 0,\n    \"56\": 0,\n    \"57\": 0.00354,\n    \"58\": 0.00354,\n    \"60\": 0,\n    \"62\": 0,\n    \"63\": 0,\n    \"64\": 0,\n    \"65\": 0,\n    \"66\": 0,\n    \"67\": 0.00354,\n    \"68\": 0,\n    \"69\": 0.00354,\n    \"70\": 0,\n    \"71\": 0.00354,\n    \"72\": 0.21228,\n    \"9.5-9.6\": 0,\n    \"10.0-10.1\": 0,\n    \"10.5\": 0,\n    \"10.6\": 0,\n    \"11.1\": 0,\n    \"11.5\": 0,\n    \"11.6\": 0,\n    \"12.1\": 0.01061\n  },\n  E: {\n    \"4\": 0,\n    \"5\": 0,\n    \"6\": 0,\n    \"7\": 0,\n    \"8\": 0,\n    \"9\": 0,\n    \"10\": 0,\n    \"11\": 0.00354,\n    \"12\": 0.00354,\n    \"13\": 0.02477,\n    \"14\": 0.16275,\n    _: \"0\",\n    \"3.1\": 0,\n    \"3.2\": 0,\n    \"5.1\": 0,\n    \"6.1\": 0,\n    \"7.1\": 0,\n    \"9.1\": 0,\n    \"10.1\": 0,\n    \"11.1\": 0.00708,\n    \"12.1\": 0.01061,\n    \"13.1\": 0.05661\n  },\n  G: {\n    \"8\": 0,\n    \"3.2\": 0,\n    \"4.0-4.1\": 0,\n    \"4.2-4.3\": 0,\n    \"5.0-5.1\": 0.02998,\n    \"6.0-6.1\": 0.00389,\n    \"7.0-7.1\": 0.02648,\n    \"8.1-8.4\": 0.00311,\n    \"9.0-9.2\": 0.00701,\n    \"9.3\": 0.74209,\n    \"10.0-10.2\": 0.04828,\n    \"10.3\": 0.0732,\n    \"11.0-11.2\": 0.02375,\n    \"11.3-11.4\": 0.26359,\n    \"12.0-12.1\": 0.03543,\n    \"12.2-12.4\": 0.42711,\n    \"13.0-13.1\": 0.03932,\n    \"13.2\": 0.14873,\n    \"13.3\": 0.10279,\n    \"13.4-13.7\": 0.39791,\n    \"14.0-14.3\": 1.51611\n  },\n  B: {\n    \"12\": 0.02123,\n    \"13\": 0.03892,\n    \"14\": 0.01061,\n    \"15\": 0.02477,\n    \"16\": 0.03892,\n    \"17\": 0.0743,\n    \"18\": 0.27243,\n    \"79\": 0,\n    \"80\": 0,\n    \"81\": 0.00354,\n    \"83\": 0.00354,\n    \"84\": 0.00708,\n    \"85\": 0.01415,\n    \"86\": 0.03538,\n    \"87\": 0.75359\n  },\n  I: {\n    \"3\": 0,\n    \"4\": 0.00848,\n    \"81\": 0,\n    \"2.1\": 0,\n    \"2.2\": 0,\n    \"2.3\": 0,\n    \"4.1\": 0.02543,\n    \"4.2-4.3\": 0.09324,\n    \"4.4\": 0,\n    \"4.4.3-4.4.4\": 1.0087\n  },\n  P: {\n    \"4\": 0.35793,\n    \"5.0-5.4\": 0.01053,\n    \"6.2-6.4\": 0.04211,\n    \"7.2-7.4\": 0.67375,\n    \"8.2\": 0.01053,\n    \"9.2\": 0.47373,\n    \"10.1\": 0.12633,\n    \"11.1-11.2\": 0.72639,\n    \"12.0\": 0.58953,\n    \"13.0\": 0.82114\n  },\n  K: {\n    _: \"0 10 11 12 11.1 11.5 12.1\"\n  },\n  A: {\n    \"6\": 0,\n    \"7\": 0,\n    \"8\": 0,\n    \"9\": 0.00392,\n    \"10\": 0.00392,\n    \"11\": 0.42379,\n    \"5.5\": 0\n  },\n  N: {\n    \"10\": 0,\n    \"11\": 0\n  },\n  J: {\n    \"7\": 0,\n    \"10\": 0\n  },\n  O: {\n    \"0\": 2.79158\n  },\n  H: {\n    \"0\": 2.08617\n  },\n  L: {\n    \"0\": 70.59207\n  },\n  S: {\n    \"2.5\": 0.66559\n  },\n  R: {\n    _: \"0\"\n  },\n  M: {\n    \"0\": 0.21971\n  },\n  Q: {\n    \"10.4\": 1.04684\n  }\n};","map":{"version":3,"sources":["/Users/bruceseymour/ra-video/client/node_modules/caniuse-lite/data/regions/PG.js"],"names":["module","exports","C","D","F","E","_","G","B","I","P","K","A","N","J","O","H","L","S","R","M","Q"],