{"ast":null,"code":"module.exports = {\n  C: {\n    \"2\": 0,\n    \"3\": 0,\n    \"4\": 0,\n    \"5\": 0,\n    \"6\": 0,\n    \"7\": 0,\n    \"8\": 0,\n    \"9\": 0,\n    \"10\": 0,\n    \"11\": 0,\n    \"12\": 0,\n    \"13\": 0,\n    \"14\": 0,\n    \"15\": 0,\n    \"16\": 0,\n    \"17\": 0,\n    \"18\": 0,\n    \"19\": 0,\n    \"20\": 0,\n    \"21\": 0,\n    \"22\": 0,\n    \"23\": 0,\n    \"24\": 0,\n    \"25\": 0,\n    \"26\": 0,\n    \"27\": 0,\n    \"28\": 0,\n    \"29\": 0,\n    \"30\": 0,\n    \"31\": 0,\n    \"32\": 0.00266,\n    \"33\": 0,\n    \"34\": 0,\n    \"35\": 0,\n    \"36\": 0,\n    \"37\": 0,\n    \"38\": 0,\n    \"39\": 0,\n    \"40\": 0,\n    \"41\": 0,\n    \"42\": 0,\n    \"43\": 0,\n    \"44\": 0,\n    \"45\": 0,\n    \"46\": 0,\n    \"47\": 0.00266,\n    \"48\": 0,\n    \"49\": 0,\n    \"50\": 0.00266,\n    \"51\": 0,\n    \"52\": 0.02131,\n    \"53\": 0,\n    \"54\": 0,\n    \"55\": 0,\n    \"56\": 0,\n    \"57\": 0,\n    \"58\": 0,\n    \"59\": 0,\n    \"60\": 0.00266,\n    \"61\": 0,\n    \"62\": 0,\n    \"63\": 0,\n    \"64\": 0,\n    \"65\": 0,\n    \"66\": 0,\n    \"67\": 0.00266,\n    \"68\": 0.00266,\n    \"69\": 0.00266,\n    \"70\": 0.00266,\n    \"71\": 0,\n    \"72\": 0.00799,\n    \"73\": 0,\n    \"74\": 0.00266,\n    \"75\": 0,\n    \"76\": 0.00533,\n    \"77\": 0.00266,\n    \"78\": 0.01332,\n    \"79\": 0.00266,\n    \"80\": 0.00266,\n    \"81\": 0.00533,\n    \"82\": 0.00799,\n    \"83\": 0.45288,\n    \"84\": 0.23976,\n    \"85\": 0.01865,\n    \"86\": 0,\n    \"3.5\": 0,\n    \"3.6\": 0\n  },\n  D: {\n    \"4\": 0,\n    \"5\": 0,\n    \"6\": 0,\n    \"7\": 0,\n    \"8\": 0,\n    \"9\": 0,\n    \"10\": 0,\n    \"11\": 0,\n    \"12\": 0,\n    \"13\": 0,\n    \"14\": 0,\n    \"15\": 0,\n    \"16\": 0,\n    \"17\": 0,\n    \"18\": 0,\n    \"19\": 0,\n    \"20\": 0,\n    \"21\": 0,\n    \"22\": 0,\n    \"23\": 0,\n    \"24\": 0,\n    \"25\": 0,\n    \"26\": 0,\n    \"27\": 0,\n    \"28\": 0,\n    \"29\": 0,\n    \"30\": 0,\n    \"31\": 0,\n    \"32\": 0.00266,\n    \"33\": 0,\n    \"34\": 0,\n    \"35\": 0,\n    \"36\": 0,\n    \"37\": 0,\n    \"38\": 0,\n    \"39\": 0,\n    \"40\": 0.00266,\n    \"41\": 0,\n    \"42\": 0,\n    \"43\": 0,\n    \"44\": 0,\n    \"45\": 0,\n    \"46\": 0,\n    \"47\": 0,\n    \"48\": 0,\n    \"49\": 0.00533,\n    \"50\": 0,\n    \"51\": 0,\n    \"52\": 0,\n    \"53\": 0,\n    \"54\": 0,\n    \"55\": 0,\n    \"56\": 0,\n    \"57\": 0,\n    \"58\": 0.00266,\n    \"59\": 0,\n    \"60\": 0,\n    \"61\": 0.00799,\n    \"62\": 0,\n    \"63\": 0.00533,\n    \"64\": 0.00266,\n    \"65\": 0.00266,\n    \"66\": 0,\n    \"67\": 0.00266,\n    \"68\": 0,\n    \"69\": 0.00266,\n    \"70\": 0.00266,\n    \"71\": 0.00799,\n    \"72\": 0.00266,\n    \"73\": 0.00266,\n    \"74\": 0.00266,\n    \"75\": 0.00266,\n    \"76\": 0.00266,\n    \"77\": 0.00266,\n    \"78\": 0.00266,\n    \"79\": 0.01066,\n    \"80\": 0.01332,\n    \"81\": 0.01598,\n    \"83\": 0.00799,\n    \"84\": 0.02664,\n    \"85\": 0.03197,\n    \"86\": 0.69797,\n    \"87\": 4.51814,\n    \"88\": 0.01598,\n    \"89\": 0.01066,\n    \"90\": 0\n  },\n  F: {\n    \"9\": 0,\n    \"11\": 0,\n    \"12\": 0,\n    \"15\": 0,\n    \"16\": 0,\n    \"17\": 0,\n    \"18\": 0,\n    \"19\": 0,\n    \"20\": 0,\n    \"21\": 0,\n    \"22\": 0,\n    \"23\": 0,\n    \"24\": 0,\n    \"25\": 0,\n    \"26\": 0,\n    \"27\": 0,\n    \"28\": 0,\n    \"29\": 0,\n    \"30\": 0,\n    \"31\": 0,\n    \"32\": 0,\n    \"33\": 0,\n    \"34\": 0,\n    \"35\": 0,\n    \"36\": 0,\n    \"37\": 0.00266,\n    \"38\": 0,\n    \"39\": 0,\n    \"40\": 0,\n    \"41\": 0,\n    \"42\": 0,\n    \"43\": 0,\n    \"44\": 0,\n    \"45\": 0,\n    \"46\": 0.00266,\n    \"47\": 0.00266,\n    \"48\": 0,\n    \"49\": 0,\n    \"50\": 0.00533,\n    \"51\": 0.01066,\n    \"52\": 0,\n    \"53\": 0,\n    \"54\": 0,\n    \"55\": 0,\n    \"56\": 0,\n    \"57\": 0,\n    \"58\": 0,\n    \"60\": 0,\n    \"62\": 0,\n    \"63\": 0,\n    \"64\": 0,\n    \"65\": 0,\n    \"66\": 0,\n    \"67\": 0,\n    \"68\": 0,\n    \"69\": 0,\n    \"70\": 0,\n    \"71\": 0.01066,\n    \"72\": 0.11722,\n    \"9.5-9.6\": 0,\n    \"10.0-10.1\": 0,\n    \"10.5\": 0,\n    \"10.6\": 0,\n    \"11.1\": 0,\n    \"11.5\": 0,\n    \"11.6\": 0,\n    \"12.1\": 0.00266\n  },\n  E: {\n    \"4\": 0,\n    \"5\": 0,\n    \"6\": 0,\n    \"7\": 0,\n    \"8\": 0,\n    \"9\": 0,\n    \"10\": 0,\n    \"11\": 0,\n    \"12\": 0,\n    \"13\": 0.00266,\n    \"14\": 0.04795,\n    _: \"0\",\n    \"3.1\": 0,\n    \"3.2\": 0,\n    \"5.1\": 0,\n    \"6.1\": 0,\n    \"7.1\": 0,\n    \"9.1\": 0,\n    \"10.1\": 0.00266,\n    \"11.1\": 0.00266,\n    \"12.1\": 0.00266,\n    \"13.1\": 0.01598\n  },\n  G: {\n    \"8\": 0,\n    \"3.2\": 0,\n    \"4.0-4.1\": 0,\n    \"4.2-4.3\": 0,\n    \"5.0-5.1\": 0,\n    \"6.0-6.1\": 0.00237,\n    \"7.0-7.1\": 0.03562,\n    \"8.1-8.4\": 0.00534,\n    \"9.0-9.2\": 0.01009,\n    \"9.3\": 0.06887,\n    \"10.0-10.2\": 0.01781,\n    \"10.3\": 0.12052,\n    \"11.0-11.2\": 0.03384,\n    \"11.3-11.4\": 0.04928,\n    \"12.0-12.1\": 0.0469,\n    \"12.2-12.4\": 1.04073,\n    \"13.0-13.1\": 0.02256,\n    \"13.2\": 0.01306,\n    \"13.3\": 0.12764,\n    \"13.4-13.7\": 0.68511,\n    \"14.0-14.3\": 3.62979\n  },\n  B: {\n    \"12\": 0.00266,\n    \"13\": 0,\n    \"14\": 0,\n    \"15\": 0.00266,\n    \"16\": 0,\n    \"17\": 0.00266,\n    \"18\": 0.01066,\n    \"79\": 0,\n    \"80\": 0.00266,\n    \"81\": 0,\n    \"83\": 0,\n    \"84\": 0,\n    \"85\": 0.00266,\n    \"86\": 0.01865,\n    \"87\": 0.32767\n  },\n  I: {\n    \"3\": 0,\n    \"4\": 0,\n    \"81\": 0,\n    \"2.1\": 0,\n    \"2.2\": 0,\n    \"2.3\": 0,\n    \"4.1\": 0.00647,\n    \"4.2-4.3\": 0.01618,\n    \"4.4\": 0,\n    \"4.4.3-4.4.4\": 0.19195\n  },\n  P: {\n    \"4\": 0.22409,\n    \"5.0-5.4\": 0,\n    \"6.2-6.4\": 0.01019,\n    \"7.2-7.4\": 0.0713,\n    \"8.2\": 0.01019,\n    \"9.2\": 0.05093,\n    \"10.1\": 0.03056,\n    \"11.1-11.2\": 0.09167,\n    \"12.0\": 0.20372,\n    \"13.0\": 0.7232\n  },\n  K: {\n    _: \"0 10 11 12 11.1 11.5 12.1\"\n  },\n  A: {\n    \"6\": 0,\n    \"7\": 0,\n    \"8\": 0,\n    \"9\": 0,\n    \"10\": 0,\n    \"11\": 0.01332,\n    \"5.5\": 0\n  },\n  N: {\n    \"10\": 0,\n    \"11\": 0\n  },\n  J: {\n    \"7\": 0,\n    \"10\": 0\n  },\n  O: {\n    \"0\": 1.72396\n  },\n  H: {\n    \"0\": 1.46545\n  },\n  L: {\n    \"0\": 80.82632\n  },\n  S: {\n    \"2.5\": 0\n  },\n  R: {\n    _: \"0\"\n  },\n  M: {\n    \"0\": 0.05135\n  },\n  Q: {\n    \"10.4\": 0.00734\n  }\n};","map":{"version":3,"sources":["/Users/bruceseymour/ra-video/client/node_modules/caniuse-lite/data/regions/NP.js"],"names":["module","exports","C","D","F","E","_","G","B","I","P","K","A","N","J","O","H","L","S","R","M","Q"],