{"ast":null,"code":"module.exports = {\n  C: {\n    \"2\": 0,\n    \"3\": 0,\n    \"4\": 0,\n    \"5\": 0,\n    \"6\": 0,\n    \"7\": 0,\n    \"8\": 0,\n    \"9\": 0,\n    \"10\": 0,\n    \"11\": 0,\n    \"12\": 0,\n    \"13\": 0,\n    \"14\": 0,\n    \"15\": 0,\n    \"16\": 0,\n    \"17\": 0,\n    \"18\": 0,\n    \"19\": 0.00526,\n    \"20\": 0,\n    \"21\": 0.00526,\n    \"22\": 0,\n    \"23\": 0,\n    \"24\": 0,\n    \"25\": 0.00263,\n    \"26\": 0,\n    \"27\": 0,\n    \"28\": 0,\n    \"29\": 0,\n    \"30\": 0,\n    \"31\": 0,\n    \"32\": 0,\n    \"33\": 0,\n    \"34\": 0,\n    \"35\": 0,\n    \"36\": 0,\n    \"37\": 0.00263,\n    \"38\": 0,\n    \"39\": 0,\n    \"40\": 0,\n    \"41\": 0.00263,\n    \"42\": 0,\n    \"43\": 0.00263,\n    \"44\": 0,\n    \"45\": 0.00263,\n    \"46\": 0,\n    \"47\": 0.00263,\n    \"48\": 0.01842,\n    \"49\": 0,\n    \"50\": 0,\n    \"51\": 0,\n    \"52\": 0.00263,\n    \"53\": 0,\n    \"54\": 0,\n    \"55\": 0,\n    \"56\": 0,\n    \"57\": 0,\n    \"58\": 0,\n    \"59\": 0,\n    \"60\": 0.00263,\n    \"61\": 0,\n    \"62\": 0,\n    \"63\": 0.01052,\n    \"64\": 0,\n    \"65\": 0,\n    \"66\": 0,\n    \"67\": 0,\n    \"68\": 0.01316,\n    \"69\": 0,\n    \"70\": 0,\n    \"71\": 0,\n    \"72\": 0.00263,\n    \"73\": 0,\n    \"74\": 0,\n    \"75\": 0,\n    \"76\": 0,\n    \"77\": 0.00263,\n    \"78\": 0.01052,\n    \"79\": 0.00526,\n    \"80\": 0.00263,\n    \"81\": 0.00789,\n    \"82\": 0.01052,\n    \"83\": 0.23942,\n    \"84\": 0.16575,\n    \"85\": 0.01052,\n    \"86\": 0,\n    \"3.5\": 0,\n    \"3.6\": 0\n  },\n  D: {\n    \"4\": 0,\n    \"5\": 0,\n    \"6\": 0,\n    \"7\": 0,\n    \"8\": 0,\n    \"9\": 0,\n    \"10\": 0,\n    \"11\": 0.00263,\n    \"12\": 0,\n    \"13\": 0,\n    \"14\": 0,\n    \"15\": 0,\n    \"16\": 0,\n    \"17\": 0,\n    \"18\": 0,\n    \"19\": 0,\n    \"20\": 0,\n    \"21\": 0,\n    \"22\": 0,\n    \"23\": 0,\n    \"24\": 0,\n    \"25\": 0,\n    \"26\": 0,\n    \"27\": 0,\n    \"28\": 0,\n    \"29\": 0,\n    \"30\": 0,\n    \"31\": 0,\n    \"32\": 0,\n    \"33\": 0,\n    \"34\": 0,\n    \"35\": 0,\n    \"36\": 0,\n    \"37\": 0,\n    \"38\": 0.00526,\n    \"39\": 0,\n    \"40\": 0.01579,\n    \"41\": 0,\n    \"42\": 0,\n    \"43\": 0.00263,\n    \"44\": 0,\n    \"45\": 0,\n    \"46\": 0.00526,\n    \"47\": 0,\n    \"48\": 0,\n    \"49\": 0.00526,\n    \"50\": 0.00263,\n    \"51\": 0.00263,\n    \"52\": 0,\n    \"53\": 0,\n    \"54\": 0,\n    \"55\": 0.00263,\n    \"56\": 0,\n    \"57\": 0.00263,\n    \"58\": 0.00526,\n    \"59\": 0,\n    \"60\": 0,\n    \"61\": 0.00263,\n    \"62\": 0,\n    \"63\": 0.01316,\n    \"64\": 0.00526,\n    \"65\": 0.00263,\n    \"66\": 0,\n    \"67\": 0,\n    \"68\": 0.00263,\n    \"69\": 0.00789,\n    \"70\": 0.00263,\n    \"71\": 0.00526,\n    \"72\": 0.00263,\n    \"73\": 0.00263,\n    \"74\": 0.00263,\n    \"75\": 0.06841,\n    \"76\": 0.00526,\n    \"77\": 0.00789,\n    \"78\": 0.00263,\n    \"79\": 0.02631,\n    \"80\": 0.02631,\n    \"81\": 0.03683,\n    \"83\": 0.0342,\n    \"84\": 0.04999,\n    \"85\": 0.05788,\n    \"86\": 0.45779,\n    \"87\": 2.07586,\n    \"88\": 0.02368,\n    \"89\": 0.00263,\n    \"90\": 0\n  },\n  F: {\n    \"9\": 0,\n    \"11\": 0,\n    \"12\": 0,\n    \"15\": 0,\n    \"16\": 0.00263,\n    \"17\": 0,\n    \"18\": 0.00526,\n    \"19\": 0,\n    \"20\": 0.00526,\n    \"21\": 0,\n    \"22\": 0,\n    \"23\": 0.00263,\n    \"24\": 0.01842,\n    \"25\": 0.00263,\n    \"26\": 0.02631,\n    \"27\": 0.01842,\n    \"28\": 0.03683,\n    \"29\": 0.00263,\n    \"30\": 0.04473,\n    \"31\": 0.00789,\n    \"32\": 0.0342,\n    \"33\": 0.02894,\n    \"34\": 0.00263,\n    \"35\": 0.12892,\n    \"36\": 0.00263,\n    \"37\": 0.00526,\n    \"38\": 0.0342,\n    \"39\": 0,\n    \"40\": 0,\n    \"41\": 0.02368,\n    \"42\": 0.06051,\n    \"43\": 0.00263,\n    \"44\": 0.00263,\n    \"45\": 0.10524,\n    \"46\": 0.12103,\n    \"47\": 0.07893,\n    \"48\": 0.00263,\n    \"49\": 0,\n    \"50\": 0.34203,\n    \"51\": 0.66827,\n    \"52\": 0,\n    \"53\": 0.00263,\n    \"54\": 0,\n    \"55\": 0,\n    \"56\": 0,\n    \"57\": 0.00263,\n    \"58\": 0.00263,\n    \"60\": 0.01579,\n    \"62\": 0,\n    \"63\": 0,\n    \"64\": 0,\n    \"65\": 0.00263,\n    \"66\": 0,\n    \"67\": 0,\n    \"68\": 0.00263,\n    \"69\": 0,\n    \"70\": 0.00789,\n    \"71\": 0.01579,\n    \"72\": 0.34992,\n    \"9.5-9.6\": 0,\n    \"10.0-10.1\": 0,\n    \"10.5\": 0,\n    \"10.6\": 0,\n    \"11.1\": 0,\n    \"11.5\": 0,\n    \"11.6\": 0,\n    \"12.1\": 0.09472\n  },\n  E: {\n    \"4\": 0,\n    \"5\": 0,\n    \"6\": 0,\n    \"7\": 0,\n    \"8\": 0,\n    \"9\": 0,\n    \"10\": 0,\n    \"11\": 0,\n    \"12\": 0,\n    \"13\": 0.00526,\n    \"14\": 0.08945,\n    _: \"0\",\n    \"3.1\": 0,\n    \"3.2\": 0,\n    \"5.1\": 0.02105,\n    \"6.1\": 0,\n    \"7.1\": 0.00263,\n    \"9.1\": 0,\n    \"10.1\": 0,\n    \"11.1\": 0.00263,\n    \"12.1\": 0.00789,\n    \"13.1\": 0.03683\n  },\n  G: {\n    \"8\": 0.00105,\n    \"3.2\": 0,\n    \"4.0-4.1\": 0,\n    \"4.2-4.3\": 0.00105,\n    \"5.0-5.1\": 0.00576,\n    \"6.0-6.1\": 0.00471,\n    \"7.0-7.1\": 0.06802,\n    \"8.1-8.4\": 0.00314,\n    \"9.0-9.2\": 0.00628,\n    \"9.3\": 0.20405,\n    \"10.0-10.2\": 0.01884,\n    \"10.3\": 0.24433,\n    \"11.0-11.2\": 0.10098,\n    \"11.3-11.4\": 0.12347,\n    \"12.0-12.1\": 0.09313,\n    \"12.2-12.4\": 1.31009,\n    \"13.0-13.1\": 0.14022,\n    \"13.2\": 0.01727,\n    \"13.3\": 0.18887,\n    \"13.4-13.7\": 0.62731,\n    \"14.0-14.3\": 2.04518\n  },\n  B: {\n    \"12\": 0.02105,\n    \"13\": 0.01316,\n    \"14\": 0.01842,\n    \"15\": 0.01842,\n    \"16\": 0.02105,\n    \"17\": 0.04473,\n    \"18\": 0.06841,\n    \"79\": 0,\n    \"80\": 0,\n    \"81\": 0.00263,\n    \"83\": 0.00263,\n    \"84\": 0.00526,\n    \"85\": 0.01316,\n    \"86\": 0.02368,\n    \"87\": 0.43675\n  },\n  I: {\n    \"3\": 0,\n    \"4\": 0.01053,\n    \"81\": 0,\n    \"2.1\": 0,\n    \"2.2\": 0,\n    \"2.3\": 0,\n    \"4.1\": 0.01532,\n    \"4.2-4.3\": 0.02777,\n    \"4.4\": 0,\n    \"4.4.3-4.4.4\": 0.42321\n  },\n  P: {\n    \"4\": 0.40992,\n    \"5.0-5.4\": 0.04099,\n    \"6.2-6.4\": 0.0205,\n    \"7.2-7.4\": 0.18446,\n    \"8.2\": 0.0205,\n    \"9.2\": 0.16397,\n    \"10.1\": 0.05124,\n    \"11.1-11.2\": 0.18446,\n    \"12.0\": 0.53289,\n    \"13.0\": 1.25025\n  },\n  K: {\n    _: \"0 10 11 12 11.1 11.5 12.1\"\n  },\n  A: {\n    \"6\": 0,\n    \"7\": 0,\n    \"8\": 0.0195,\n    \"9\": 0,\n    \"10\": 0.00488,\n    \"11\": 0.14138,\n    \"5.5\": 0\n  },\n  N: {\n    \"10\": 0,\n    \"11\": 0.02948\n  },\n  J: {\n    \"7\": 0,\n    \"10\": 0.06632\n  },\n  O: {\n    \"0\": 2.78548\n  },\n  H: {\n    \"0\": 21.89921\n  },\n  L: {\n    \"0\": 51.76528\n  },\n  S: {\n    \"2.5\": 0.08843\n  },\n  R: {\n    _: \"0\"\n  },\n  M: {\n    \"0\": 0.16212\n  },\n  Q: {\n    \"10.4\": 0.16949\n  }\n};","map":{"version":3,"sources":["/Users/bruceseymour/ra-video/client/node_modules/caniuse-lite/data/regions/ZM.js"],"names":["module","exports","C","D","F","E","_","G","B","I","P","K","A","N","J","O","H","L","S","R","M","Q"],