{"ast":null,"code":"module.exports = {\n  C: {\n    \"2\": 0,\n    \"3\": 0,\n    \"4\": 0,\n    \"5\": 0,\n    \"6\": 0,\n    \"7\": 0,\n    \"8\": 0,\n    \"9\": 0,\n    \"10\": 0,\n    \"11\": 0,\n    \"12\": 0,\n    \"13\": 0,\n    \"14\": 0,\n    \"15\": 0,\n    \"16\": 0,\n    \"17\": 0,\n    \"18\": 0,\n    \"19\": 0,\n    \"20\": 0,\n    \"21\": 0,\n    \"22\": 0,\n    \"23\": 0,\n    \"24\": 0,\n    \"25\": 0,\n    \"26\": 0,\n    \"27\": 0,\n    \"28\": 0,\n    \"29\": 0,\n    \"30\": 0.00606,\n    \"31\": 0,\n    \"32\": 0,\n    \"33\": 0,\n    \"34\": 0,\n    \"35\": 0,\n    \"36\": 0,\n    \"37\": 0,\n    \"38\": 0,\n    \"39\": 0,\n    \"40\": 0,\n    \"41\": 0,\n    \"42\": 0,\n    \"43\": 0,\n    \"44\": 0,\n    \"45\": 0,\n    \"46\": 0,\n    \"47\": 0,\n    \"48\": 0.01212,\n    \"49\": 0,\n    \"50\": 0,\n    \"51\": 0,\n    \"52\": 0.03029,\n    \"53\": 0,\n    \"54\": 0,\n    \"55\": 0,\n    \"56\": 0.0727,\n    \"57\": 0,\n    \"58\": 0,\n    \"59\": 0,\n    \"60\": 0.00606,\n    \"61\": 0,\n    \"62\": 0,\n    \"63\": 0,\n    \"64\": 0.00606,\n    \"65\": 0.00606,\n    \"66\": 0.00606,\n    \"67\": 0,\n    \"68\": 0.03635,\n    \"69\": 0.00606,\n    \"70\": 0,\n    \"71\": 0,\n    \"72\": 0.00606,\n    \"73\": 0.00606,\n    \"74\": 0.00606,\n    \"75\": 0.00606,\n    \"76\": 0.00606,\n    \"77\": 0.00606,\n    \"78\": 0.15145,\n    \"79\": 0.00606,\n    \"80\": 0.01817,\n    \"81\": 0.03029,\n    \"82\": 0.06664,\n    \"83\": 1.57508,\n    \"84\": 1.04198,\n    \"85\": 0.00606,\n    \"86\": 0,\n    \"3.5\": 0,\n    \"3.6\": 0\n  },\n  D: {\n    \"4\": 0,\n    \"5\": 0,\n    \"6\": 0,\n    \"7\": 0,\n    \"8\": 0,\n    \"9\": 0,\n    \"10\": 0,\n    \"11\": 0,\n    \"12\": 0,\n    \"13\": 0,\n    \"14\": 0,\n    \"15\": 0,\n    \"16\": 0,\n    \"17\": 0,\n    \"18\": 0.00606,\n    \"19\": 0,\n    \"20\": 0,\n    \"21\": 0,\n    \"22\": 0,\n    \"23\": 0,\n    \"24\": 0,\n    \"25\": 0,\n    \"26\": 0,\n    \"27\": 0,\n    \"28\": 0,\n    \"29\": 0,\n    \"30\": 0,\n    \"31\": 0,\n    \"32\": 0,\n    \"33\": 0,\n    \"34\": 0,\n    \"35\": 0,\n    \"36\": 0,\n    \"37\": 0,\n    \"38\": 0.01212,\n    \"39\": 0,\n    \"40\": 0,\n    \"41\": 0,\n    \"42\": 0,\n    \"43\": 0,\n    \"44\": 0,\n    \"45\": 0,\n    \"46\": 0,\n    \"47\": 0,\n    \"48\": 0,\n    \"49\": 0.12722,\n    \"50\": 0,\n    \"51\": 0,\n    \"52\": 0,\n    \"53\": 0.01212,\n    \"54\": 0,\n    \"55\": 0,\n    \"56\": 0,\n    \"57\": 0,\n    \"58\": 0,\n    \"59\": 0,\n    \"60\": 0.00606,\n    \"61\": 0.00606,\n    \"62\": 0,\n    \"63\": 0.01212,\n    \"64\": 0.01212,\n    \"65\": 0.01817,\n    \"66\": 0.01212,\n    \"67\": 0.01212,\n    \"68\": 0.00606,\n    \"69\": 0.01817,\n    \"70\": 0.00606,\n    \"71\": 0.01817,\n    \"72\": 0.01817,\n    \"73\": 0.00606,\n    \"74\": 0.03029,\n    \"75\": 0.03635,\n    \"76\": 0.03029,\n    \"77\": 0.02423,\n    \"78\": 0.20597,\n    \"79\": 0.26655,\n    \"80\": 0.06058,\n    \"81\": 0.03635,\n    \"83\": 0.05452,\n    \"84\": 0.06664,\n    \"85\": 0.17568,\n    \"86\": 3.65903,\n    \"87\": 17.23501,\n    \"88\": 0.01212,\n    \"89\": 0.00606,\n    \"90\": 0\n  },\n  F: {\n    \"9\": 0,\n    \"11\": 0,\n    \"12\": 0,\n    \"15\": 0,\n    \"16\": 0,\n    \"17\": 0,\n    \"18\": 0,\n    \"19\": 0,\n    \"20\": 0,\n    \"21\": 0,\n    \"22\": 0,\n    \"23\": 0,\n    \"24\": 0,\n    \"25\": 0,\n    \"26\": 0,\n    \"27\": 0,\n    \"28\": 0,\n    \"29\": 0,\n    \"30\": 0,\n    \"31\": 0,\n    \"32\": 0,\n    \"33\": 0,\n    \"34\": 0,\n    \"35\": 0,\n    \"36\": 0,\n    \"37\": 0,\n    \"38\": 0,\n    \"39\": 0,\n    \"40\": 0,\n    \"41\": 0,\n    \"42\": 0,\n    \"43\": 0,\n    \"44\": 0,\n    \"45\": 0,\n    \"46\": 0,\n    \"47\": 0,\n    \"48\": 0,\n    \"49\": 0,\n    \"50\": 0,\n    \"51\": 0,\n    \"52\": 0,\n    \"53\": 0,\n    \"54\": 0,\n    \"55\": 0,\n    \"56\": 0,\n    \"57\": 0,\n    \"58\": 0,\n    \"60\": 0,\n    \"62\": 0,\n    \"63\": 0,\n    \"64\": 0,\n    \"65\": 0,\n    \"66\": 0,\n    \"67\": 0,\n    \"68\": 0,\n    \"69\": 0,\n    \"70\": 0,\n    \"71\": 0.09087,\n    \"72\": 0.36348,\n    \"9.5-9.6\": 0,\n    \"10.0-10.1\": 0,\n    \"10.5\": 0,\n    \"10.6\": 0,\n    \"11.1\": 0,\n    \"11.5\": 0,\n    \"11.6\": 0,\n    \"12.1\": 0\n  },\n  E: {\n    \"4\": 0,\n    \"5\": 0,\n    \"6\": 0,\n    \"7\": 0,\n    \"8\": 0.00606,\n    \"9\": 0,\n    \"10\": 0,\n    \"11\": 0.02423,\n    \"12\": 0.03029,\n    \"13\": 0.17568,\n    \"14\": 2.95025,\n    _: \"0\",\n    \"3.1\": 0,\n    \"3.2\": 0,\n    \"5.1\": 0,\n    \"6.1\": 0,\n    \"7.1\": 0,\n    \"9.1\": 0.00606,\n    \"10.1\": 0.03635,\n    \"11.1\": 0.09693,\n    \"12.1\": 0.17568,\n    \"13.1\": 0.93293\n  },\n  G: {\n    \"8\": 0.00245,\n    \"3.2\": 0,\n    \"4.0-4.1\": 0,\n    \"4.2-4.3\": 0,\n    \"5.0-5.1\": 0,\n    \"6.0-6.1\": 0.02202,\n    \"7.0-7.1\": 0.0465,\n    \"8.1-8.4\": 0.0416,\n    \"9.0-9.2\": 0.02692,\n    \"9.3\": 0.41111,\n    \"10.0-10.2\": 0.0416,\n    \"10.3\": 0.36707,\n    \"11.0-11.2\": 0.13704,\n    \"11.3-11.4\": 0.15417,\n    \"12.0-12.1\": 0.14438,\n    \"12.2-12.4\": 1.86959,\n    \"13.0-13.1\": 0.15172,\n    \"13.2\": 0.06118,\n    \"13.3\": 0.46495,\n    \"13.4-13.7\": 2.48137,\n    \"14.0-14.3\": 17.99603\n  },\n  B: {\n    \"12\": 0,\n    \"13\": 0,\n    \"14\": 0.00606,\n    \"15\": 0.00606,\n    \"16\": 0.01817,\n    \"17\": 0.06058,\n    \"18\": 0.17568,\n    \"79\": 0,\n    \"80\": 0.00606,\n    \"81\": 0.00606,\n    \"83\": 0,\n    \"84\": 0.00606,\n    \"85\": 0.03029,\n    \"86\": 0.10299,\n    \"87\": 3.5197\n  },\n  I: {\n    \"3\": 0,\n    \"4\": 0,\n    \"81\": 0,\n    \"2.1\": 0,\n    \"2.2\": 0,\n    \"2.3\": 0,\n    \"4.1\": 0.00482,\n    \"4.2-4.3\": 0.01929,\n    \"4.4\": 0,\n    \"4.4.3-4.4.4\": 0.20253\n  },\n  P: {\n    \"4\": 0.09359,\n    \"5.0-5.4\": 0,\n    \"6.2-6.4\": 0,\n    \"7.2-7.4\": 0.0104,\n    \"8.2\": 0,\n    \"9.2\": 0.0416,\n    \"10.1\": 0.0208,\n    \"11.1-11.2\": 0.09359,\n    \"12.0\": 0.28078,\n    \"13.0\": 3.9413\n  },\n  K: {\n    _: \"0 10 11 12 11.1 11.5 12.1\"\n  },\n  A: {\n    \"6\": 0,\n    \"7\": 0,\n    \"8\": 0,\n    \"9\": 0.00626,\n    \"10\": 0,\n    \"11\": 0.73281,\n    \"5.5\": 0\n  },\n  N: {\n    \"10\": 0,\n    \"11\": 0\n  },\n  J: {\n    \"7\": 0,\n    \"10\": 0\n  },\n  O: {\n    \"0\": 0.03942\n  },\n  H: {\n    \"0\": 0.11942\n  },\n  L: {\n    \"0\": 32.11829\n  },\n  S: {\n    \"2.5\": 0\n  },\n  R: {\n    _: \"0\"\n  },\n  M: {\n    \"0\": 0.26411\n  },\n  Q: {\n    \"10.4\": 0.00394\n  }\n};","map":{"version":3,"sources":["/Users/bruceseymour/ra-video/client/node_modules/caniuse-lite/data/regions/BE.js"],"names":["module","exports","C","D","F","E","_","G","B","I","P","K","A","N","J","O","H","L","S","R","M","Q"],