{"ast":null,"code":"module.exports = {\n  C: {\n    \"2\": 0,\n    \"3\": 0,\n    \"4\": 0,\n    \"5\": 0,\n    \"6\": 0,\n    \"7\": 0,\n    \"8\": 0,\n    \"9\": 0,\n    \"10\": 0,\n    \"11\": 0,\n    \"12\": 0,\n    \"13\": 0,\n    \"14\": 0,\n    \"15\": 0,\n    \"16\": 0,\n    \"17\": 0,\n    \"18\": 0,\n    \"19\": 0,\n    \"20\": 0,\n    \"21\": 0,\n    \"22\": 0,\n    \"23\": 0,\n    \"24\": 0,\n    \"25\": 0,\n    \"26\": 0,\n    \"27\": 0,\n    \"28\": 0,\n    \"29\": 0,\n    \"30\": 0.01284,\n    \"31\": 0,\n    \"32\": 0,\n    \"33\": 0,\n    \"34\": 0,\n    \"35\": 0,\n    \"36\": 0,\n    \"37\": 0,\n    \"38\": 0,\n    \"39\": 0,\n    \"40\": 0,\n    \"41\": 0,\n    \"42\": 0,\n    \"43\": 0,\n    \"44\": 0,\n    \"45\": 0,\n    \"46\": 0,\n    \"47\": 0,\n    \"48\": 0,\n    \"49\": 0,\n    \"50\": 0,\n    \"51\": 0,\n    \"52\": 0.04707,\n    \"53\": 0,\n    \"54\": 0,\n    \"55\": 0,\n    \"56\": 0,\n    \"57\": 0,\n    \"58\": 0.00428,\n    \"59\": 0,\n    \"60\": 0,\n    \"61\": 0,\n    \"62\": 0,\n    \"63\": 0.00428,\n    \"64\": 0,\n    \"65\": 0,\n    \"66\": 0.15404,\n    \"67\": 0.08986,\n    \"68\": 0.01712,\n    \"69\": 0,\n    \"70\": 0,\n    \"71\": 0.00428,\n    \"72\": 0.00856,\n    \"73\": 0.02567,\n    \"74\": 0,\n    \"75\": 0,\n    \"76\": 0,\n    \"77\": 0.00428,\n    \"78\": 0.02567,\n    \"79\": 0.00856,\n    \"80\": 0.00428,\n    \"81\": 0.01712,\n    \"82\": 0.02567,\n    \"83\": 0.79162,\n    \"84\": 0.57767,\n    \"85\": 0.00428,\n    \"86\": 0,\n    \"3.5\": 0,\n    \"3.6\": 0\n  },\n  D: {\n    \"4\": 0,\n    \"5\": 0,\n    \"6\": 0,\n    \"7\": 0,\n    \"8\": 0,\n    \"9\": 0,\n    \"10\": 0,\n    \"11\": 0.00428,\n    \"12\": 0,\n    \"13\": 0,\n    \"14\": 0,\n    \"15\": 0,\n    \"16\": 0,\n    \"17\": 0,\n    \"18\": 0,\n    \"19\": 0,\n    \"20\": 0,\n    \"21\": 0,\n    \"22\": 0,\n    \"23\": 0,\n    \"24\": 0,\n    \"25\": 0,\n    \"26\": 0,\n    \"27\": 0,\n    \"28\": 0,\n    \"29\": 0,\n    \"30\": 0,\n    \"31\": 0,\n    \"32\": 0,\n    \"33\": 0,\n    \"34\": 0,\n    \"35\": 0,\n    \"36\": 0,\n    \"37\": 0,\n    \"38\": 0,\n    \"39\": 0,\n    \"40\": 0,\n    \"41\": 0,\n    \"42\": 0.00428,\n    \"43\": 0,\n    \"44\": 0,\n    \"45\": 0,\n    \"46\": 0,\n    \"47\": 0.00428,\n    \"48\": 0,\n    \"49\": 0.03851,\n    \"50\": 0,\n    \"51\": 0,\n    \"52\": 0,\n    \"53\": 0.00428,\n    \"54\": 0,\n    \"55\": 0,\n    \"56\": 0,\n    \"57\": 0.00428,\n    \"58\": 0,\n    \"59\": 0,\n    \"60\": 0,\n    \"61\": 0.12837,\n    \"62\": 0,\n    \"63\": 0.00428,\n    \"64\": 0,\n    \"65\": 0.01712,\n    \"66\": 0,\n    \"67\": 0.00856,\n    \"68\": 0.00856,\n    \"69\": 0.00428,\n    \"70\": 0.00428,\n    \"71\": 0.00856,\n    \"72\": 0.00428,\n    \"73\": 0.00428,\n    \"74\": 0.00428,\n    \"75\": 0.0214,\n    \"76\": 0.00428,\n    \"77\": 0.00856,\n    \"78\": 0.00856,\n    \"79\": 0.01712,\n    \"80\": 0.03423,\n    \"81\": 0.02567,\n    \"83\": 0.03423,\n    \"84\": 0.04279,\n    \"85\": 0.06846,\n    \"86\": 2.08815,\n    \"87\": 9.40096,\n    \"88\": 0.0214,\n    \"89\": 0.00428,\n    \"90\": 0\n  },\n  F: {\n    \"9\": 0,\n    \"11\": 0,\n    \"12\": 0,\n    \"15\": 0,\n    \"16\": 0,\n    \"17\": 0,\n    \"18\": 0,\n    \"19\": 0,\n    \"20\": 0,\n    \"21\": 0,\n    \"22\": 0,\n    \"23\": 0,\n    \"24\": 0,\n    \"25\": 0,\n    \"26\": 0,\n    \"27\": 0,\n    \"28\": 0,\n    \"29\": 0,\n    \"30\": 0,\n    \"31\": 0,\n    \"32\": 0,\n    \"33\": 0,\n    \"34\": 0,\n    \"35\": 0,\n    \"36\": 0,\n    \"37\": 0,\n    \"38\": 0,\n    \"39\": 0,\n    \"40\": 0,\n    \"41\": 0,\n    \"42\": 0,\n    \"43\": 0,\n    \"44\": 0,\n    \"45\": 0,\n    \"46\": 0,\n    \"47\": 0,\n    \"48\": 0,\n    \"49\": 0,\n    \"50\": 0,\n    \"51\": 0,\n    \"52\": 0,\n    \"53\": 0,\n    \"54\": 0,\n    \"55\": 0,\n    \"56\": 0,\n    \"57\": 0,\n    \"58\": 0,\n    \"60\": 0,\n    \"62\": 0,\n    \"63\": 0,\n    \"64\": 0,\n    \"65\": 0,\n    \"66\": 0,\n    \"67\": 0,\n    \"68\": 0,\n    \"69\": 0,\n    \"70\": 0,\n    \"71\": 0.15404,\n    \"72\": 0.26958,\n    \"9.5-9.6\": 0,\n    \"10.0-10.1\": 0,\n    \"10.5\": 0,\n    \"10.6\": 0,\n    \"11.1\": 0,\n    \"11.5\": 0,\n    \"11.6\": 0,\n    \"12.1\": 0\n  },\n  E: {\n    \"4\": 0,\n    \"5\": 0,\n    \"6\": 0,\n    \"7\": 0,\n    \"8\": 0,\n    \"9\": 0,\n    \"10\": 0,\n    \"11\": 0,\n    \"12\": 0.00856,\n    \"13\": 0.03423,\n    \"14\": 0.97561,\n    _: \"0\",\n    \"3.1\": 0,\n    \"3.2\": 0,\n    \"5.1\": 0.5306,\n    \"6.1\": 0,\n    \"7.1\": 0,\n    \"9.1\": 0,\n    \"10.1\": 0.02567,\n    \"11.1\": 0.02995,\n    \"12.1\": 0.04279,\n    \"13.1\": 0.2653\n  },\n  G: {\n    \"8\": 0,\n    \"3.2\": 0.01159,\n    \"4.0-4.1\": 0,\n    \"4.2-4.3\": 0,\n    \"5.0-5.1\": 0.00869,\n    \"6.0-6.1\": 0.02608,\n    \"7.0-7.1\": 0.04057,\n    \"8.1-8.4\": 0.03333,\n    \"9.0-9.2\": 0.00435,\n    \"9.3\": 0.12896,\n    \"10.0-10.2\": 0.00869,\n    \"10.3\": 0.12461,\n    \"11.0-11.2\": 0.02608,\n    \"11.3-11.4\": 0.06086,\n    \"12.0-12.1\": 0.05216,\n    \"12.2-12.4\": 1.05341,\n    \"13.0-13.1\": 0.03767,\n    \"13.2\": 0.03478,\n    \"13.3\": 0.25357,\n    \"13.4-13.7\": 1.3548,\n    \"14.0-14.3\": 11.19921\n  },\n  B: {\n    \"12\": 0,\n    \"13\": 0,\n    \"14\": 0.00428,\n    \"15\": 0.00428,\n    \"16\": 0.00428,\n    \"17\": 0.00856,\n    \"18\": 0.03851,\n    \"79\": 0,\n    \"80\": 0,\n    \"81\": 0,\n    \"83\": 0,\n    \"84\": 0.00428,\n    \"85\": 0.00428,\n    \"86\": 0.02995,\n    \"87\": 1.05691\n  },\n  I: {\n    \"3\": 0,\n    \"4\": 0.02013,\n    \"81\": 0,\n    \"2.1\": 0,\n    \"2.2\": 0,\n    \"2.3\": 0,\n    \"4.1\": 0.01409,\n    \"4.2-4.3\": 0.04429,\n    \"4.4\": 0,\n    \"4.4.3-4.4.4\": 0.24562\n  },\n  P: {\n    \"4\": 0.18443,\n    \"5.0-5.4\": 0.01025,\n    \"6.2-6.4\": 0.01025,\n    \"7.2-7.4\": 0.07172,\n    \"8.2\": 0.01025,\n    \"9.2\": 0.12296,\n    \"10.1\": 0.04099,\n    \"11.1-11.2\": 0.24591,\n    \"12.0\": 0.50207,\n    \"13.0\": 2.6743\n  },\n  K: {\n    _: \"0 10 11 12 11.1 11.5 12.1\"\n  },\n  A: {\n    \"6\": 0.00452,\n    \"7\": 0,\n    \"8\": 0.01807,\n    \"9\": 0,\n    \"10\": 0,\n    \"11\": 0.14002,\n    \"5.5\": 0\n  },\n  N: {\n    \"10\": 0,\n    \"11\": 0\n  },\n  J: {\n    \"7\": 0,\n    \"10\": 0\n  },\n  O: {\n    \"0\": 0.06865\n  },\n  H: {\n    \"0\": 0.25998\n  },\n  L: {\n    \"0\": 60.75436\n  },\n  S: {\n    \"2.5\": 0\n  },\n  R: {\n    _: \"0\"\n  },\n  M: {\n    \"0\": 0.49773\n  },\n  Q: {\n    \"10.4\": 0.00572\n  }\n};","map":{"version":3,"sources":["/Users/bruceseymour/ra-video/client/node_modules/caniuse-lite/data/regions/CR.js"],"names":["module","exports","C","D","F","E","_","G","B","I","P","K","A","N","J","O","H","L","S","R","M","Q"],