{"ast":null,"code":"module.exports = {\n  C: {\n    \"2\": 0,\n    \"3\": 0.00378,\n    \"4\": 0,\n    \"5\": 0,\n    \"6\": 0,\n    \"7\": 0,\n    \"8\": 0,\n    \"9\": 0,\n    \"10\": 0,\n    \"11\": 0,\n    \"12\": 0,\n    \"13\": 0,\n    \"14\": 0,\n    \"15\": 0,\n    \"16\": 0,\n    \"17\": 0.02645,\n    \"18\": 0,\n    \"19\": 0,\n    \"20\": 0,\n    \"21\": 0,\n    \"22\": 0,\n    \"23\": 0,\n    \"24\": 0,\n    \"25\": 0,\n    \"26\": 0,\n    \"27\": 0,\n    \"28\": 0,\n    \"29\": 0,\n    \"30\": 0.00378,\n    \"31\": 0,\n    \"32\": 0,\n    \"33\": 0.00378,\n    \"34\": 0,\n    \"35\": 0,\n    \"36\": 0.01134,\n    \"37\": 0,\n    \"38\": 0,\n    \"39\": 0,\n    \"40\": 0,\n    \"41\": 0,\n    \"42\": 0,\n    \"43\": 0.56685,\n    \"44\": 0,\n    \"45\": 0,\n    \"46\": 0,\n    \"47\": 0.00378,\n    \"48\": 0.00378,\n    \"49\": 0,\n    \"50\": 0.00378,\n    \"51\": 0.00378,\n    \"52\": 0.0189,\n    \"53\": 0.00378,\n    \"54\": 0.00756,\n    \"55\": 0.00378,\n    \"56\": 0.00378,\n    \"57\": 0.00378,\n    \"58\": 0.00378,\n    \"59\": 0.00378,\n    \"60\": 0.00378,\n    \"61\": 0.00378,\n    \"62\": 0,\n    \"63\": 0,\n    \"64\": 0.00378,\n    \"65\": 0.00378,\n    \"66\": 0.00378,\n    \"67\": 0.00378,\n    \"68\": 0.02645,\n    \"69\": 0.00378,\n    \"70\": 0,\n    \"71\": 0.00378,\n    \"72\": 0.00378,\n    \"73\": 0.00378,\n    \"74\": 0.00378,\n    \"75\": 0.00378,\n    \"76\": 0.00378,\n    \"77\": 0.00378,\n    \"78\": 0.01512,\n    \"79\": 0.00378,\n    \"80\": 0.01134,\n    \"81\": 0.00756,\n    \"82\": 0.01134,\n    \"83\": 0.17761,\n    \"84\": 0.13604,\n    \"85\": 0,\n    \"86\": 0,\n    \"3.5\": 0,\n    \"3.6\": 0\n  },\n  D: {\n    \"4\": 0,\n    \"5\": 0,\n    \"6\": 0,\n    \"7\": 0,\n    \"8\": 0,\n    \"9\": 0,\n    \"10\": 0,\n    \"11\": 0.00756,\n    \"12\": 0,\n    \"13\": 0,\n    \"14\": 0,\n    \"15\": 0,\n    \"16\": 0,\n    \"17\": 0.00378,\n    \"18\": 0,\n    \"19\": 0.00756,\n    \"20\": 0.00378,\n    \"21\": 0.00378,\n    \"22\": 0,\n    \"23\": 0,\n    \"24\": 0.00378,\n    \"25\": 0,\n    \"26\": 0,\n    \"27\": 0,\n    \"28\": 0,\n    \"29\": 0.00378,\n    \"30\": 0,\n    \"31\": 0.00756,\n    \"32\": 0,\n    \"33\": 0,\n    \"34\": 0,\n    \"35\": 0,\n    \"36\": 0,\n    \"37\": 0,\n    \"38\": 0,\n    \"39\": 0.00378,\n    \"40\": 0.03023,\n    \"41\": 0.00378,\n    \"42\": 0.00378,\n    \"43\": 0.00378,\n    \"44\": 0,\n    \"45\": 0.0189,\n    \"46\": 0,\n    \"47\": 0.01512,\n    \"48\": 0.05291,\n    \"49\": 0.12471,\n    \"50\": 0.00378,\n    \"51\": 0.00378,\n    \"52\": 0,\n    \"53\": 0.00378,\n    \"54\": 0.01134,\n    \"55\": 0.04535,\n    \"56\": 0.01134,\n    \"57\": 0.08314,\n    \"58\": 0.00378,\n    \"59\": 0.0189,\n    \"60\": 0.00756,\n    \"61\": 0.01134,\n    \"62\": 0.10581,\n    \"63\": 0.05669,\n    \"64\": 0.00378,\n    \"65\": 0.06046,\n    \"66\": 0.00756,\n    \"67\": 0.03779,\n    \"68\": 0.01512,\n    \"69\": 0.44214,\n    \"70\": 0.03401,\n    \"71\": 0.06046,\n    \"72\": 0.11715,\n    \"73\": 0.04535,\n    \"74\": 1.17527,\n    \"75\": 0.08314,\n    \"76\": 0.04157,\n    \"77\": 0.01512,\n    \"78\": 0.12093,\n    \"79\": 0.09448,\n    \"80\": 0.09448,\n    \"81\": 0.04913,\n    \"83\": 0.08314,\n    \"84\": 0.12093,\n    \"85\": 0.12849,\n    \"86\": 0.51394,\n    \"87\": 1.5834,\n    \"88\": 0.01512,\n    \"89\": 0.00756,\n    \"90\": 0\n  },\n  F: {\n    \"9\": 0,\n    \"11\": 0,\n    \"12\": 0,\n    \"15\": 0,\n    \"16\": 0,\n    \"17\": 0,\n    \"18\": 0,\n    \"19\": 0,\n    \"20\": 0,\n    \"21\": 0,\n    \"22\": 0,\n    \"23\": 0,\n    \"24\": 0,\n    \"25\": 0,\n    \"26\": 0,\n    \"27\": 0,\n    \"28\": 0,\n    \"29\": 0,\n    \"30\": 0,\n    \"31\": 0,\n    \"32\": 0,\n    \"33\": 0,\n    \"34\": 0,\n    \"35\": 0,\n    \"36\": 0,\n    \"37\": 0,\n    \"38\": 0,\n    \"39\": 0,\n    \"40\": 0,\n    \"41\": 0,\n    \"42\": 0,\n    \"43\": 0,\n    \"44\": 0,\n    \"45\": 0,\n    \"46\": 0,\n    \"47\": 0,\n    \"48\": 0,\n    \"49\": 0,\n    \"50\": 0,\n    \"51\": 0,\n    \"52\": 0,\n    \"53\": 0,\n    \"54\": 0,\n    \"55\": 0,\n    \"56\": 0,\n    \"57\": 0,\n    \"58\": 0,\n    \"60\": 0,\n    \"62\": 0,\n    \"63\": 0,\n    \"64\": 0,\n    \"65\": 0,\n    \"66\": 0,\n    \"67\": 0,\n    \"68\": 0,\n    \"69\": 0,\n    \"70\": 0,\n    \"71\": 0.00378,\n    \"72\": 0.0189,\n    \"9.5-9.6\": 0,\n    \"10.0-10.1\": 0,\n    \"10.5\": 0,\n    \"10.6\": 0,\n    \"11.1\": 0,\n    \"11.5\": 0,\n    \"11.6\": 0,\n    \"12.1\": 0.00378\n  },\n  E: {\n    \"4\": 0,\n    \"5\": 0,\n    \"6\": 0,\n    \"7\": 0,\n    \"8\": 0,\n    \"9\": 0.00378,\n    \"10\": 0.00378,\n    \"11\": 0.00378,\n    \"12\": 0.00756,\n    \"13\": 0.02267,\n    \"14\": 0.17761,\n    _: \"0\",\n    \"3.1\": 0,\n    \"3.2\": 0,\n    \"5.1\": 0,\n    \"6.1\": 0,\n    \"7.1\": 0,\n    \"9.1\": 0.00378,\n    \"10.1\": 0.00378,\n    \"11.1\": 0.00756,\n    \"12.1\": 0.01512,\n    \"13.1\": 0.09825\n  },\n  G: {\n    \"8\": 0.00393,\n    \"3.2\": 0.00295,\n    \"4.0-4.1\": 0.00786,\n    \"4.2-4.3\": 0.06488,\n    \"5.0-5.1\": 0.03146,\n    \"6.0-6.1\": 0.03244,\n    \"7.0-7.1\": 0.03342,\n    \"8.1-8.4\": 0.06095,\n    \"9.0-9.2\": 0.19562,\n    \"9.3\": 0.14647,\n    \"10.0-10.2\": 0.11698,\n    \"10.3\": 0.23494,\n    \"11.0-11.2\": 0.38337,\n    \"11.3-11.4\": 0.26148,\n    \"12.0-12.1\": 0.32046,\n    \"12.2-12.4\": 0.84243,\n    \"13.0-13.1\": 0.10911,\n    \"13.2\": 0.16908,\n    \"13.3\": 0.41876,\n    \"13.4-13.7\": 2.428,\n    \"14.0-14.3\": 3.95262\n  },\n  B: {\n    \"12\": 0.00378,\n    \"13\": 0.00378,\n    \"14\": 0.00378,\n    \"15\": 0.00378,\n    \"16\": 0.00756,\n    \"17\": 0.01512,\n    \"18\": 0.15116,\n    \"79\": 0,\n    \"80\": 0.00378,\n    \"81\": 0.00378,\n    \"83\": 0,\n    \"84\": 0.00378,\n    \"85\": 0.00756,\n    \"86\": 0.02267,\n    \"87\": 0.77847\n  },\n  I: {\n    \"3\": 0.03475,\n    \"4\": 0.10426,\n    \"81\": 0,\n    \"2.1\": 0.05213,\n    \"2.2\": 0.08689,\n    \"2.3\": 0,\n    \"4.1\": 0.45181,\n    \"4.2-4.3\": 0.17377,\n    \"4.4\": 0,\n    \"4.4.3-4.4.4\": 0.99051\n  },\n  P: {\n    \"4\": 0.01077,\n    \"5.0-5.4\": 0,\n    \"6.2-6.4\": 0,\n    \"7.2-7.4\": 0,\n    \"8.2\": 0,\n    \"9.2\": 0.03232,\n    \"10.1\": 0,\n    \"11.1-11.2\": 0.01077,\n    \"12.0\": 0.06464,\n    \"13.0\": 0.32319\n  },\n  K: {\n    _: \"0 10 11 12 11.1 11.5 12.1\"\n  },\n  A: {\n    \"6\": 0,\n    \"7\": 0,\n    \"8\": 0.47664,\n    \"9\": 0.30842,\n    \"10\": 0.14019,\n    \"11\": 3.4206,\n    \"5.5\": 0\n  },\n  N: {\n    \"10\": 0,\n    \"11\": 0.01244\n  },\n  J: {\n    \"7\": 0,\n    \"10\": 0\n  },\n  O: {\n    \"0\": 15.24145\n  },\n  H: {\n    \"0\": 0.10601\n  },\n  L: {\n    \"0\": 43.63996\n  },\n  S: {\n    \"2.5\": 0\n  },\n  R: {\n    _: \"0\"\n  },\n  M: {\n    \"0\": 0.13064\n  },\n  Q: {\n    \"10.4\": 6.43874\n  }\n};","map":{"version":3,"sources":["/Users/bruceseymour/ra-video/client/node_modules/caniuse-lite/data/regions/CN.js"],"names":["module","exports","C","D","F","E","_","G","B","I","P","K","A","N","J","O","H","L","S","R","M","Q"],