{"ast":null,"code":"module.exports = {\n  C: {\n    \"2\": 0,\n    \"3\": 0,\n    \"4\": 0,\n    \"5\": 0,\n    \"6\": 0,\n    \"7\": 0,\n    \"8\": 0,\n    \"9\": 0,\n    \"10\": 0,\n    \"11\": 0,\n    \"12\": 0,\n    \"13\": 0,\n    \"14\": 0,\n    \"15\": 0,\n    \"16\": 0,\n    \"17\": 0,\n    \"18\": 0,\n    \"19\": 0,\n    \"20\": 0,\n    \"21\": 0,\n    \"22\": 0,\n    \"23\": 0,\n    \"24\": 0,\n    \"25\": 0,\n    \"26\": 0,\n    \"27\": 0,\n    \"28\": 0,\n    \"29\": 0,\n    \"30\": 0.01064,\n    \"31\": 0,\n    \"32\": 0,\n    \"33\": 0,\n    \"34\": 0,\n    \"35\": 0,\n    \"36\": 0,\n    \"37\": 0,\n    \"38\": 0,\n    \"39\": 0,\n    \"40\": 0,\n    \"41\": 0,\n    \"42\": 0,\n    \"43\": 0,\n    \"44\": 0,\n    \"45\": 0,\n    \"46\": 0,\n    \"47\": 0,\n    \"48\": 0.00532,\n    \"49\": 0,\n    \"50\": 0,\n    \"51\": 0,\n    \"52\": 0.01064,\n    \"53\": 0,\n    \"54\": 0,\n    \"55\": 0,\n    \"56\": 0,\n    \"57\": 0,\n    \"58\": 0,\n    \"59\": 0.00532,\n    \"60\": 0,\n    \"61\": 0,\n    \"62\": 0,\n    \"63\": 0,\n    \"64\": 0,\n    \"65\": 0,\n    \"66\": 0,\n    \"67\": 0,\n    \"68\": 0.01596,\n    \"69\": 0,\n    \"70\": 0,\n    \"71\": 0,\n    \"72\": 0.00532,\n    \"73\": 0,\n    \"74\": 0,\n    \"75\": 0.00532,\n    \"76\": 0.00532,\n    \"77\": 0,\n    \"78\": 0.06385,\n    \"79\": 0.00532,\n    \"80\": 0.00532,\n    \"81\": 0.02661,\n    \"82\": 0.04257,\n    \"83\": 0.75026,\n    \"84\": 0.44696,\n    \"85\": 0,\n    \"86\": 0,\n    \"3.5\": 0,\n    \"3.6\": 0\n  },\n  D: {\n    \"4\": 0,\n    \"5\": 0,\n    \"6\": 0,\n    \"7\": 0,\n    \"8\": 0,\n    \"9\": 0,\n    \"10\": 0,\n    \"11\": 0,\n    \"12\": 0,\n    \"13\": 0,\n    \"14\": 0,\n    \"15\": 0,\n    \"16\": 0,\n    \"17\": 0,\n    \"18\": 0,\n    \"19\": 0,\n    \"20\": 0,\n    \"21\": 0,\n    \"22\": 0,\n    \"23\": 0,\n    \"24\": 0,\n    \"25\": 0,\n    \"26\": 0,\n    \"27\": 0,\n    \"28\": 0,\n    \"29\": 0,\n    \"30\": 0,\n    \"31\": 0,\n    \"32\": 0,\n    \"33\": 0,\n    \"34\": 0,\n    \"35\": 0,\n    \"36\": 0,\n    \"37\": 0,\n    \"38\": 0.00532,\n    \"39\": 0,\n    \"40\": 0,\n    \"41\": 0,\n    \"42\": 0,\n    \"43\": 0,\n    \"44\": 0,\n    \"45\": 0,\n    \"46\": 0,\n    \"47\": 0,\n    \"48\": 0.00532,\n    \"49\": 0.03725,\n    \"50\": 0,\n    \"51\": 0.00532,\n    \"52\": 0,\n    \"53\": 0.00532,\n    \"54\": 0,\n    \"55\": 0,\n    \"56\": 0,\n    \"57\": 0,\n    \"58\": 0,\n    \"59\": 0.00532,\n    \"60\": 0,\n    \"61\": 0.02128,\n    \"62\": 0.01064,\n    \"63\": 0.00532,\n    \"64\": 0,\n    \"65\": 0.01596,\n    \"66\": 0.03725,\n    \"67\": 0.04257,\n    \"68\": 0.01596,\n    \"69\": 0.09578,\n    \"70\": 0.02128,\n    \"71\": 0.01596,\n    \"72\": 0.01064,\n    \"73\": 0.01596,\n    \"74\": 0.01064,\n    \"75\": 0.02128,\n    \"76\": 0.01596,\n    \"77\": 0.01064,\n    \"78\": 0.01064,\n    \"79\": 0.04257,\n    \"80\": 0.05853,\n    \"81\": 0.04257,\n    \"83\": 0.04789,\n    \"84\": 0.37247,\n    \"85\": 0.23945,\n    \"86\": 3.84708,\n    \"87\": 12.5682,\n    \"88\": 0.01064,\n    \"89\": 0.00532,\n    \"90\": 0\n  },\n  F: {\n    \"9\": 0,\n    \"11\": 0,\n    \"12\": 0,\n    \"15\": 0,\n    \"16\": 0,\n    \"17\": 0,\n    \"18\": 0,\n    \"19\": 0,\n    \"20\": 0,\n    \"21\": 0,\n    \"22\": 0,\n    \"23\": 0,\n    \"24\": 0,\n    \"25\": 0,\n    \"26\": 0,\n    \"27\": 0,\n    \"28\": 0,\n    \"29\": 0,\n    \"30\": 0,\n    \"31\": 0,\n    \"32\": 0,\n    \"33\": 0,\n    \"34\": 0,\n    \"35\": 0,\n    \"36\": 0,\n    \"37\": 0,\n    \"38\": 0,\n    \"39\": 0,\n    \"40\": 0,\n    \"41\": 0,\n    \"42\": 0,\n    \"43\": 0,\n    \"44\": 0,\n    \"45\": 0,\n    \"46\": 0,\n    \"47\": 0,\n    \"48\": 0,\n    \"49\": 0,\n    \"50\": 0,\n    \"51\": 0,\n    \"52\": 0,\n    \"53\": 0,\n    \"54\": 0,\n    \"55\": 0,\n    \"56\": 0,\n    \"57\": 0,\n    \"58\": 0,\n    \"60\": 0,\n    \"62\": 0,\n    \"63\": 0,\n    \"64\": 0,\n    \"65\": 0,\n    \"66\": 0,\n    \"67\": 0,\n    \"68\": 0.00532,\n    \"69\": 0,\n    \"70\": 0,\n    \"71\": 0.09578,\n    \"72\": 0.36183,\n    \"9.5-9.6\": 0,\n    \"10.0-10.1\": 0,\n    \"10.5\": 0,\n    \"10.6\": 0,\n    \"11.1\": 0,\n    \"11.5\": 0,\n    \"11.6\": 0,\n    \"12.1\": 0\n  },\n  E: {\n    \"4\": 0,\n    \"5\": 0,\n    \"6\": 0,\n    \"7\": 0,\n    \"8\": 0,\n    \"9\": 0,\n    \"10\": 0,\n    \"11\": 0.00532,\n    \"12\": 0.02661,\n    \"13\": 0.19156,\n    \"14\": 3.28306,\n    _: \"0\",\n    \"3.1\": 0,\n    \"3.2\": 0,\n    \"5.1\": 0,\n    \"6.1\": 0,\n    \"7.1\": 0,\n    \"9.1\": 0.00532,\n    \"10.1\": 0.03193,\n    \"11.1\": 0.06917,\n    \"12.1\": 0.14367,\n    \"13.1\": 1.11209\n  },\n  G: {\n    \"8\": 0,\n    \"3.2\": 0,\n    \"4.0-4.1\": 0,\n    \"4.2-4.3\": 0,\n    \"5.0-5.1\": 0,\n    \"6.0-6.1\": 0,\n    \"7.0-7.1\": 0.04297,\n    \"8.1-8.4\": 0.01289,\n    \"9.0-9.2\": 0.00859,\n    \"9.3\": 0.33088,\n    \"10.0-10.2\": 0.03438,\n    \"10.3\": 0.4512,\n    \"11.0-11.2\": 0.09883,\n    \"11.3-11.4\": 0.21486,\n    \"12.0-12.1\": 0.20626,\n    \"12.2-12.4\": 1.9509,\n    \"13.0-13.1\": 0.16329,\n    \"13.2\": 0.09024,\n    \"13.3\": 0.66176,\n    \"13.4-13.7\": 4.09517,\n    \"14.0-14.3\": 34.54466\n  },\n  B: {\n    \"12\": 0,\n    \"13\": 0,\n    \"14\": 0.00532,\n    \"15\": 0.00532,\n    \"16\": 0.00532,\n    \"17\": 0.02128,\n    \"18\": 0.14367,\n    \"79\": 0,\n    \"80\": 0.00532,\n    \"81\": 0,\n    \"83\": 0.00532,\n    \"84\": 0.00532,\n    \"85\": 0.02661,\n    \"86\": 0.09578,\n    \"87\": 2.05923\n  },\n  I: {\n    \"3\": 0,\n    \"4\": 0.01333,\n    \"81\": 0,\n    \"2.1\": 0,\n    \"2.2\": 0,\n    \"2.3\": 0,\n    \"4.1\": 0.0019,\n    \"4.2-4.3\": 0.00762,\n    \"4.4\": 0,\n    \"4.4.3-4.4.4\": 0.05714\n  },\n  P: {\n    \"4\": 0.06232,\n    \"5.0-5.4\": 0.01039,\n    \"6.2-6.4\": 0,\n    \"7.2-7.4\": 0,\n    \"8.2\": 0,\n    \"9.2\": 0.03116,\n    \"10.1\": 0.02077,\n    \"11.1-11.2\": 0.03116,\n    \"12.0\": 0.19734,\n    \"13.0\": 3.33393\n  },\n  K: {\n    _: \"0 10 11 12 11.1 11.5 12.1\"\n  },\n  A: {\n    \"6\": 0.0056,\n    \"7\": 0,\n    \"8\": 0.0056,\n    \"9\": 0.0056,\n    \"10\": 0.0056,\n    \"11\": 0.40861,\n    \"5.5\": 0\n  },\n  N: {\n    \"10\": 0,\n    \"11\": 0\n  },\n  J: {\n    \"7\": 0,\n    \"10\": 0\n  },\n  O: {\n    \"0\": 0.03275\n  },\n  H: {\n    \"0\": 0.15061\n  },\n  L: {\n    \"0\": 23.2268\n  },\n  S: {\n    \"2.5\": 0\n  },\n  R: {\n    _: \"0\"\n  },\n  M: {\n    \"0\": 0.2012\n  },\n  Q: {\n    \"10.4\": 0\n  }\n};","map":{"version":3,"sources":["/Users/bruceseymour/ra-video/client/node_modules/caniuse-lite/data/regions/NO.js"],"names":["module","exports","C","D","F","E","_","G","B","I","P","K","A","N","J","O","H","L","S","R","M","Q"],