{"ast":null,"code":"module.exports = {\n  C: {\n    \"2\": 0,\n    \"3\": 0,\n    \"4\": 0,\n    \"5\": 0,\n    \"6\": 0,\n    \"7\": 0,\n    \"8\": 0,\n    \"9\": 0,\n    \"10\": 0,\n    \"11\": 0,\n    \"12\": 0,\n    \"13\": 0,\n    \"14\": 0,\n    \"15\": 0,\n    \"16\": 0,\n    \"17\": 0,\n    \"18\": 0,\n    \"19\": 0,\n    \"20\": 0,\n    \"21\": 0,\n    \"22\": 0,\n    \"23\": 0,\n    \"24\": 0,\n    \"25\": 0,\n    \"26\": 0,\n    \"27\": 0,\n    \"28\": 0,\n    \"29\": 0,\n    \"30\": 0.00447,\n    \"31\": 0,\n    \"32\": 0,\n    \"33\": 0,\n    \"34\": 0,\n    \"35\": 0,\n    \"36\": 0,\n    \"37\": 0,\n    \"38\": 0,\n    \"39\": 0,\n    \"40\": 0,\n    \"41\": 0,\n    \"42\": 0,\n    \"43\": 0,\n    \"44\": 0,\n    \"45\": 0.02236,\n    \"46\": 0,\n    \"47\": 0,\n    \"48\": 0,\n    \"49\": 0,\n    \"50\": 0,\n    \"51\": 0,\n    \"52\": 0.07602,\n    \"53\": 0,\n    \"54\": 0.00447,\n    \"55\": 0,\n    \"56\": 0,\n    \"57\": 0.01342,\n    \"58\": 0.00447,\n    \"59\": 0,\n    \"60\": 0.00447,\n    \"61\": 0.00447,\n    \"62\": 0.00447,\n    \"63\": 0,\n    \"64\": 0,\n    \"65\": 0,\n    \"66\": 0.02683,\n    \"67\": 0,\n    \"68\": 0.01789,\n    \"69\": 0,\n    \"70\": 0,\n    \"71\": 0,\n    \"72\": 0.00894,\n    \"73\": 0.02236,\n    \"74\": 0,\n    \"75\": 0,\n    \"76\": 0.00447,\n    \"77\": 0.00447,\n    \"78\": 0.04025,\n    \"79\": 0.00894,\n    \"80\": 0.00894,\n    \"81\": 0.02236,\n    \"82\": 0.0313,\n    \"83\": 0.6708,\n    \"84\": 0.45167,\n    \"85\": 0.00447,\n    \"86\": 0,\n    \"3.5\": 0,\n    \"3.6\": 0\n  },\n  D: {\n    \"4\": 0,\n    \"5\": 0,\n    \"6\": 0,\n    \"7\": 0,\n    \"8\": 0,\n    \"9\": 0,\n    \"10\": 0,\n    \"11\": 0,\n    \"12\": 0,\n    \"13\": 0,\n    \"14\": 0,\n    \"15\": 0,\n    \"16\": 0,\n    \"17\": 0,\n    \"18\": 0,\n    \"19\": 0,\n    \"20\": 0,\n    \"21\": 0,\n    \"22\": 0.00447,\n    \"23\": 0,\n    \"24\": 0,\n    \"25\": 0,\n    \"26\": 0,\n    \"27\": 0,\n    \"28\": 0,\n    \"29\": 0,\n    \"30\": 0,\n    \"31\": 0,\n    \"32\": 0,\n    \"33\": 0,\n    \"34\": 0,\n    \"35\": 0,\n    \"36\": 0,\n    \"37\": 0,\n    \"38\": 0.00447,\n    \"39\": 0,\n    \"40\": 0,\n    \"41\": 0,\n    \"42\": 0,\n    \"43\": 0.00447,\n    \"44\": 0,\n    \"45\": 0,\n    \"46\": 0.00447,\n    \"47\": 0.00447,\n    \"48\": 0.00894,\n    \"49\": 0.16546,\n    \"50\": 0,\n    \"51\": 0,\n    \"52\": 0.00447,\n    \"53\": 0.00894,\n    \"54\": 0.00447,\n    \"55\": 0.00447,\n    \"56\": 0,\n    \"57\": 0.00447,\n    \"58\": 0.00447,\n    \"59\": 0,\n    \"60\": 0,\n    \"61\": 0,\n    \"62\": 0.0313,\n    \"63\": 0.00894,\n    \"64\": 0.00447,\n    \"65\": 0.00447,\n    \"66\": 0.00894,\n    \"67\": 0.00447,\n    \"68\": 0.00447,\n    \"69\": 0.01342,\n    \"70\": 0.0313,\n    \"71\": 0.0313,\n    \"72\": 0.00894,\n    \"73\": 0.00894,\n    \"74\": 0.01789,\n    \"75\": 0.00894,\n    \"76\": 0.01789,\n    \"77\": 0.02236,\n    \"78\": 0.02683,\n    \"79\": 0.0313,\n    \"80\": 0.1431,\n    \"81\": 0.03578,\n    \"83\": 0.42931,\n    \"84\": 0.05366,\n    \"85\": 0.10733,\n    \"86\": 2.75475,\n    \"87\": 11.41254,\n    \"88\": 0.00894,\n    \"89\": 0.00447,\n    \"90\": 0\n  },\n  F: {\n    \"9\": 0,\n    \"11\": 0,\n    \"12\": 0,\n    \"15\": 0,\n    \"16\": 0,\n    \"17\": 0,\n    \"18\": 0,\n    \"19\": 0,\n    \"20\": 0,\n    \"21\": 0,\n    \"22\": 0,\n    \"23\": 0,\n    \"24\": 0,\n    \"25\": 0,\n    \"26\": 0,\n    \"27\": 0,\n    \"28\": 0,\n    \"29\": 0,\n    \"30\": 0,\n    \"31\": 0,\n    \"32\": 0,\n    \"33\": 0,\n    \"34\": 0,\n    \"35\": 0,\n    \"36\": 0,\n    \"37\": 0,\n    \"38\": 0,\n    \"39\": 0,\n    \"40\": 0,\n    \"41\": 0,\n    \"42\": 0,\n    \"43\": 0,\n    \"44\": 0,\n    \"45\": 0,\n    \"46\": 0,\n    \"47\": 0,\n    \"48\": 0,\n    \"49\": 0,\n    \"50\": 0,\n    \"51\": 0,\n    \"52\": 0,\n    \"53\": 0.00447,\n    \"54\": 0,\n    \"55\": 0,\n    \"56\": 0,\n    \"57\": 0,\n    \"58\": 0,\n    \"60\": 0,\n    \"62\": 0,\n    \"63\": 0,\n    \"64\": 0,\n    \"65\": 0,\n    \"66\": 0,\n    \"67\": 0,\n    \"68\": 0,\n    \"69\": 0,\n    \"70\": 0,\n    \"71\": 0.26385,\n    \"72\": 0.37565,\n    \"9.5-9.6\": 0,\n    \"10.0-10.1\": 0,\n    \"10.5\": 0,\n    \"10.6\": 0,\n    \"11.1\": 0,\n    \"11.5\": 0,\n    \"11.6\": 0,\n    \"12.1\": 0\n  },\n  E: {\n    \"4\": 0,\n    \"5\": 0,\n    \"6\": 0,\n    \"7\": 0,\n    \"8\": 0,\n    \"9\": 0,\n    \"10\": 0,\n    \"11\": 0,\n    \"12\": 0.00447,\n    \"13\": 0.01789,\n    \"14\": 0.28174,\n    _: \"0\",\n    \"3.1\": 0,\n    \"3.2\": 0,\n    \"5.1\": 0.33987,\n    \"6.1\": 0,\n    \"7.1\": 0,\n    \"9.1\": 0,\n    \"10.1\": 0,\n    \"11.1\": 0.00894,\n    \"12.1\": 0.03578,\n    \"13.1\": 0.13863\n  },\n  G: {\n    \"8\": 0,\n    \"3.2\": 0.0032,\n    \"4.0-4.1\": 0,\n    \"4.2-4.3\": 0,\n    \"5.0-5.1\": 0.03201,\n    \"6.0-6.1\": 0.00213,\n    \"7.0-7.1\": 0.03201,\n    \"8.1-8.4\": 0.00107,\n    \"9.0-9.2\": 0.00533,\n    \"9.3\": 0.15151,\n    \"10.0-10.2\": 0.00747,\n    \"10.3\": 0.1195,\n    \"11.0-11.2\": 0.02988,\n    \"11.3-11.4\": 0.07255,\n    \"12.0-12.1\": 0.05121,\n    \"12.2-12.4\": 1.14806,\n    \"13.0-13.1\": 0.06295,\n    \"13.2\": 0.016,\n    \"13.3\": 0.18885,\n    \"13.4-13.7\": 1.195,\n    \"14.0-14.3\": 7.51146\n  },\n  B: {\n    \"12\": 0,\n    \"13\": 0.00447,\n    \"14\": 0.00447,\n    \"15\": 0.00447,\n    \"16\": 0,\n    \"17\": 0.00447,\n    \"18\": 0.04025,\n    \"79\": 0,\n    \"80\": 0,\n    \"81\": 0,\n    \"83\": 0,\n    \"84\": 0.00447,\n    \"85\": 0.00447,\n    \"86\": 0.01789,\n    \"87\": 0.74235\n  },\n  I: {\n    \"3\": 0,\n    \"4\": 0,\n    \"81\": 0,\n    \"2.1\": 0,\n    \"2.2\": 0,\n    \"2.3\": 0,\n    \"4.1\": 0.02396,\n    \"4.2-4.3\": 0.04793,\n    \"4.4\": 0,\n    \"4.4.3-4.4.4\": 0.4673\n  },\n  P: {\n    \"4\": 0.09118,\n    \"5.0-5.4\": 0.01013,\n    \"6.2-6.4\": 0.01013,\n    \"7.2-7.4\": 0.12157,\n    \"8.2\": 0.01013,\n    \"9.2\": 0.11144,\n    \"10.1\": 0.05065,\n    \"11.1-11.2\": 0.18236,\n    \"12.0\": 0.32419,\n    \"13.0\": 1.63109\n  },\n  K: {\n    _: \"0 10 11 12 11.1 11.5 12.1\"\n  },\n  A: {\n    \"6\": 0,\n    \"7\": 0,\n    \"8\": 0.00447,\n    \"9\": 0,\n    \"10\": 0,\n    \"11\": 0.15205,\n    \"5.5\": 0\n  },\n  N: {\n    \"10\": 0,\n    \"11\": 0\n  },\n  J: {\n    \"7\": 0,\n    \"10\": 0.00553\n  },\n  O: {\n    \"0\": 0.03317\n  },\n  H: {\n    \"0\": 0.1099\n  },\n  L: {\n    \"0\": 64.92726\n  },\n  S: {\n    \"2.5\": 0\n  },\n  R: {\n    _: \"0\"\n  },\n  M: {\n    \"0\": 0.23218\n  },\n  Q: {\n    \"10.4\": 0\n  }\n};","map":{"version":3,"sources":["/Users/bruceseymour/ra-video/client/node_modules/caniuse-lite/data/regions/UY.js"],"names":["module","exports","C","D","F","E","_","G","B","I","P","K","A","N","J","O","H","L","S","R","M","Q"],