{"ast":null,"code":"module.exports = {\n  C: {\n    \"2\": 0,\n    \"3\": 0,\n    \"4\": 0,\n    \"5\": 0,\n    \"6\": 0,\n    \"7\": 0,\n    \"8\": 0,\n    \"9\": 0,\n    \"10\": 0,\n    \"11\": 0,\n    \"12\": 0,\n    \"13\": 0,\n    \"14\": 0,\n    \"15\": 0,\n    \"16\": 0,\n    \"17\": 0,\n    \"18\": 0,\n    \"19\": 0,\n    \"20\": 0,\n    \"21\": 0,\n    \"22\": 0,\n    \"23\": 0,\n    \"24\": 0,\n    \"25\": 0,\n    \"26\": 0,\n    \"27\": 0.00616,\n    \"28\": 0.00616,\n    \"29\": 0,\n    \"30\": 0,\n    \"31\": 0,\n    \"32\": 0,\n    \"33\": 0,\n    \"34\": 0,\n    \"35\": 0,\n    \"36\": 0,\n    \"37\": 0,\n    \"38\": 0,\n    \"39\": 0,\n    \"40\": 0,\n    \"41\": 0,\n    \"42\": 0,\n    \"43\": 0,\n    \"44\": 0,\n    \"45\": 0.01847,\n    \"46\": 0.01231,\n    \"47\": 0.01847,\n    \"48\": 0.01847,\n    \"49\": 0.01847,\n    \"50\": 0.03694,\n    \"51\": 0.01847,\n    \"52\": 0.11698,\n    \"53\": 0.01847,\n    \"54\": 0.01847,\n    \"55\": 0.01231,\n    \"56\": 0.02463,\n    \"57\": 0.00616,\n    \"58\": 0,\n    \"59\": 0,\n    \"60\": 0.00616,\n    \"61\": 0,\n    \"62\": 0,\n    \"63\": 0,\n    \"64\": 0.01847,\n    \"65\": 0,\n    \"66\": 0.01231,\n    \"67\": 0.00616,\n    \"68\": 0.01847,\n    \"69\": 0.00616,\n    \"70\": 0.00616,\n    \"71\": 0,\n    \"72\": 0.03079,\n    \"73\": 0,\n    \"74\": 0,\n    \"75\": 0.00616,\n    \"76\": 0.00616,\n    \"77\": 0.00616,\n    \"78\": 0.08004,\n    \"79\": 0.01231,\n    \"80\": 0.03079,\n    \"81\": 0.0431,\n    \"82\": 0.06773,\n    \"83\": 1.26834,\n    \"84\": 0.76963,\n    \"85\": 0.01231,\n    \"86\": 0,\n    \"3.5\": 0,\n    \"3.6\": 0\n  },\n  D: {\n    \"4\": 0,\n    \"5\": 0,\n    \"6\": 0,\n    \"7\": 0,\n    \"8\": 0,\n    \"9\": 0,\n    \"10\": 0,\n    \"11\": 0,\n    \"12\": 0,\n    \"13\": 0,\n    \"14\": 0,\n    \"15\": 0,\n    \"16\": 0,\n    \"17\": 0,\n    \"18\": 0,\n    \"19\": 0,\n    \"20\": 0,\n    \"21\": 0,\n    \"22\": 0.00616,\n    \"23\": 0,\n    \"24\": 0,\n    \"25\": 0,\n    \"26\": 0.00616,\n    \"27\": 0,\n    \"28\": 0,\n    \"29\": 0,\n    \"30\": 0,\n    \"31\": 0,\n    \"32\": 0,\n    \"33\": 0,\n    \"34\": 0,\n    \"35\": 0,\n    \"36\": 0,\n    \"37\": 0,\n    \"38\": 0.00616,\n    \"39\": 0,\n    \"40\": 0.00616,\n    \"41\": 0,\n    \"42\": 0,\n    \"43\": 0,\n    \"44\": 0,\n    \"45\": 0.00616,\n    \"46\": 0,\n    \"47\": 0,\n    \"48\": 0,\n    \"49\": 0.44946,\n    \"50\": 0.00616,\n    \"51\": 0.01847,\n    \"52\": 0,\n    \"53\": 0.03694,\n    \"54\": 0,\n    \"55\": 0,\n    \"56\": 0.00616,\n    \"57\": 0.00616,\n    \"58\": 0.00616,\n    \"59\": 0.03694,\n    \"60\": 0.00616,\n    \"61\": 0.00616,\n    \"62\": 0.00616,\n    \"63\": 0.00616,\n    \"64\": 0.00616,\n    \"65\": 0.00616,\n    \"66\": 0.00616,\n    \"67\": 0.01231,\n    \"68\": 0.01847,\n    \"69\": 0.01231,\n    \"70\": 0.03694,\n    \"71\": 0.08004,\n    \"72\": 0.0431,\n    \"73\": 0.06157,\n    \"74\": 0.01847,\n    \"75\": 0.01847,\n    \"76\": 0.02463,\n    \"77\": 0.06157,\n    \"78\": 0.03079,\n    \"79\": 0.03694,\n    \"80\": 0.19702,\n    \"81\": 0.06773,\n    \"83\": 0.1293,\n    \"84\": 0.26475,\n    \"85\": 0.22781,\n    \"86\": 3.58953,\n    \"87\": 17.36274,\n    \"88\": 0.01847,\n    \"89\": 0.03079,\n    \"90\": 0\n  },\n  F: {\n    \"9\": 0,\n    \"11\": 0,\n    \"12\": 0,\n    \"15\": 0,\n    \"16\": 0,\n    \"17\": 0,\n    \"18\": 0,\n    \"19\": 0,\n    \"20\": 0,\n    \"21\": 0,\n    \"22\": 0,\n    \"23\": 0,\n    \"24\": 0,\n    \"25\": 0,\n    \"26\": 0,\n    \"27\": 0,\n    \"28\": 0,\n    \"29\": 0,\n    \"30\": 0,\n    \"31\": 0,\n    \"32\": 0,\n    \"33\": 0,\n    \"34\": 0,\n    \"35\": 0,\n    \"36\": 0.12314,\n    \"37\": 0,\n    \"38\": 0,\n    \"39\": 0,\n    \"40\": 0,\n    \"41\": 0,\n    \"42\": 0,\n    \"43\": 0,\n    \"44\": 0.00616,\n    \"45\": 0.01847,\n    \"46\": 0,\n    \"47\": 0,\n    \"48\": 0.00616,\n    \"49\": 0,\n    \"50\": 0.01231,\n    \"51\": 0.01231,\n    \"52\": 0,\n    \"53\": 0.01231,\n    \"54\": 0,\n    \"55\": 0.00616,\n    \"56\": 0.01847,\n    \"57\": 0,\n    \"58\": 0.00616,\n    \"60\": 0.00616,\n    \"62\": 0.00616,\n    \"63\": 0.00616,\n    \"64\": 0,\n    \"65\": 0,\n    \"66\": 0.00616,\n    \"67\": 0.00616,\n    \"68\": 0.00616,\n    \"69\": 0,\n    \"70\": 0.01847,\n    \"71\": 0.33248,\n    \"72\": 2.89995,\n    \"9.5-9.6\": 0,\n    \"10.0-10.1\": 0,\n    \"10.5\": 0,\n    \"10.6\": 0,\n    \"11.1\": 0,\n    \"11.5\": 0,\n    \"11.6\": 0.01231,\n    \"12.1\": 0.05541\n  },\n  E: {\n    \"4\": 0,\n    \"5\": 0,\n    \"6\": 0,\n    \"7\": 0.00616,\n    \"8\": 0,\n    \"9\": 0,\n    \"10\": 0,\n    \"11\": 0,\n    \"12\": 0.01231,\n    \"13\": 0.07388,\n    \"14\": 1.01591,\n    _: \"0\",\n    \"3.1\": 0,\n    \"3.2\": 0,\n    \"5.1\": 0.42483,\n    \"6.1\": 0,\n    \"7.1\": 0,\n    \"9.1\": 0,\n    \"10.1\": 0.01231,\n    \"11.1\": 0.02463,\n    \"12.1\": 0.08004,\n    \"13.1\": 0.28938\n  },\n  G: {\n    \"8\": 0.00085,\n    \"3.2\": 0,\n    \"4.0-4.1\": 0,\n    \"4.2-4.3\": 0,\n    \"5.0-5.1\": 0.00426,\n    \"6.0-6.1\": 0.00682,\n    \"7.0-7.1\": 0.00937,\n    \"8.1-8.4\": 0.01023,\n    \"9.0-9.2\": 0.04943,\n    \"9.3\": 0.07585,\n    \"10.0-10.2\": 0.02045,\n    \"10.3\": 0.1355,\n    \"11.0-11.2\": 0.12101,\n    \"11.3-11.4\": 0.11675,\n    \"12.0-12.1\": 0.10993,\n    \"12.2-12.4\": 0.95788,\n    \"13.0-13.1\": 0.07926,\n    \"13.2\": 0.04091,\n    \"13.3\": 0.23862,\n    \"13.4-13.7\": 0.93317,\n    \"14.0-14.3\": 5.59217\n  },\n  B: {\n    \"12\": 0,\n    \"13\": 0,\n    \"14\": 0.00616,\n    \"15\": 0.00616,\n    \"16\": 0.01231,\n    \"17\": 0.01231,\n    \"18\": 0.05541,\n    \"79\": 0,\n    \"80\": 0,\n    \"81\": 0,\n    \"83\": 0,\n    \"84\": 0.01847,\n    \"85\": 0.00616,\n    \"86\": 0.01231,\n    \"87\": 0.76347\n  },\n  I: {\n    \"3\": 0,\n    \"4\": 0.0022,\n    \"81\": 0,\n    \"2.1\": 0,\n    \"2.2\": 0,\n    \"2.3\": 0,\n    \"4.1\": 0.00808,\n    \"4.2-4.3\": 0.01615,\n    \"4.4\": 0,\n    \"4.4.3-4.4.4\": 0.10278\n  },\n  P: {\n    \"4\": 0.11097,\n    \"5.0-5.4\": 0.01009,\n    \"6.2-6.4\": 0.02018,\n    \"7.2-7.4\": 0.01009,\n    \"8.2\": 0.01009,\n    \"9.2\": 0.03026,\n    \"10.1\": 0.03026,\n    \"11.1-11.2\": 0.07062,\n    \"12.0\": 0.22193,\n    \"13.0\": 1.34169\n  },\n  K: {\n    _: \"0 10 11 12 11.1 11.5 12.1\"\n  },\n  A: {\n    \"6\": 0.00736,\n    \"7\": 0,\n    \"8\": 0.01472,\n    \"9\": 0,\n    \"10\": 0,\n    \"11\": 0.31655,\n    \"5.5\": 0\n  },\n  N: {\n    \"10\": 0,\n    \"11\": 0\n  },\n  J: {\n    \"7\": 0,\n    \"10\": 0\n  },\n  O: {\n    \"0\": 0.19984\n  },\n  H: {\n    \"0\": 1.026\n  },\n  L: {\n    \"0\": 46.54251\n  },\n  S: {\n    \"2.5\": 0\n  },\n  R: {\n    _: \"0\"\n  },\n  M: {\n    \"0\": 0.09223\n  },\n  Q: {\n    \"10.4\": 0.01153\n  }\n};","map":{"version":3,"sources":["/Users/bruceseymour/ra-video/client/node_modules/caniuse-lite/data/regions/BY.js"],"names":["module","exports","C","D","F","E","_","G","B","I","P","K","A","N","J","O","H","L","S","R","M","Q"],