{"ast":null,"code":"module.exports = {\n  C: {\n    \"2\": 0,\n    \"3\": 0,\n    \"4\": 0,\n    \"5\": 0,\n    \"6\": 0,\n    \"7\": 0,\n    \"8\": 0,\n    \"9\": 0,\n    \"10\": 0,\n    \"11\": 0,\n    \"12\": 0,\n    \"13\": 0,\n    \"14\": 0,\n    \"15\": 0,\n    \"16\": 0,\n    \"17\": 0,\n    \"18\": 0,\n    \"19\": 0,\n    \"20\": 0,\n    \"21\": 0,\n    \"22\": 0,\n    \"23\": 0,\n    \"24\": 0,\n    \"25\": 0,\n    \"26\": 0,\n    \"27\": 0,\n    \"28\": 0,\n    \"29\": 0,\n    \"30\": 0.00857,\n    \"31\": 0,\n    \"32\": 0.00857,\n    \"33\": 0,\n    \"34\": 0,\n    \"35\": 0,\n    \"36\": 0,\n    \"37\": 0,\n    \"38\": 0,\n    \"39\": 0,\n    \"40\": 0,\n    \"41\": 0,\n    \"42\": 0,\n    \"43\": 0,\n    \"44\": 0,\n    \"45\": 0,\n    \"46\": 0,\n    \"47\": 0,\n    \"48\": 0.00429,\n    \"49\": 0,\n    \"50\": 0,\n    \"51\": 0,\n    \"52\": 0.03,\n    \"53\": 0,\n    \"54\": 0,\n    \"55\": 0,\n    \"56\": 0.00429,\n    \"57\": 0,\n    \"58\": 0,\n    \"59\": 0,\n    \"60\": 0.00429,\n    \"61\": 0.00429,\n    \"62\": 0,\n    \"63\": 0,\n    \"64\": 0,\n    \"65\": 0.01286,\n    \"66\": 0.00429,\n    \"67\": 0.00429,\n    \"68\": 0.01286,\n    \"69\": 0,\n    \"70\": 0.00429,\n    \"71\": 0,\n    \"72\": 0.01714,\n    \"73\": 0.00429,\n    \"74\": 0,\n    \"75\": 0,\n    \"76\": 0.01286,\n    \"77\": 0.00429,\n    \"78\": 0.01714,\n    \"79\": 0.02143,\n    \"80\": 0.01286,\n    \"81\": 0.03,\n    \"82\": 0.03857,\n    \"83\": 0.74576,\n    \"84\": 0.4886,\n    \"85\": 0.01286,\n    \"86\": 0,\n    \"3.5\": 0,\n    \"3.6\": 0\n  },\n  D: {\n    \"4\": 0,\n    \"5\": 0,\n    \"6\": 0,\n    \"7\": 0,\n    \"8\": 0,\n    \"9\": 0,\n    \"10\": 0,\n    \"11\": 0,\n    \"12\": 0,\n    \"13\": 0,\n    \"14\": 0,\n    \"15\": 0,\n    \"16\": 0,\n    \"17\": 0,\n    \"18\": 0,\n    \"19\": 0,\n    \"20\": 0,\n    \"21\": 0,\n    \"22\": 0,\n    \"23\": 0,\n    \"24\": 0,\n    \"25\": 0,\n    \"26\": 0.00429,\n    \"27\": 0,\n    \"28\": 0,\n    \"29\": 0,\n    \"30\": 0,\n    \"31\": 0,\n    \"32\": 0,\n    \"33\": 0,\n    \"34\": 0.01286,\n    \"35\": 0,\n    \"36\": 0,\n    \"37\": 0,\n    \"38\": 0.04286,\n    \"39\": 0,\n    \"40\": 0,\n    \"41\": 0,\n    \"42\": 0,\n    \"43\": 0,\n    \"44\": 0,\n    \"45\": 0,\n    \"46\": 0,\n    \"47\": 0.02572,\n    \"48\": 0,\n    \"49\": 0.23144,\n    \"50\": 0.00429,\n    \"51\": 0,\n    \"52\": 0,\n    \"53\": 0.01286,\n    \"54\": 0,\n    \"55\": 0.02143,\n    \"56\": 0,\n    \"57\": 0.00429,\n    \"58\": 0,\n    \"59\": 0,\n    \"60\": 0.00429,\n    \"61\": 0,\n    \"62\": 0,\n    \"63\": 0.00429,\n    \"64\": 0,\n    \"65\": 0.00429,\n    \"66\": 0.00429,\n    \"67\": 0,\n    \"68\": 0.01286,\n    \"69\": 0.03857,\n    \"70\": 0.00857,\n    \"71\": 0.02143,\n    \"72\": 0.06,\n    \"73\": 0.01714,\n    \"74\": 0.02572,\n    \"75\": 0.00429,\n    \"76\": 0,\n    \"77\": 0.00429,\n    \"78\": 0.00857,\n    \"79\": 0.03,\n    \"80\": 0.03429,\n    \"81\": 0.06858,\n    \"83\": 0.05143,\n    \"84\": 0.06,\n    \"85\": 0.11144,\n    \"86\": 1.9887,\n    \"87\": 9.70779,\n    \"88\": 0.03429,\n    \"89\": 0.00429,\n    \"90\": 0\n  },\n  F: {\n    \"9\": 0,\n    \"11\": 0,\n    \"12\": 0,\n    \"15\": 0,\n    \"16\": 0,\n    \"17\": 0,\n    \"18\": 0,\n    \"19\": 0,\n    \"20\": 0,\n    \"21\": 0,\n    \"22\": 0,\n    \"23\": 0,\n    \"24\": 0,\n    \"25\": 0,\n    \"26\": 0,\n    \"27\": 0,\n    \"28\": 0,\n    \"29\": 0,\n    \"30\": 0,\n    \"31\": 0,\n    \"32\": 0,\n    \"33\": 0,\n    \"34\": 0,\n    \"35\": 0,\n    \"36\": 0,\n    \"37\": 0.03,\n    \"38\": 0,\n    \"39\": 0,\n    \"40\": 0,\n    \"41\": 0,\n    \"42\": 0,\n    \"43\": 0,\n    \"44\": 0,\n    \"45\": 0,\n    \"46\": 0.00429,\n    \"47\": 0,\n    \"48\": 0,\n    \"49\": 0,\n    \"50\": 0.00429,\n    \"51\": 0.00857,\n    \"52\": 0,\n    \"53\": 0,\n    \"54\": 0.00429,\n    \"55\": 0.00429,\n    \"56\": 0,\n    \"57\": 0,\n    \"58\": 0,\n    \"60\": 0.04715,\n    \"62\": 0,\n    \"63\": 0,\n    \"64\": 0,\n    \"65\": 0,\n    \"66\": 0,\n    \"67\": 0,\n    \"68\": 0,\n    \"69\": 0,\n    \"70\": 0,\n    \"71\": 0.04715,\n    \"72\": 0.1543,\n    \"9.5-9.6\": 0,\n    \"10.0-10.1\": 0,\n    \"10.5\": 0,\n    \"10.6\": 0,\n    \"11.1\": 0,\n    \"11.5\": 0,\n    \"11.6\": 0,\n    \"12.1\": 0.00429\n  },\n  E: {\n    \"4\": 0,\n    \"5\": 0,\n    \"6\": 0,\n    \"7\": 0,\n    \"8\": 0,\n    \"9\": 0.00429,\n    \"10\": 0,\n    \"11\": 0.00429,\n    \"12\": 0.00857,\n    \"13\": 0.11572,\n    \"14\": 1.03721,\n    _: \"0\",\n    \"3.1\": 0,\n    \"3.2\": 0,\n    \"5.1\": 0.01286,\n    \"6.1\": 0,\n    \"7.1\": 0,\n    \"9.1\": 0.03,\n    \"10.1\": 0.02143,\n    \"11.1\": 0.06858,\n    \"12.1\": 0.06858,\n    \"13.1\": 0.3686\n  },\n  G: {\n    \"8\": 0,\n    \"3.2\": 0,\n    \"4.0-4.1\": 0,\n    \"4.2-4.3\": 0,\n    \"5.0-5.1\": 0.02859,\n    \"6.0-6.1\": 0,\n    \"7.0-7.1\": 0.21159,\n    \"8.1-8.4\": 0.12009,\n    \"9.0-9.2\": 0.08768,\n    \"9.3\": 1.05412,\n    \"10.0-10.2\": 0.03622,\n    \"10.3\": 0.6767,\n    \"11.0-11.2\": 0.27449,\n    \"11.3-11.4\": 0.34121,\n    \"12.0-12.1\": 0.2173,\n    \"12.2-12.4\": 2.47423,\n    \"13.0-13.1\": 0.06862,\n    \"13.2\": 0.05147,\n    \"13.3\": 0.42127,\n    \"13.4-13.7\": 1.87759,\n    \"14.0-14.3\": 11.02156\n  },\n  B: {\n    \"12\": 0,\n    \"13\": 0,\n    \"14\": 0,\n    \"15\": 0.00429,\n    \"16\": 0,\n    \"17\": 0.02143,\n    \"18\": 0.08572,\n    \"79\": 0,\n    \"80\": 0,\n    \"81\": 0,\n    \"83\": 0,\n    \"84\": 0.00857,\n    \"85\": 0.00857,\n    \"86\": 0.02572,\n    \"87\": 0.75862\n  },\n  I: {\n    \"3\": 0,\n    \"4\": 0,\n    \"81\": 0,\n    \"2.1\": 0,\n    \"2.2\": 0,\n    \"2.3\": 0,\n    \"4.1\": 0.00514,\n    \"4.2-4.3\": 0.02055,\n    \"4.4\": 0,\n    \"4.4.3-4.4.4\": 0.14002\n  },\n  P: {\n    \"4\": 0.61708,\n    \"5.0-5.4\": 0.02128,\n    \"6.2-6.4\": 0.02128,\n    \"7.2-7.4\": 0.0532,\n    \"8.2\": 0,\n    \"9.2\": 0.17023,\n    \"10.1\": 0.08511,\n    \"11.1-11.2\": 0.12767,\n    \"12.0\": 0.30854,\n    \"13.0\": 2.06402\n  },\n  K: {\n    _: \"0 10 11 12 11.1 11.5 12.1\"\n  },\n  A: {\n    \"6\": 0,\n    \"7\": 0,\n    \"8\": 0,\n    \"9\": 0.00459,\n    \"10\": 0.00459,\n    \"11\": 0.1194,\n    \"5.5\": 0\n  },\n  N: {\n    \"10\": 0,\n    \"11\": 0\n  },\n  J: {\n    \"7\": 0,\n    \"10\": 0\n  },\n  O: {\n    \"0\": 2.82843\n  },\n  H: {\n    \"0\": 2.20714\n  },\n  L: {\n    \"0\": 50.76062\n  },\n  S: {\n    \"2.5\": 0\n  },\n  R: {\n    _: \"0\"\n  },\n  M: {\n    \"0\": 0.29713\n  },\n  Q: {\n    \"10.4\": 0.01714\n  }\n};","map":{"version":3,"sources":["/Users/bruceseymour/ra-video/client/node_modules/caniuse-lite/data/regions/BN.js"],"names":["module","exports","C","D","F","E","_","G","B","I","P","K","A","N","J","O","H","L","S","R","M","Q"],