{"ast":null,"code":"module.exports = {\n  C: {\n    \"2\": 0,\n    \"3\": 0,\n    \"4\": 0,\n    \"5\": 0,\n    \"6\": 0,\n    \"7\": 0,\n    \"8\": 0,\n    \"9\": 0,\n    \"10\": 0,\n    \"11\": 0,\n    \"12\": 0,\n    \"13\": 0,\n    \"14\": 0,\n    \"15\": 0,\n    \"16\": 0,\n    \"17\": 0,\n    \"18\": 0,\n    \"19\": 0,\n    \"20\": 0,\n    \"21\": 0,\n    \"22\": 0,\n    \"23\": 0,\n    \"24\": 0,\n    \"25\": 0,\n    \"26\": 0,\n    \"27\": 0,\n    \"28\": 0,\n    \"29\": 0,\n    \"30\": 0,\n    \"31\": 0,\n    \"32\": 0,\n    \"33\": 0,\n    \"34\": 0,\n    \"35\": 0,\n    \"36\": 0,\n    \"37\": 0,\n    \"38\": 0,\n    \"39\": 0,\n    \"40\": 0,\n    \"41\": 0,\n    \"42\": 0,\n    \"43\": 0,\n    \"44\": 0,\n    \"45\": 0.00329,\n    \"46\": 0,\n    \"47\": 0,\n    \"48\": 0,\n    \"49\": 0,\n    \"50\": 0,\n    \"51\": 0,\n    \"52\": 0.02957,\n    \"53\": 0,\n    \"54\": 0,\n    \"55\": 0,\n    \"56\": 0.00329,\n    \"57\": 0,\n    \"58\": 0.02628,\n    \"59\": 0,\n    \"60\": 0.00657,\n    \"61\": 0,\n    \"62\": 0,\n    \"63\": 0,\n    \"64\": 0,\n    \"65\": 0.00657,\n    \"66\": 0,\n    \"67\": 0,\n    \"68\": 0.00329,\n    \"69\": 0,\n    \"70\": 0.00329,\n    \"71\": 0,\n    \"72\": 0.00657,\n    \"73\": 0,\n    \"74\": 0,\n    \"75\": 0,\n    \"76\": 0.00657,\n    \"77\": 0,\n    \"78\": 0.00986,\n    \"79\": 0,\n    \"80\": 0.05585,\n    \"81\": 0.00657,\n    \"82\": 0.023,\n    \"83\": 0.43362,\n    \"84\": 0.20367,\n    \"85\": 0.00329,\n    \"86\": 0,\n    \"3.5\": 0,\n    \"3.6\": 0\n  },\n  D: {\n    \"4\": 0,\n    \"5\": 0,\n    \"6\": 0,\n    \"7\": 0,\n    \"8\": 0,\n    \"9\": 0,\n    \"10\": 0,\n    \"11\": 0,\n    \"12\": 0,\n    \"13\": 0,\n    \"14\": 0,\n    \"15\": 0,\n    \"16\": 0,\n    \"17\": 0,\n    \"18\": 0,\n    \"19\": 0,\n    \"20\": 0,\n    \"21\": 0,\n    \"22\": 0,\n    \"23\": 0,\n    \"24\": 0.00329,\n    \"25\": 0,\n    \"26\": 0,\n    \"27\": 0,\n    \"28\": 0,\n    \"29\": 0,\n    \"30\": 0,\n    \"31\": 0,\n    \"32\": 0,\n    \"33\": 0,\n    \"34\": 0,\n    \"35\": 0,\n    \"36\": 0,\n    \"37\": 0,\n    \"38\": 0,\n    \"39\": 0.00329,\n    \"40\": 0,\n    \"41\": 0,\n    \"42\": 0,\n    \"43\": 0,\n    \"44\": 0,\n    \"45\": 0,\n    \"46\": 0,\n    \"47\": 0,\n    \"48\": 0,\n    \"49\": 0.00329,\n    \"50\": 0,\n    \"51\": 0,\n    \"52\": 0,\n    \"53\": 0.01314,\n    \"54\": 0,\n    \"55\": 0,\n    \"56\": 0,\n    \"57\": 0.00657,\n    \"58\": 0.00329,\n    \"59\": 0.00657,\n    \"60\": 0,\n    \"61\": 0,\n    \"62\": 0,\n    \"63\": 0.00986,\n    \"64\": 0,\n    \"65\": 0.01314,\n    \"66\": 0,\n    \"67\": 0.00329,\n    \"68\": 0,\n    \"69\": 0.00329,\n    \"70\": 0.00329,\n    \"71\": 0,\n    \"72\": 0,\n    \"73\": 0,\n    \"74\": 0.00329,\n    \"75\": 0.00329,\n    \"76\": 0.00657,\n    \"77\": 0.01314,\n    \"78\": 0.00329,\n    \"79\": 0.03285,\n    \"80\": 0.04599,\n    \"81\": 0.02628,\n    \"83\": 0.023,\n    \"84\": 0.05256,\n    \"85\": 0.02628,\n    \"86\": 0.99864,\n    \"87\": 5.88015,\n    \"88\": 0.00329,\n    \"89\": 0,\n    \"90\": 0\n  },\n  F: {\n    \"9\": 0,\n    \"11\": 0,\n    \"12\": 0,\n    \"15\": 0,\n    \"16\": 0,\n    \"17\": 0,\n    \"18\": 0,\n    \"19\": 0,\n    \"20\": 0,\n    \"21\": 0,\n    \"22\": 0,\n    \"23\": 0,\n    \"24\": 0,\n    \"25\": 0,\n    \"26\": 0,\n    \"27\": 0,\n    \"28\": 0,\n    \"29\": 0,\n    \"30\": 0,\n    \"31\": 0,\n    \"32\": 0,\n    \"33\": 0,\n    \"34\": 0,\n    \"35\": 0,\n    \"36\": 0,\n    \"37\": 0,\n    \"38\": 0,\n    \"39\": 0,\n    \"40\": 0,\n    \"41\": 0,\n    \"42\": 0,\n    \"43\": 0,\n    \"44\": 0,\n    \"45\": 0,\n    \"46\": 0,\n    \"47\": 0,\n    \"48\": 0,\n    \"49\": 0,\n    \"50\": 0,\n    \"51\": 0.02957,\n    \"52\": 0,\n    \"53\": 0,\n    \"54\": 0,\n    \"55\": 0,\n    \"56\": 0,\n    \"57\": 0,\n    \"58\": 0,\n    \"60\": 0.00329,\n    \"62\": 0,\n    \"63\": 0,\n    \"64\": 0,\n    \"65\": 0,\n    \"66\": 0,\n    \"67\": 0,\n    \"68\": 0,\n    \"69\": 0,\n    \"70\": 0,\n    \"71\": 0,\n    \"72\": 0.15768,\n    \"9.5-9.6\": 0,\n    \"10.0-10.1\": 0,\n    \"10.5\": 0,\n    \"10.6\": 0,\n    \"11.1\": 0,\n    \"11.5\": 0,\n    \"11.6\": 0,\n    \"12.1\": 0\n  },\n  E: {\n    \"4\": 0,\n    \"5\": 0,\n    \"6\": 0,\n    \"7\": 0,\n    \"8\": 0,\n    \"9\": 0,\n    \"10\": 0,\n    \"11\": 0,\n    \"12\": 0,\n    \"13\": 0.01971,\n    \"14\": 0.17411,\n    _: \"0\",\n    \"3.1\": 0,\n    \"3.2\": 0,\n    \"5.1\": 0,\n    \"6.1\": 0,\n    \"7.1\": 0,\n    \"9.1\": 0,\n    \"10.1\": 0.00329,\n    \"11.1\": 0.00329,\n    \"12.1\": 0.023,\n    \"13.1\": 0.08213\n  },\n  G: {\n    \"8\": 0.00098,\n    \"3.2\": 0,\n    \"4.0-4.1\": 0,\n    \"4.2-4.3\": 0,\n    \"5.0-5.1\": 0.00588,\n    \"6.0-6.1\": 0.01422,\n    \"7.0-7.1\": 0.02794,\n    \"8.1-8.4\": 0.01079,\n    \"9.0-9.2\": 0.00637,\n    \"9.3\": 0.08579,\n    \"10.0-10.2\": 0.03285,\n    \"10.3\": 0.09658,\n    \"11.0-11.2\": 0.27943,\n    \"11.3-11.4\": 0.03334,\n    \"12.0-12.1\": 0.04608,\n    \"12.2-12.4\": 0.47013,\n    \"13.0-13.1\": 0.02745,\n    \"13.2\": 0.01814,\n    \"13.3\": 0.17599,\n    \"13.4-13.7\": 0.87703,\n    \"14.0-14.3\": 2.6855\n  },\n  B: {\n    \"12\": 0.00329,\n    \"13\": 0.00657,\n    \"14\": 0.00329,\n    \"15\": 0.01643,\n    \"16\": 0.01314,\n    \"17\": 0.01971,\n    \"18\": 0.05256,\n    \"79\": 0,\n    \"80\": 0,\n    \"81\": 0.05913,\n    \"83\": 0,\n    \"84\": 0.00329,\n    \"85\": 0.00657,\n    \"86\": 0.05256,\n    \"87\": 0.58802\n  },\n  I: {\n    \"3\": 0,\n    \"4\": 0,\n    \"81\": 0,\n    \"2.1\": 0,\n    \"2.2\": 0,\n    \"2.3\": 0,\n    \"4.1\": 0,\n    \"4.2-4.3\": 0.01688,\n    \"4.4\": 0,\n    \"4.4.3-4.4.4\": 0.27853\n  },\n  P: {\n    \"4\": 0.88015,\n    \"5.0-5.4\": 0.02047,\n    \"6.2-6.4\": 0.07164,\n    \"7.2-7.4\": 1.07461,\n    \"8.2\": 0.02047,\n    \"9.2\": 0.58336,\n    \"10.1\": 0.22516,\n    \"11.1-11.2\": 0.88015,\n    \"12.0\": 1.16672,\n    \"13.0\": 18.43205\n  },\n  K: {\n    _: \"0 10 11 12 11.1 11.5 12.1\"\n  },\n  A: {\n    \"6\": 0,\n    \"7\": 0,\n    \"8\": 0,\n    \"9\": 0.00845,\n    \"10\": 0.00845,\n    \"11\": 0.55797,\n    \"5.5\": 0\n  },\n  N: {\n    \"10\": 0,\n    \"11\": 0\n  },\n  J: {\n    \"7\": 0,\n    \"10\": 0\n  },\n  O: {\n    \"0\": 1.73247\n  },\n  H: {\n    \"0\": 0.52766\n  },\n  L: {\n    \"0\": 50.56391\n  },\n  S: {\n    \"2.5\": 0\n  },\n  R: {\n    _: \"0\"\n  },\n  M: {\n    \"0\": 0.1343\n  },\n  Q: {\n    \"10.4\": 0.04701\n  }\n};","map":{"version":3,"sources":["/Users/bruceseymour/ra-video/client/node_modules/caniuse-lite/data/regions/FJ.js"],"names":["module","exports","C","D","F","E","_","G","B","I","P","K","A","N","J","O","H","L","S","R","M","Q"],