{"ast":null,"code":"module.exports = {\n  C: {\n    \"2\": 0,\n    \"3\": 0,\n    \"4\": 0,\n    \"5\": 0,\n    \"6\": 0,\n    \"7\": 0,\n    \"8\": 0,\n    \"9\": 0,\n    \"10\": 0,\n    \"11\": 0,\n    \"12\": 0,\n    \"13\": 0,\n    \"14\": 0,\n    \"15\": 0,\n    \"16\": 0,\n    \"17\": 0,\n    \"18\": 0,\n    \"19\": 0,\n    \"20\": 0,\n    \"21\": 0,\n    \"22\": 0,\n    \"23\": 0,\n    \"24\": 0,\n    \"25\": 0,\n    \"26\": 0,\n    \"27\": 0,\n    \"28\": 0,\n    \"29\": 0,\n    \"30\": 0.01019,\n    \"31\": 0,\n    \"32\": 0,\n    \"33\": 0,\n    \"34\": 0,\n    \"35\": 0,\n    \"36\": 0,\n    \"37\": 0,\n    \"38\": 0,\n    \"39\": 0,\n    \"40\": 0,\n    \"41\": 0,\n    \"42\": 0,\n    \"43\": 0,\n    \"44\": 0,\n    \"45\": 0,\n    \"46\": 0,\n    \"47\": 0,\n    \"48\": 0.00509,\n    \"49\": 0,\n    \"50\": 0,\n    \"51\": 0,\n    \"52\": 0.02038,\n    \"53\": 0,\n    \"54\": 0,\n    \"55\": 0,\n    \"56\": 0.03056,\n    \"57\": 0,\n    \"58\": 0,\n    \"59\": 0.00509,\n    \"60\": 0,\n    \"61\": 0,\n    \"62\": 0,\n    \"63\": 0,\n    \"64\": 0,\n    \"65\": 0,\n    \"66\": 0,\n    \"67\": 0,\n    \"68\": 0.01528,\n    \"69\": 0,\n    \"70\": 0,\n    \"71\": 0,\n    \"72\": 0.00509,\n    \"73\": 0,\n    \"74\": 0,\n    \"75\": 0,\n    \"76\": 0,\n    \"77\": 0.00509,\n    \"78\": 0.06113,\n    \"79\": 0.00509,\n    \"80\": 0.01019,\n    \"81\": 0.01528,\n    \"82\": 0.05094,\n    \"83\": 0.77429,\n    \"84\": 0.51449,\n    \"85\": 0.00509,\n    \"86\": 0,\n    \"3.5\": 0,\n    \"3.6\": 0\n  },\n  D: {\n    \"4\": 0,\n    \"5\": 0,\n    \"6\": 0,\n    \"7\": 0,\n    \"8\": 0,\n    \"9\": 0,\n    \"10\": 0,\n    \"11\": 0,\n    \"12\": 0,\n    \"13\": 0,\n    \"14\": 0,\n    \"15\": 0,\n    \"16\": 0,\n    \"17\": 0,\n    \"18\": 0,\n    \"19\": 0,\n    \"20\": 0,\n    \"21\": 0,\n    \"22\": 0,\n    \"23\": 0,\n    \"24\": 0,\n    \"25\": 0,\n    \"26\": 0,\n    \"27\": 0,\n    \"28\": 0,\n    \"29\": 0,\n    \"30\": 0,\n    \"31\": 0,\n    \"32\": 0,\n    \"33\": 0,\n    \"34\": 0,\n    \"35\": 0,\n    \"36\": 0,\n    \"37\": 0,\n    \"38\": 0.01019,\n    \"39\": 0,\n    \"40\": 0,\n    \"41\": 0,\n    \"42\": 0,\n    \"43\": 0,\n    \"44\": 0,\n    \"45\": 0,\n    \"46\": 0.00509,\n    \"47\": 0,\n    \"48\": 0,\n    \"49\": 0.04585,\n    \"50\": 0,\n    \"51\": 0,\n    \"52\": 0.00509,\n    \"53\": 0.01019,\n    \"54\": 0,\n    \"55\": 0,\n    \"56\": 0,\n    \"57\": 0,\n    \"58\": 0,\n    \"59\": 0.00509,\n    \"60\": 0,\n    \"61\": 0.00509,\n    \"62\": 0.00509,\n    \"63\": 0.01019,\n    \"64\": 0,\n    \"65\": 0.01019,\n    \"66\": 0.01528,\n    \"67\": 0.01528,\n    \"68\": 0.00509,\n    \"69\": 0.0866,\n    \"70\": 0.00509,\n    \"71\": 0.10697,\n    \"72\": 0.01528,\n    \"73\": 0.01019,\n    \"74\": 0.00509,\n    \"75\": 0.01528,\n    \"76\": 0.03056,\n    \"77\": 0.02038,\n    \"78\": 0.01019,\n    \"79\": 0.03566,\n    \"80\": 0.04075,\n    \"81\": 0.04585,\n    \"83\": 0.06113,\n    \"84\": 0.0815,\n    \"85\": 0.21395,\n    \"86\": 4.11595,\n    \"87\": 11.1202,\n    \"88\": 0.02547,\n    \"89\": 0.00509,\n    \"90\": 0\n  },\n  F: {\n    \"9\": 0,\n    \"11\": 0,\n    \"12\": 0,\n    \"15\": 0,\n    \"16\": 0,\n    \"17\": 0,\n    \"18\": 0,\n    \"19\": 0,\n    \"20\": 0,\n    \"21\": 0,\n    \"22\": 0,\n    \"23\": 0,\n    \"24\": 0,\n    \"25\": 0,\n    \"26\": 0,\n    \"27\": 0,\n    \"28\": 0,\n    \"29\": 0,\n    \"30\": 0,\n    \"31\": 0,\n    \"32\": 0,\n    \"33\": 0,\n    \"34\": 0,\n    \"35\": 0,\n    \"36\": 0,\n    \"37\": 0,\n    \"38\": 0,\n    \"39\": 0,\n    \"40\": 0,\n    \"41\": 0,\n    \"42\": 0,\n    \"43\": 0,\n    \"44\": 0,\n    \"45\": 0,\n    \"46\": 0,\n    \"47\": 0,\n    \"48\": 0,\n    \"49\": 0,\n    \"50\": 0,\n    \"51\": 0,\n    \"52\": 0,\n    \"53\": 0,\n    \"54\": 0,\n    \"55\": 0,\n    \"56\": 0,\n    \"57\": 0,\n    \"58\": 0,\n    \"60\": 0,\n    \"62\": 0,\n    \"63\": 0,\n    \"64\": 0,\n    \"65\": 0,\n    \"66\": 0,\n    \"67\": 0,\n    \"68\": 0,\n    \"69\": 0,\n    \"70\": 0,\n    \"71\": 0.06622,\n    \"72\": 0.18848,\n    \"9.5-9.6\": 0,\n    \"10.0-10.1\": 0,\n    \"10.5\": 0,\n    \"10.6\": 0,\n    \"11.1\": 0,\n    \"11.5\": 0,\n    \"11.6\": 0,\n    \"12.1\": 0\n  },\n  E: {\n    \"4\": 0,\n    \"5\": 0,\n    \"6\": 0,\n    \"7\": 0,\n    \"8\": 0,\n    \"9\": 0,\n    \"10\": 0,\n    \"11\": 0.00509,\n    \"12\": 0.01528,\n    \"13\": 0.1681,\n    \"14\": 2.6285,\n    _: \"0\",\n    \"3.1\": 0,\n    \"3.2\": 0,\n    \"5.1\": 0,\n    \"6.1\": 0,\n    \"7.1\": 0,\n    \"9.1\": 0.00509,\n    \"10.1\": 0.03056,\n    \"11.1\": 0.07641,\n    \"12.1\": 0.12735,\n    \"13.1\": 0.8456\n  },\n  G: {\n    \"8\": 0,\n    \"3.2\": 0,\n    \"4.0-4.1\": 0,\n    \"4.2-4.3\": 0,\n    \"5.0-5.1\": 0,\n    \"6.0-6.1\": 0,\n    \"7.0-7.1\": 0.01986,\n    \"8.1-8.4\": 0.03972,\n    \"9.0-9.2\": 0.01986,\n    \"9.3\": 0.2145,\n    \"10.0-10.2\": 0.05164,\n    \"10.3\": 0.40913,\n    \"11.0-11.2\": 0.17477,\n    \"11.3-11.4\": 0.28202,\n    \"12.0-12.1\": 0.25819,\n    \"12.2-12.4\": 2.58188,\n    \"13.0-13.1\": 0.14697,\n    \"13.2\": 0.09136,\n    \"13.3\": 0.73484,\n    \"13.4-13.7\": 3.84502,\n    \"14.0-14.3\": 30.7999\n  },\n  B: {\n    \"12\": 0,\n    \"13\": 0,\n    \"14\": 0.00509,\n    \"15\": 0.00509,\n    \"16\": 0.02038,\n    \"17\": 0.02038,\n    \"18\": 0.2547,\n    \"79\": 0,\n    \"80\": 0.00509,\n    \"81\": 0.00509,\n    \"83\": 0.00509,\n    \"84\": 0.00509,\n    \"85\": 0.01019,\n    \"86\": 0.10188,\n    \"87\": 2.18533\n  },\n  I: {\n    \"3\": 0,\n    \"4\": 0,\n    \"81\": 0,\n    \"2.1\": 0,\n    \"2.2\": 0,\n    \"2.3\": 0,\n    \"4.1\": 0.00675,\n    \"4.2-4.3\": 0.01799,\n    \"4.4\": 0,\n    \"4.4.3-4.4.4\": 0.11017\n  },\n  P: {\n    \"4\": 0.08361,\n    \"5.0-5.4\": 0,\n    \"6.2-6.4\": 0,\n    \"7.2-7.4\": 0.01045,\n    \"8.2\": 0.01045,\n    \"9.2\": 0.0418,\n    \"10.1\": 0.05225,\n    \"11.1-11.2\": 0.08361,\n    \"12.0\": 0.36578,\n    \"13.0\": 3.84594\n  },\n  K: {\n    _: \"0 10 11 12 11.1 11.5 12.1\"\n  },\n  A: {\n    \"6\": 0,\n    \"7\": 0,\n    \"8\": 0.00522,\n    \"9\": 0.00522,\n    \"10\": 0,\n    \"11\": 0.41236,\n    \"5.5\": 0\n  },\n  N: {\n    \"10\": 0,\n    \"11\": 0\n  },\n  J: {\n    \"7\": 0,\n    \"10\": 0\n  },\n  O: {\n    \"0\": 0.02944\n  },\n  H: {\n    \"0\": 0.14863\n  },\n  L: {\n    \"0\": 27.45427\n  },\n  S: {\n    \"2.5\": 0\n  },\n  R: {\n    _: \"0\"\n  },\n  M: {\n    \"0\": 0.3238\n  },\n  Q: {\n    \"10.4\": 0\n  }\n};","map":{"version":3,"sources":["/Users/bruceseymour/ra-video/client/node_modules/caniuse-lite/data/regions/SE.js"],"names":["module","exports","C","D","F","E","_","G","B","I","P","K","A","N","J","O","H","L","S","R","M","Q"],