{"ast":null,"code":"module.exports = {\n  C: {\n    \"2\": 0,\n    \"3\": 0,\n    \"4\": 0,\n    \"5\": 0,\n    \"6\": 0,\n    \"7\": 0,\n    \"8\": 0,\n    \"9\": 0,\n    \"10\": 0,\n    \"11\": 0,\n    \"12\": 0,\n    \"13\": 0,\n    \"14\": 0,\n    \"15\": 0,\n    \"16\": 0,\n    \"17\": 0.0069,\n    \"18\": 0,\n    \"19\": 0,\n    \"20\": 0.05517,\n    \"21\": 0,\n    \"22\": 0,\n    \"23\": 0,\n    \"24\": 0,\n    \"25\": 0,\n    \"26\": 0,\n    \"27\": 0,\n    \"28\": 0,\n    \"29\": 0,\n    \"30\": 0,\n    \"31\": 0,\n    \"32\": 0,\n    \"33\": 0,\n    \"34\": 0,\n    \"35\": 0,\n    \"36\": 0,\n    \"37\": 0,\n    \"38\": 0,\n    \"39\": 0,\n    \"40\": 0,\n    \"41\": 0,\n    \"42\": 0,\n    \"43\": 0,\n    \"44\": 0,\n    \"45\": 0.0069,\n    \"46\": 0,\n    \"47\": 0.0069,\n    \"48\": 0.01379,\n    \"49\": 0,\n    \"50\": 0.0069,\n    \"51\": 0.0069,\n    \"52\": 0.23446,\n    \"53\": 0.0069,\n    \"54\": 0.0069,\n    \"55\": 0,\n    \"56\": 0.08275,\n    \"57\": 0.01379,\n    \"58\": 0.01379,\n    \"59\": 0,\n    \"60\": 0.06896,\n    \"61\": 0.0069,\n    \"62\": 0.0069,\n    \"63\": 0.0069,\n    \"64\": 0.01379,\n    \"65\": 0.01379,\n    \"66\": 0.01379,\n    \"67\": 0.0069,\n    \"68\": 0.13792,\n    \"69\": 0,\n    \"70\": 0.0069,\n    \"71\": 0.0069,\n    \"72\": 0.02758,\n    \"73\": 0,\n    \"74\": 0.0069,\n    \"75\": 0.02758,\n    \"76\": 0.0069,\n    \"77\": 0.02758,\n    \"78\": 0.15861,\n    \"79\": 0.02069,\n    \"80\": 0.07586,\n    \"81\": 0.04827,\n    \"82\": 0.08275,\n    \"83\": 1.11715,\n    \"84\": 0.77235,\n    \"85\": 0.01379,\n    \"86\": 0,\n    \"3.5\": 0,\n    \"3.6\": 0\n  },\n  D: {\n    \"4\": 0,\n    \"5\": 0,\n    \"6\": 0,\n    \"7\": 0,\n    \"8\": 0,\n    \"9\": 0,\n    \"10\": 0,\n    \"11\": 0.01379,\n    \"12\": 0,\n    \"13\": 0,\n    \"14\": 0,\n    \"15\": 0,\n    \"16\": 0,\n    \"17\": 0,\n    \"18\": 0,\n    \"19\": 0,\n    \"20\": 0,\n    \"21\": 0,\n    \"22\": 0,\n    \"23\": 0,\n    \"24\": 0.0069,\n    \"25\": 0,\n    \"26\": 0,\n    \"27\": 0,\n    \"28\": 0,\n    \"29\": 0,\n    \"30\": 0,\n    \"31\": 0,\n    \"32\": 0,\n    \"33\": 0,\n    \"34\": 0.0069,\n    \"35\": 0,\n    \"36\": 0,\n    \"37\": 0,\n    \"38\": 0,\n    \"39\": 0,\n    \"40\": 0.0069,\n    \"41\": 0.01379,\n    \"42\": 0.0069,\n    \"43\": 0,\n    \"44\": 0,\n    \"45\": 0,\n    \"46\": 0,\n    \"47\": 0,\n    \"48\": 0.0069,\n    \"49\": 0.62064,\n    \"50\": 0.0069,\n    \"51\": 0.0069,\n    \"52\": 0.0069,\n    \"53\": 0.01379,\n    \"54\": 0,\n    \"55\": 0.0069,\n    \"56\": 0.0069,\n    \"57\": 0.0069,\n    \"58\": 0.01379,\n    \"59\": 0.01379,\n    \"60\": 0.0069,\n    \"61\": 0.20688,\n    \"62\": 0.01379,\n    \"63\": 0.01379,\n    \"64\": 0.01379,\n    \"65\": 0.0069,\n    \"66\": 0.04138,\n    \"67\": 0.02069,\n    \"68\": 0.02069,\n    \"69\": 0.02758,\n    \"70\": 0.07586,\n    \"71\": 0.10344,\n    \"72\": 0.11034,\n    \"73\": 0.06206,\n    \"74\": 0.02758,\n    \"75\": 0.02758,\n    \"76\": 0.03448,\n    \"77\": 0.03448,\n    \"78\": 0.03448,\n    \"79\": 0.08275,\n    \"80\": 0.24136,\n    \"81\": 0.13792,\n    \"83\": 0.13102,\n    \"84\": 0.29653,\n    \"85\": 0.45514,\n    \"86\": 4.61342,\n    \"87\": 22.35683,\n    \"88\": 0.02758,\n    \"89\": 0.03448,\n    \"90\": 0\n  },\n  F: {\n    \"9\": 0,\n    \"11\": 0,\n    \"12\": 0,\n    \"15\": 0,\n    \"16\": 0,\n    \"17\": 0,\n    \"18\": 0,\n    \"19\": 0,\n    \"20\": 0,\n    \"21\": 0,\n    \"22\": 0.0069,\n    \"23\": 0,\n    \"24\": 0,\n    \"25\": 0,\n    \"26\": 0,\n    \"27\": 0,\n    \"28\": 0,\n    \"29\": 0,\n    \"30\": 0,\n    \"31\": 0,\n    \"32\": 0,\n    \"33\": 0,\n    \"34\": 0,\n    \"35\": 0,\n    \"36\": 0.06206,\n    \"37\": 0,\n    \"38\": 0,\n    \"39\": 0,\n    \"40\": 0,\n    \"41\": 0,\n    \"42\": 0,\n    \"43\": 0,\n    \"44\": 0,\n    \"45\": 0,\n    \"46\": 0,\n    \"47\": 0,\n    \"48\": 0,\n    \"49\": 0,\n    \"50\": 0.0069,\n    \"51\": 0.0069,\n    \"52\": 0,\n    \"53\": 0,\n    \"54\": 0,\n    \"55\": 0,\n    \"56\": 0.0069,\n    \"57\": 0.0069,\n    \"58\": 0.02069,\n    \"60\": 0.01379,\n    \"62\": 0,\n    \"63\": 0.0069,\n    \"64\": 0,\n    \"65\": 0.0069,\n    \"66\": 0.0069,\n    \"67\": 0.01379,\n    \"68\": 0.03448,\n    \"69\": 0.0069,\n    \"70\": 0.03448,\n    \"71\": 0.55858,\n    \"72\": 4.06174,\n    \"9.5-9.6\": 0,\n    \"10.0-10.1\": 0,\n    \"10.5\": 0,\n    \"10.6\": 0,\n    \"11.1\": 0,\n    \"11.5\": 0,\n    \"11.6\": 0,\n    \"12.1\": 0.02758\n  },\n  E: {\n    \"4\": 0,\n    \"5\": 0,\n    \"6\": 0,\n    \"7\": 0,\n    \"8\": 0,\n    \"9\": 0.0069,\n    \"10\": 0,\n    \"11\": 0,\n    \"12\": 0.02758,\n    \"13\": 0.08965,\n    \"14\": 0.87579,\n    _: \"0\",\n    \"3.1\": 0,\n    \"3.2\": 0,\n    \"5.1\": 0.46893,\n    \"6.1\": 0,\n    \"7.1\": 0,\n    \"9.1\": 0.0069,\n    \"10.1\": 0.01379,\n    \"11.1\": 0.02758,\n    \"12.1\": 0.06206,\n    \"13.1\": 0.33101\n  },\n  G: {\n    \"8\": 0,\n    \"3.2\": 0,\n    \"4.0-4.1\": 0,\n    \"4.2-4.3\": 0,\n    \"5.0-5.1\": 0.00394,\n    \"6.0-6.1\": 0.01181,\n    \"7.0-7.1\": 0.0315,\n    \"8.1-8.4\": 0.0128,\n    \"9.0-9.2\": 0.0187,\n    \"9.3\": 0.14962,\n    \"10.0-10.2\": 0.02855,\n    \"10.3\": 0.14667,\n    \"11.0-11.2\": 0.06398,\n    \"11.3-11.4\": 0.07383,\n    \"12.0-12.1\": 0.09548,\n    \"12.2-12.4\": 0.73137,\n    \"13.0-13.1\": 0.07875,\n    \"13.2\": 0.03248,\n    \"13.3\": 0.2579,\n    \"13.4-13.7\": 1.25111,\n    \"14.0-14.3\": 6.8383\n  },\n  B: {\n    \"12\": 0,\n    \"13\": 0.0069,\n    \"14\": 0.0069,\n    \"15\": 0.0069,\n    \"16\": 0.0069,\n    \"17\": 0.01379,\n    \"18\": 0.08965,\n    \"79\": 0,\n    \"80\": 0,\n    \"81\": 0.0069,\n    \"83\": 0.0069,\n    \"84\": 0.0069,\n    \"85\": 0.02069,\n    \"86\": 0.01379,\n    \"87\": 0.66891\n  },\n  I: {\n    \"3\": 0,\n    \"4\": 0.00313,\n    \"81\": 0,\n    \"2.1\": 0,\n    \"2.2\": 0,\n    \"2.3\": 0,\n    \"4.1\": 0.00703,\n    \"4.2-4.3\": 0.01954,\n    \"4.4\": 0,\n    \"4.4.3-4.4.4\": 0.12271\n  },\n  P: {\n    \"4\": 0.06234,\n    \"5.0-5.4\": 0.01039,\n    \"6.2-6.4\": 0,\n    \"7.2-7.4\": 0.01039,\n    \"8.2\": 0.01039,\n    \"9.2\": 0.03117,\n    \"10.1\": 0.04156,\n    \"11.1-11.2\": 0.08312,\n    \"12.0\": 0.14547,\n    \"13.0\": 0.83124\n  },\n  K: {\n    _: \"0 10 11 12 11.1 11.5 12.1\"\n  },\n  A: {\n    \"6\": 0,\n    \"7\": 0,\n    \"8\": 0.04178,\n    \"9\": 0.00696,\n    \"10\": 0.01393,\n    \"11\": 2.07509,\n    \"5.5\": 0\n  },\n  N: {\n    \"10\": 0,\n    \"11\": 0\n  },\n  J: {\n    \"7\": 0,\n    \"10\": 0.0031\n  },\n  O: {\n    \"0\": 0.34765\n  },\n  H: {\n    \"0\": 2.17755\n  },\n  L: {\n    \"0\": 35.78294\n  },\n  S: {\n    \"2.5\": 0\n  },\n  R: {\n    _: \"0\"\n  },\n  M: {\n    \"0\": 0.13658\n  },\n  Q: {\n    \"10.4\": 0.01552\n  }\n};","map":{"version":3,"sources":["/Users/bruceseymour/ra-video/client/node_modules/caniuse-lite/data/regions/UA.js"],"names":["module","exports","C","D","F","E","_","G","B","I","P","K","A","N","J","O","H","L","S","R","M","Q"],