{"ast":null,"code":"module.exports = {\n  C: {\n    \"2\": 0,\n    \"3\": 0,\n    \"4\": 0,\n    \"5\": 0,\n    \"6\": 0,\n    \"7\": 0,\n    \"8\": 0,\n    \"9\": 0,\n    \"10\": 0,\n    \"11\": 0,\n    \"12\": 0,\n    \"13\": 0,\n    \"14\": 0,\n    \"15\": 0,\n    \"16\": 0,\n    \"17\": 0,\n    \"18\": 0,\n    \"19\": 0,\n    \"20\": 0,\n    \"21\": 0,\n    \"22\": 0,\n    \"23\": 0,\n    \"24\": 0,\n    \"25\": 0,\n    \"26\": 0,\n    \"27\": 0,\n    \"28\": 0,\n    \"29\": 0,\n    \"30\": 0,\n    \"31\": 0,\n    \"32\": 0,\n    \"33\": 0,\n    \"34\": 0,\n    \"35\": 0,\n    \"36\": 0,\n    \"37\": 0,\n    \"38\": 0,\n    \"39\": 0,\n    \"40\": 0,\n    \"41\": 0,\n    \"42\": 0,\n    \"43\": 0.00426,\n    \"44\": 0,\n    \"45\": 0,\n    \"46\": 0,\n    \"47\": 0,\n    \"48\": 0,\n    \"49\": 0,\n    \"50\": 0,\n    \"51\": 0,\n    \"52\": 0.03404,\n    \"53\": 0,\n    \"54\": 0,\n    \"55\": 0,\n    \"56\": 0,\n    \"57\": 0,\n    \"58\": 0,\n    \"59\": 0,\n    \"60\": 0,\n    \"61\": 0,\n    \"62\": 0,\n    \"63\": 0.00851,\n    \"64\": 0,\n    \"65\": 0.00851,\n    \"66\": 0.00426,\n    \"67\": 0,\n    \"68\": 0.01277,\n    \"69\": 0,\n    \"70\": 0,\n    \"71\": 0,\n    \"72\": 0.00426,\n    \"73\": 0,\n    \"74\": 0,\n    \"75\": 0.00851,\n    \"76\": 0.00426,\n    \"77\": 0.00426,\n    \"78\": 0.03404,\n    \"79\": 0.00426,\n    \"80\": 0.00851,\n    \"81\": 0.00851,\n    \"82\": 0.02128,\n    \"83\": 0.39572,\n    \"84\": 0.2936,\n    \"85\": 0.00426,\n    \"86\": 0,\n    \"3.5\": 0,\n    \"3.6\": 0\n  },\n  D: {\n    \"4\": 0,\n    \"5\": 0,\n    \"6\": 0,\n    \"7\": 0,\n    \"8\": 0,\n    \"9\": 0,\n    \"10\": 0,\n    \"11\": 0,\n    \"12\": 0,\n    \"13\": 0,\n    \"14\": 0,\n    \"15\": 0,\n    \"16\": 0,\n    \"17\": 0,\n    \"18\": 0,\n    \"19\": 0,\n    \"20\": 0,\n    \"21\": 0,\n    \"22\": 0,\n    \"23\": 0,\n    \"24\": 0,\n    \"25\": 0,\n    \"26\": 0,\n    \"27\": 0,\n    \"28\": 0,\n    \"29\": 0,\n    \"30\": 0,\n    \"31\": 0.00426,\n    \"32\": 0,\n    \"33\": 0,\n    \"34\": 0,\n    \"35\": 0,\n    \"36\": 0,\n    \"37\": 0,\n    \"38\": 0.00426,\n    \"39\": 0.00426,\n    \"40\": 0.00851,\n    \"41\": 0,\n    \"42\": 0.00426,\n    \"43\": 0.00851,\n    \"44\": 0,\n    \"45\": 0,\n    \"46\": 0,\n    \"47\": 0.00426,\n    \"48\": 0.00426,\n    \"49\": 0.13191,\n    \"50\": 0,\n    \"51\": 0,\n    \"52\": 0,\n    \"53\": 0.00426,\n    \"54\": 0.00851,\n    \"55\": 0.00851,\n    \"56\": 0.00426,\n    \"57\": 0,\n    \"58\": 0.00851,\n    \"59\": 0,\n    \"60\": 0.00426,\n    \"61\": 0.01277,\n    \"62\": 0.00426,\n    \"63\": 0.02128,\n    \"64\": 0.00426,\n    \"65\": 0.00851,\n    \"66\": 0.00851,\n    \"67\": 0.02128,\n    \"68\": 0.00426,\n    \"69\": 0.00851,\n    \"70\": 0.02553,\n    \"71\": 0.02553,\n    \"72\": 0.02128,\n    \"73\": 0.01277,\n    \"74\": 0.01277,\n    \"75\": 0.00851,\n    \"76\": 0.01277,\n    \"77\": 0.01277,\n    \"78\": 0.02979,\n    \"79\": 0.04255,\n    \"80\": 0.09361,\n    \"81\": 0.07659,\n    \"83\": 0.06383,\n    \"84\": 0.10638,\n    \"85\": 0.16169,\n    \"86\": 1.99985,\n    \"87\": 11.02896,\n    \"88\": 0.01277,\n    \"89\": 0.00851,\n    \"90\": 0\n  },\n  F: {\n    \"9\": 0,\n    \"11\": 0,\n    \"12\": 0,\n    \"15\": 0,\n    \"16\": 0,\n    \"17\": 0,\n    \"18\": 0,\n    \"19\": 0,\n    \"20\": 0,\n    \"21\": 0,\n    \"22\": 0,\n    \"23\": 0,\n    \"24\": 0,\n    \"25\": 0,\n    \"26\": 0,\n    \"27\": 0,\n    \"28\": 0,\n    \"29\": 0,\n    \"30\": 0,\n    \"31\": 0,\n    \"32\": 0,\n    \"33\": 0,\n    \"34\": 0,\n    \"35\": 0,\n    \"36\": 0,\n    \"37\": 0,\n    \"38\": 0,\n    \"39\": 0,\n    \"40\": 0,\n    \"41\": 0,\n    \"42\": 0,\n    \"43\": 0,\n    \"44\": 0,\n    \"45\": 0,\n    \"46\": 0,\n    \"47\": 0,\n    \"48\": 0,\n    \"49\": 0,\n    \"50\": 0,\n    \"51\": 0.00851,\n    \"52\": 0,\n    \"53\": 0,\n    \"54\": 0,\n    \"55\": 0,\n    \"56\": 0,\n    \"57\": 0,\n    \"58\": 0,\n    \"60\": 0,\n    \"62\": 0,\n    \"63\": 0,\n    \"64\": 0,\n    \"65\": 0,\n    \"66\": 0,\n    \"67\": 0,\n    \"68\": 0.00426,\n    \"69\": 0,\n    \"70\": 0.00426,\n    \"71\": 0.18722,\n    \"72\": 0.64251,\n    \"9.5-9.6\": 0,\n    \"10.0-10.1\": 0,\n    \"10.5\": 0,\n    \"10.6\": 0,\n    \"11.1\": 0,\n    \"11.5\": 0,\n    \"11.6\": 0,\n    \"12.1\": 0\n  },\n  E: {\n    \"4\": 0,\n    \"5\": 0,\n    \"6\": 0,\n    \"7\": 0,\n    \"8\": 0,\n    \"9\": 0,\n    \"10\": 0,\n    \"11\": 0.00426,\n    \"12\": 0,\n    \"13\": 0.01702,\n    \"14\": 0.08085,\n    _: \"0\",\n    \"3.1\": 0,\n    \"3.2\": 0,\n    \"5.1\": 0.00426,\n    \"6.1\": 0,\n    \"7.1\": 0,\n    \"9.1\": 0,\n    \"10.1\": 0.00426,\n    \"11.1\": 0.00851,\n    \"12.1\": 0.00851,\n    \"13.1\": 0.03404\n  },\n  G: {\n    \"8\": 0.00173,\n    \"3.2\": 0,\n    \"4.0-4.1\": 0,\n    \"4.2-4.3\": 0,\n    \"5.0-5.1\": 0.01513,\n    \"6.0-6.1\": 0.00259,\n    \"7.0-7.1\": 0.05708,\n    \"8.1-8.4\": 0.00735,\n    \"9.0-9.2\": 0.00692,\n    \"9.3\": 0.15004,\n    \"10.0-10.2\": 0.02162,\n    \"10.3\": 0.12193,\n    \"11.0-11.2\": 0.05145,\n    \"11.3-11.4\": 0.04886,\n    \"12.0-12.1\": 0.05578,\n    \"12.2-12.4\": 0.70523,\n    \"13.0-13.1\": 0.02767,\n    \"13.2\": 0.01124,\n    \"13.3\": 0.14312,\n    \"13.4-13.7\": 0.55995,\n    \"14.0-14.3\": 2.30723\n  },\n  B: {\n    \"12\": 0.00426,\n    \"13\": 0.00426,\n    \"14\": 0.00426,\n    \"15\": 0.00851,\n    \"16\": 0.00426,\n    \"17\": 0.00426,\n    \"18\": 0.04255,\n    \"79\": 0,\n    \"80\": 0,\n    \"81\": 0,\n    \"83\": 0.00426,\n    \"84\": 0.00426,\n    \"85\": 0.00851,\n    \"86\": 0.01702,\n    \"87\": 0.69357\n  },\n  I: {\n    \"3\": 0,\n    \"4\": 0.00515,\n    \"81\": 0,\n    \"2.1\": 0,\n    \"2.2\": 0,\n    \"2.3\": 0,\n    \"4.1\": 0.01415,\n    \"4.2-4.3\": 0.02316,\n    \"4.4\": 0,\n    \"4.4.3-4.4.4\": 0.28435\n  },\n  P: {\n    \"4\": 0.22378,\n    \"5.0-5.4\": 0.01017,\n    \"6.2-6.4\": 0.01017,\n    \"7.2-7.4\": 0.12206,\n    \"8.2\": 0.02034,\n    \"9.2\": 0.12206,\n    \"10.1\": 0.08137,\n    \"11.1-11.2\": 0.20344,\n    \"12.0\": 0.61031,\n    \"13.0\": 1.56646\n  },\n  K: {\n    _: \"0 10 11 12 11.1 11.5 12.1\"\n  },\n  A: {\n    \"6\": 0,\n    \"7\": 0,\n    \"8\": 0.02209,\n    \"9\": 0,\n    \"10\": 0.00442,\n    \"11\": 0.08837,\n    \"5.5\": 0\n  },\n  N: {\n    \"10\": 0,\n    \"11\": 0\n  },\n  J: {\n    \"7\": 0,\n    \"10\": 0\n  },\n  O: {\n    \"0\": 0.14363\n  },\n  H: {\n    \"0\": 0.30458\n  },\n  L: {\n    \"0\": 73.02288\n  },\n  S: {\n    \"2.5\": 0\n  },\n  R: {\n    _: \"0\"\n  },\n  M: {\n    \"0\": 0.08618\n  },\n  Q: {\n    \"10.4\": 0\n  }\n};","map":{"version":3,"sources":["/Users/bruceseymour/ra-video/client/node_modules/caniuse-lite/data/regions/TN.js"],"names":["module","exports","C","D","F","E","_","G","B","I","P","K","A","N","J","O","H","L","S","R","M","Q"],