{"ast":null,"code":"module.exports = {\n  C: {\n    \"45\": 0.01016,\n    \"47\": 0.00508,\n    \"48\": 0.02032,\n    \"50\": 0.00508,\n    \"51\": 0.00508,\n    \"52\": 0.13713,\n    \"56\": 0.04063,\n    \"59\": 0.00508,\n    \"60\": 0.02032,\n    \"63\": 0.00508,\n    \"64\": 0.01016,\n    \"65\": 0.01016,\n    \"66\": 0.01524,\n    \"67\": 0.00508,\n    \"68\": 0.04571,\n    \"69\": 0.01016,\n    \"70\": 0.00508,\n    \"71\": 0.00508,\n    \"72\": 0.0254,\n    \"74\": 0.01016,\n    \"75\": 0.01016,\n    \"76\": 0.01016,\n    \"77\": 0.02032,\n    \"78\": 0.22856,\n    \"79\": 0.03047,\n    \"80\": 0.04063,\n    \"81\": 0.06095,\n    \"82\": 0.15237,\n    \"83\": 2.87471,\n    \"84\": 1.87415,\n    \"85\": 0.01016,\n    _: \"2 3 4 5 6 7 8 9 10 11 12 13 14 15 16 17 18 19 20 21 22 23 24 25 26 27 28 29 30 31 32 33 34 35 36 37 38 39 40 41 42 43 44 46 49 53 54 55 57 58 61 62 73 86 3.5 3.6\"\n  },\n  D: {\n    \"38\": 0.01524,\n    \"40\": 0.0254,\n    \"43\": 0.01016,\n    \"47\": 0.00508,\n    \"48\": 0.01016,\n    \"49\": 0.30474,\n    \"50\": 0.01016,\n    \"51\": 0.01016,\n    \"52\": 0.01016,\n    \"53\": 0.0254,\n    \"54\": 0.03047,\n    \"56\": 0.01016,\n    \"57\": 0.00508,\n    \"58\": 0.01016,\n    \"59\": 0.01016,\n    \"60\": 0.01524,\n    \"61\": 0.04571,\n    \"62\": 0.00508,\n    \"63\": 0.02032,\n    \"64\": 0.01524,\n    \"65\": 0.04063,\n    \"66\": 0.03047,\n    \"67\": 0.0254,\n    \"68\": 0.01524,\n    \"69\": 0.06603,\n    \"70\": 0.05587,\n    \"71\": 0.08126,\n    \"72\": 0.05587,\n    \"73\": 0.03555,\n    \"74\": 0.10666,\n    \"75\": 0.10158,\n    \"76\": 0.04571,\n    \"77\": 0.04063,\n    \"78\": 0.10158,\n    \"79\": 0.18792,\n    \"80\": 0.19808,\n    \"81\": 0.13713,\n    \"83\": 0.18792,\n    \"84\": 0.26411,\n    \"85\": 0.75169,\n    \"86\": 4.97234,\n    \"87\": 22.71329,\n    \"88\": 0.0254,\n    \"89\": 0.01524,\n    _: \"4 5 6 7 8 9 10 11 12 13 14 15 16 17 18 19 20 21 22 23 24 25 26 27 28 29 30 31 32 33 34 35 36 37 39 41 42 44 45 46 55 90\"\n  },\n  F: {\n    \"36\": 0.01524,\n    \"68\": 0.01524,\n    \"70\": 0.00508,\n    \"71\": 0.34537,\n    \"72\": 1.10722,\n    _: \"9 11 12 15 16 17 18 19 20 21 22 23 24 25 26 27 28 29 30 31 32 33 34 35 37 38 39 40 41 42 43 44 45 46 47 48 49 50 51 52 53 54 55 56 57 58 60 62 63 64 65 66 67 69 9.5-9.6 10.5 10.6 11.1 11.5 11.6\",\n    \"10.0-10.1\": 0,\n    \"12.1\": 0.00508\n  },\n  E: {\n    \"4\": 0,\n    \"11\": 0.01524,\n    \"12\": 0.03047,\n    \"13\": 0.20316,\n    \"14\": 3.51467,\n    _: \"0 5 6 7 8 9 10 3.1 3.2 6.1 7.1\",\n    \"5.1\": 0.04063,\n    \"9.1\": 0.01016,\n    \"10.1\": 0.03555,\n    \"11.1\": 0.1219,\n    \"12.1\": 0.18284,\n    \"13.1\": 1.06151\n  },\n  G: {\n    \"8\": 0.00289,\n    \"3.2\": 0,\n    \"4.0-4.1\": 0,\n    \"4.2-4.3\": 0,\n    \"5.0-5.1\": 0.00579,\n    \"6.0-6.1\": 0.00434,\n    \"7.0-7.1\": 0.01592,\n    \"8.1-8.4\": 0.01592,\n    \"9.0-9.2\": 0.0217,\n    \"9.3\": 0.21704,\n    \"10.0-10.2\": 0.02605,\n    \"10.3\": 0.2127,\n    \"11.0-11.2\": 0.06222,\n    \"11.3-11.4\": 0.09405,\n    \"12.0-12.1\": 0.08537,\n    \"12.2-12.4\": 1.03023,\n    \"13.0-13.1\": 0.07235,\n    \"13.2\": 0.03617,\n    \"13.3\": 0.25322,\n    \"13.4-13.7\": 1.40209,\n    \"14.0-14.3\": 10.87525\n  },\n  B: {\n    \"12\": 0.01016,\n    \"14\": 0.01016,\n    \"15\": 0.01016,\n    \"16\": 0.01524,\n    \"17\": 0.04063,\n    \"18\": 0.25395,\n    \"80\": 0.00508,\n    \"81\": 0.00508,\n    \"83\": 0.00508,\n    \"84\": 0.01524,\n    \"85\": 0.0254,\n    \"86\": 0.11174,\n    \"87\": 3.8448,\n    _: \"13 79\"\n  },\n  I: {\n    \"3\": 0,\n    \"4\": 0.00385,\n    \"81\": 0,\n    \"2.1\": 0,\n    \"2.2\": 0,\n    \"2.3\": 0,\n    \"4.1\": 0.00605,\n    \"4.2-4.3\": 0.011,\n    \"4.4\": 0,\n    \"4.4.3-4.4.4\": 0.06767\n  },\n  P: {\n    \"4\": 0.11666,\n    \"5.0-5.4\": 0.01022,\n    \"6.2-6.4\": 0.02045,\n    \"7.2-7.4\": 0.11245,\n    \"8.2\": 0.02045,\n    \"9.2\": 0.06363,\n    \"10.1\": 0.05303,\n    \"11.1-11.2\": 0.13788,\n    \"12.0\": 0.3712,\n    \"13.0\": 3.42568\n  },\n  K: {\n    _: \"0 10 11 12 11.1 11.5 12.1\"\n  },\n  A: {\n    \"6\": 0.02722,\n    \"8\": 0.02722,\n    \"9\": 0.01633,\n    \"10\": 0.01089,\n    \"11\": 0.90367,\n    _: \"7 5.5\"\n  },\n  N: {\n    \"10\": 0,\n    \"11\": 0\n  },\n  J: {\n    \"7\": 0,\n    \"10\": 0\n  },\n  O: {\n    \"0\": 0.17716\n  },\n  H: {\n    \"0\": 0.39135\n  },\n  L: {\n    \"0\": 29.92038\n  },\n  S: {\n    \"2.5\": 0\n  },\n  R: {\n    _: \"0\"\n  },\n  M: {\n    \"0\": 0.36415\n  },\n  Q: {\n    \"10.4\": 0.00984\n  }\n};","map":{"version":3,"sources":["/Users/bruceseymour/ra-video/client/node_modules/caniuse-lite/data/regions/alt-eu.js"],"names":["module","exports","C","_","D","F","E","G","B","I","P","K","A","N","J","O","H","L","S","R","M","Q"],