{"ast":null,"code":"module.exports = {\n  C: {\n    \"2\": 0,\n    \"3\": 0.00457,\n    \"4\": 0,\n    \"5\": 0,\n    \"6\": 0,\n    \"7\": 0,\n    \"8\": 0,\n    \"9\": 0,\n    \"10\": 0,\n    \"11\": 0,\n    \"12\": 0,\n    \"13\": 0,\n    \"14\": 0,\n    \"15\": 0,\n    \"16\": 0,\n    \"17\": 0,\n    \"18\": 0,\n    \"19\": 0,\n    \"20\": 0.00457,\n    \"21\": 0,\n    \"22\": 0,\n    \"23\": 0.00457,\n    \"24\": 0,\n    \"25\": 0,\n    \"26\": 0,\n    \"27\": 0,\n    \"28\": 0,\n    \"29\": 0.00457,\n    \"30\": 0.00457,\n    \"31\": 0,\n    \"32\": 0,\n    \"33\": 0.00457,\n    \"34\": 0,\n    \"35\": 0,\n    \"36\": 0,\n    \"37\": 0,\n    \"38\": 0,\n    \"39\": 0,\n    \"40\": 0.00457,\n    \"41\": 0.00457,\n    \"42\": 0,\n    \"43\": 0.01828,\n    \"44\": 0,\n    \"45\": 0.00457,\n    \"46\": 0,\n    \"47\": 0.01371,\n    \"48\": 0.01371,\n    \"49\": 0.00457,\n    \"50\": 0.00914,\n    \"51\": 0.01371,\n    \"52\": 0.05485,\n    \"53\": 0,\n    \"54\": 0,\n    \"55\": 0,\n    \"56\": 0.00914,\n    \"57\": 0,\n    \"58\": 0.00914,\n    \"59\": 0,\n    \"60\": 0.00914,\n    \"61\": 0,\n    \"62\": 0.00914,\n    \"63\": 0,\n    \"64\": 0,\n    \"65\": 0.01828,\n    \"66\": 0.00457,\n    \"67\": 0.00457,\n    \"68\": 0.03657,\n    \"69\": 0.00457,\n    \"70\": 0,\n    \"71\": 0.00457,\n    \"72\": 0.05485,\n    \"73\": 0.00457,\n    \"74\": 0.03657,\n    \"75\": 0.01371,\n    \"76\": 0.00457,\n    \"77\": 0.032,\n    \"78\": 0.07771,\n    \"79\": 0.03657,\n    \"80\": 0.06857,\n    \"81\": 0.10056,\n    \"82\": 0.12342,\n    \"83\": 2.00667,\n    \"84\": 1.07876,\n    \"85\": 0.02286,\n    \"86\": 0,\n    \"3.5\": 0,\n    \"3.6\": 0\n  },\n  D: {\n    \"4\": 0,\n    \"5\": 0,\n    \"6\": 0,\n    \"7\": 0,\n    \"8\": 0,\n    \"9\": 0,\n    \"10\": 0,\n    \"11\": 0.00457,\n    \"12\": 0,\n    \"13\": 0,\n    \"14\": 0,\n    \"15\": 0,\n    \"16\": 0,\n    \"17\": 0,\n    \"18\": 0,\n    \"19\": 0,\n    \"20\": 0,\n    \"21\": 0,\n    \"22\": 0,\n    \"23\": 0,\n    \"24\": 0,\n    \"25\": 0.02286,\n    \"26\": 0.01828,\n    \"27\": 0,\n    \"28\": 0,\n    \"29\": 0.00457,\n    \"30\": 0,\n    \"31\": 0.03657,\n    \"32\": 0,\n    \"33\": 0.00457,\n    \"34\": 0,\n    \"35\": 0,\n    \"36\": 0,\n    \"37\": 0,\n    \"38\": 0,\n    \"39\": 0,\n    \"40\": 0.00914,\n    \"41\": 0,\n    \"42\": 0,\n    \"43\": 0.02743,\n    \"44\": 0,\n    \"45\": 0,\n    \"46\": 0.00457,\n    \"47\": 0,\n    \"48\": 0.00457,\n    \"49\": 0.07771,\n    \"50\": 0.00914,\n    \"51\": 0,\n    \"52\": 0,\n    \"53\": 0,\n    \"54\": 0,\n    \"55\": 0.00457,\n    \"56\": 0.00457,\n    \"57\": 0,\n    \"58\": 0,\n    \"59\": 0.00457,\n    \"60\": 0,\n    \"61\": 0,\n    \"62\": 0.00457,\n    \"63\": 0.032,\n    \"64\": 0.00457,\n    \"65\": 0.00457,\n    \"66\": 0,\n    \"67\": 0.02743,\n    \"68\": 0.00457,\n    \"69\": 0,\n    \"70\": 0.00914,\n    \"71\": 0.00457,\n    \"72\": 0.09142,\n    \"73\": 0.00457,\n    \"74\": 0.02286,\n    \"75\": 0.032,\n    \"76\": 0.032,\n    \"77\": 0.01828,\n    \"78\": 0.01828,\n    \"79\": 0.05485,\n    \"80\": 0.15084,\n    \"81\": 0.05942,\n    \"83\": 0.17827,\n    \"84\": 0.12799,\n    \"85\": 0.14627,\n    \"86\": 1.71413,\n    \"87\": 6.61424,\n    \"88\": 0.00457,\n    \"89\": 0.00457,\n    \"90\": 0\n  },\n  F: {\n    \"9\": 0,\n    \"11\": 0,\n    \"12\": 0,\n    \"15\": 0,\n    \"16\": 0,\n    \"17\": 0,\n    \"18\": 0,\n    \"19\": 0,\n    \"20\": 0,\n    \"21\": 0,\n    \"22\": 0,\n    \"23\": 0,\n    \"24\": 0.00457,\n    \"25\": 0,\n    \"26\": 0.00914,\n    \"27\": 0.00914,\n    \"28\": 0.01371,\n    \"29\": 0.00457,\n    \"30\": 0.00914,\n    \"31\": 0,\n    \"32\": 0.00914,\n    \"33\": 0.00457,\n    \"34\": 0,\n    \"35\": 0,\n    \"36\": 0,\n    \"37\": 0,\n    \"38\": 0.00457,\n    \"39\": 0,\n    \"40\": 0,\n    \"41\": 0,\n    \"42\": 0.00914,\n    \"43\": 0,\n    \"44\": 0.00457,\n    \"45\": 0,\n    \"46\": 0.01371,\n    \"47\": 0.00457,\n    \"48\": 0,\n    \"49\": 0,\n    \"50\": 0.06399,\n    \"51\": 0.05942,\n    \"52\": 0,\n    \"53\": 0,\n    \"54\": 0,\n    \"55\": 0,\n    \"56\": 0.02743,\n    \"57\": 0,\n    \"58\": 0.00457,\n    \"60\": 0,\n    \"62\": 0,\n    \"63\": 0,\n    \"64\": 0,\n    \"65\": 0,\n    \"66\": 0,\n    \"67\": 0,\n    \"68\": 0,\n    \"69\": 0,\n    \"70\": 0.00914,\n    \"71\": 0.032,\n    \"72\": 0.93706,\n    \"9.5-9.6\": 0,\n    \"10.0-10.1\": 0,\n    \"10.5\": 0,\n    \"10.6\": 0,\n    \"11.1\": 0,\n    \"11.5\": 0,\n    \"11.6\": 0,\n    \"12.1\": 0.03657\n  },\n  E: {\n    \"4\": 0,\n    \"5\": 0,\n    \"6\": 0,\n    \"7\": 0,\n    \"8\": 0,\n    \"9\": 0,\n    \"10\": 0,\n    \"11\": 0.00457,\n    \"12\": 0,\n    \"13\": 0.00914,\n    \"14\": 0.10056,\n    _: \"0\",\n    \"3.1\": 0,\n    \"3.2\": 0,\n    \"5.1\": 0.53938,\n    \"6.1\": 0,\n    \"7.1\": 0,\n    \"9.1\": 0,\n    \"10.1\": 0,\n    \"11.1\": 0.00914,\n    \"12.1\": 0.00457,\n    \"13.1\": 0.04571\n  },\n  G: {\n    \"8\": 0,\n    \"3.2\": 0,\n    \"4.0-4.1\": 0,\n    \"4.2-4.3\": 0,\n    \"5.0-5.1\": 0.00205,\n    \"6.0-6.1\": 0.00205,\n    \"7.0-7.1\": 0.11939,\n    \"8.1-8.4\": 0.00461,\n    \"9.0-9.2\": 0.0041,\n    \"9.3\": 0.10453,\n    \"10.0-10.2\": 0.08045,\n    \"10.3\": 0.20753,\n    \"11.0-11.2\": 0.0743,\n    \"11.3-11.4\": 0.02152,\n    \"12.0-12.1\": 0.02767,\n    \"12.2-12.4\": 1.3825,\n    \"13.0-13.1\": 0.05329,\n    \"13.2\": 0.00922,\n    \"13.3\": 0.15321,\n    \"13.4-13.7\": 0.50832,\n    \"14.0-14.3\": 2.31049\n  },\n  B: {\n    \"12\": 0.00914,\n    \"13\": 0.00914,\n    \"14\": 0.00457,\n    \"15\": 0.02743,\n    \"16\": 0.00457,\n    \"17\": 0.032,\n    \"18\": 0.11885,\n    \"79\": 0,\n    \"80\": 0,\n    \"81\": 0,\n    \"83\": 0.00457,\n    \"84\": 0.00914,\n    \"85\": 0.02743,\n    \"86\": 0.01828,\n    \"87\": 2.66489\n  },\n  I: {\n    \"3\": 0,\n    \"4\": 0.01068,\n    \"81\": 0,\n    \"2.1\": 0,\n    \"2.2\": 0,\n    \"2.3\": 0,\n    \"4.1\": 0.03203,\n    \"4.2-4.3\": 0.04389,\n    \"4.4\": 0,\n    \"4.4.3-4.4.4\": 0.41282\n  },\n  P: {\n    \"4\": 0.33113,\n    \"5.0-5.4\": 0.04014,\n    \"6.2-6.4\": 0,\n    \"7.2-7.4\": 0.02007,\n    \"8.2\": 0,\n    \"9.2\": 0.02007,\n    \"10.1\": 0.02007,\n    \"11.1-11.2\": 0.0301,\n    \"12.0\": 0.12041,\n    \"13.0\": 0.87298\n  },\n  K: {\n    _: \"0 10 11 12 11.1 11.5 12.1\"\n  },\n  A: {\n    \"6\": 0,\n    \"7\": 0,\n    \"8\": 0.06812,\n    \"9\": 0.01135,\n    \"10\": 0.01135,\n    \"11\": 0.26114,\n    \"5.5\": 0\n  },\n  N: {\n    \"10\": 0,\n    \"11\": 0.21173\n  },\n  J: {\n    \"7\": 0,\n    \"10\": 0.02172\n  },\n  O: {\n    \"0\": 0.81978\n  },\n  H: {\n    \"0\": 4.73892\n  },\n  L: {\n    \"0\": 63.93969\n  },\n  S: {\n    \"2.5\": 0.00543\n  },\n  R: {\n    _: \"0\"\n  },\n  M: {\n    \"0\": 0.26602\n  },\n  Q: {\n    \"10.4\": 0.01629\n  }\n};","map":{"version":3,"sources":["/Users/bruceseymour/ra-video/client/node_modules/caniuse-lite/data/regions/TG.js"],"names":["module","exports","C","D","F","E","_","G","B","I","P","K","A","N","J","O","H","L","S","R","M","Q"],