{"ast":null,"code":"module.exports = {\n  C: {\n    \"2\": 0,\n    \"3\": 0,\n    \"4\": 0,\n    \"5\": 0,\n    \"6\": 0,\n    \"7\": 0,\n    \"8\": 0,\n    \"9\": 0,\n    \"10\": 0,\n    \"11\": 0,\n    \"12\": 0.00475,\n    \"13\": 0,\n    \"14\": 0,\n    \"15\": 0,\n    \"16\": 0,\n    \"17\": 0,\n    \"18\": 0,\n    \"19\": 0,\n    \"20\": 0,\n    \"21\": 0.00475,\n    \"22\": 0,\n    \"23\": 0,\n    \"24\": 0,\n    \"25\": 0,\n    \"26\": 0,\n    \"27\": 0,\n    \"28\": 0,\n    \"29\": 0,\n    \"30\": 0,\n    \"31\": 0,\n    \"32\": 0,\n    \"33\": 0,\n    \"34\": 0,\n    \"35\": 0,\n    \"36\": 0,\n    \"37\": 0,\n    \"38\": 0,\n    \"39\": 0,\n    \"40\": 0,\n    \"41\": 0,\n    \"42\": 0,\n    \"43\": 0.00475,\n    \"44\": 0,\n    \"45\": 0,\n    \"46\": 0,\n    \"47\": 0,\n    \"48\": 0.00475,\n    \"49\": 0,\n    \"50\": 0,\n    \"51\": 0,\n    \"52\": 0.02374,\n    \"53\": 0,\n    \"54\": 0,\n    \"55\": 0,\n    \"56\": 0,\n    \"57\": 0,\n    \"58\": 0.00475,\n    \"59\": 0,\n    \"60\": 0.00475,\n    \"61\": 0,\n    \"62\": 0,\n    \"63\": 0.00475,\n    \"64\": 0.00475,\n    \"65\": 0.00475,\n    \"66\": 0.42732,\n    \"67\": 0,\n    \"68\": 0.02374,\n    \"69\": 0,\n    \"70\": 0.02849,\n    \"71\": 0.00475,\n    \"72\": 0.00475,\n    \"73\": 0.04748,\n    \"74\": 0,\n    \"75\": 0.00475,\n    \"76\": 0,\n    \"77\": 0,\n    \"78\": 0.03798,\n    \"79\": 0.0095,\n    \"80\": 0.01899,\n    \"81\": 0.01424,\n    \"82\": 0.04273,\n    \"83\": 0.86414,\n    \"84\": 0.4748,\n    \"85\": 0.00475,\n    \"86\": 0,\n    \"3.5\": 0,\n    \"3.6\": 0\n  },\n  D: {\n    \"4\": 0,\n    \"5\": 0,\n    \"6\": 0,\n    \"7\": 0,\n    \"8\": 0,\n    \"9\": 0,\n    \"10\": 0,\n    \"11\": 0.00475,\n    \"12\": 0,\n    \"13\": 0,\n    \"14\": 0,\n    \"15\": 0,\n    \"16\": 0,\n    \"17\": 0,\n    \"18\": 0,\n    \"19\": 0,\n    \"20\": 0,\n    \"21\": 0,\n    \"22\": 0,\n    \"23\": 0,\n    \"24\": 0,\n    \"25\": 0,\n    \"26\": 0,\n    \"27\": 0,\n    \"28\": 0,\n    \"29\": 0,\n    \"30\": 0,\n    \"31\": 0,\n    \"32\": 0,\n    \"33\": 0,\n    \"34\": 0,\n    \"35\": 0,\n    \"36\": 0,\n    \"37\": 0,\n    \"38\": 0.00475,\n    \"39\": 0,\n    \"40\": 0.00475,\n    \"41\": 0,\n    \"42\": 0,\n    \"43\": 0.00475,\n    \"44\": 0,\n    \"45\": 0,\n    \"46\": 0,\n    \"47\": 0,\n    \"48\": 0,\n    \"49\": 0.07597,\n    \"50\": 0,\n    \"51\": 0,\n    \"52\": 0,\n    \"53\": 0.01899,\n    \"54\": 0,\n    \"55\": 0.00475,\n    \"56\": 0,\n    \"57\": 0,\n    \"58\": 0.00475,\n    \"59\": 0,\n    \"60\": 0,\n    \"61\": 0,\n    \"62\": 0,\n    \"63\": 0.00475,\n    \"64\": 0.00475,\n    \"65\": 0.00475,\n    \"66\": 0.0095,\n    \"67\": 0.01899,\n    \"68\": 0.0095,\n    \"69\": 0.00475,\n    \"70\": 0.02374,\n    \"71\": 0.02374,\n    \"72\": 0.02374,\n    \"73\": 0.0095,\n    \"74\": 0.01424,\n    \"75\": 0.03324,\n    \"76\": 0.02374,\n    \"77\": 0.01899,\n    \"78\": 0.03798,\n    \"79\": 0.03798,\n    \"80\": 0.05223,\n    \"81\": 0.03798,\n    \"83\": 0.09971,\n    \"84\": 0.05223,\n    \"85\": 0.1282,\n    \"86\": 2.44997,\n    \"87\": 11.81777,\n    \"88\": 0.0095,\n    \"89\": 0.00475,\n    \"90\": 0\n  },\n  F: {\n    \"9\": 0,\n    \"11\": 0,\n    \"12\": 0,\n    \"15\": 0,\n    \"16\": 0,\n    \"17\": 0,\n    \"18\": 0,\n    \"19\": 0,\n    \"20\": 0,\n    \"21\": 0,\n    \"22\": 0,\n    \"23\": 0,\n    \"24\": 0,\n    \"25\": 0,\n    \"26\": 0,\n    \"27\": 0,\n    \"28\": 0,\n    \"29\": 0,\n    \"30\": 0,\n    \"31\": 0,\n    \"32\": 0,\n    \"33\": 0,\n    \"34\": 0,\n    \"35\": 0,\n    \"36\": 0.00475,\n    \"37\": 0,\n    \"38\": 0,\n    \"39\": 0,\n    \"40\": 0,\n    \"41\": 0,\n    \"42\": 0,\n    \"43\": 0,\n    \"44\": 0,\n    \"45\": 0,\n    \"46\": 0,\n    \"47\": 0,\n    \"48\": 0,\n    \"49\": 0,\n    \"50\": 0,\n    \"51\": 0,\n    \"52\": 0,\n    \"53\": 0,\n    \"54\": 0,\n    \"55\": 0,\n    \"56\": 0,\n    \"57\": 0.0095,\n    \"58\": 0.0095,\n    \"60\": 0,\n    \"62\": 0,\n    \"63\": 0,\n    \"64\": 0,\n    \"65\": 0,\n    \"66\": 0,\n    \"67\": 0,\n    \"68\": 0,\n    \"69\": 0,\n    \"70\": 0,\n    \"71\": 0.1187,\n    \"72\": 0.41782,\n    \"9.5-9.6\": 0,\n    \"10.0-10.1\": 0,\n    \"10.5\": 0,\n    \"10.6\": 0,\n    \"11.1\": 0,\n    \"11.5\": 0,\n    \"11.6\": 0,\n    \"12.1\": 0\n  },\n  E: {\n    \"4\": 0,\n    \"5\": 0,\n    \"6\": 0,\n    \"7\": 0,\n    \"8\": 0,\n    \"9\": 0,\n    \"10\": 0,\n    \"11\": 0,\n    \"12\": 0.00475,\n    \"13\": 0.03324,\n    \"14\": 0.45106,\n    _: \"0\",\n    \"3.1\": 0,\n    \"3.2\": 0,\n    \"5.1\": 1.03506,\n    \"6.1\": 0,\n    \"7.1\": 0,\n    \"9.1\": 0,\n    \"10.1\": 0.00475,\n    \"11.1\": 0.0095,\n    \"12.1\": 0.04748,\n    \"13.1\": 0.14719\n  },\n  G: {\n    \"8\": 0,\n    \"3.2\": 0,\n    \"4.0-4.1\": 0,\n    \"4.2-4.3\": 0,\n    \"5.0-5.1\": 0.00815,\n    \"6.0-6.1\": 0.00163,\n    \"7.0-7.1\": 0.03505,\n    \"8.1-8.4\": 0.00815,\n    \"9.0-9.2\": 0.00571,\n    \"9.3\": 0.1679,\n    \"10.0-10.2\": 0.01304,\n    \"10.3\": 0.08395,\n    \"11.0-11.2\": 0.0489,\n    \"11.3-11.4\": 0.04401,\n    \"12.0-12.1\": 0.05053,\n    \"12.2-12.4\": 0.73925,\n    \"13.0-13.1\": 0.04075,\n    \"13.2\": 0.03912,\n    \"13.3\": 0.11085,\n    \"13.4-13.7\": 0.85825,\n    \"14.0-14.3\": 5.86102\n  },\n  B: {\n    \"12\": 0.01424,\n    \"13\": 0,\n    \"14\": 0,\n    \"15\": 0.0095,\n    \"16\": 0.00475,\n    \"17\": 0.03324,\n    \"18\": 0.03798,\n    \"79\": 0,\n    \"80\": 0,\n    \"81\": 0,\n    \"83\": 0,\n    \"84\": 0.00475,\n    \"85\": 0.00475,\n    \"86\": 0.01899,\n    \"87\": 0.88788\n  },\n  I: {\n    \"3\": 0,\n    \"4\": 0.00376,\n    \"81\": 0,\n    \"2.1\": 0,\n    \"2.2\": 0,\n    \"2.3\": 0,\n    \"4.1\": 0.00564,\n    \"4.2-4.3\": 0.03386,\n    \"4.4\": 0,\n    \"4.4.3-4.4.4\": 0.32918\n  },\n  P: {\n    \"4\": 0.2147,\n    \"5.0-5.4\": 0.01022,\n    \"6.2-6.4\": 0.02045,\n    \"7.2-7.4\": 0.15336,\n    \"8.2\": 0.02045,\n    \"9.2\": 0.12269,\n    \"10.1\": 0.05112,\n    \"11.1-11.2\": 0.20448,\n    \"12.0\": 0.35784,\n    \"13.0\": 1.91187\n  },\n  K: {\n    _: \"0 10 11 12 11.1 11.5 12.1\"\n  },\n  A: {\n    \"6\": 0,\n    \"7\": 0,\n    \"8\": 0,\n    \"9\": 0,\n    \"10\": 0,\n    \"11\": 0.11395,\n    \"5.5\": 0\n  },\n  N: {\n    \"10\": 0,\n    \"11\": 0\n  },\n  J: {\n    \"7\": 0,\n    \"10\": 0\n  },\n  O: {\n    \"0\": 0.19432\n  },\n  H: {\n    \"0\": 0.22872\n  },\n  L: {\n    \"0\": 64.50014\n  },\n  S: {\n    \"2.5\": 0\n  },\n  R: {\n    _: \"0\"\n  },\n  M: {\n    \"0\": 0.7773\n  },\n  Q: {\n    \"10.4\": 0\n  }\n};","map":{"version":3,"sources":["/Users/bruceseymour/ra-video/client/node_modules/caniuse-lite/data/regions/SV.js"],"names":["module","exports","C","D","F","E","_","G","B","I","P","K","A","N","J","O","H","L","S","R","M","Q"],