{"ast":null,"code":"module.exports = {\n  C: {\n    \"2\": 0,\n    \"3\": 0,\n    \"4\": 0,\n    \"5\": 0,\n    \"6\": 0,\n    \"7\": 0,\n    \"8\": 0,\n    \"9\": 0,\n    \"10\": 0,\n    \"11\": 0,\n    \"12\": 0,\n    \"13\": 0,\n    \"14\": 0,\n    \"15\": 0,\n    \"16\": 0,\n    \"17\": 0,\n    \"18\": 0,\n    \"19\": 0,\n    \"20\": 0,\n    \"21\": 0,\n    \"22\": 0,\n    \"23\": 0,\n    \"24\": 0,\n    \"25\": 0,\n    \"26\": 0,\n    \"27\": 0,\n    \"28\": 0,\n    \"29\": 0.03651,\n    \"30\": 0.00456,\n    \"31\": 0,\n    \"32\": 0.00456,\n    \"33\": 0,\n    \"34\": 0,\n    \"35\": 0,\n    \"36\": 0,\n    \"37\": 0.00456,\n    \"38\": 0,\n    \"39\": 0,\n    \"40\": 0,\n    \"41\": 0.00456,\n    \"42\": 0,\n    \"43\": 0,\n    \"44\": 0,\n    \"45\": 0,\n    \"46\": 0,\n    \"47\": 0.00456,\n    \"48\": 0.00913,\n    \"49\": 0.02282,\n    \"50\": 0,\n    \"51\": 0,\n    \"52\": 0.03195,\n    \"53\": 0,\n    \"54\": 0.00456,\n    \"55\": 0.02282,\n    \"56\": 0.01369,\n    \"57\": 0.00456,\n    \"58\": 0,\n    \"59\": 0.01826,\n    \"60\": 0.01826,\n    \"61\": 0.01826,\n    \"62\": 0,\n    \"63\": 0,\n    \"64\": 0,\n    \"65\": 0,\n    \"66\": 0.00456,\n    \"67\": 0.01826,\n    \"68\": 0.06846,\n    \"69\": 0.00456,\n    \"70\": 0,\n    \"71\": 0,\n    \"72\": 0.00913,\n    \"73\": 0.00456,\n    \"74\": 0.00456,\n    \"75\": 0.01826,\n    \"76\": 0.00913,\n    \"77\": 0.00913,\n    \"78\": 0.46096,\n    \"79\": 0.00456,\n    \"80\": 0.02282,\n    \"81\": 0.0502,\n    \"82\": 0.21451,\n    \"83\": 1.65673,\n    \"84\": 1.00408,\n    \"85\": 0.00456,\n    \"86\": 0,\n    \"3.5\": 0,\n    \"3.6\": 0\n  },\n  D: {\n    \"4\": 0,\n    \"5\": 0,\n    \"6\": 0,\n    \"7\": 0,\n    \"8\": 0,\n    \"9\": 0,\n    \"10\": 0,\n    \"11\": 0,\n    \"12\": 0,\n    \"13\": 0,\n    \"14\": 0,\n    \"15\": 0,\n    \"16\": 0,\n    \"17\": 0,\n    \"18\": 0,\n    \"19\": 0,\n    \"20\": 0,\n    \"21\": 0,\n    \"22\": 0,\n    \"23\": 0,\n    \"24\": 0,\n    \"25\": 0,\n    \"26\": 0,\n    \"27\": 0,\n    \"28\": 0,\n    \"29\": 0,\n    \"30\": 0,\n    \"31\": 0,\n    \"32\": 0,\n    \"33\": 0,\n    \"34\": 0,\n    \"35\": 0,\n    \"36\": 0,\n    \"37\": 0,\n    \"38\": 0,\n    \"39\": 0,\n    \"40\": 0,\n    \"41\": 0,\n    \"42\": 0,\n    \"43\": 0,\n    \"44\": 0,\n    \"45\": 0,\n    \"46\": 0,\n    \"47\": 0,\n    \"48\": 0,\n    \"49\": 0.10497,\n    \"50\": 0,\n    \"51\": 0,\n    \"52\": 0,\n    \"53\": 0.01369,\n    \"54\": 0.01369,\n    \"55\": 0,\n    \"56\": 0.00456,\n    \"57\": 0.02282,\n    \"58\": 0,\n    \"59\": 0,\n    \"60\": 0.01369,\n    \"61\": 0.02282,\n    \"62\": 0.01826,\n    \"63\": 0.00456,\n    \"64\": 0.00456,\n    \"65\": 0.03651,\n    \"66\": 0.00456,\n    \"67\": 0.00456,\n    \"68\": 0.01369,\n    \"69\": 0.00456,\n    \"70\": 0.06846,\n    \"71\": 0.00456,\n    \"72\": 0.01826,\n    \"73\": 0.00456,\n    \"74\": 0.02738,\n    \"75\": 0.00913,\n    \"76\": 0.03195,\n    \"77\": 0.00913,\n    \"78\": 0.04108,\n    \"79\": 0.13692,\n    \"80\": 0.18256,\n    \"81\": 0.05933,\n    \"83\": 0.04564,\n    \"84\": 0.10954,\n    \"85\": 0.20538,\n    \"86\": 1.65217,\n    \"87\": 8.33386,\n    \"88\": 0.00456,\n    \"89\": 0.00456,\n    \"90\": 0\n  },\n  F: {\n    \"9\": 0,\n    \"11\": 0,\n    \"12\": 0,\n    \"15\": 0,\n    \"16\": 0,\n    \"17\": 0,\n    \"18\": 0,\n    \"19\": 0,\n    \"20\": 0,\n    \"21\": 0,\n    \"22\": 0,\n    \"23\": 0,\n    \"24\": 0,\n    \"25\": 0,\n    \"26\": 0,\n    \"27\": 0,\n    \"28\": 0,\n    \"29\": 0,\n    \"30\": 0,\n    \"31\": 0,\n    \"32\": 0,\n    \"33\": 0,\n    \"34\": 0,\n    \"35\": 0,\n    \"36\": 0,\n    \"37\": 0,\n    \"38\": 0,\n    \"39\": 0,\n    \"40\": 0,\n    \"41\": 0,\n    \"42\": 0,\n    \"43\": 0,\n    \"44\": 0,\n    \"45\": 0,\n    \"46\": 0,\n    \"47\": 0,\n    \"48\": 0,\n    \"49\": 0.00456,\n    \"50\": 0,\n    \"51\": 0,\n    \"52\": 0,\n    \"53\": 0,\n    \"54\": 0,\n    \"55\": 0,\n    \"56\": 0,\n    \"57\": 0,\n    \"58\": 0,\n    \"60\": 0,\n    \"62\": 0,\n    \"63\": 0,\n    \"64\": 0,\n    \"65\": 0,\n    \"66\": 0,\n    \"67\": 0,\n    \"68\": 0,\n    \"69\": 0,\n    \"70\": 0,\n    \"71\": 0.11866,\n    \"72\": 0.27384,\n    \"9.5-9.6\": 0,\n    \"10.0-10.1\": 0,\n    \"10.5\": 0,\n    \"10.6\": 0,\n    \"11.1\": 0,\n    \"11.5\": 0,\n    \"11.6\": 0,\n    \"12.1\": 0\n  },\n  E: {\n    \"4\": 0,\n    \"5\": 0,\n    \"6\": 0,\n    \"7\": 0,\n    \"8\": 0,\n    \"9\": 0,\n    \"10\": 0,\n    \"11\": 0.00913,\n    \"12\": 0.00913,\n    \"13\": 0.09128,\n    \"14\": 1.22315,\n    _: \"0\",\n    \"3.1\": 0,\n    \"3.2\": 0,\n    \"5.1\": 0,\n    \"6.1\": 0,\n    \"7.1\": 0,\n    \"9.1\": 0.00456,\n    \"10.1\": 0.01826,\n    \"11.1\": 0.1141,\n    \"12.1\": 0.14605,\n    \"13.1\": 0.54312\n  },\n  G: {\n    \"8\": 0,\n    \"3.2\": 0,\n    \"4.0-4.1\": 0,\n    \"4.2-4.3\": 0,\n    \"5.0-5.1\": 0.00913,\n    \"6.0-6.1\": 0,\n    \"7.0-7.1\": 0.00913,\n    \"8.1-8.4\": 0.00304,\n    \"9.0-9.2\": 0.01521,\n    \"9.3\": 0.14297,\n    \"10.0-10.2\": 0.1886,\n    \"10.3\": 0.29355,\n    \"11.0-11.2\": 0.07909,\n    \"11.3-11.4\": 0.06084,\n    \"12.0-12.1\": 0.10495,\n    \"12.2-12.4\": 1.1012,\n    \"13.0-13.1\": 0.08213,\n    \"13.2\": 0.03498,\n    \"13.3\": 0.44717,\n    \"13.4-13.7\": 1.75827,\n    \"14.0-14.3\": 10.8538\n  },\n  B: {\n    \"12\": 0,\n    \"13\": 0,\n    \"14\": 0.00456,\n    \"15\": 0.00456,\n    \"16\": 0.01369,\n    \"17\": 0.01826,\n    \"18\": 0.12323,\n    \"79\": 0,\n    \"80\": 0.00456,\n    \"81\": 0,\n    \"83\": 0,\n    \"84\": 0.00456,\n    \"85\": 0.00913,\n    \"86\": 0.07302,\n    \"87\": 1.67042\n  },\n  I: {\n    \"3\": 0,\n    \"4\": 0,\n    \"81\": 0,\n    \"2.1\": 0,\n    \"2.2\": 0,\n    \"2.3\": 0,\n    \"4.1\": 0.01414,\n    \"4.2-4.3\": 0.00303,\n    \"4.4\": 0,\n    \"4.4.3-4.4.4\": 0.13129\n  },\n  P: {\n    \"4\": 0.05169,\n    \"5.0-5.4\": 0,\n    \"6.2-6.4\": 0,\n    \"7.2-7.4\": 0.06202,\n    \"8.2\": 0,\n    \"9.2\": 0.12405,\n    \"10.1\": 0.05169,\n    \"11.1-11.2\": 0.34113,\n    \"12.0\": 0.43417,\n    \"13.0\": 3.34929\n  },\n  K: {\n    _: \"0 10 11 12 11.1 11.5 12.1\"\n  },\n  A: {\n    \"6\": 0,\n    \"7\": 0,\n    \"8\": 0,\n    \"9\": 0,\n    \"10\": 0,\n    \"11\": 0.18256,\n    \"5.5\": 0\n  },\n  N: {\n    \"10\": 0,\n    \"11\": 0\n  },\n  J: {\n    \"7\": 0,\n    \"10\": 0\n  },\n  O: {\n    \"0\": 0.65776\n  },\n  H: {\n    \"0\": 0.21615\n  },\n  L: {\n    \"0\": 55.97776\n  },\n  S: {\n    \"2.5\": 0\n  },\n  R: {\n    _: \"0\"\n  },\n  M: {\n    \"0\": 0.4838\n  },\n  Q: {\n    \"10.4\": 0\n  }\n};","map":{"version":3,"sources":["/Users/bruceseymour/ra-video/client/node_modules/caniuse-lite/data/regions/RE.js"],"names":["module","exports","C","D","F","E","_","G","B","I","P","K","A","N","J","O","H","L","S","R","M","Q"],