{"ast":null,"code":"module.exports = {\n  C: {\n    \"2\": 0,\n    \"3\": 0,\n    \"4\": 0,\n    \"5\": 0,\n    \"6\": 0,\n    \"7\": 0,\n    \"8\": 0,\n    \"9\": 0,\n    \"10\": 0,\n    \"11\": 0,\n    \"12\": 0,\n    \"13\": 0,\n    \"14\": 0,\n    \"15\": 0,\n    \"16\": 0,\n    \"17\": 0,\n    \"18\": 0,\n    \"19\": 0,\n    \"20\": 0,\n    \"21\": 0,\n    \"22\": 0,\n    \"23\": 0,\n    \"24\": 0,\n    \"25\": 0,\n    \"26\": 0,\n    \"27\": 0,\n    \"28\": 0,\n    \"29\": 0,\n    \"30\": 0.00218,\n    \"31\": 0,\n    \"32\": 0,\n    \"33\": 0,\n    \"34\": 0,\n    \"35\": 0,\n    \"36\": 0,\n    \"37\": 0,\n    \"38\": 0,\n    \"39\": 0,\n    \"40\": 0,\n    \"41\": 0,\n    \"42\": 0,\n    \"43\": 0,\n    \"44\": 0,\n    \"45\": 0,\n    \"46\": 0,\n    \"47\": 0.00218,\n    \"48\": 0,\n    \"49\": 0,\n    \"50\": 0,\n    \"51\": 0,\n    \"52\": 0.00435,\n    \"53\": 0,\n    \"54\": 0,\n    \"55\": 0,\n    \"56\": 0,\n    \"57\": 0,\n    \"58\": 0.00218,\n    \"59\": 0,\n    \"60\": 0,\n    \"61\": 0,\n    \"62\": 0,\n    \"63\": 0,\n    \"64\": 0,\n    \"65\": 0,\n    \"66\": 0,\n    \"67\": 0,\n    \"68\": 0.00435,\n    \"69\": 0,\n    \"70\": 0,\n    \"71\": 0,\n    \"72\": 0.00218,\n    \"73\": 0,\n    \"74\": 0,\n    \"75\": 0,\n    \"76\": 0,\n    \"77\": 0,\n    \"78\": 0.00218,\n    \"79\": 0,\n    \"80\": 0.00218,\n    \"81\": 0.00435,\n    \"82\": 0.00435,\n    \"83\": 0.1392,\n    \"84\": 0.09135,\n    \"85\": 0.00218,\n    \"86\": 0,\n    \"3.5\": 0,\n    \"3.6\": 0\n  },\n  D: {\n    \"4\": 0,\n    \"5\": 0,\n    \"6\": 0,\n    \"7\": 0,\n    \"8\": 0,\n    \"9\": 0,\n    \"10\": 0,\n    \"11\": 0,\n    \"12\": 0,\n    \"13\": 0,\n    \"14\": 0,\n    \"15\": 0,\n    \"16\": 0,\n    \"17\": 0,\n    \"18\": 0,\n    \"19\": 0,\n    \"20\": 0,\n    \"21\": 0,\n    \"22\": 0,\n    \"23\": 0,\n    \"24\": 0,\n    \"25\": 0,\n    \"26\": 0.00218,\n    \"27\": 0,\n    \"28\": 0,\n    \"29\": 0,\n    \"30\": 0,\n    \"31\": 0,\n    \"32\": 0,\n    \"33\": 0.00218,\n    \"34\": 0,\n    \"35\": 0,\n    \"36\": 0,\n    \"37\": 0,\n    \"38\": 0.0087,\n    \"39\": 0.00218,\n    \"40\": 0.00435,\n    \"41\": 0.00218,\n    \"42\": 0.00218,\n    \"43\": 0.03263,\n    \"44\": 0,\n    \"45\": 0,\n    \"46\": 0,\n    \"47\": 0.00218,\n    \"48\": 0,\n    \"49\": 0.00653,\n    \"50\": 0,\n    \"51\": 0,\n    \"52\": 0.00218,\n    \"53\": 0.00653,\n    \"54\": 0,\n    \"55\": 0,\n    \"56\": 0.00218,\n    \"57\": 0,\n    \"58\": 0.00218,\n    \"59\": 0,\n    \"60\": 0.00218,\n    \"61\": 0,\n    \"62\": 0,\n    \"63\": 0.0087,\n    \"64\": 0.00218,\n    \"65\": 0.00218,\n    \"66\": 0,\n    \"67\": 0.00218,\n    \"68\": 0.00218,\n    \"69\": 0.00218,\n    \"70\": 0.00218,\n    \"71\": 0.00653,\n    \"72\": 0.00218,\n    \"73\": 0.00435,\n    \"74\": 0.00218,\n    \"75\": 0.00218,\n    \"76\": 0.00218,\n    \"77\": 0.00435,\n    \"78\": 0.00218,\n    \"79\": 0.0174,\n    \"80\": 0.01958,\n    \"81\": 0.0261,\n    \"83\": 0.01958,\n    \"84\": 0.03263,\n    \"85\": 0.02828,\n    \"86\": 0.41325,\n    \"87\": 2.523,\n    \"88\": 0.00435,\n    \"89\": 0.00435,\n    \"90\": 0\n  },\n  F: {\n    \"9\": 0,\n    \"11\": 0,\n    \"12\": 0,\n    \"15\": 0,\n    \"16\": 0,\n    \"17\": 0,\n    \"18\": 0,\n    \"19\": 0,\n    \"20\": 0,\n    \"21\": 0,\n    \"22\": 0,\n    \"23\": 0,\n    \"24\": 0,\n    \"25\": 0,\n    \"26\": 0,\n    \"27\": 0,\n    \"28\": 0,\n    \"29\": 0,\n    \"30\": 0,\n    \"31\": 0,\n    \"32\": 0,\n    \"33\": 0,\n    \"34\": 0,\n    \"35\": 0,\n    \"36\": 0,\n    \"37\": 0,\n    \"38\": 0,\n    \"39\": 0,\n    \"40\": 0,\n    \"41\": 0,\n    \"42\": 0,\n    \"43\": 0,\n    \"44\": 0,\n    \"45\": 0,\n    \"46\": 0,\n    \"47\": 0,\n    \"48\": 0,\n    \"49\": 0,\n    \"50\": 0,\n    \"51\": 0,\n    \"52\": 0,\n    \"53\": 0,\n    \"54\": 0.00218,\n    \"55\": 0,\n    \"56\": 0,\n    \"57\": 0,\n    \"58\": 0,\n    \"60\": 0,\n    \"62\": 0,\n    \"63\": 0,\n    \"64\": 0,\n    \"65\": 0,\n    \"66\": 0,\n    \"67\": 0,\n    \"68\": 0,\n    \"69\": 0,\n    \"70\": 0,\n    \"71\": 0.01523,\n    \"72\": 0.087,\n    \"9.5-9.6\": 0,\n    \"10.0-10.1\": 0,\n    \"10.5\": 0,\n    \"10.6\": 0,\n    \"11.1\": 0,\n    \"11.5\": 0,\n    \"11.6\": 0,\n    \"12.1\": 0\n  },\n  E: {\n    \"4\": 0,\n    \"5\": 0,\n    \"6\": 0,\n    \"7\": 0,\n    \"8\": 0,\n    \"9\": 0,\n    \"10\": 0,\n    \"11\": 0,\n    \"12\": 0,\n    \"13\": 0.0087,\n    \"14\": 0.3132,\n    _: \"0\",\n    \"3.1\": 0,\n    \"3.2\": 0,\n    \"5.1\": 0.05873,\n    \"6.1\": 0,\n    \"7.1\": 0,\n    \"9.1\": 0,\n    \"10.1\": 0,\n    \"11.1\": 0.00218,\n    \"12.1\": 0.00435,\n    \"13.1\": 0.05873\n  },\n  G: {\n    \"8\": 0,\n    \"3.2\": 0,\n    \"4.0-4.1\": 0.00163,\n    \"4.2-4.3\": 0,\n    \"5.0-5.1\": 0.02123,\n    \"6.0-6.1\": 0.00327,\n    \"7.0-7.1\": 0.16821,\n    \"8.1-8.4\": 0.0049,\n    \"9.0-9.2\": 0.0098,\n    \"9.3\": 0.12249,\n    \"10.0-10.2\": 0.03593,\n    \"10.3\": 0.14698,\n    \"11.0-11.2\": 0.08492,\n    \"11.3-11.4\": 0.17311,\n    \"12.0-12.1\": 0.13392,\n    \"12.2-12.4\": 1.9467,\n    \"13.0-13.1\": 0.08492,\n    \"13.2\": 0.03593,\n    \"13.3\": 0.37889,\n    \"13.4-13.7\": 1.6952,\n    \"14.0-14.3\": 11.18701\n  },\n  B: {\n    \"12\": 0.00218,\n    \"13\": 0,\n    \"14\": 0.00218,\n    \"15\": 0.00218,\n    \"16\": 0.00218,\n    \"17\": 0.00218,\n    \"18\": 0.0261,\n    \"79\": 0,\n    \"80\": 0,\n    \"81\": 0,\n    \"83\": 0,\n    \"84\": 0.00218,\n    \"85\": 0.00218,\n    \"86\": 0.00653,\n    \"87\": 0.21533\n  },\n  I: {\n    \"3\": 0,\n    \"4\": 0.00211,\n    \"81\": 0,\n    \"2.1\": 0,\n    \"2.2\": 0,\n    \"2.3\": 0,\n    \"4.1\": 0.00282,\n    \"4.2-4.3\": 0.01901,\n    \"4.4\": 0,\n    \"4.4.3-4.4.4\": 0.17043\n  },\n  P: {\n    \"4\": 0.21775,\n    \"5.0-5.4\": 0.01037,\n    \"6.2-6.4\": 0.02074,\n    \"7.2-7.4\": 0.17627,\n    \"8.2\": 0.01037,\n    \"9.2\": 0.25923,\n    \"10.1\": 0.08295,\n    \"11.1-11.2\": 0.44587,\n    \"12.0\": 0.80879,\n    \"13.0\": 4.28243\n  },\n  K: {\n    _: \"0 10 11 12 11.1 11.5 12.1\"\n  },\n  A: {\n    \"6\": 0,\n    \"7\": 0,\n    \"8\": 0.01038,\n    \"9\": 0.00346,\n    \"10\": 0.00346,\n    \"11\": 0.05882,\n    \"5.5\": 0\n  },\n  N: {\n    \"10\": 0,\n    \"11\": 0\n  },\n  J: {\n    \"7\": 0,\n    \"10\": 0\n  },\n  O: {\n    \"0\": 0.4695\n  },\n  H: {\n    \"0\": 0.31114\n  },\n  L: {\n    \"0\": 70.1616\n  },\n  S: {\n    \"2.5\": 0\n  },\n  R: {\n    _: \"0\"\n  },\n  M: {\n    \"0\": 0.07825\n  },\n  Q: {\n    \"10.4\": 0.00783\n  }\n};","map":{"version":3,"sources":["/Users/bruceseymour/ra-video/client/node_modules/caniuse-lite/data/regions/IQ.js"],"names":["module","exports","C","D","F","E","_","G","B","I","P","K","A","N","J","O","H","L","S","R","M","Q"],