{"ast":null,"code":"module.exports = {\n  C: {\n    \"48\": 0.00559,\n    \"52\": 0.26268,\n    \"56\": 0.03912,\n    \"57\": 0.01118,\n    \"58\": 0.00559,\n    \"60\": 0.00559,\n    \"65\": 0.01118,\n    \"66\": 0.01677,\n    \"68\": 0.02795,\n    \"70\": 0.00559,\n    \"71\": 0.01677,\n    \"72\": 0.02236,\n    \"73\": 0.00559,\n    \"74\": 0.01118,\n    \"75\": 0.00559,\n    \"76\": 0.01118,\n    \"77\": 0.01118,\n    \"78\": 0.17326,\n    \"79\": 0.12296,\n    \"80\": 0.04471,\n    \"81\": 0.08942,\n    \"82\": 0.13973,\n    \"83\": 4.19175,\n    \"84\": 2.71067,\n    \"85\": 0.01677,\n    _: \"2 3 4 5 6 7 8 9 10 11 12 13 14 15 16 17 18 19 20 21 22 23 24 25 26 27 28 29 30 31 32 33 34 35 36 37 38 39 40 41 42 43 44 45 46 47 49 50 51 53 54 55 59 61 62 63 64 67 69 86 3.5 3.6\"\n  },\n  D: {\n    \"4\": 0.00559,\n    \"22\": 0.01118,\n    \"26\": 0.01118,\n    \"28\": 0.01118,\n    \"34\": 0.01118,\n    \"38\": 0.0503,\n    \"43\": 0.01118,\n    \"47\": 0.01118,\n    \"48\": 0.02236,\n    \"49\": 0.36329,\n    \"50\": 0.00559,\n    \"53\": 0.1006,\n    \"56\": 0.00559,\n    \"58\": 0.00559,\n    \"59\": 0.00559,\n    \"63\": 0.08384,\n    \"65\": 0.01118,\n    \"67\": 0.01677,\n    \"68\": 0.02795,\n    \"69\": 0.02236,\n    \"70\": 0.02236,\n    \"71\": 0.0503,\n    \"72\": 0.02795,\n    \"73\": 0.01677,\n    \"74\": 0.01118,\n    \"75\": 0.02236,\n    \"76\": 0.01118,\n    \"77\": 0.01677,\n    \"78\": 0.01677,\n    \"79\": 0.06148,\n    \"80\": 0.06707,\n    \"81\": 0.08384,\n    \"83\": 0.08942,\n    \"84\": 0.13973,\n    \"85\": 0.2012,\n    \"86\": 5.25366,\n    \"87\": 28.99573,\n    \"88\": 0.02795,\n    \"89\": 0.01118,\n    _: \"5 6 7 8 9 10 11 12 13 14 15 16 17 18 19 20 21 23 24 25 27 29 30 31 32 33 35 36 37 39 40 41 42 44 45 46 51 52 54 55 57 60 61 62 64 66 90\"\n  },\n  F: {\n    \"36\": 0.01677,\n    \"68\": 0.00559,\n    \"69\": 0.01677,\n    \"71\": 0.27945,\n    \"72\": 2.19648,\n    _: \"9 11 12 15 16 17 18 19 20 21 22 23 24 25 26 27 28 29 30 31 32 33 34 35 37 38 39 40 41 42 43 44 45 46 47 48 49 50 51 52 53 54 55 56 57 58 60 62 63 64 65 66 67 70 9.5-9.6 10.5 10.6 11.1 11.5 11.6\",\n    \"10.0-10.1\": 0,\n    \"12.1\": 0.02795\n  },\n  E: {\n    \"4\": 0,\n    \"11\": 0.01118,\n    \"12\": 0.02236,\n    \"13\": 0.07825,\n    \"14\": 1.82201,\n    _: \"0 5 6 7 8 9 10 3.1 3.2 6.1 7.1 9.1\",\n    \"5.1\": 0.01118,\n    \"10.1\": 0.01118,\n    \"11.1\": 0.06707,\n    \"12.1\": 0.08942,\n    \"13.1\": 0.51978\n  },\n  G: {\n    \"8\": 0,\n    \"3.2\": 0,\n    \"4.0-4.1\": 0,\n    \"4.2-4.3\": 0,\n    \"5.0-5.1\": 0.00747,\n    \"6.0-6.1\": 0,\n    \"7.0-7.1\": 0.01079,\n    \"8.1-8.4\": 0.00747,\n    \"9.0-9.2\": 0.00332,\n    \"9.3\": 0.1121,\n    \"10.0-10.2\": 0.01329,\n    \"10.3\": 0.06311,\n    \"11.0-11.2\": 0.02408,\n    \"11.3-11.4\": 0.05397,\n    \"12.0-12.1\": 0.03654,\n    \"12.2-12.4\": 0.46916,\n    \"13.0-13.1\": 0.05564,\n    \"13.2\": 0.03903,\n    \"13.3\": 0.1777,\n    \"13.4-13.7\": 0.84366,\n    \"14.0-14.3\": 6.36651\n  },\n  B: {\n    \"13\": 0.00559,\n    \"14\": 0.01677,\n    \"15\": 0.01677,\n    \"16\": 0.00559,\n    \"17\": 0.03353,\n    \"18\": 0.16767,\n    \"80\": 0.01118,\n    \"84\": 0.01118,\n    \"85\": 0.01118,\n    \"86\": 0.07266,\n    \"87\": 3.61608,\n    _: \"12 79 81 83\"\n  },\n  I: {\n    \"3\": 0,\n    \"4\": 0,\n    \"81\": 0,\n    \"2.1\": 0,\n    \"2.2\": 0,\n    \"2.3\": 0,\n    \"4.1\": 0.00583,\n    \"4.2-4.3\": 0.01833,\n    \"4.4\": 0,\n    \"4.4.3-4.4.4\": 0.12581\n  },\n  P: {\n    \"4\": 0.35531,\n    \"5.0-5.4\": 0,\n    \"6.2-6.4\": 0.02114,\n    \"7.2-7.4\": 0.01057,\n    \"8.2\": 0,\n    \"9.2\": 0.0209,\n    \"10.1\": 0.03135,\n    \"11.1-11.2\": 0.11495,\n    \"12.0\": 0.25081,\n    \"13.0\": 2.14234\n  },\n  K: {\n    _: \"0 10 11 12 11.1 11.5 12.1\"\n  },\n  A: {\n    \"9\": 0.00559,\n    \"11\": 0.69304,\n    _: \"6 7 8 10 5.5\"\n  },\n  N: {\n    \"10\": 0,\n    \"11\": 0\n  },\n  J: {\n    \"7\": 0,\n    \"10\": 0\n  },\n  O: {\n    \"0\": 0.05734\n  },\n  H: {\n    \"0\": 0.47189\n  },\n  L: {\n    \"0\": 32.4781\n  },\n  S: {\n    \"2.5\": 0\n  },\n  R: {\n    _: \"0\"\n  },\n  M: {\n    \"0\": 0.27789\n  },\n  Q: {\n    \"10.4\": 0\n  }\n};","map":{"version":3,"sources":["/Users/bruceseymour/ra-video/client/node_modules/caniuse-lite/data/regions/SK.js"],"names":["module","exports","C","_","D","F","E","G","B","I","P","K","A","N","J","O","H","L","S","R","M","Q"],"mappings":"AAAAA,MAAM,CAACC,OAAP,GAAe;AAACC,EAAAA,CAAC,EAAC;AAAC,UAAK,OAAN;AAAc,UAAK,OAAnB;AAA2B,UAAK,OAAhC;AAAwC,UAAK,OAA7C;AAAqD,UAAK,OAA1D;AAAkE,UAAK,OAAvE;AAA+E,UAAK,OAApF;AAA4F,UAAK,OAAjG;AAAyG,UAAK,OAA9G;AAAsH,UAAK,OAA3H;AAAmI,UAAK,OAAxI;AAAgJ,UAAK,OAArJ;AAA6J,UAAK,OAAlK;AAA0K,UAAK,OAA/K;AAAuL,UAAK,OAA5L;AAAoM,UAAK,OAAzM;AAAiN,UAAK,OAAtN;AAA8N,UAAK,OAAnO;AAA2O,UAAK,OAAhP;AAAwP,UAAK,OAA7P;AAAqQ,UAAK,OAA1Q;AAAkR,UAAK,OAAvR;AAA+R,UAAK,OAApS;AAA4S,UAAK,OAAjT;AAAyT,UAAK,OAA9T;AAAsUC,IAAAA,CAAC,EAAC;AAAxU,GAAH;AAAkgBC,EAAAA,CAAC,EAAC;AAAC,SAAI,OAAL;AAAa,UAAK,OAAlB;AAA0B,UAAK,OAA/B;AAAuC,UAAK,OAA5C;AAAoD,UAAK,OAAzD;AAAiE,UAAK,MAAtE;AAA6E,UAAK,OAAlF;AAA0F,UAAK,OAA/F;AAAuG,UAAK,OAA5G;AAAoH,UAAK,OAAzH;AAAiI,UAAK,OAAtI;AAA8I,UAAK,MAAnJ;AAA0J,UAAK,OAA/J;AAAuK,UAAK,OAA5K;AAAoL,UAAK,OAAzL;AAAiM,UAAK,OAAtM;AAA8M,UAAK,OAAnN;AAA2N,UAAK,OAAhO;AAAwO,UAAK,OAA7O;AAAqP,UAAK,OAA1P;AAAkQ,UAAK,OAAvQ;AAA+Q,UAAK,MAApR;AAA2R,UAAK,OAAhS;AAAwS,UAAK,OAA7S;AAAqT,UAAK,OAA1T;AAAkU,UAAK,OAAvU;AAA+U,UAAK,OAApV;AAA4V,UAAK,OAAjW;AAAyW,UAAK,OAA9W;AAAsX,UAAK,OAA3X;AAAmY,UAAK,OAAxY;AAAgZ,UAAK,OAArZ;AAA6Z,UAAK,OAAla;AAA0a,UAAK,OAA/a;AAAub,UAAK,MAA5b;AAAmc,UAAK,OAAxc;AAAgd,UAAK,QAArd;AAA8d,UAAK,OAAne;AAA2e,UAAK,OAAhf;AAAwfD,IAAAA,CAAC,EAAC;AAA1f,GAApgB;AAAyoCE,EAAAA,CAAC,EAAC;AAAC,UAAK,OAAN;AAAc,UAAK,OAAnB;AAA2B,UAAK,OAAhC;AAAwC,UAAK,OAA7C;AAAqD,UAAK,OAA1D;AAAkEF,IAAAA,CAAC,EAAC,mMAApE;AAAwQ,iBAAY,CAApR;AAAsR,YAAO;AAA7R,GAA3oC;AAAi7CG,EAAAA,CAAC,EAAC;AAAC,SAAI,CAAL;AAAO,UAAK,OAAZ;AAAoB,UAAK,OAAzB;AAAiC,UAAK,OAAtC;AAA8C,UAAK,OAAnD;AAA2DH,IAAAA,CAAC,EAAC,oCAA7D;AAAkG,WAAM,OAAxG;AAAgH,YAAO,OAAvH;AAA+H,YAAO,OAAtI;AAA8I,YAAO,OAArJ;AAA6J,YAAO;AAApK,GAAn7C;AAAgmDI,EAAAA,CAAC,EAAC;AAAC,SAAI,CAAL;AAAO,WAAM,CAAb;AAAe,eAAU,CAAzB;AAA2B,eAAU,CAArC;AAAuC,eAAU,OAAjD;AAAyD,eAAU,CAAnE;AAAqE,eAAU,OAA/E;AAAuF,eAAU,OAAjG;AAAyG,eAAU,OAAnH;AAA2H,WAAM,MAAjI;AAAwI,iBAAY,OAApJ;AAA4J,YAAO,OAAnK;AAA2K,iBAAY,OAAvL;AAA+L,iBAAY,OAA3M;AAAmN,iBAAY,OAA/N;AAAuO,iBAAY,OAAnP;AAA2P,iBAAY,OAAvQ;AAA+Q,YAAO,OAAtR;AAA8R,YAAO,MAArS;AAA4S,iBAAY,OAAxT;AAAgU,iBAAY;AAA5U,GAAlmD;AAAu7DC,EAAAA,CAAC,EAAC;AAAC,UAAK,OAAN;AAAc,UAAK,OAAnB;AAA2B,UAAK,OAAhC;AAAwC,UAAK,OAA7C;AAAqD,UAAK,OAA1D;AAAkE,UAAK,OAAvE;AAA+E,UAAK,OAApF;AAA4F,UAAK,OAAjG;AAAyG,UAAK,OAA9G;AAAsH,UAAK,OAA3H;AAAmI,UAAK,OAAxI;AAAgJL,IAAAA,CAAC,EAAC;AAAlJ,GAAz7D;AAA0lEM,EAAAA,CAAC,EAAC;AAAC,SAAI,CAAL;AAAO,SAAI,CAAX;AAAa,UAAK,CAAlB;AAAoB,WAAM,CAA1B;AAA4B,WAAM,CAAlC;AAAoC,WAAM,CAA1C;AAA4C,WAAM,OAAlD;AAA0D,eAAU,OAApE;AAA4E,WAAM,CAAlF;AAAoF,mBAAc;AAAlG,GAA5lE;AAAusEC,EAAAA,CAAC,EAAC;AAAC,SAAI,OAAL;AAAa,eAAU,CAAvB;AAAyB,eAAU,OAAnC;AAA2C,eAAU,OAArD;AAA6D,WAAM,CAAnE;AAAqE,WAAM,MAA3E;AAAkF,YAAO,OAAzF;AAAiG,iBAAY,OAA7G;AAAqH,YAAO,OAA5H;AAAoI,YAAO;AAA3I,GAAzsE;AAA61EC,EAAAA,CAAC,EAAC;AAACR,IAAAA,CAAC,EAAC;AAAH,GAA/1E;AAA+3ES,EAAAA,CAAC,EAAC;AAAC,SAAI,OAAL;AAAa,UAAK,OAAlB;AAA0BT,IAAAA,CAAC,EAAC;AAA5B,GAAj4E;AAA66EU,EAAAA,CAAC,EAAC;AAAC,UAAK,CAAN;AAAQ,UAAK;AAAb,GAA/6E;AAA+7EC,EAAAA,CAAC,EAAC;AAAC,SAAI,CAAL;AAAO,UAAK;AAAZ,GAAj8E;AAAg9EC,EAAAA,CAAC,EAAC;AAAC,SAAI;AAAL,GAAl9E;AAAg+EC,EAAAA,CAAC,EAAC;AAAC,SAAI;AAAL,GAAl+E;AAAg/EC,EAAAA,CAAC,EAAC;AAAC,SAAI;AAAL,GAAl/E;AAAggFC,EAAAA,CAAC,EAAC;AAAC,WAAM;AAAP,GAAlgF;AAA4gFC,EAAAA,CAAC,EAAC;AAAChB,IAAAA,CAAC,EAAC;AAAH,GAA9gF;AAAshFiB,EAAAA,CAAC,EAAC;AAAC,SAAI;AAAL,GAAxhF;AAAsiFC,EAAAA,CAAC,EAAC;AAAC,YAAO;AAAR;AAAxiF,CAAf",