{"ast":null,"code":"module.exports = {\n  C: {\n    \"2\": 0,\n    \"3\": 0,\n    \"4\": 0,\n    \"5\": 0,\n    \"6\": 0,\n    \"7\": 0,\n    \"8\": 0,\n    \"9\": 0,\n    \"10\": 0,\n    \"11\": 0,\n    \"12\": 0,\n    \"13\": 0,\n    \"14\": 0,\n    \"15\": 0,\n    \"16\": 0,\n    \"17\": 0,\n    \"18\": 0,\n    \"19\": 0,\n    \"20\": 0,\n    \"21\": 0,\n    \"22\": 0,\n    \"23\": 0,\n    \"24\": 0,\n    \"25\": 0,\n    \"26\": 0,\n    \"27\": 0,\n    \"28\": 0,\n    \"29\": 0,\n    \"30\": 0,\n    \"31\": 0,\n    \"32\": 0,\n    \"33\": 0,\n    \"34\": 0,\n    \"35\": 0,\n    \"36\": 0,\n    \"37\": 0,\n    \"38\": 0,\n    \"39\": 0,\n    \"40\": 0,\n    \"41\": 0,\n    \"42\": 0.01539,\n    \"43\": 0,\n    \"44\": 0,\n    \"45\": 0,\n    \"46\": 0,\n    \"47\": 0,\n    \"48\": 0,\n    \"49\": 0,\n    \"50\": 0,\n    \"51\": 0,\n    \"52\": 32.28053,\n    \"53\": 0,\n    \"54\": 0,\n    \"55\": 0,\n    \"56\": 0.02309,\n    \"57\": 0,\n    \"58\": 0.0077,\n    \"59\": 0,\n    \"60\": 0,\n    \"61\": 0,\n    \"62\": 0,\n    \"63\": 0,\n    \"64\": 0,\n    \"65\": 0,\n    \"66\": 0.03078,\n    \"67\": 0,\n    \"68\": 0.0077,\n    \"69\": 0,\n    \"70\": 0,\n    \"71\": 0,\n    \"72\": 0.0077,\n    \"73\": 0,\n    \"74\": 0,\n    \"75\": 0,\n    \"76\": 0,\n    \"77\": 0,\n    \"78\": 0.02309,\n    \"79\": 0.0077,\n    \"80\": 0,\n    \"81\": 0.12312,\n    \"82\": 0.02309,\n    \"83\": 0.54635,\n    \"84\": 0.33089,\n    \"85\": 0,\n    \"86\": 0,\n    \"3.5\": 0,\n    \"3.6\": 0\n  },\n  D: {\n    \"4\": 0,\n    \"5\": 0,\n    \"6\": 0,\n    \"7\": 0,\n    \"8\": 0,\n    \"9\": 0,\n    \"10\": 0,\n    \"11\": 0,\n    \"12\": 0,\n    \"13\": 0,\n    \"14\": 0,\n    \"15\": 0,\n    \"16\": 0,\n    \"17\": 0,\n    \"18\": 0,\n    \"19\": 0,\n    \"20\": 0,\n    \"21\": 0,\n    \"22\": 0,\n    \"23\": 0,\n    \"24\": 0,\n    \"25\": 0,\n    \"26\": 0,\n    \"27\": 0,\n    \"28\": 0,\n    \"29\": 0,\n    \"30\": 0,\n    \"31\": 0,\n    \"32\": 0,\n    \"33\": 0,\n    \"34\": 0,\n    \"35\": 0,\n    \"36\": 0,\n    \"37\": 0,\n    \"38\": 0.02309,\n    \"39\": 0,\n    \"40\": 0,\n    \"41\": 0,\n    \"42\": 0.0077,\n    \"43\": 0,\n    \"44\": 0,\n    \"45\": 0,\n    \"46\": 0,\n    \"47\": 0,\n    \"48\": 0,\n    \"49\": 1.66212,\n    \"50\": 0.0077,\n    \"51\": 0,\n    \"52\": 0,\n    \"53\": 0.0077,\n    \"54\": 0,\n    \"55\": 0,\n    \"56\": 0,\n    \"57\": 0,\n    \"58\": 0.0077,\n    \"59\": 0,\n    \"60\": 0,\n    \"61\": 0,\n    \"62\": 0,\n    \"63\": 0.0077,\n    \"64\": 0,\n    \"65\": 0.01539,\n    \"66\": 0.0077,\n    \"67\": 0.01539,\n    \"68\": 0.0077,\n    \"69\": 0,\n    \"70\": 0.01539,\n    \"71\": 0.07695,\n    \"72\": 0.03848,\n    \"73\": 0.02309,\n    \"74\": 0.0077,\n    \"75\": 0.01539,\n    \"76\": 0.03078,\n    \"77\": 0.03848,\n    \"78\": 0.01539,\n    \"79\": 0.03078,\n    \"80\": 0.08465,\n    \"81\": 0.05387,\n    \"83\": 0.09234,\n    \"84\": 0.14621,\n    \"85\": 0.08465,\n    \"86\": 2.84715,\n    \"87\": 16.42883,\n    \"88\": 0.02309,\n    \"89\": 0.01539,\n    \"90\": 0\n  },\n  F: {\n    \"9\": 0,\n    \"11\": 0,\n    \"12\": 0,\n    \"15\": 0,\n    \"16\": 0,\n    \"17\": 0,\n    \"18\": 0,\n    \"19\": 0,\n    \"20\": 0,\n    \"21\": 0,\n    \"22\": 0,\n    \"23\": 0,\n    \"24\": 0,\n    \"25\": 0,\n    \"26\": 0,\n    \"27\": 0,\n    \"28\": 0,\n    \"29\": 0,\n    \"30\": 0,\n    \"31\": 0,\n    \"32\": 0,\n    \"33\": 0,\n    \"34\": 0,\n    \"35\": 0,\n    \"36\": 0,\n    \"37\": 0,\n    \"38\": 0,\n    \"39\": 0,\n    \"40\": 0,\n    \"41\": 0,\n    \"42\": 0,\n    \"43\": 0,\n    \"44\": 0,\n    \"45\": 0,\n    \"46\": 0,\n    \"47\": 0,\n    \"48\": 0,\n    \"49\": 0,\n    \"50\": 0,\n    \"51\": 0,\n    \"52\": 0,\n    \"53\": 0,\n    \"54\": 0,\n    \"55\": 0,\n    \"56\": 0,\n    \"57\": 0,\n    \"58\": 0,\n    \"60\": 0,\n    \"62\": 0,\n    \"63\": 0,\n    \"64\": 0,\n    \"65\": 0,\n    \"66\": 0,\n    \"67\": 0,\n    \"68\": 0,\n    \"69\": 0,\n    \"70\": 0,\n    \"71\": 0.08465,\n    \"72\": 0.40014,\n    \"9.5-9.6\": 0,\n    \"10.0-10.1\": 0,\n    \"10.5\": 0,\n    \"10.6\": 0,\n    \"11.1\": 0,\n    \"11.5\": 0,\n    \"11.6\": 0,\n    \"12.1\": 0\n  },\n  E: {\n    \"4\": 0,\n    \"5\": 0,\n    \"6\": 0,\n    \"7\": 0,\n    \"8\": 0,\n    \"9\": 0,\n    \"10\": 0,\n    \"11\": 0.0077,\n    \"12\": 0,\n    \"13\": 0.03078,\n    \"14\": 0.51557,\n    _: \"0\",\n    \"3.1\": 0,\n    \"3.2\": 0,\n    \"5.1\": 0.50787,\n    \"6.1\": 0,\n    \"7.1\": 0,\n    \"9.1\": 0,\n    \"10.1\": 0,\n    \"11.1\": 0.0077,\n    \"12.1\": 0.01539,\n    \"13.1\": 0.28472\n  },\n  G: {\n    \"8\": 0,\n    \"3.2\": 0,\n    \"4.0-4.1\": 0,\n    \"4.2-4.3\": 0,\n    \"5.0-5.1\": 0.0094,\n    \"6.0-6.1\": 0.00313,\n    \"7.0-7.1\": 0.02715,\n    \"8.1-8.4\": 0.00313,\n    \"9.0-9.2\": 0.00522,\n    \"9.3\": 0.24954,\n    \"10.0-10.2\": 0.02715,\n    \"10.3\": 0.16184,\n    \"11.0-11.2\": 0.06056,\n    \"11.3-11.4\": 0.1065,\n    \"12.0-12.1\": 0.08666,\n    \"12.2-12.4\": 1.30199,\n    \"13.0-13.1\": 0.10754,\n    \"13.2\": 0.04281,\n    \"13.3\": 0.51161,\n    \"13.4-13.7\": 1.16208,\n    \"14.0-14.3\": 6.52772\n  },\n  B: {\n    \"12\": 0,\n    \"13\": 0,\n    \"14\": 0.0077,\n    \"15\": 0.0077,\n    \"16\": 0,\n    \"17\": 0.01539,\n    \"18\": 0.03848,\n    \"79\": 0,\n    \"80\": 0,\n    \"81\": 0,\n    \"83\": 0,\n    \"84\": 0,\n    \"85\": 0.0077,\n    \"86\": 0.04617,\n    \"87\": 0.45401\n  },\n  I: {\n    \"3\": 0,\n    \"4\": 0.00069,\n    \"81\": 0,\n    \"2.1\": 0,\n    \"2.2\": 0,\n    \"2.3\": 0,\n    \"4.1\": 0.00183,\n    \"4.2-4.3\": 0.00915,\n    \"4.4\": 0,\n    \"4.4.3-4.4.4\": 0.03294\n  },\n  P: {\n    \"4\": 0.06203,\n    \"5.0-5.4\": 0,\n    \"6.2-6.4\": 0,\n    \"7.2-7.4\": 0.03101,\n    \"8.2\": 0,\n    \"9.2\": 0.03101,\n    \"10.1\": 0.04135,\n    \"11.1-11.2\": 0.10338,\n    \"12.0\": 0.16541,\n    \"13.0\": 0.9511\n  },\n  K: {\n    _: \"0 10 11 12 11.1 11.5 12.1\"\n  },\n  A: {\n    \"6\": 0,\n    \"7\": 0,\n    \"8\": 0.01539,\n    \"9\": 0,\n    \"10\": 0,\n    \"11\": 0.06926,\n    \"5.5\": 0\n  },\n  N: {\n    \"10\": 0,\n    \"11\": 0\n  },\n  J: {\n    \"7\": 0,\n    \"10\": 0\n  },\n  O: {\n    \"0\": 0.21206\n  },\n  H: {\n    \"0\": 0.18112\n  },\n  L: {\n    \"0\": 27.28494\n  },\n  S: {\n    \"2.5\": 0\n  },\n  R: {\n    _: \"0\"\n  },\n  M: {\n    \"0\": 0.04149\n  },\n  Q: {\n    \"10.4\": 0\n  }\n};","map":{"version":3,"sources":["/Users/bruceseymour/ra-video/client/node_modules/caniuse-lite/data/regions/AM.js"],"names":["module","exports","C","D","F","E","_","G","B","I","P","K","A","N","J","O","H","L","S","R","M","Q"],