{"ast":null,"code":"module.exports = {\n  C: {\n    \"2\": 0,\n    \"3\": 0,\n    \"4\": 0,\n    \"5\": 0,\n    \"6\": 0,\n    \"7\": 0,\n    \"8\": 0,\n    \"9\": 0,\n    \"10\": 0,\n    \"11\": 0,\n    \"12\": 0,\n    \"13\": 0,\n    \"14\": 0,\n    \"15\": 0.00265,\n    \"16\": 0,\n    \"17\": 0,\n    \"18\": 0,\n    \"19\": 0,\n    \"20\": 0,\n    \"21\": 0,\n    \"22\": 0,\n    \"23\": 0,\n    \"24\": 0,\n    \"25\": 0,\n    \"26\": 0,\n    \"27\": 0,\n    \"28\": 0,\n    \"29\": 0,\n    \"30\": 0.00265,\n    \"31\": 0,\n    \"32\": 0,\n    \"33\": 0,\n    \"34\": 0,\n    \"35\": 0,\n    \"36\": 0,\n    \"37\": 0,\n    \"38\": 0,\n    \"39\": 0,\n    \"40\": 0,\n    \"41\": 0,\n    \"42\": 0,\n    \"43\": 0,\n    \"44\": 0,\n    \"45\": 0.02383,\n    \"46\": 0,\n    \"47\": 0,\n    \"48\": 0,\n    \"49\": 0,\n    \"50\": 0.00794,\n    \"51\": 0,\n    \"52\": 0.03972,\n    \"53\": 0,\n    \"54\": 0,\n    \"55\": 0,\n    \"56\": 0.00265,\n    \"57\": 0,\n    \"58\": 0,\n    \"59\": 0,\n    \"60\": 0,\n    \"61\": 0,\n    \"62\": 0,\n    \"63\": 0,\n    \"64\": 0,\n    \"65\": 0,\n    \"66\": 0.00265,\n    \"67\": 0,\n    \"68\": 0.00794,\n    \"69\": 0,\n    \"70\": 0,\n    \"71\": 0,\n    \"72\": 0.00265,\n    \"73\": 0,\n    \"74\": 0,\n    \"75\": 0,\n    \"76\": 0,\n    \"77\": 0.00265,\n    \"78\": 0.01324,\n    \"79\": 0,\n    \"80\": 0,\n    \"81\": 0.00794,\n    \"82\": 0.01589,\n    \"83\": 0.33894,\n    \"84\": 0.27539,\n    \"85\": 0.00265,\n    \"86\": 0,\n    \"3.5\": 0,\n    \"3.6\": 0\n  },\n  D: {\n    \"4\": 0,\n    \"5\": 0,\n    \"6\": 0,\n    \"7\": 0,\n    \"8\": 0,\n    \"9\": 0,\n    \"10\": 0,\n    \"11\": 0.00265,\n    \"12\": 0,\n    \"13\": 0,\n    \"14\": 0,\n    \"15\": 0,\n    \"16\": 0,\n    \"17\": 0,\n    \"18\": 0,\n    \"19\": 0,\n    \"20\": 0,\n    \"21\": 0,\n    \"22\": 0,\n    \"23\": 0,\n    \"24\": 0,\n    \"25\": 0,\n    \"26\": 0.00265,\n    \"27\": 0,\n    \"28\": 0,\n    \"29\": 0,\n    \"30\": 0,\n    \"31\": 0,\n    \"32\": 0,\n    \"33\": 0,\n    \"34\": 0,\n    \"35\": 0,\n    \"36\": 0,\n    \"37\": 0.00265,\n    \"38\": 0.00265,\n    \"39\": 0,\n    \"40\": 0,\n    \"41\": 0,\n    \"42\": 0,\n    \"43\": 0.00265,\n    \"44\": 0,\n    \"45\": 0,\n    \"46\": 0,\n    \"47\": 0,\n    \"48\": 0,\n    \"49\": 0.03178,\n    \"50\": 0.00265,\n    \"51\": 0,\n    \"52\": 0,\n    \"53\": 0.00265,\n    \"54\": 0,\n    \"55\": 0,\n    \"56\": 0.00265,\n    \"57\": 0,\n    \"58\": 0.00265,\n    \"59\": 0,\n    \"60\": 0,\n    \"61\": 0.0053,\n    \"62\": 0,\n    \"63\": 0.00265,\n    \"64\": 0,\n    \"65\": 0.00265,\n    \"66\": 0.00265,\n    \"67\": 0.01059,\n    \"68\": 0.00265,\n    \"69\": 0.00265,\n    \"70\": 0.0053,\n    \"71\": 0.0053,\n    \"72\": 0.0053,\n    \"73\": 0.00265,\n    \"74\": 0.00265,\n    \"75\": 0.0053,\n    \"76\": 0.00265,\n    \"77\": 0.0053,\n    \"78\": 0.00794,\n    \"79\": 0.01059,\n    \"80\": 0.34954,\n    \"81\": 0.02648,\n    \"83\": 0.01059,\n    \"84\": 0.02118,\n    \"85\": 0.02648,\n    \"86\": 0.68318,\n    \"87\": 3.78929,\n    \"88\": 0.00265,\n    \"89\": 0.00265,\n    \"90\": 0\n  },\n  F: {\n    \"9\": 0,\n    \"11\": 0,\n    \"12\": 0,\n    \"15\": 0,\n    \"16\": 0,\n    \"17\": 0,\n    \"18\": 0,\n    \"19\": 0,\n    \"20\": 0,\n    \"21\": 0,\n    \"22\": 0,\n    \"23\": 0,\n    \"24\": 0,\n    \"25\": 0,\n    \"26\": 0,\n    \"27\": 0,\n    \"28\": 0,\n    \"29\": 0,\n    \"30\": 0,\n    \"31\": 0,\n    \"32\": 0,\n    \"33\": 0,\n    \"34\": 0,\n    \"35\": 0,\n    \"36\": 0.00265,\n    \"37\": 0,\n    \"38\": 0,\n    \"39\": 0,\n    \"40\": 0,\n    \"41\": 0,\n    \"42\": 0,\n    \"43\": 0,\n    \"44\": 0,\n    \"45\": 0,\n    \"46\": 0,\n    \"47\": 0,\n    \"48\": 0,\n    \"49\": 0,\n    \"50\": 0,\n    \"51\": 0,\n    \"52\": 0,\n    \"53\": 0,\n    \"54\": 0,\n    \"55\": 0,\n    \"56\": 0.0053,\n    \"57\": 0,\n    \"58\": 0,\n    \"60\": 0,\n    \"62\": 0,\n    \"63\": 0,\n    \"64\": 0,\n    \"65\": 0,\n    \"66\": 0,\n    \"67\": 0,\n    \"68\": 0,\n    \"69\": 0,\n    \"70\": 0,\n    \"71\": 0.00794,\n    \"72\": 0.10062,\n    \"9.5-9.6\": 0,\n    \"10.0-10.1\": 0,\n    \"10.5\": 0,\n    \"10.6\": 0,\n    \"11.1\": 0,\n    \"11.5\": 0,\n    \"11.6\": 0,\n    \"12.1\": 0\n  },\n  E: {\n    \"4\": 0,\n    \"5\": 0,\n    \"6\": 0,\n    \"7\": 0,\n    \"8\": 0,\n    \"9\": 0,\n    \"10\": 0,\n    \"11\": 0,\n    \"12\": 0.00265,\n    \"13\": 0.0053,\n    \"14\": 0.12446,\n    _: \"0\",\n    \"3.1\": 0,\n    \"3.2\": 0,\n    \"5.1\": 0,\n    \"6.1\": 0,\n    \"7.1\": 0,\n    \"9.1\": 0,\n    \"10.1\": 0.00794,\n    \"11.1\": 0.00794,\n    \"12.1\": 0.0053,\n    \"13.1\": 0.03972\n  },\n  G: {\n    \"8\": 0,\n    \"3.2\": 0,\n    \"4.0-4.1\": 0,\n    \"4.2-4.3\": 0,\n    \"5.0-5.1\": 0,\n    \"6.0-6.1\": 0.00082,\n    \"7.0-7.1\": 0.02465,\n    \"8.1-8.4\": 0.0115,\n    \"9.0-9.2\": 0.00657,\n    \"9.3\": 0.11339,\n    \"10.0-10.2\": 0.02629,\n    \"10.3\": 0.22022,\n    \"11.0-11.2\": 0.0378,\n    \"11.3-11.4\": 0.06984,\n    \"12.0-12.1\": 0.04273,\n    \"12.2-12.4\": 0.94578,\n    \"13.0-13.1\": 0.02465,\n    \"13.2\": 0.0115,\n    \"13.3\": 0.13476,\n    \"13.4-13.7\": 0.79376,\n    \"14.0-14.3\": 5.73382\n  },\n  B: {\n    \"12\": 0,\n    \"13\": 0.00265,\n    \"14\": 0.00265,\n    \"15\": 0.01059,\n    \"16\": 0.00265,\n    \"17\": 0.0053,\n    \"18\": 0.02913,\n    \"79\": 0,\n    \"80\": 0,\n    \"81\": 0,\n    \"83\": 0,\n    \"84\": 0,\n    \"85\": 0.02648,\n    \"86\": 0.00794,\n    \"87\": 0.27274\n  },\n  I: {\n    \"3\": 0,\n    \"4\": 0,\n    \"81\": 0,\n    \"2.1\": 0,\n    \"2.2\": 0,\n    \"2.3\": 0,\n    \"4.1\": 0.00604,\n    \"4.2-4.3\": 0.03626,\n    \"4.4\": 0,\n    \"4.4.3-4.4.4\": 0.23449\n  },\n  P: {\n    \"4\": 0.10242,\n    \"5.0-5.4\": 0,\n    \"6.2-6.4\": 0.01024,\n    \"7.2-7.4\": 0.02048,\n    \"8.2\": 0.02048,\n    \"9.2\": 0.12291,\n    \"10.1\": 0.08194,\n    \"11.1-11.2\": 0.14339,\n    \"12.0\": 0.4097,\n    \"13.0\": 4.16866\n  },\n  K: {\n    _: \"0 10 11 12 11.1 11.5 12.1\"\n  },\n  A: {\n    \"6\": 0,\n    \"7\": 0,\n    \"8\": 0,\n    \"9\": 0,\n    \"10\": 0,\n    \"11\": 0.1271,\n    \"5.5\": 0\n  },\n  N: {\n    \"10\": 0,\n    \"11\": 0\n  },\n  J: {\n    \"7\": 0,\n    \"10\": 0\n  },\n  O: {\n    \"0\": 0.0147\n  },\n  H: {\n    \"0\": 0.25057\n  },\n  L: {\n    \"0\": 77.68795\n  },\n  S: {\n    \"2.5\": 0\n  },\n  R: {\n    _: \"0\"\n  },\n  M: {\n    \"0\": 0.1691\n  },\n  Q: {\n    \"10.4\": 0\n  }\n};","map":{"version":3,"sources":["/Users/bruceseymour/ra-video/client/node_modules/caniuse-lite/data/regions/BA.js"],"names":["module","exports","C","D","F","E","_","G","B","I","P","K","A","N","J","O","H","L","S","R","M","Q"],