{"ast":null,"code":"module.exports = {\n  C: {\n    \"2\": 0,\n    \"3\": 0,\n    \"4\": 0,\n    \"5\": 0,\n    \"6\": 0,\n    \"7\": 0,\n    \"8\": 0,\n    \"9\": 0,\n    \"10\": 0,\n    \"11\": 0,\n    \"12\": 0,\n    \"13\": 0,\n    \"14\": 0,\n    \"15\": 0,\n    \"16\": 0,\n    \"17\": 0,\n    \"18\": 0,\n    \"19\": 0,\n    \"20\": 0,\n    \"21\": 0,\n    \"22\": 0,\n    \"23\": 0,\n    \"24\": 0,\n    \"25\": 0,\n    \"26\": 0,\n    \"27\": 0,\n    \"28\": 0,\n    \"29\": 0,\n    \"30\": 0.00419,\n    \"31\": 0,\n    \"32\": 0,\n    \"33\": 0,\n    \"34\": 0,\n    \"35\": 0,\n    \"36\": 0,\n    \"37\": 0,\n    \"38\": 0.01675,\n    \"39\": 0,\n    \"40\": 0,\n    \"41\": 0,\n    \"42\": 0,\n    \"43\": 0.01675,\n    \"44\": 0.07538,\n    \"45\": 0.02094,\n    \"46\": 0,\n    \"47\": 0,\n    \"48\": 0.00419,\n    \"49\": 0,\n    \"50\": 0,\n    \"51\": 0,\n    \"52\": 0.01256,\n    \"53\": 0,\n    \"54\": 0,\n    \"55\": 0,\n    \"56\": 0.00838,\n    \"57\": 0,\n    \"58\": 0,\n    \"59\": 0,\n    \"60\": 0.00419,\n    \"61\": 0,\n    \"62\": 0,\n    \"63\": 0,\n    \"64\": 0.00419,\n    \"65\": 0,\n    \"66\": 0,\n    \"67\": 0.00419,\n    \"68\": 0.01675,\n    \"69\": 0,\n    \"70\": 0.00838,\n    \"71\": 0,\n    \"72\": 0.00419,\n    \"73\": 0,\n    \"74\": 0,\n    \"75\": 0,\n    \"76\": 0,\n    \"77\": 0.00838,\n    \"78\": 0.07538,\n    \"79\": 0.00838,\n    \"80\": 0.01256,\n    \"81\": 0.00838,\n    \"82\": 0.27641,\n    \"83\": 0.46906,\n    \"84\": 0.28478,\n    \"85\": 0,\n    \"86\": 0,\n    \"3.5\": 0,\n    \"3.6\": 0\n  },\n  D: {\n    \"4\": 0,\n    \"5\": 0,\n    \"6\": 0,\n    \"7\": 0,\n    \"8\": 0,\n    \"9\": 0,\n    \"10\": 0,\n    \"11\": 0,\n    \"12\": 0,\n    \"13\": 0,\n    \"14\": 0,\n    \"15\": 0,\n    \"16\": 0,\n    \"17\": 0,\n    \"18\": 0,\n    \"19\": 0,\n    \"20\": 0,\n    \"21\": 0,\n    \"22\": 0,\n    \"23\": 0,\n    \"24\": 0,\n    \"25\": 0,\n    \"26\": 0,\n    \"27\": 0,\n    \"28\": 0,\n    \"29\": 0.00419,\n    \"30\": 0,\n    \"31\": 0,\n    \"32\": 0,\n    \"33\": 0,\n    \"34\": 0,\n    \"35\": 0,\n    \"36\": 0,\n    \"37\": 0.00419,\n    \"38\": 0.00419,\n    \"39\": 0,\n    \"40\": 0.00419,\n    \"41\": 0,\n    \"42\": 0,\n    \"43\": 0,\n    \"44\": 0,\n    \"45\": 0,\n    \"46\": 0.00419,\n    \"47\": 0.01675,\n    \"48\": 0.20521,\n    \"49\": 0.09632,\n    \"50\": 0,\n    \"51\": 0,\n    \"52\": 0,\n    \"53\": 0.00838,\n    \"54\": 0,\n    \"55\": 0.00419,\n    \"56\": 0.00419,\n    \"57\": 0,\n    \"58\": 0,\n    \"59\": 0.00419,\n    \"60\": 0,\n    \"61\": 0.0335,\n    \"62\": 0,\n    \"63\": 0.00419,\n    \"64\": 0,\n    \"65\": 0.01256,\n    \"66\": 0.00419,\n    \"67\": 0.00838,\n    \"68\": 0.00419,\n    \"69\": 0.01256,\n    \"70\": 0.01256,\n    \"71\": 0.02513,\n    \"72\": 0.01256,\n    \"73\": 0.00838,\n    \"74\": 0.00838,\n    \"75\": 0.03769,\n    \"76\": 0.02513,\n    \"77\": 0.01675,\n    \"78\": 0.00838,\n    \"79\": 0.02094,\n    \"80\": 0.01675,\n    \"81\": 0.05444,\n    \"83\": 0.0335,\n    \"84\": 0.05444,\n    \"85\": 0.15077,\n    \"86\": 2.23639,\n    \"87\": 7.48814,\n    \"88\": 0.00838,\n    \"89\": 0.00419,\n    \"90\": 0\n  },\n  F: {\n    \"9\": 0,\n    \"11\": 0,\n    \"12\": 0,\n    \"15\": 0,\n    \"16\": 0,\n    \"17\": 0,\n    \"18\": 0,\n    \"19\": 0,\n    \"20\": 0,\n    \"21\": 0,\n    \"22\": 0,\n    \"23\": 0,\n    \"24\": 0,\n    \"25\": 0,\n    \"26\": 0,\n    \"27\": 0,\n    \"28\": 0,\n    \"29\": 0,\n    \"30\": 0,\n    \"31\": 0,\n    \"32\": 0,\n    \"33\": 0,\n    \"34\": 0,\n    \"35\": 0,\n    \"36\": 0,\n    \"37\": 0,\n    \"38\": 0,\n    \"39\": 0,\n    \"40\": 0,\n    \"41\": 0,\n    \"42\": 0,\n    \"43\": 0,\n    \"44\": 0,\n    \"45\": 0,\n    \"46\": 0,\n    \"47\": 0,\n    \"48\": 0,\n    \"49\": 0,\n    \"50\": 0,\n    \"51\": 0,\n    \"52\": 0,\n    \"53\": 0,\n    \"54\": 0,\n    \"55\": 0,\n    \"56\": 0,\n    \"57\": 0,\n    \"58\": 0.00419,\n    \"60\": 0,\n    \"62\": 0,\n    \"63\": 0,\n    \"64\": 0,\n    \"65\": 0,\n    \"66\": 0,\n    \"67\": 0,\n    \"68\": 0,\n    \"69\": 0,\n    \"70\": 0,\n    \"71\": 0.01675,\n    \"72\": 0.09632,\n    \"9.5-9.6\": 0,\n    \"10.0-10.1\": 0,\n    \"10.5\": 0,\n    \"10.6\": 0,\n    \"11.1\": 0,\n    \"11.5\": 0,\n    \"11.6\": 0,\n    \"12.1\": 0\n  },\n  E: {\n    \"4\": 0,\n    \"5\": 0,\n    \"6\": 0,\n    \"7\": 0,\n    \"8\": 0.00838,\n    \"9\": 0.02932,\n    \"10\": 0,\n    \"11\": 0.00419,\n    \"12\": 0.00838,\n    \"13\": 0.15077,\n    \"14\": 1.88041,\n    _: \"0\",\n    \"3.1\": 0,\n    \"3.2\": 0,\n    \"5.1\": 0,\n    \"6.1\": 0,\n    \"7.1\": 0,\n    \"9.1\": 0.00419,\n    \"10.1\": 0.01256,\n    \"11.1\": 0.0335,\n    \"12.1\": 0.05026,\n    \"13.1\": 0.51931\n  },\n  G: {\n    \"8\": 0.00675,\n    \"3.2\": 0,\n    \"4.0-4.1\": 0,\n    \"4.2-4.3\": 0,\n    \"5.0-5.1\": 0.04387,\n    \"6.0-6.1\": 0.00337,\n    \"7.0-7.1\": 0.07762,\n    \"8.1-8.4\": 0.03375,\n    \"9.0-9.2\": 0.05737,\n    \"9.3\": 0.4522,\n    \"10.0-10.2\": 0.05737,\n    \"10.3\": 0.41845,\n    \"11.0-11.2\": 0.13161,\n    \"11.3-11.4\": 0.23285,\n    \"12.0-12.1\": 0.2261,\n    \"12.2-12.4\": 2.74692,\n    \"13.0-13.1\": 0.15861,\n    \"13.2\": 0.11474,\n    \"13.3\": 0.73566,\n    \"13.4-13.7\": 4.20475,\n    \"14.0-14.3\": 23.99004\n  },\n  B: {\n    \"12\": 0.00838,\n    \"13\": 0.00419,\n    \"14\": 0.00419,\n    \"15\": 0.00419,\n    \"16\": 0.00838,\n    \"17\": 0.02094,\n    \"18\": 0.12564,\n    \"79\": 0,\n    \"80\": 0.00838,\n    \"81\": 0,\n    \"83\": 0,\n    \"84\": 0.00419,\n    \"85\": 0.00419,\n    \"86\": 0.0335,\n    \"87\": 1.12238\n  },\n  I: {\n    \"3\": 0,\n    \"4\": 0.03419,\n    \"81\": 0,\n    \"2.1\": 0,\n    \"2.2\": 0,\n    \"2.3\": 0,\n    \"4.1\": 0.01282,\n    \"4.2-4.3\": 0.02564,\n    \"4.4\": 0,\n    \"4.4.3-4.4.4\": 0.35043\n  },\n  P: {\n    \"4\": 0.03151,\n    \"5.0-5.4\": 0,\n    \"6.2-6.4\": 0,\n    \"7.2-7.4\": 0.03151,\n    \"8.2\": 0.0105,\n    \"9.2\": 0.08403,\n    \"10.1\": 0.05252,\n    \"11.1-11.2\": 0.17857,\n    \"12.0\": 0.43067,\n    \"13.0\": 3.76052\n  },\n  K: {\n    _: \"0 10 11 12 11.1 11.5 12.1\"\n  },\n  A: {\n    \"6\": 0,\n    \"7\": 0,\n    \"8\": 0.01944,\n    \"9\": 0.08748,\n    \"10\": 0.00486,\n    \"11\": 0.28189,\n    \"5.5\": 0\n  },\n  N: {\n    \"10\": 0,\n    \"11\": 0\n  },\n  J: {\n    \"7\": 0,\n    \"10\": 0.00581\n  },\n  O: {\n    \"0\": 0.04068\n  },\n  H: {\n    \"0\": 0.12105\n  },\n  L: {\n    \"0\": 41.63862\n  },\n  S: {\n    \"2.5\": 0\n  },\n  R: {\n    _: \"0\"\n  },\n  M: {\n    \"0\": 0.3371\n  },\n  Q: {\n    \"10.4\": 0.03487\n  }\n};","map":{"version":3,"sources":["/Users/bruceseymour/ra-video/client/node_modules/caniuse-lite/data/regions/IE.js"],"names":["module","exports","C","D","F","E","_","G","B","I","P","K","A","N","J","O","H","L","S","R","M","Q"],