{"ast":null,"code":"module.exports = {\n  C: {\n    \"2\": 0,\n    \"3\": 0,\n    \"4\": 0,\n    \"5\": 0,\n    \"6\": 0,\n    \"7\": 0,\n    \"8\": 0,\n    \"9\": 0,\n    \"10\": 0,\n    \"11\": 0,\n    \"12\": 0,\n    \"13\": 0,\n    \"14\": 0,\n    \"15\": 0,\n    \"16\": 0,\n    \"17\": 0,\n    \"18\": 0,\n    \"19\": 0,\n    \"20\": 0,\n    \"21\": 0,\n    \"22\": 0,\n    \"23\": 0,\n    \"24\": 0,\n    \"25\": 0,\n    \"26\": 0,\n    \"27\": 0,\n    \"28\": 0,\n    \"29\": 0,\n    \"30\": 0,\n    \"31\": 0,\n    \"32\": 0,\n    \"33\": 0,\n    \"34\": 0,\n    \"35\": 0,\n    \"36\": 0,\n    \"37\": 0,\n    \"38\": 0.0018,\n    \"39\": 0,\n    \"40\": 0,\n    \"41\": 0,\n    \"42\": 0,\n    \"43\": 0.0018,\n    \"44\": 0,\n    \"45\": 0,\n    \"46\": 0,\n    \"47\": 0.0018,\n    \"48\": 0.0018,\n    \"49\": 0,\n    \"50\": 0,\n    \"51\": 0,\n    \"52\": 0.01082,\n    \"53\": 0,\n    \"54\": 0.0018,\n    \"55\": 0,\n    \"56\": 0.0018,\n    \"57\": 0,\n    \"58\": 0.0018,\n    \"59\": 0,\n    \"60\": 0,\n    \"61\": 0,\n    \"62\": 0,\n    \"63\": 0,\n    \"64\": 0,\n    \"65\": 0,\n    \"66\": 0.0018,\n    \"67\": 0,\n    \"68\": 0.00902,\n    \"69\": 0,\n    \"70\": 0,\n    \"71\": 0.0018,\n    \"72\": 0.00361,\n    \"73\": 0,\n    \"74\": 0.0018,\n    \"75\": 0,\n    \"76\": 0.0018,\n    \"77\": 0.0018,\n    \"78\": 0.00361,\n    \"79\": 0.0018,\n    \"80\": 0.00361,\n    \"81\": 0.00541,\n    \"82\": 0.01262,\n    \"83\": 0.16047,\n    \"84\": 0.11359,\n    \"85\": 0,\n    \"86\": 0,\n    \"3.5\": 0,\n    \"3.6\": 0\n  },\n  D: {\n    \"4\": 0,\n    \"5\": 0,\n    \"6\": 0,\n    \"7\": 0,\n    \"8\": 0,\n    \"9\": 0,\n    \"10\": 0,\n    \"11\": 0,\n    \"12\": 0,\n    \"13\": 0,\n    \"14\": 0,\n    \"15\": 0,\n    \"16\": 0,\n    \"17\": 0,\n    \"18\": 0,\n    \"19\": 0,\n    \"20\": 0,\n    \"21\": 0,\n    \"22\": 0,\n    \"23\": 0,\n    \"24\": 0,\n    \"25\": 0,\n    \"26\": 0,\n    \"27\": 0,\n    \"28\": 0,\n    \"29\": 0,\n    \"30\": 0,\n    \"31\": 0,\n    \"32\": 0,\n    \"33\": 0.0018,\n    \"34\": 0,\n    \"35\": 0.00361,\n    \"36\": 0.0018,\n    \"37\": 0,\n    \"38\": 0.0018,\n    \"39\": 0,\n    \"40\": 0.00361,\n    \"41\": 0,\n    \"42\": 0.0018,\n    \"43\": 0.00541,\n    \"44\": 0,\n    \"45\": 0,\n    \"46\": 0.0018,\n    \"47\": 0,\n    \"48\": 0,\n    \"49\": 0.00721,\n    \"50\": 0,\n    \"51\": 0,\n    \"52\": 0,\n    \"53\": 0.00361,\n    \"54\": 0,\n    \"55\": 0.00541,\n    \"56\": 0.0018,\n    \"57\": 0,\n    \"58\": 0.00361,\n    \"59\": 0.0018,\n    \"60\": 0.00361,\n    \"61\": 0,\n    \"62\": 0.0018,\n    \"63\": 0.00541,\n    \"64\": 0,\n    \"65\": 0.0018,\n    \"66\": 0.0018,\n    \"67\": 0.0018,\n    \"68\": 0.0018,\n    \"69\": 0.0018,\n    \"70\": 0.06671,\n    \"71\": 0.00721,\n    \"72\": 0.0018,\n    \"73\": 0.0018,\n    \"74\": 0.00361,\n    \"75\": 0.01442,\n    \"76\": 0.0018,\n    \"77\": 0.0018,\n    \"78\": 0.00361,\n    \"79\": 0.01082,\n    \"80\": 0.02885,\n    \"81\": 0.03245,\n    \"83\": 0.01442,\n    \"84\": 0.01623,\n    \"85\": 0.03245,\n    \"86\": 0.25062,\n    \"87\": 1.26571,\n    \"88\": 0.0018,\n    \"89\": 0.0018,\n    \"90\": 0\n  },\n  F: {\n    \"9\": 0,\n    \"11\": 0,\n    \"12\": 0,\n    \"15\": 0,\n    \"16\": 0,\n    \"17\": 0,\n    \"18\": 0,\n    \"19\": 0,\n    \"20\": 0,\n    \"21\": 0,\n    \"22\": 0,\n    \"23\": 0,\n    \"24\": 0,\n    \"25\": 0,\n    \"26\": 0,\n    \"27\": 0,\n    \"28\": 0,\n    \"29\": 0,\n    \"30\": 0,\n    \"31\": 0,\n    \"32\": 0,\n    \"33\": 0,\n    \"34\": 0,\n    \"35\": 0,\n    \"36\": 0,\n    \"37\": 0,\n    \"38\": 0,\n    \"39\": 0,\n    \"40\": 0,\n    \"41\": 0,\n    \"42\": 0,\n    \"43\": 0,\n    \"44\": 0,\n    \"45\": 0,\n    \"46\": 0,\n    \"47\": 0,\n    \"48\": 0,\n    \"49\": 0,\n    \"50\": 0,\n    \"51\": 0.00361,\n    \"52\": 0,\n    \"53\": 0,\n    \"54\": 0,\n    \"55\": 0,\n    \"56\": 0,\n    \"57\": 0,\n    \"58\": 0,\n    \"60\": 0,\n    \"62\": 0,\n    \"63\": 0,\n    \"64\": 0,\n    \"65\": 0,\n    \"66\": 0,\n    \"67\": 0,\n    \"68\": 0,\n    \"69\": 0,\n    \"70\": 0,\n    \"71\": 0.00541,\n    \"72\": 0.07032,\n    \"9.5-9.6\": 0,\n    \"10.0-10.1\": 0,\n    \"10.5\": 0,\n    \"10.6\": 0,\n    \"11.1\": 0,\n    \"11.5\": 0,\n    \"11.6\": 0,\n    \"12.1\": 0.0018\n  },\n  E: {\n    \"4\": 0,\n    \"5\": 0,\n    \"6\": 0,\n    \"7\": 0,\n    \"8\": 0,\n    \"9\": 0,\n    \"10\": 0,\n    \"11\": 0,\n    \"12\": 0.0018,\n    \"13\": 0.0018,\n    \"14\": 0.01262,\n    _: \"0\",\n    \"3.1\": 0,\n    \"3.2\": 0,\n    \"5.1\": 0.70858,\n    \"6.1\": 0,\n    \"7.1\": 0,\n    \"9.1\": 0,\n    \"10.1\": 0,\n    \"11.1\": 0.0018,\n    \"12.1\": 0.0018,\n    \"13.1\": 0.00721\n  },\n  G: {\n    \"8\": 0,\n    \"3.2\": 0,\n    \"4.0-4.1\": 0,\n    \"4.2-4.3\": 0.00127,\n    \"5.0-5.1\": 0.00285,\n    \"6.0-6.1\": 0.00317,\n    \"7.0-7.1\": 0.05951,\n    \"8.1-8.4\": 0.00665,\n    \"9.0-9.2\": 0.0038,\n    \"9.3\": 0.12029,\n    \"10.0-10.2\": 0.02026,\n    \"10.3\": 0.09686,\n    \"11.0-11.2\": 0.02944,\n    \"11.3-11.4\": 0.09211,\n    \"12.0-12.1\": 0.10288,\n    \"12.2-12.4\": 0.5913,\n    \"13.0-13.1\": 0.0804,\n    \"13.2\": 0.02817,\n    \"13.3\": 0.18929,\n    \"13.4-13.7\": 0.52324,\n    \"14.0-14.3\": 1.19969\n  },\n  B: {\n    \"12\": 0,\n    \"13\": 0,\n    \"14\": 0.0018,\n    \"15\": 0.0018,\n    \"16\": 0.0018,\n    \"17\": 0.00361,\n    \"18\": 0.01082,\n    \"79\": 0,\n    \"80\": 0,\n    \"81\": 0,\n    \"83\": 0.0018,\n    \"84\": 0.0018,\n    \"85\": 0.0018,\n    \"86\": 0.00721,\n    \"87\": 0.119\n  },\n  I: {\n    \"3\": 0,\n    \"4\": 0.00327,\n    \"81\": 0,\n    \"2.1\": 0,\n    \"2.2\": 0,\n    \"2.3\": 0,\n    \"4.1\": 0.02993,\n    \"4.2-4.3\": 0.05471,\n    \"4.4\": 0,\n    \"4.4.3-4.4.4\": 0.30815\n  },\n  P: {\n    \"4\": 2.06895,\n    \"5.0-5.4\": 0.11156,\n    \"6.2-6.4\": 0.21298,\n    \"7.2-7.4\": 0.46653,\n    \"8.2\": 0.10142,\n    \"9.2\": 0.68965,\n    \"10.1\": 0.58823,\n    \"11.1-11.2\": 0.76064,\n    \"12.0\": 1.54157,\n    \"13.0\": 3.41782\n  },\n  K: {\n    _: \"0 10 11 12 11.1 11.5 12.1\"\n  },\n  A: {\n    \"6\": 0,\n    \"7\": 0,\n    \"8\": 0.0018,\n    \"9\": 0.0018,\n    \"10\": 0,\n    \"11\": 0.01623,\n    \"5.5\": 0\n  },\n  N: {\n    \"10\": 0,\n    \"11\": 0\n  },\n  J: {\n    \"7\": 0,\n    \"10\": 0.0082\n  },\n  O: {\n    \"0\": 1.28693\n  },\n  H: {\n    \"0\": 1.1951\n  },\n  L: {\n    \"0\": 78.23632\n  },\n  S: {\n    \"2.5\": 0\n  },\n  R: {\n    _: \"0\"\n  },\n  M: {\n    \"0\": 0.11476\n  },\n  Q: {\n    \"10.4\": 0\n  }\n};","map":{"version":3,"sources":["/Users/bruceseymour/ra-video/client/node_modules/caniuse-lite/data/regions/SY.js"],"names":["module","exports","C","D","F","E","_","G","B","I","P","K","A","N","J","O","H","L","S","R","M","Q"],